timestamp,accel_x,accel_y,accel_z,gyro_x,gyro_y,gyro_z,mag_x,mag_y,mag_z
1696104662646,0.06542969,-0.97753906,0.24121094,0.125,0.09375,0.40625,0.0,0.0,0.0
1696104662686,0.068359375,-0.9746094,0.22753906,-0.0625,0.09375,0.40625,0.0,0.0,0.0
1696104662726,0.07324219,-0.97753906,0.22460938,-0.0625,0.09375,-0.1875,0.0,0.0,0.0
1696104662766,0.07421875,-0.97558594,0.22753906,-0.1875,-0.03125,-0.375,0.0,0.0,0.0
1696104662805,0.061523438,-0.9707031,0.24121094,-0.4375,-0.03125,-0.3125,0.0,0.0,0.0
1696104662846,0.07421875,-0.96875,0.234375,-0.78125,-0.03125,0.0,0.0,0.0,0.0
1696104662886,0.068359375,-0.9785156,0.24121094,-1.15625,0.03125,0.0625,0.0,0.0,0.0
1696104662925,0.061523438,-0.9814453,0.22949219,-0.78125,-0.15625,0.34375,-24.125,-55.1875,-191.4375
1696104662966,0.068359375,-0.9746094,0.22558594,-0.46875,-0.09375,0.40625,0.0,0.0,0.0
1696104663006,0.068359375,-0.98535156,0.22558594,0.125,0.03125,0.15625,0.0,0.0,0.0
1696104663045,0.06933594,-0.9765625,0.23144531,0.125,0.03125,-0.1875,0.0,0.0,0.0
1696104663086,0.06738281,-0.9794922,0.23144531,0.1875,0.03125,-0.125,0.0,0.0,0.0
1696104663146,0.068359375,-0.97265625,0.22949219,0.0,0.03125,-0.0625,0.0,0.0,0.0
1696104663166,0.07128906,-0.97558594,0.23242188,-0.25,-0.03125,0.0,0.0,0.0,0.0
1696104663206,0.06738281,-0.9716797,0.23046875,-0.25,-0.03125,0.09375,0.0,0.0,0.0
1696104663247,0.06933594,-0.9765625,0.22460938,-0.1875,-0.03125,0.59375,0.0,0.0,0.0
1696104663327,0.064453125,-0.98046875,0.22558594,-0.25,0.09375,0.15625,0.0,0.0,0.0
1696104663329,0.059570312,-0.97265625,0.23828125,-0.25,0.15625,-0.375,0.0,0.0,0.0
1696104663367,0.0703125,-0.9667969,0.23242188,-0.46875,-0.09375,-0.1875,0.0,0.0,0.0
1696104663407,0.06738281,-0.97265625,0.23339844,-0.59375,0.03125,-0.0625,-23.125,-55.1875,-191.0
1696104663446,0.06347656,-0.97558594,0.24121094,-0.3125,-0.03125,-0.0625,0.0,0.0,0.0
1696104663488,0.068359375,-0.9765625,0.24511719,0.0,-0.03125,-0.25,0.0,0.0,0.0
1696104663526,0.0703125,-0.9746094,0.23339844,0.0625,-0.03125,-0.125,0.0,0.0,0.0
1696104663568,0.072265625,-0.98046875,0.22851562,0.5,0.09375,0.15625,0.0,0.0,0.0
1696104663606,0.07128906,-0.9765625,0.234375,0.4375,0.21875,0.15625,0.0,0.0,0.0
1696104663647,0.072265625,-0.9716797,0.22363281,0.0625,0.09375,-0.1875,0.0,0.0,0.0
1696104663686,0.0703125,-0.9765625,0.23046875,-0.375,0.03125,-0.125,0.0,0.0,0.0
1696104663727,0.07128906,-0.97558594,0.23632812,-0.59375,-0.09375,-0.0625,0.0,0.0,0.0
1696104663766,0.068359375,-0.96972656,0.22753906,-0.96875,-0.09375,-0.125,0.0,0.0,0.0
1696104663807,0.07324219,-0.9736328,0.22460938,-2.6875,0.03125,-1.1875,0.0,0.0,0.0
1696104663847,0.06640625,-0.97558594,0.23046875,-0.0625,0.09375,-0.25,0.0,0.0,0.0
1696104663886,0.064453125,-0.98046875,0.22753906,0.5625,0.03125,-0.3125,0.0,0.0,0.0
1696104663928,0.06738281,-0.9785156,0.22460938,0.875,0.15625,-0.375,-23.5625,-55.3125,-191.625
1696104663968,0.06933594,-0.9746094,0.23730469,0.875,0.09375,0.0,0.0,0.0,0.0
1696104664007,0.0703125,-0.9716797,0.23925781,0.25,0.15625,0.0625,0.0,0.0,0.0
1696104664047,0.06933594,-0.96777344,0.22460938,-0.53125,0.03125,0.28125,0.0,0.0,0.0
1696104664087,0.068359375,-0.9814453,0.22265625,-1.34375,-0.21875,0.28125,0.0,0.0,0.0
1696104664127,0.06542969,-0.97753906,0.22460938,-1.40625,-0.09375,0.0,0.0,0.0,0.0
1696104664167,0.06542969,-0.9707031,0.22460938,-1.09375,0.09375,-0.625,0.0,0.0,0.0
1696104664207,0.06640625,-0.9785156,0.22460938,1.03125,0.28125,-0.5625,0.0,0.0,0.0
1696104664246,0.072265625,-0.9736328,0.23046875,1.09375,-0.03125,-0.1875,0.0,0.0,0.0
1696104664287,0.07421875,-0.9785156,0.23828125,0.625,0.03125,0.0625,0.0,0.0,0.0
1696104664327,0.07324219,-0.96972656,0.2265625,-0.0625,-0.03125,0.40625,0.0,0.0,0.0
1696104664367,0.07128906,-0.9707031,0.23144531,-0.53125,-0.09375,0.34375,0.0,0.0,0.0
1696104664427,0.07519531,-0.9794922,0.234375,-0.71875,-0.09375,-0.0625,-23.5625,-56.375,-189.8125
1696104664446,0.06933594,-0.98046875,0.2265625,-0.90625,-0.03125,-0.1875,0.0,0.0,0.0
1696104664487,0.06347656,-0.9746094,0.24023438,-0.25,0.03125,-0.25,0.0,0.0,0.0
1696104664527,0.07421875,-0.9716797,0.23339844,0.375,0.15625,-0.25,0.0,0.0,0.0
1696104664567,0.072265625,-0.9746094,0.234375,0.5,-0.03125,0.09375,0.0,0.0,0.0
1696104664607,0.08105469,-0.9765625,0.22949219,0.5,0.15625,0.21875,0.0,0.0,0.0
1696104664648,0.06347656,-0.9785156,0.21972656,0.3125,0.09375,0.21875,0.0,0.0,0.0
1696104664686,0.07324219,-0.9746094,0.234375,-0.125,0.09375,0.0625,0.0,0.0,0.0
1696104664728,0.064453125,-0.9716797,0.22753906,-0.3125,-0.09375,0.0,0.0,0.0,0.0
1696104664767,0.076171875,-0.96875,0.23535156,-0.375,-0.09375,-0.125,0.0,0.0,0.0
1696104664807,0.068359375,-0.9785156,0.22949219,-0.375,0.03125,-0.1875,0.0,0.0,0.0
1696104664847,0.06933594,-0.98535156,0.21386719,-0.0625,0.03125,-0.1875,0.0,0.0,0.0
1696104664887,0.06542969,-0.9638672,0.2265625,0.125,-0.03125,0.0,0.0,0.0,0.0
1696104664928,0.064453125,-0.9658203,0.21777344,0.125,0.03125,0.0625,-23.375,-55.75,-191.0
1696104664968,0.06347656,-0.9707031,0.2265625,0.25,0.03125,0.21875,0.0,0.0,0.0
1696104665007,0.06640625,-0.9746094,0.22167969,0.0,0.03125,0.15625,0.0,0.0,0.0
1696104665046,0.0703125,-0.98339844,0.23339844,-0.3125,-0.09375,0.15625,0.0,0.0,0.0
1696104665087,0.072265625,-0.96777344,0.23046875,-0.4375,-0.03125,-0.0625,0.0,0.0,0.0
1696104665126,0.056640625,-0.984375,0.25,-0.53125,-0.09375,0.28125,0.0,0.0,0.0
1696104665166,0.06347656,-0.9794922,0.21484375,-0.1875,0.15625,-0.1875,0.0,0.0,0.0
1696104665207,0.06933594,-0.98046875,0.22949219,-0.25,-0.03125,-0.0625,0.0,0.0,0.0
1696104665247,0.068359375,-0.97753906,0.21777344,0.125,-0.03125,0.0,0.0,0.0,0.0
1696104665287,0.06933594,-0.9746094,0.22851562,-0.125,-0.09375,0.34375,0.0,0.0,0.0
1696104665327,0.06347656,-0.9746094,0.22460938,-0.125,0.03125,0.34375,0.0,0.0,0.0
1696104665367,0.06738281,-0.98046875,0.22558594,-0.125,0.03125,0.0625,0.0,0.0,0.0
1696104665407,0.07128906,-0.9658203,0.23730469,-0.1875,0.03125,-0.3125,-22.375,-56.5,-191.75
1696104665447,0.064453125,-0.9667969,0.22949219,-0.25,-0.03125,-0.375,0.0,0.0,0.0
1696104665487,0.072265625,-0.97265625,0.21777344,0.0625,0.15625,-0.375,0.0,0.0,0.0
1696104665526,0.07714844,-0.9716797,0.23242188,-0.125,-0.03125,-0.125,0.0,0.0,0.0
1696104665567,0.072265625,-0.97753906,0.23339844,-0.25,0.03125,-0.125,0.0,0.0,0.0
1696104665607,0.06640625,-0.9746094,0.22363281,-0.53125,0.03125,-0.125,0.0,0.0,0.0
1696104665646,0.06933594,-0.9785156,0.2265625,0.1875,0.09375,0.0625,0.0,0.0,0.0
1696104665687,0.072265625,-0.97753906,0.23730469,-0.0625,0.03125,0.0625,0.0,0.0,0.0
1696104665727,0.064453125,-0.9824219,0.23144531,-0.0625,0.03125,0.0,0.0,0.0,0.0
1696104665808,0.06542969,-0.9794922,0.21777344,-0.1875,-0.09375,0.0,0.0,0.0,0.0
1696104665827,0.06933594,-0.97558594,0.23144531,0.0,0.03125,-0.0625,0.0,0.0,0.0
1696104665846,0.07128906,-0.97558594,0.22070312,0.4375,0.03125,0.09375,0.0,0.0,0.0
1696104665888,0.06542969,-0.97265625,0.21191406,0.0625,0.15625,0.0625,0.0,0.0,0.0
1696104665946,0.059570312,-0.9736328,0.23535156,0.1875,0.03125,0.0,-24.0,-54.5625,-190.125
1696104665967,0.06542969,-0.9716797,0.22558594,0.0625,-0.03125,0.0,0.0,0.0,0.0
1696104666007,0.064453125,-0.97753906,0.2421875,0.125,0.15625,-0.125,0.0,0.0,0.0
1696104666046,0.07128906,-0.9765625,0.23046875,-0.40625,-0.0625,0.0,0.0,0.0,0.0
1696104666087,0.06542969,-0.9707031,0.23828125,-0.46875,0.0625,-0.25,0.0,0.0,0.0
1696104666127,0.06738281,-0.97558594,0.23144531,-0.34375,0.0,0.0625,0.0,0.0,0.0
1696104666166,0.07324219,-0.9824219,0.22070312,0.0625,-0.0625,0.0625,0.0,0.0,0.0
1696104666207,0.06933594,-0.97558594,0.23535156,0.125,-0.0625,0.1875,0.0,0.0,0.0
1696104666267,0.07128906,-0.9658203,0.22851562,0.0625,-0.0625,0.1875,0.0,0.0,0.0
1696104666286,0.06347656,-0.9765625,0.22753906,-0.03125,0.0,0.21875,0.0,0.0,0.0
1696104666327,0.064453125,-0.97753906,0.23632812,0.0625,0.0625,-0.125,0.0,0.0,0.0
1696104666367,0.06347656,-0.97265625,0.22753906,-0.03125,0.0,-0.125,0.0,0.0,0.0
1696104666427,0.0703125,-0.9785156,0.22363281,-0.15625,0.0,-0.3125,-24.125,-56.1875,-191.75
1696104666447,0.068359375,-0.9716797,0.22558594,-0.09375,-0.0625,-0.25,0.0,0.0,0.0
1696104666487,0.07421875,-0.9746094,0.22265625,0.0,0.0,-0.125,0.0,0.0,0.0
1696104666526,0.07128906,-0.9785156,0.21875,-0.15625,0.0,0.125,0.0,0.0,0.0
1696104666567,0.06738281,-0.97753906,0.23046875,0.1875,-0.0625,0.0625,0.0,0.0,0.0
1696104666607,0.06738281,-0.97265625,0.21679688,0.125,-0.0625,0.1875,0.0,0.0,0.0
1696104666646,0.06640625,-0.96484375,0.23925781,0.125,0.0625,0.0625,0.0,0.0,0.0
1696104666707,0.06542969,-0.9716797,0.22558594,-0.03125,0.0,-0.0625,0.0,0.0,0.0
1696104666747,0.06933594,-0.9814453,0.22558594,-0.09375,-0.125,0.0,0.0,0.0,0.0
1696104666787,0.064453125,-0.97558594,0.23339844,-0.03125,0.0625,-0.0625,0.0,0.0,0.0
1696104666827,0.06542969,-0.97265625,0.22167969,0.0,0.0,-0.125,0.0,0.0,0.0
1696104666868,0.06347656,-0.9785156,0.21777344,-0.09375,-0.0625,0.0,0.0,0.0,0.0
1696104666907,0.06347656,-0.9716797,0.23535156,0.125,0.0,0.0625,0.0,0.0,0.0
1696104666946,0.056640625,-0.97753906,0.23632812,-0.09375,-0.0625,0.1875,-22.5,-55.9375,-191.125
1696104666987,0.06347656,-0.9736328,0.2265625,0.0625,-0.0625,0.28125,0.0,0.0,0.0
1696104667027,0.06542969,-0.9736328,0.22363281,0.125,0.0625,-0.125,0.0,0.0,0.0
1696104667066,0.06738281,-0.97265625,0.23144531,-0.03125,0.0,0.34375,0.0,0.0,0.0
1696104667107,0.055664062,-0.9824219,0.24121094,-0.03125,-0.125,0.125,0.0,0.0,0.0
1696104667147,0.06640625,-0.984375,0.22265625,-0.15625,0.0,-0.3125,0.0,0.0,0.0
1696104667186,0.07519531,-0.9824219,0.22753906,-0.40625,-0.0625,0.125,0.0,0.0,0.0
1696104667227,0.07421875,-0.97558594,0.22851562,-0.34375,-0.125,-0.125,0.0,0.0,0.0
1696104667266,0.072265625,-0.97558594,0.21875,-0.28125,-0.0625,0.28125,0.0,0.0,0.0
1696104667306,0.06347656,-0.9736328,0.21875,-0.15625,-0.125,0.34375,0.0,0.0,0.0
1696104667347,0.068359375,-0.96972656,0.22949219,-0.21875,-0.0625,0.125,0.0,0.0,0.0
1696104667387,0.06738281,-0.97558594,0.24023438,0.125,0.0,0.21875,0.0,0.0,0.0
1696104667426,0.064453125,-0.97753906,0.22558594,-0.03125,0.0625,-0.3125,-24.0,-55.625,-191.625
1696104667467,0.07128906,-0.9746094,0.22949219,-0.03125,0.0,-0.125,0.0,0.0,0.0
1696104667506,0.06738281,-0.9765625,0.23339844,-0.15625,0.0,0.0,0.0,0.0,0.0
1696104667548,0.06347656,-0.96972656,0.23144531,-0.03125,-0.125,0.0,0.0,0.0,0.0
1696104667587,0.068359375,-0.9667969,0.21777344,0.1875,-0.0625,0.1875,0.0,0.0,0.0
1696104667627,0.060546875,-0.98339844,0.22265625,0.125,0.0625,0.34375,0.0,0.0,0.0
1696104667667,0.06542969,-0.9765625,0.22460938,0.375,-0.0625,0.125,0.0,0.0,0.0
1696104667707,0.061523438,-0.96972656,0.23730469,0.125,0.125,-0.3125,0.0,0.0,0.0
1696104667747,0.061523438,-0.9785156,0.2421875,-0.15625,-0.0625,-0.3125,0.0,0.0,0.0
1696104667788,0.076171875,-0.97753906,0.21777344,-0.34375,-0.0625,-0.25,0.0,0.0,0.0
1696104667827,0.06738281,-0.96777344,0.22070312,-0.40625,-0.0625,-0.125,0.0,0.0,0.0
1696104667867,0.068359375,-0.9746094,0.23046875,-0.15625,-0.125,-0.3125,0.0,0.0,0.0
1696104667907,0.07421875,-0.9824219,0.22949219,0.3125,0.0625,0.0625,0.0,0.0,0.0
1696104667948,0.06640625,-0.97265625,0.22363281,0.3125,0.125,0.0625,-21.625,-55.4375,-191.4375
1696104667987,0.07324219,-0.96777344,0.22363281,0.1875,-0.125,0.28125,0.0,0.0,0.0
1696104668027,0.06640625,-0.97558594,0.22753906,-0.09375,-0.0625,0.28125,0.0,0.0,0.0
1696104668067,0.060546875,-0.9746094,0.23339844,-0.03125,0.1875,-0.3125,0.0,0.0,0.0
1696104668107,0.06933594,-0.9814453,0.22753906,-0.03125,0.125,-0.1875,0.0,0.0,0.0
1696104668147,0.06738281,-0.97753906,0.22167969,-0.09375,-0.0625,-0.125,0.0,0.0,0.0
1696104668188,0.06933594,-0.9863281,0.22265625,-0.21875,0.0,0.0625,0.0,0.0,0.0
1696104668227,0.06542969,-0.9785156,0.23730469,0.0,0.0,0.1875,0.0,0.0,0.0
1696104668267,0.064453125,-0.9765625,0.23632812,0.0,0.0,0.125,0.0,0.0,0.0
1696104668307,0.0625,-0.97753906,0.23632812,0.0625,0.0625,0.125,0.0,0.0,0.0
1696104668347,0.06933594,-0.9736328,0.22558594,0.0,0.0,-0.25,0.0,0.0,0.0
1696104668388,0.07324219,-0.97753906,0.22363281,-0.03125,0.0,-0.1875,0.0,0.0,0.0
1696104668427,0.06738281,-0.97265625,0.22363281,0.0,0.0625,-0.125,-23.5625,-55.3125,-190.875
1696104668467,0.068359375,-0.98046875,0.23144531,-0.03125,0.0625,-0.25,0.0,0.0,0.0
1696104668507,0.07128906,-0.9814453,0.22265625,-0.03125,0.0,-0.0625,0.0,0.0,0.0
1696104668547,0.07128906,-0.9736328,0.23730469,-0.03125,0.0625,0.1875,0.0,0.0,0.0
1696104668587,0.072265625,-0.9794922,0.22070312,0.3125,0.0,0.0625,0.0,0.0,0.0
1696104668668,0.07714844,-0.9716797,0.23046875,0.0625,-0.1875,0.0,0.0,0.0,0.0
1696104668671,0.068359375,-0.9765625,0.23242188,0.0625,0.0,-0.3125,0.0,0.0,0.0
1696104668748,0.072265625,-0.96972656,0.22460938,-0.1875,-0.125,0.0625,0.0,0.0,0.0
1696104668751,0.07128906,-0.97753906,0.23828125,0.0,-0.0625,0.125,0.0,0.0,0.0
1696104668787,0.08105469,-0.97753906,0.23535156,0.0625,-0.0625,0.3125,0.0,0.0,0.0
1696104668827,0.059570312,-0.9765625,0.21875,0.0,0.0,0.0625,0.0,0.0,0.0
1696104668868,0.0703125,-0.9765625,0.23828125,0.125,0.0625,0.0625,0.0,0.0,0.0
1696104668907,0.07519531,-0.9736328,0.234375,0.0625,0.0625,0.1875,0.0,0.0,0.0
1696104668947,0.064453125,-0.9785156,0.24023438,-0.125,0.0,0.0,-23.5625,-55.625,-190.5625
1696104669148,0.06542969,-0.96875,0.22460938,-0.1875,-0.125,-0.09375,0.0,0.0,0.0
1696104669150,0.06542969,-0.9765625,0.23828125,-0.375,-0.1875,0.3125,0.0,0.0,0.0
1696104669153,0.07128906,-0.9716797,0.22363281,-0.1875,0.0,0.0625,0.0,0.0,0.0
1696104669155,0.07519531,-0.98339844,0.234375,-0.0625,0.125,-0.15625,0.0,0.0,0.0
1696104669158,0.068359375,-0.9736328,0.22265625,0.25,0.0,-0.03125,0.0,0.0,0.0
1696104669186,0.07910156,-0.97753906,0.23046875,-0.125,-0.0625,0.125,0.0,0.0,0.0
1696104669227,0.060546875,-0.9707031,0.23632812,-0.125,0.0625,0.25,0.0,0.0,0.0
1696104669268,0.064453125,-0.9794922,0.23632812,-0.125,-0.125,0.25,0.0,0.0,0.0
1696104669307,0.059570312,-0.97753906,0.22363281,0.0,-0.0625,0.1875,0.0,0.0,0.0
1696104669347,0.05859375,-0.9736328,0.22753906,-0.25,-0.125,0.0625,0.0,0.0,0.0
1696104669387,0.06542969,-0.9765625,0.24414062,-0.0625,0.0,-0.34375,0.0,0.0,0.0
1696104669428,0.072265625,-0.97265625,0.24511719,-0.125,0.0,-0.09375,-23.25,-55.625,-190.875
1696104669467,0.06640625,-0.97558594,0.22265625,-0.125,-0.0625,-0.03125,0.0,0.0,0.0
1696104669507,0.06347656,-0.9716797,0.23046875,-0.125,-0.125,0.0,0.0,0.0,0.0
1696104669547,0.06933594,-0.97265625,0.22070312,0.125,0.0,0.125,0.0,0.0,0.0
1696104669587,0.06933594,-0.9746094,0.22460938,0.4375,-0.0625,0.5,0.0,0.0,0.0
1696104669627,0.06738281,-0.97558594,0.21484375,0.375,0.0,0.375,0.0,0.0,0.0
1696104669667,0.064453125,-0.9785156,0.23339844,0.0,-0.0625,-0.15625,0.0,0.0,0.0
1696104669707,0.06738281,-0.9736328,0.24121094,-0.1875,0.0,-0.34375,0.0,0.0,0.0
1696104669748,0.059570312,-0.97753906,0.21484375,-0.1875,0.0625,-0.46875,0.0,0.0,0.0
1696104669788,0.072265625,-0.9716797,0.22753906,-0.125,0.0,-0.34375,0.0,0.0,0.0
1696104669827,0.078125,-0.97753906,0.23339844,-0.375,-0.125,0.0625,0.0,0.0,0.0
1696104669867,0.06347656,-0.98046875,0.22167969,-0.125,0.0,0.0625,0.0,0.0,0.0
1696104669907,0.072265625,-0.96777344,0.21972656,0.0,0.125,0.0625,-22.5,-54.5625,-191.625
1696104669948,0.068359375,-0.9765625,0.22558594,-0.125,-0.0625,0.125,0.0,0.0,0.0
1696104669988,0.068359375,-0.9707031,0.22753906,-0.125,-0.125,0.25,0.0,0.0,0.0
1696104670027,0.076171875,-0.9736328,0.23535156,0.1875,0.1875,-0.40625,0.0,0.0,0.0
1696104670066,0.06738281,-0.9794922,0.23046875,0.125,0.0625,-0.15625,0.0,0.0,0.0
1696104670107,0.07128906,-0.9746094,0.24121094,0.125,0.0,-0.15625,0.0,0.0,0.0
1696104670147,0.06542969,-0.9746094,0.21191406,-0.1875,0.0,0.125,0.0,0.0,0.0
1696104670187,0.06738281,-0.9785156,0.23730469,-0.125,0.0625,0.3125,0.0,0.0,0.0
1696104670227,0.078125,-0.98339844,0.24511719,-0.125,0.0625,0.0,0.0,0.0,0.0
1696104670267,0.06640625,-0.9746094,0.22265625,0.0,0.0625,0.0,0.0,0.0,0.0
1696104670306,0.068359375,-0.96972656,0.22851562,-0.125,0.0,-0.15625,0.0,0.0,0.0
1696104670348,0.064453125,-0.9746094,0.23535156,-0.125,0.0625,-0.15625,0.0,0.0,0.0
1696104670388,0.068359375,-0.9765625,0.24316406,0.0,0.0625,-0.15625,0.0,0.0,0.0
1696104670427,0.055664062,-0.9785156,0.23242188,-0.125,-0.0625,-0.09375,-22.9375,-55.3125,-190.5625
1696104670467,0.059570312,-0.9814453,0.23242188,0.0,-0.0625,0.0,0.0,0.0,0.0
1696104670507,0.06738281,-0.9765625,0.23925781,0.125,0.0625,0.25,0.0,0.0,0.0
1696104670547,0.07128906,-0.97265625,0.23046875,0.0625,0.0625,0.25,0.0,0.0,0.0
1696104670587,0.064453125,-0.9785156,0.24609375,-0.0625,0.0625,-0.15625,0.0,0.0,0.0
1696104670627,0.06738281,-0.9707031,0.23046875,-0.125,0.0,-0.09375,0.0,0.0,0.0
1696104670667,0.06738281,-0.9707031,0.23046875,-0.1875,0.0,-0.21875,0.0,0.0,0.0
1696104670707,0.072265625,-0.96972656,0.23730469,-0.25,0.0,0.1875,0.0,0.0,0.0
1696104670746,0.064453125,-0.9707031,0.23242188,0.0625,0.0,0.1875,0.0,0.0,0.0
1696104670787,0.0703125,-0.97558594,0.234375,0.1875,0.0,0.125,0.0,0.0,0.0
1696104670827,0.068359375,-0.9746094,0.23339844,0.3125,-0.125,0.125,0.0,0.0,0.0
1696104670867,0.06542969,-0.9746094,0.23144531,0.0,0.0,0.25,0.0,0.0,0.0
1696104670907,0.07128906,-0.97558594,0.24023438,-0.125,0.0625,0.0625,-23.125,-57.5625,-191.4375
1696104670947,0.068359375,-0.97265625,0.23144531,-0.375,-0.0625,-0.09375,0.0,0.0,0.0
1696104670987,0.0703125,-0.9707031,0.23242188,-0.1875,-0.0625,-0.03125,0.0,0.0,0.0
1696104671027,0.06640625,-0.96875,0.22851562,-0.4375,-0.0625,0.3125,0.0,0.0,0.0
1696104671068,0.06542969,-0.98535156,0.24023438,0.125,0.125,-0.28125,0.0,0.0,0.0
1696104671107,0.076171875,-0.96972656,0.23242188,0.0625,-0.0625,0.0625,0.0,0.0,0.0
1696104671147,0.06640625,-0.9746094,0.23339844,-0.0625,-0.125,0.0625,0.0,0.0,0.0
1696104671187,0.06542969,-0.9638672,0.23242188,-0.1875,-0.0625,0.4375,0.0,0.0,0.0
1696104671247,0.06347656,-0.96875,0.23339844,-0.1875,-0.0625,0.375,0.0,0.0,0.0
1696104671266,0.07324219,-0.9824219,0.24511719,-0.0625,0.0625,0.125,0.0,0.0,0.0
1696104671307,0.05859375,-0.97753906,0.23632812,0.0625,-0.125,0.0625,0.0,0.0,0.0
1696104671347,0.06542969,-0.9736328,0.23242188,0.03125,-0.0625,-0.28125,0.0,0.0,0.0
1696104671387,0.064453125,-0.9765625,0.2265625,-0.09375,0.0625,-0.34375,0.0,0.0,0.0
1696104671428,0.07128906,-0.97753906,0.23925781,-0.09375,-0.125,-0.125,-24.125,-55.1875,-190.375
1696104671468,0.068359375,-0.9707031,0.22753906,-0.09375,-0.0625,-0.1875,0.0,0.0,0.0
1696104671507,0.07128906,-0.9716797,0.23632812,0.15625,0.0625,0.0625,0.0,0.0,0.0
1696104671547,0.068359375,-0.9765625,0.23632812,0.53125,0.0,0.3125,0.0,0.0,0.0
1696104671588,0.06738281,-0.97265625,0.23535156,0.34375,0.125,0.25,0.0,0.0,0.0
1696104671627,0.06933594,-0.97558594,0.23632812,0.03125,0.0,-0.0625,0.0,0.0,0.0
1696104671667,0.061523438,-0.9746094,0.22363281,-0.6875,-0.125,-0.59375,0.0,0.0,0.0
1696104671707,0.061523438,-0.9765625,0.22070312,-0.09375,0.0,-0.46875,0.0,0.0,0.0
1696104671746,0.072265625,-0.98046875,0.24414062,-0.3125,-0.0625,-0.0625,0.0,0.0,0.0
1696104671787,0.061523438,-0.9814453,0.22070312,0.21875,0.0625,0.0,0.0,0.0,0.0
1696104671827,0.06542969,-0.9707031,0.234375,0.15625,0.0625,0.0625,0.0,0.0,0.0
1696104671866,0.064453125,-0.9707031,0.2265625,0.34375,0.125,-0.125,0.0,0.0,0.0
1696104671906,0.072265625,-0.96972656,0.23242188,-0.09375,0.125,0.1875,-21.625,-54.6875,-189.9375
1696104671947,0.055664062,-0.9736328,0.22070312,-0.5,0.125,-0.0625,0.0,0.0,0.0
1696104671987,0.0703125,-0.9746094,0.23046875,-0.4375,0.1875,-0.1875,0.0,0.0,0.0
1696104672027,0.072265625,-0.9736328,0.21484375,-0.1875,0.1875,-0.21875,0.0,0.0,0.0
1696104672067,0.06933594,-0.9765625,0.22753906,-0.25,0.0,-0.0625,0.0,0.0,0.0
1696104672107,0.072265625,-0.96972656,0.22753906,0.59375,0.1875,-0.125,0.0,0.0,0.0
1696104672147,0.068359375,-0.97558594,0.22851562,0.78125,0.0,0.125,0.0,0.0,0.0
1696104672187,0.06933594,-0.9736328,0.2421875,0.65625,0.1875,-0.0625,0.0,0.0,0.0
1696104672228,0.07324219,-0.9736328,0.23046875,-0.09375,0.0625,0.0,0.0,0.0,0.0
1696104672268,0.07128906,-0.9765625,0.22265625,-0.03125,0.21875,-0.40625,0.0,0.0,0.0
1696104672307,0.068359375,-0.97265625,0.23242188,-0.4375,0.0625,-0.125,0.0,0.0,0.0
1696104672348,0.06347656,-0.9736328,0.22167969,-0.75,0.125,-0.125,0.0,0.0,0.0
1696104672387,0.06933594,-0.9736328,0.23535156,-0.5625,0.125,-0.0625,0.0,0.0,0.0
1696104672427,0.05859375,-0.9736328,0.21679688,-0.09375,0.0625,0.0,-23.375,-55.75,-190.375
1696104672467,0.06933594,-0.9765625,0.23730469,0.34375,0.21875,0.25,0.0,0.0,0.0
1696104672508,0.0625,-0.9794922,0.22363281,0.28125,0.0625,0.125,0.0,0.0,0.0
1696104672548,0.06347656,-0.96972656,0.23339844,-0.03125,0.125,-0.125,0.0,0.0,0.0
1696104672588,0.06933594,-0.9736328,0.22949219,-0.375,0.0625,-0.1875,0.0,0.0,0.0
1696104672627,0.064453125,-0.9765625,0.23046875,-0.25,0.0625,-0.1875,0.0,0.0,0.0
1696104672667,0.06640625,-0.9746094,0.21972656,-0.1875,0.125,0.0,0.0,0.0,0.0
1696104672707,0.07324219,-0.9824219,0.20996094,-0.25,0.125,0.0625,0.0,0.0,0.0
1696104672747,0.06542969,-0.9707031,0.22949219,-0.125,0.0625,0.125,0.0,0.0,0.0
1696104672787,0.06738281,-0.9785156,0.23144531,0.09375,0.1875,0.125,0.0,0.0,0.0
1696104672827,0.06640625,-0.98046875,0.22949219,0.15625,0.1875,0.1875,0.0,0.0,0.0
1696104672867,0.06542969,-0.97558594,0.24121094,-0.03125,0.125,0.0,0.0,0.0,0.0
1696104672907,0.068359375,-0.97265625,0.22460938,-0.09375,0.0625,-0.125,-24.3125,-55.3125,-190.875
1696104672947,0.06542969,-0.9814453,0.234375,-0.5,0.0,0.25,0.0,0.0,0.0
1696104672987,0.0703125,-0.97753906,0.23535156,-0.375,0.0,0.0,0.0,0.0,0.0
1696104673027,0.06933594,-0.97753906,0.23144531,-0.125,0.1875,0.0,0.0,0.0,0.0
1696104673066,0.068359375,-0.9746094,0.24121094,0.03125,0.0625,0.0625,0.0,0.0,0.0
1696104673108,0.06738281,-0.9794922,0.23828125,-0.1875,0.0,0.3125,0.0,0.0,0.0
1696104673148,0.064453125,-0.96972656,0.23046875,-0.125,0.0,0.5,0.0,0.0,0.0
1696104673187,0.06347656,-0.9785156,0.23828125,-0.09375,0.0,0.5,0.0,0.0,0.0
1696104673227,0.057617188,-0.9746094,0.22949219,0.03125,0.21875,-0.0625,0.0,0.0,0.0
1696104673268,0.06542969,-0.9785156,0.22851562,-0.375,0.0625,-0.21875,0.0,0.0,0.0
1696104673307,0.068359375,-0.9716797,0.24316406,-0.25,0.0625,-0.40625,0.0,0.0,0.0
1696104673347,0.0625,-0.9716797,0.22558594,-0.09375,0.1875,-0.21875,0.0,0.0,0.0
1696104673387,0.06738281,-0.9716797,0.21679688,-0.1875,-0.125,0.0625,0.0,0.0,0.0
1696104673427,0.064453125,-0.96875,0.23828125,-0.1875,0.0625,0.1875,-24.3125,-55.9375,-191.875
1696104673467,0.06738281,-0.96875,0.23535156,0.34375,0.125,0.375,0.0,0.0,0.0
1696104673508,0.06738281,-0.9814453,0.22460938,0.34375,0.125,0.375,0.0,0.0,0.0
1696104673548,0.057617188,-0.96972656,0.23535156,0.21875,0.0625,0.0625,0.0,0.0,0.0
1696104673587,0.064453125,-0.98535156,0.21582031,-0.3125,0.125,-0.40625,0.0,0.0,0.0
1696104673627,0.06542969,-0.96777344,0.23339844,-0.4375,0.125,-0.40625,0.0,0.0,0.0
1696104673667,0.06738281,-0.9814453,0.234375,-0.4375,0.1875,-0.46875,0.0,0.0,0.0
1696104673708,0.068359375,-0.9814453,0.23046875,-0.1875,0.0625,-0.0625,0.0,0.0,0.0
1696104673747,0.06542969,-0.97558594,0.22363281,0.15625,0.0,0.3125,0.0,0.0,0.0
1696104673787,0.06640625,-0.9765625,0.21191406,0.34375,0.0625,-0.0625,0.0,0.0,0.0
1696104673828,0.06542969,-0.97265625,0.22167969,0.15625,0.1875,0.125,0.0,0.0,0.0
1696104673867,0.06640625,-0.9707031,0.22851562,-0.25,0.125,0.4375,0.0,0.0,0.0
1696104673906,0.06347656,-0.9824219,0.23339844,-0.375,0.1875,-0.40625,-24.3125,-55.9375,-190.875
1696104673947,0.0703125,-0.98339844,0.23144531,-0.5625,0.1875,-0.1875,0.0,0.0,0.0
1696104673987,0.06738281,-0.9736328,0.22460938,-0.125,0.0625,-0.125,0.0,0.0,0.0
1696104674028,0.07421875,-0.97265625,0.23730469,-0.375,0.0,-0.0625,0.0,0.0,0.0
1696104674068,0.076171875,-0.97265625,0.2265625,-0.09375,0.0,0.1875,0.0,0.0,0.0
1696104674107,0.072265625,-0.9746094,0.23535156,0.21875,0.0625,0.0625,0.0,0.0,0.0
1696104674148,0.057617188,-0.97558594,0.21777344,0.21875,0.0,0.0625,0.0,0.0,0.0
1696104674188,0.064453125,-0.9814453,0.23046875,0.15625,0.125,0.0,0.0,0.0,0.0
1696104674227,0.072265625,-0.96191406,0.234375,-0.1875,0.0625,-0.21875,0.0,0.0,0.0
1696104674267,0.0703125,-0.9736328,0.22460938,-0.3125,0.0625,-0.21875,0.0,0.0,0.0
1696104674309,0.068359375,-0.97265625,0.23925781,-0.3125,0.125,-0.1875,0.0,0.0,0.0
1696104674348,0.0703125,-0.9736328,0.21679688,-0.25,0.0,0.0,0.0,0.0,0.0
1696104674387,0.072265625,-0.97265625,0.24121094,0.15625,0.1875,0.0625,0.0,0.0,0.0
1696104674428,0.06542969,-0.97558594,0.23242188,0.15625,0.0625,0.3125,-22.625,-56.8125,-190.6875
1696104674467,0.06347656,-0.9814453,0.22558594,0.34375,0.125,-0.0625,0.0,0.0,0.0
1696104674507,0.07421875,-0.9765625,0.23046875,-0.1875,0.0,0.0,0.0,0.0,0.0
1696104674548,0.05859375,-0.97558594,0.22460938,-0.125,0.0,-0.21875,0.0,0.0,0.0
1696104674587,0.06542969,-0.9785156,0.22558594,-0.3125,0.0,-0.125,0.0,0.0,0.0
1696104674628,0.06542969,-0.98046875,0.23242188,-0.125,0.0,0.0625,0.0,0.0,0.0
1696104674668,0.06933594,-0.98339844,0.23730469,-0.09375,0.0625,0.0625,0.0,0.0,0.0
1696104674708,0.06933594,-0.9716797,0.21582031,0.03125,0.0625,0.1875,0.0,0.0,0.0
1696104674748,0.07128906,-0.9785156,0.23046875,0.15625,0.1875,0.125,0.0,0.0,0.0
1696104674787,0.05859375,-0.97558594,0.22363281,-0.125,0.0,0.3125,0.0,0.0,0.0
1696104674827,0.064453125,-0.96972656,0.24121094,-0.03125,0.125,-0.0625,0.0,0.0,0.0
1696104674868,0.0703125,-0.9736328,0.234375,-0.1875,-0.0625,-0.125,0.0,0.0,0.0
1696104674908,0.06640625,-0.96777344,0.23046875,-0.375,-0.0625,0.3125,-23.5625,-55.3125,-189.5
1696104674948,0.06542969,-0.9785156,0.23632812,-0.03125,0.1875,-0.21875,0.0,0.0,0.0
1696104674987,0.06933594,-0.97265625,0.22949219,-0.1875,0.125,0.125,0.0,0.0,0.0
1696104675028,0.0546875,-0.9785156,0.23730469,-0.03125,0.0,0.1875,0.0,0.0,0.0
1696104675068,0.064453125,-0.9746094,0.23730469,-0.3125,0.0,0.3125,0.0,0.0,0.0
1696104675107,0.061523438,-0.9794922,0.2265625,-0.25,0.0,0.4375,0.0,0.0,0.0
1696104675147,0.07519531,-0.97558594,0.21679688,-0.03125,0.125,0.25,0.0,0.0,0.0
1696104675188,0.068359375,-0.9746094,0.23144531,0.09375,0.0625,0.125,0.0,0.0,0.0
1696104675227,0.06640625,-0.9746094,0.23242188,-0.125,-0.0625,-0.125,0.0,0.0,0.0
1696104675267,0.072265625,-0.984375,0.23339844,-0.1875,0.0625,-0.46875,0.0,0.0,0.0
1696104675308,0.068359375,-0.9736328,0.22070312,-0.25,-0.0625,-0.28125,0.0,0.0,0.0
1696104675347,0.06347656,-0.97753906,0.24023438,-0.25,-0.0625,-0.03125,0.0,0.0,0.0
1696104675388,0.07324219,-0.9765625,0.23242188,-0.125,-0.0625,0.125,0.0,0.0,0.0
1696104675427,0.068359375,-0.9824219,0.22167969,0.46875,0.0625,0.0625,-22.5,-55.9375,-190.5625
1696104675467,0.059570312,-0.97753906,0.23828125,0.3125,0.125,0.3125,0.0,0.0,0.0
1696104675529,0.06933594,-0.96875,0.2265625,0.375,0.0625,0.0625,0.0,0.0,0.0
1696104675547,0.052734375,-0.9707031,0.22363281,-0.125,0.0,-0.15625,0.0,0.0,0.0
1696104675588,0.06640625,-0.9707031,0.22363281,-0.125,0.0625,-0.21875,0.0,0.0,0.0
1696104675628,0.06640625,-0.9736328,0.22265625,-0.125,0.0625,-0.40625,0.0,0.0,0.0
1696104675668,0.05859375,-0.9746094,0.23242188,0.0625,0.125,-0.34375,0.0,0.0,0.0
1696104675707,0.06738281,-0.9746094,0.22070312,-0.25,-0.0625,-0.28125,0.0,0.0,0.0
1696104675747,0.06347656,-0.9736328,0.23144531,-0.1875,0.0625,-0.03125,0.0,0.0,0.0
1696104675787,0.06542969,-0.97753906,0.23339844,-0.0625,0.0625,0.0,0.0,0.0,0.0
1696104675827,0.05859375,-0.96972656,0.22070312,-0.1875,0.0625,0.375,0.0,0.0,0.0
1696104675868,0.057617188,-0.96777344,0.23535156,0.125,0.125,-0.28125,0.0,0.0,0.0
1696104675907,0.061523438,-0.96777344,0.21972656,0.1875,0.3125,0.0,-24.0,-57.6875,-190.5625
1696104675948,0.0546875,-0.97753906,0.23046875,0.53125,0.125,-0.21875,0.0,0.0,0.0
1696104676007,0.0625,-0.9785156,0.234375,-0.1875,-0.0625,-0.09375,0.0,0.0,0.0
1696104676027,0.068359375,-0.96972656,0.23828125,-0.1875,0.0625,0.0625,0.0,0.0,0.0
1696104676067,0.06347656,-0.9716797,0.23144531,-0.6875,-0.0625,0.1875,0.0,0.0,0.0
1696104676108,0.0625,-0.96875,0.23730469,-0.5,-0.0625,0.0,0.0,0.0,0.0
1696104676147,0.059570312,-0.98046875,0.23730469,-0.0625,0.0625,-0.03125,0.0,0.0,0.0
1696104676187,0.064453125,-0.9765625,0.22460938,0.3125,0.0625,-0.40625,0.0,0.0,0.0
1696104676228,0.06640625,-0.9658203,0.22070312,0.1875,0.0625,-0.28125,0.0,0.0,0.0
1696104676267,0.0625,-0.984375,0.22558594,0.0,-0.0625,-0.15625,0.0,0.0,0.0
1696104676307,0.07421875,-0.9863281,0.22949219,0.1875,0.0625,-0.03125,0.0,0.0,0.0
1696104676347,0.06640625,-0.9658203,0.22753906,0.3125,0.125,0.0,0.0,0.0,0.0
1696104676388,0.06738281,-0.97753906,0.23339844,0.125,0.0625,0.25,0.0,0.0,0.0
1696104676427,0.06738281,-0.97558594,0.22558594,0.0,-0.0625,-0.09375,-24.125,-55.75,-190.375
1696104676468,0.06738281,-0.9746094,0.22460938,-0.1875,-0.0625,-0.28125,0.0,0.0,0.0
1696104676507,0.068359375,-0.9736328,0.23339844,0.0625,0.0625,-0.34375,0.0,0.0,0.0
1696104676547,0.06542969,-0.9746094,0.23242188,-0.125,0.0,-0.15625,0.0,0.0,0.0
1696104676588,0.06347656,-0.9667969,0.23535156,0.0,0.0,-0.03125,0.0,0.0,0.0
1696104676627,0.057617188,-0.97558594,0.234375,0.125,0.0625,-0.03125,0.0,0.0,0.0
1696104676667,0.06738281,-0.97265625,0.22460938,0.125,0.0625,0.0,0.0,0.0,0.0
1696104676707,0.0625,-0.9736328,0.22949219,0.0625,0.0,0.1875,0.0,0.0,0.0
1696104676748,0.06738281,-0.9785156,0.23535156,-0.0625,0.0625,-0.03125,0.0,0.0,0.0
1696104676787,0.06542969,-0.97265625,0.23046875,-0.0625,0.0,-0.15625,0.0,0.0,0.0
1696104676828,0.064453125,-0.96875,0.23632812,-0.3125,-0.125,0.375,0.0,0.0,0.0
1696104676867,0.06933594,-0.9746094,0.24121094,-0.125,0.0,-0.28125,0.0,0.0,0.0
1696104676909,0.055664062,-0.9667969,0.23730469,-0.0625,0.125,0.0625,-23.375,-55.4375,-191.0
1696104676948,0.0625,-0.9667969,0.24707031,0.1875,-0.0625,0.0625,0.0,0.0,0.0
1696104676988,0.06933594,-0.9638672,0.22558594,0.0,-0.0625,0.1875,0.0,0.0,0.0
1696104677027,0.064453125,-0.9667969,0.22558594,-0.125,0.0,0.1875,0.0,0.0,0.0
1696104677069,0.05859375,-0.98535156,0.234375,-0.1875,-0.0625,0.1875,0.0,0.0,0.0
1696104677107,0.0703125,-0.99121094,0.2265625,0.125,0.0625,0.0625,0.0,0.0,0.0
1696104677147,0.05859375,-0.9785156,0.23535156,0.0,0.0625,0.0,0.0,0.0,0.0
1696104677208,0.068359375,-0.9765625,0.2265625,0.0625,0.0625,-0.34375,0.0,0.0,0.0
1696104677227,0.06933594,-0.9736328,0.23535156,-0.1875,0.125,-0.09375,0.0,0.0,0.0
1696104677267,0.07421875,-0.96972656,0.22753906,-0.1875,0.0625,-0.09375,0.0,0.0,0.0
1696104677307,0.06640625,-0.9716797,0.234375,0.0625,0.125,0.0625,0.0,0.0,0.0
1696104677347,0.059570312,-0.97265625,0.234375,0.1875,0.125,0.0625,0.0,0.0,0.0
1696104677387,0.068359375,-0.9814453,0.22558594,0.3125,0.0625,0.25,0.0,0.0,0.0
1696104677428,0.06542969,-0.9746094,0.22460938,0.1875,0.0625,-0.03125,-23.375,-56.1875,-190.375
1696104677469,0.064453125,-0.96875,0.23632812,-0.25,0.0,-0.34375,0.0,0.0,0.0
1696104677507,0.068359375,-0.9746094,0.23925781,-0.1875,0.0625,-0.40625,0.0,0.0,0.0
1696104677548,0.06542969,-0.97558594,0.22753906,-0.125,0.125,-0.21875,0.0,0.0,0.0
1696104677587,0.0625,-0.9765625,0.2421875,0.125,0.125,0.0,0.0,0.0,0.0
1696104677627,0.06640625,-0.9716797,0.23828125,0.1875,0.25,0.0,0.0,0.0,0.0
1696104677667,0.07324219,-0.9785156,0.23730469,0.0625,-0.0625,-0.09375,0.0,0.0,0.0
1696104677708,0.07324219,-0.9765625,0.22753906,-0.1875,0.0625,0.0,0.0,0.0,0.0
1696104677748,0.06640625,-0.96484375,0.23339844,-0.375,0.125,0.0,0.0,0.0,0.0
1696104677787,0.064453125,-0.97753906,0.22949219,0.0,0.1875,-0.28125,0.0,0.0,0.0
1696104677827,0.068359375,-0.9746094,0.23339844,0.125,0.0625,-0.09375,0.0,0.0,0.0
1696104677867,0.06738281,-0.96875,0.22558594,0.0625,0.0625,-0.09375,0.0,0.0,0.0
1696104677907,0.060546875,-0.9707031,0.23339844,0.1875,0.0625,0.25,-22.9375,-57.6875,-190.875
1696104677947,0.06347656,-0.9824219,0.22558594,0.0625,0.1875,0.0625,0.0,0.0,0.0
1696104677987,0.06933594,-0.98046875,0.23925781,0.0,0.0,-0.03125,0.0,0.0,0.0
1696104678028,0.06738281,-0.98046875,0.23828125,-0.125,0.0,-0.03125,0.0,0.0,0.0
1696104678067,0.06933594,-0.96777344,0.21777344,0.0,0.0,-0.28125,0.0,0.0,0.0
1696104678107,0.061523438,-0.9824219,0.22558594,0.0,0.0625,-0.15625,0.0,0.0,0.0
1696104678148,0.061523438,-0.9736328,0.234375,-0.125,-0.0625,-0.21875,0.0,0.0,0.0
1696104678188,0.07910156,-0.9873047,0.23828125,-0.0625,0.0,-0.03125,0.0,0.0,0.0
1696104678227,0.06738281,-0.98339844,0.24121094,0.0625,0.125,-0.09375,0.0,0.0,0.0
1696104678268,0.06933594,-0.9794922,0.2265625,0.25,0.125,0.125,0.0,0.0,0.0
1696104678307,0.0625,-0.9785156,0.23046875,0.375,0.0625,0.0,0.0,0.0,0.0
1696104678347,0.06640625,-0.9746094,0.23828125,0.1875,0.125,-0.15625,0.0,0.0,0.0
1696104678387,0.064453125,-0.9716797,0.21972656,-0.125,0.0,-0.15625,0.0,0.0,0.0
1696104678427,0.06738281,-0.97558594,0.22558594,-0.25,0.125,-0.21875,-22.9375,-56.375,-190.125
1696104678467,0.0625,-0.9824219,0.23242188,-0.1875,0.0,-0.03125,0.0,0.0,0.0
1696104678507,0.06738281,-0.97753906,0.21875,0.0,0.0625,0.0,0.0,0.0,0.0
1696104678547,0.06738281,-0.96972656,0.22363281,0.125,0.0,0.0,0.0,0.0,0.0
1696104678587,0.06542969,-0.96972656,0.23242188,0.0,-0.0625,0.125,0.0,0.0,0.0
1696104678627,0.0625,-0.96875,0.22460938,0.1875,0.0625,0.0625,0.0,0.0,0.0
1696104678668,0.068359375,-0.9824219,0.22949219,0.0,0.0,-0.03125,0.0,0.0,0.0
1696104678707,0.06738281,-0.9814453,0.22070312,-0.1875,0.0625,0.0,0.0,0.0,0.0
1696104678748,0.0703125,-0.9736328,0.22460938,-0.3125,-0.125,0.3125,0.0,0.0,0.0
1696104678788,0.07324219,-0.9824219,0.24121094,0.0625,0.1875,-0.34375,0.0,0.0,0.0
1696104678827,0.076171875,-0.9785156,0.21679688,0.0625,0.0625,-0.09375,0.0,0.0,0.0
1696104678867,0.06933594,-0.9814453,0.22558594,-0.25,-0.0625,0.0,0.0,0.0,0.0
1696104678908,0.06640625,-0.9707031,0.23242188,-0.25,-0.0625,0.375,-23.125,-58.0,-189.9375
1696104678947,0.06347656,-0.96875,0.24121094,0.0625,0.0,0.375,0.0,0.0,0.0
1696104678987,0.07324219,-0.984375,0.24121094,0.0625,0.0625,0.25,0.0,0.0,0.0
1696104679027,0.061523438,-0.9746094,0.22460938,0.0,-0.0625,0.1875,0.0,0.0,0.0
1696104679067,0.059570312,-0.9736328,0.23046875,0.0625,0.0,-0.21875,0.0,0.0,0.0
1696104679107,0.059570312,-0.9746094,0.23925781,-0.125,0.0625,-0.40625,0.0,0.0,0.0
1696104679148,0.064453125,-0.97558594,0.23730469,-0.1875,0.0,-0.15625,0.0,0.0,0.0
1696104679187,0.068359375,-0.97558594,0.24316406,-0.125,-0.03125,-0.15625,0.0,0.0,0.0
1696104679228,0.064453125,-0.97265625,0.21777344,0.25,-0.03125,0.03125,0.0,0.0,0.0
1696104679288,0.064453125,-0.9765625,0.23730469,0.25,0.03125,0.34375,0.0,0.0,0.0
1696104679307,0.06542969,-0.96484375,0.23828125,0.3125,0.0625,0.28125,0.0,0.0,0.0
1696104679347,0.06542969,-0.9736328,0.22949219,-0.0625,-0.03125,0.09375,0.0,0.0,0.0
1696104679387,0.06640625,-0.9716797,0.23925781,-0.3125,-0.09375,-0.15625,0.0,0.0,0.0
1696104679428,0.07324219,-0.9785156,0.234375,-0.3125,0.0625,-0.21875,-23.375,-56.5,-189.9375
1696104679467,0.068359375,-0.98535156,0.22558594,-0.40625,0.1875,-0.46875,0.0,0.0,0.0
1696104679507,0.06738281,-0.9746094,0.23632812,0.25,0.0625,-0.28125,0.0,0.0,0.0
1696104679547,0.064453125,-0.97558594,0.22753906,0.0,-0.15625,-0.03125,0.0,0.0,0.0
1696104679587,0.05859375,-0.9658203,0.24316406,0.0625,0.03125,-0.03125,0.0,0.0,0.0
1696104679628,0.06738281,-0.96972656,0.24902344,0.0,-0.15625,-0.03125,0.0,0.0,0.0
1696104679668,0.07128906,-0.9736328,0.21972656,-0.40625,-0.09375,0.28125,0.0,0.0,0.0
1696104679707,0.0703125,-0.9814453,0.2265625,0.125,0.0625,-0.40625,0.0,0.0,0.0
1696104679748,0.060546875,-0.97753906,0.22558594,0.0625,0.0625,-0.15625,0.0,0.0,0.0
1696104679787,0.076171875,-0.97265625,0.23339844,0.25,-0.03125,-0.21875,0.0,0.0,0.0
1696104679828,0.0625,-0.96777344,0.23828125,-0.1875,-0.09375,-0.15625,0.0,0.0,0.0
1696104679868,0.06640625,-0.9794922,0.22949219,0.125,0.03125,-0.03125,0.0,0.0,0.0
1696104679908,0.06542969,-0.9785156,0.23339844,0.125,-0.15625,-0.09375,-23.25,-55.9375,-191.125
1696104679947,0.06542969,-0.9746094,0.23242188,0.25,-0.03125,0.03125,0.0,0.0,0.0
1696104679987,0.0703125,-0.97558594,0.23828125,0.1875,0.03125,-0.15625,0.0,0.0,0.0
1696104680027,0.072265625,-0.9794922,0.23730469,0.1875,0.0625,-0.21875,0.0,0.0,0.0
1696104680067,0.07421875,-0.9794922,0.22265625,-0.1875,-0.03125,-0.09375,0.0,0.0,0.0
1696104680108,0.068359375,-0.9736328,0.23242188,-0.40625,-0.03125,-0.15625,0.0,0.0,0.0
1696104680147,0.06738281,-0.9736328,0.21875,-0.34375,-0.15625,0.09375,0.0,0.0,0.0
1696104680187,0.0625,-0.9716797,0.23242188,-0.0625,-0.09375,-0.09375,0.0,0.0,0.0
1696104680227,0.068359375,-0.97265625,0.24316406,0.4375,0.03125,0.09375,0.0,0.0,0.0
1696104680268,0.064453125,-0.9765625,0.23632812,0.6875,0.03125,0.09375,0.0,0.0,0.0
1696104680308,0.06347656,-0.9736328,0.22167969,0.4375,-0.03125,-0.03125,0.0,0.0,0.0
1696104680347,0.068359375,-0.9746094,0.24902344,0.0,-0.03125,-0.21875,0.0,0.0,0.0
1696104680388,0.06542969,-0.9716797,0.21875,-0.40625,-0.03125,-0.28125,0.0,0.0,0.0
1696104680428,0.07128906,-0.97558594,0.24023438,-0.53125,-0.03125,-0.15625,-22.375,-55.1875,-188.625
1696104680468,0.05859375,-0.9707031,0.23535156,-0.1875,-0.09375,-0.09375,0.0,0.0,0.0
1696104680508,0.064453125,-0.984375,0.21582031,0.375,-0.03125,0.09375,0.0,0.0,0.0
1696104680547,0.06347656,-0.9736328,0.2265625,0.625,-0.03125,0.28125,0.0,0.0,0.0
1696104680588,0.055664062,-0.97265625,0.22265625,0.8125,-0.09375,0.21875,0.0,0.0,0.0
1696104680628,0.05859375,-0.9628906,0.22558594,0.25,-0.15625,0.03125,0.0,0.0,0.0
1696104680668,0.059570312,-0.9658203,0.23242188,-0.46875,-0.15625,0.03125,0.0,0.0,0.0
1696104680707,0.06738281,-0.9765625,0.2265625,-0.78125,0.03125,-0.03125,0.0,0.0,0.0
1696104680747,0.064453125,-0.98046875,0.22363281,-0.65625,0.125,-0.53125,0.0,0.0,0.0
1696104680788,0.0625,-0.9707031,0.21972656,0.1875,-0.03125,-0.09375,0.0,0.0,0.0
1696104680827,0.0703125,-0.97558594,0.23535156,0.0625,-0.03125,0.28125,0.0,0.0,0.0
1696104680868,0.072265625,-0.96777344,0.23339844,0.0625,-0.15625,0.28125,0.0,0.0,0.0
1696104680907,0.05859375,-0.9658203,0.23339844,-0.0625,-0.03125,0.15625,-22.625,-56.5,-190.6875
1696104680948,0.06933594,-0.9765625,0.22363281,0.0,-0.09375,0.03125,0.0,0.0,0.0
1696104680988,0.060546875,-0.9736328,0.2265625,0.0,-0.09375,0.03125,0.0,0.0,0.0
1696104681028,0.06738281,-0.9794922,0.23730469,0.1875,-0.09375,-0.21875,0.0,0.0,0.0
1696104681067,0.07128906,-0.9746094,0.23144531,0.125,-0.03125,-0.34375,0.0,0.0,0.0
1696104681108,0.0703125,-0.98046875,0.22753906,-0.125,-0.03125,-0.21875,0.0,0.0,0.0
1696104681147,0.06933594,-0.97558594,0.234375,0.0,-0.15625,-0.03125,0.0,0.0,0.0
1696104681188,0.06640625,-0.9814453,0.21679688,-0.0625,-0.03125,-0.03125,0.0,0.0,0.0
1696104681229,0.060546875,-0.9814453,0.23632812,0.1875,-0.03125,0.21875,0.0,0.0,0.0
1696104681267,0.057617188,-0.96875,0.234375,0.125,-0.03125,0.21875,0.0,0.0,0.0
1696104681308,0.05859375,-0.98046875,0.22753906,-0.125,-0.09375,-0.03125,0.0,0.0,0.0
1696104681348,0.064453125,-0.9707031,0.24023438,0.0625,-0.03125,-0.09375,0.0,0.0,0.0
1696104681388,0.06933594,-0.97558594,0.23144531,-0.0625,-0.09375,-0.34375,0.0,0.0,0.0
1696104681428,0.06542969,-0.9746094,0.23046875,-0.3125,-0.09375,-0.21875,-23.125,-55.4375,-191.0
1696104681469,0.06738281,-0.97558594,0.23730469,0.125,0.03125,0.03125,0.0,0.0,0.0
1696104681508,0.06542969,-0.96875,0.2265625,0.25,-0.03125,0.03125,0.0,0.0,0.0
1696104681548,0.0625,-0.9736328,0.23046875,0.0625,-0.03125,-0.09375,0.0,0.0,0.0
1696104681587,0.064453125,-0.97265625,0.22363281,-0.1875,-0.03125,-0.40625,0.0,0.0,0.0
1696104681629,0.072265625,-0.97265625,0.23730469,-0.3125,-0.03125,-0.15625,0.0,0.0,0.0
1696104681668,0.0625,-0.9814453,0.23144531,-0.1875,-0.03125,0.03125,0.0,0.0,0.0
1696104681708,0.06640625,-0.9765625,0.23730469,0.125,0.125,-0.34375,0.0,0.0,0.0
1696104681748,0.07421875,-0.9794922,0.21679688,0.25,-0.03125,-0.03125,0.0,0.0,0.0
1696104681788,0.0703125,-0.9707031,0.23144531,0.0625,-0.03125,0.03125,0.0,0.0,0.0
1696104681827,0.064453125,-0.9746094,0.2421875,0.0,-0.21875,0.21875,0.0,0.0,0.0
1696104681868,0.06347656,-0.9736328,0.22753906,0.0625,0.03125,0.03125,0.0,0.0,0.0
1696104681908,0.06933594,-0.9785156,0.22558594,0.0,-0.03125,-0.21875,-24.125,-55.4375,-190.6875
1696104681948,0.06640625,-0.97753906,0.23339844,-0.125,-0.03125,-0.09375,0.0,0.0,0.0
1696104681988,0.06640625,-0.96777344,0.21777344,0.0,-0.03125,-0.28125,0.0,0.0,0.0
1696104682028,0.07714844,-0.96777344,0.21582031,0.0,0.03125,-0.21875,0.0,0.0,0.0
1696104682067,0.06933594,-0.97265625,0.22949219,0.0,-0.09375,-0.09375,0.0,0.0,0.0
1696104682108,0.07128906,-0.9785156,0.24121094,0.0,-0.09375,-0.15625,0.0,0.0,0.0
1696104682148,0.0625,-0.9736328,0.22753906,0.25,0.03125,-0.03125,0.0,0.0,0.0
1696104682187,0.07421875,-0.9716797,0.22363281,0.375,-0.03125,0.03125,0.0,0.0,0.0
1696104682228,0.072265625,-0.97558594,0.21679688,0.375,-0.03125,0.15625,0.0,0.0,0.0
1696104682267,0.06640625,-0.9824219,0.24121094,0.0625,-0.21875,-0.21875,0.0,0.0,0.0
1696104682308,0.072265625,-0.9746094,0.234375,-0.0625,-0.15625,-0.15625,0.0,0.0,0.0
1696104682348,0.06347656,-0.9707031,0.22949219,0.0,0.03125,-0.15625,0.0,0.0,0.0
1696104682387,0.06542969,-0.9785156,0.21972656,0.0,-0.09375,0.03125,0.0,0.0,0.0
1696104682427,0.0703125,-0.9746094,0.23046875,0.1875,-0.03125,0.03125,-23.125,-55.75,-191.0
1696104682468,0.06738281,-0.96972656,0.23535156,0.1875,-0.09375,0.03125,0.0,0.0,0.0
1696104682507,0.06542969,-0.9765625,0.23144531,0.125,-0.09375,0.09375,0.0,0.0,0.0
1696104682548,0.06738281,-0.9785156,0.24121094,0.0625,0.03125,-0.09375,0.0,0.0,0.0
1696104682587,0.07128906,-0.97558594,0.22265625,-0.0625,-0.09375,-0.09375,0.0,0.0,0.0
1696104682628,0.06542969,-0.9658203,0.22167969,-0.0625,0.0625,-0.28125,0.0,0.0,0.0
1696104682667,0.07910156,-0.9765625,0.22167969,-0.1875,-0.15625,0.21875,0.0,0.0,0.0
1696104682708,0.06542969,-0.97753906,0.23144531,-0.1875,-0.09375,0.15625,0.0,0.0,0.0
1696104682748,0.072265625,-0.97753906,0.2421875,0.1875,0.0625,-0.21875,0.0,0.0,0.0
1696104682787,0.06640625,-0.96972656,0.21582031,0.5625,-0.03125,0.03125,0.0,0.0,0.0
1696104682829,0.06738281,-0.97265625,0.2265625,0.0625,-0.03125,0.03125,0.0,0.0,0.0
1696104682867,0.0703125,-0.96484375,0.24707031,-0.0625,-0.09375,0.09375,0.0,0.0,0.0
1696104682907,0.06738281,-0.9824219,0.23144531,0.0,-0.03125,0.15625,-24.125,-56.5,-191.0
1696104682948,0.064453125,-0.9765625,0.21972656,0.125,0.03125,-0.03125,0.0,0.0,0.0
1696104682987,0.05859375,-0.97753906,0.23925781,-0.125,-0.09375,0.03125,0.0,0.0,0.0
1696104683027,0.05859375,-0.9707031,0.22949219,-0.0625,-0.03125,-0.21875,0.0,0.0,0.0
1696104683068,0.06347656,-0.97265625,0.22167969,-0.25,-0.09375,-0.34375,0.0,0.0,0.0
1696104683108,0.059570312,-0.9814453,0.23339844,0.0,-0.09375,-0.03125,0.0,0.0,0.0
1696104683147,0.0703125,-0.97265625,0.23339844,0.0,-0.09375,0.03125,0.0,0.0,0.0
1696104683188,0.064453125,-0.97753906,0.23535156,0.125,0.03125,-0.03125,0.0,0.0,0.0
1696104683228,0.06933594,-0.9785156,0.23144531,0.5,0.0625,0.03125,0.0,0.0,0.0
1696104683267,0.061523438,-0.9716797,0.234375,0.25,-0.03125,0.15625,0.0,0.0,0.0
1696104683308,0.068359375,-0.9667969,0.22460938,-0.0625,-0.09375,-0.09375,0.0,0.0,0.0
1696104683348,0.06640625,-0.9746094,0.24511719,-0.3125,-0.15625,-0.15625,0.0,0.0,0.0
1696104683388,0.06542969,-0.9765625,0.23730469,-0.1875,-0.03125,0.03125,0.0,0.0,0.0
1696104683447,0.06933594,-0.9746094,0.23535156,-0.125,-0.03125,0.09375,-24.0,-56.375,-192.1875
1696104683468,0.06640625,-0.9746094,0.22070312,0.1875,-0.03125,0.15625,0.0,0.0,0.0
1696104683527,0.06738281,-0.96875,0.22558594,0.125,-0.03125,-0.09375,0.0,0.0,0.0
1696104683548,0.07421875,-0.96972656,0.22363281,0.125,0.03125,-0.15625,0.0,0.0,0.0
1696104683587,0.061523438,-0.96875,0.23535156,-0.3125,-0.09375,-0.15625,0.0,0.0,0.0
1696104683627,0.068359375,-0.97753906,0.22265625,-0.40625,-0.09375,-0.34375,0.0,0.0,0.0
1696104683669,0.06542969,-0.9785156,0.2265625,-0.25,-0.03125,0.15625,0.0,0.0,0.0
1696104683708,0.061523438,-0.96484375,0.24511719,0.0,-0.03125,0.03125,0.0,0.0,0.0
1696104683747,0.06542969,-0.984375,0.23828125,0.3125,0.125,-0.34375,0.0,0.0,0.0
1696104683789,0.0703125,-0.96972656,0.22949219,0.3125,0.0625,-0.28125,0.0,0.0,0.0
1696104683828,0.064453125,-0.9716797,0.23144531,-0.34375,-0.15625,-0.15625,0.0,0.0,0.0
1696104683867,0.06738281,-0.9785156,0.22265625,-0.46875,-0.09375,0.15625,0.0,0.0,0.0
1696104683907,0.061523438,-0.98046875,0.22460938,-0.125,-0.03125,0.15625,-24.3125,-56.6875,-191.625
1696104683948,0.072265625,-0.98339844,0.23144531,0.4375,0.1875,-0.03125,0.0,0.0,0.0
1696104683988,0.064453125,-0.97558594,0.22363281,0.625,0.03125,0.09375,0.0,0.0,0.0
1696104684027,0.068359375,-0.9814453,0.23925781,0.6875,-0.09375,-0.28125,0.0,0.0,0.0
1696104684068,0.06738281,-0.9736328,0.23144531,0.25,0.03125,-0.28125,0.0,0.0,0.0
1696104684107,0.064453125,-0.9814453,0.23730469,-0.125,-0.09375,-0.21875,0.0,0.0,0.0
1696104684167,0.078125,-0.98046875,0.23242188,-0.40625,-0.03125,-0.03125,0.0,0.0,0.0
1696104684187,0.064453125,-0.9765625,0.23144531,-0.25,-0.15625,0.03125,0.0,0.0,0.0
1696104684228,0.0625,-0.9785156,0.23242188,-0.0625,-0.03125,0.09375,0.0,0.0,0.0
1696104684268,0.06933594,-0.97265625,0.22753906,0.3125,-0.03125,0.09375,0.0,0.0,0.0
1696104684308,0.068359375,-0.9716797,0.22460938,0.4375,-0.03125,-0.15625,0.0,0.0,0.0
1696104684347,0.07128906,-0.97265625,0.22851562,0.125,0.03125,-0.21875,0.0,0.0,0.0
1696104684387,0.06933594,-0.9736328,0.23046875,-0.21875,-0.03125,-0.125,0.0,0.0,0.0
1696104684428,0.06542969,-0.9765625,0.22949219,-0.28125,-0.03125,0.0,-22.0625,-55.75,-190.375
1696104684467,0.064453125,-0.9746094,0.22265625,-0.09375,-0.03125,0.125,0.0,0.0,0.0
1696104684508,0.07128906,-0.9746094,0.22460938,0.0,-0.03125,-0.0625,0.0,0.0,0.0
1696104684548,0.06542969,-0.97753906,0.21679688,0.0,-0.15625,0.0,0.0,0.0,0.0
1696104684587,0.07128906,-0.9707031,0.21777344,0.1875,-0.09375,0.0,0.0,0.0,0.0
1696104684628,0.06347656,-0.9667969,0.22949219,-0.0625,-0.21875,0.0,0.0,0.0,0.0
1696104684667,0.072265625,-0.97558594,0.22265625,-0.0625,-0.09375,0.0625,0.0,0.0,0.0
1696104684707,0.07128906,-0.9707031,0.22558594,-0.15625,-0.09375,0.4375,0.0,0.0,0.0
1696104684747,0.06640625,-0.9707031,0.22753906,-0.09375,-0.03125,-0.1875,0.0,0.0,0.0
1696104684788,0.06542969,-0.9746094,0.23925781,-0.0625,-0.09375,0.0625,0.0,0.0,0.0
1696104684827,0.06542969,-0.97265625,0.21289062,0.1875,-0.09375,-0.1875,0.0,0.0,0.0
1696104684867,0.068359375,-0.9707031,0.22949219,-0.15625,-0.09375,0.25,0.0,0.0,0.0
1696104684927,0.07324219,-0.9785156,0.23730469,-0.09375,-0.15625,0.1875,-24.125,-56.1875,-191.4375
1696104684947,0.06933594,-0.98046875,0.234375,-0.09375,-0.03125,0.3125,0.0,0.0,0.0
1696104684987,0.059570312,-0.9736328,0.23144531,0.1875,-0.03125,0.0625,0.0,0.0,0.0
1696104685027,0.06933594,-0.9716797,0.2265625,0.0,0.03125,0.0,0.0,0.0,0.0
1696104685067,0.07128906,-0.97265625,0.22753906,0.0,-0.03125,-0.28125,0.0,0.0,0.0
1696104685108,0.072265625,-0.9716797,0.22265625,-0.15625,-0.03125,-0.21875,0.0,0.0,0.0
1696104685168,0.08105469,-0.97753906,0.21875,-0.28125,-0.21875,-0.0625,0.0,0.0,0.0
1696104685188,0.07421875,-0.98046875,0.22949219,-0.21875,-0.15625,0.0625,0.0,0.0,0.0
1696104685227,0.06738281,-0.97265625,0.23339844,0.0625,-0.03125,0.1875,0.0,0.0,0.0
1696104685268,0.064453125,-0.98046875,0.22460938,0.375,0.09375,0.25,0.0,0.0,0.0
1696104685307,0.064453125,-0.97265625,0.22558594,0.3125,-0.03125,0.125,0.0,0.0,0.0
1696104685349,0.068359375,-0.9736328,0.24511719,-0.09375,-0.21875,-0.1875,0.0,0.0,0.0
1696104685388,0.072265625,-0.9716797,0.22558594,-0.28125,-0.03125,-0.1875,0.0,0.0,0.0
1696104685429,0.064453125,-0.9716797,0.24023438,-0.34375,-0.09375,-0.1875,-22.625,-56.8125,-191.75
1696104685468,0.07128906,-0.9736328,0.21386719,0.0,0.03125,-0.0625,0.0,0.0,0.0
1696104685528,0.06542969,-0.9746094,0.2265625,0.0,-0.09375,0.0625,0.0,0.0,0.0
1696104685547,0.06542969,-0.97265625,0.22167969,0.1875,-0.09375,0.1875,0.0,0.0,0.0
1696104685587,0.0703125,-0.9580078,0.22949219,0.0,-0.03125,0.0,0.0,0.0,0.0
1696104685628,0.06542969,-0.98046875,0.23730469,0.0,-0.03125,-0.125,0.0,0.0,0.0
1696104685667,0.057617188,-0.9736328,0.23339844,-0.09375,-0.03125,-0.0625,0.0,0.0,0.0
1696104685708,0.061523438,-0.9892578,0.22363281,-0.34375,-0.03125,0.0,0.0,0.0,0.0
1696104685748,0.0703125,-0.9785156,0.24511719,0.0625,0.09375,-0.40625,0.0,0.0,0.0
1696104685788,0.06542969,-0.98339844,0.22167969,0.0625,-0.03125,0.0,0.0,0.0,0.0
1696104685828,0.06933594,-0.97558594,0.23730469,0.125,-0.15625,-0.125,0.0,0.0,0.0
1696104685868,0.06640625,-0.9746094,0.22949219,-0.21875,-0.03125,0.25,0.0,0.0,0.0
1696104685908,0.068359375,-0.9736328,0.22753906,-0.09375,-0.03125,0.1875,-24.0,-55.625,-190.5625
1696104685948,0.06347656,-0.984375,0.234375,0.125,-0.03125,0.125,0.0,0.0,0.0
1696104685988,0.0703125,-0.96777344,0.23144531,0.25,-0.03125,0.125,0.0,0.0,0.0
1696104686029,0.061523438,-0.96875,0.23046875,0.0625,-0.03125,-0.34375,0.0,0.0,0.0
1696104686068,0.05859375,-0.9716797,0.24902344,-0.0625,-0.03125,-0.28125,0.0,0.0,0.0
1696104686108,0.0703125,-0.96875,0.23144531,-0.09375,-0.09375,-0.125,0.0,0.0,0.0
1696104686147,0.07324219,-0.97753906,0.22753906,-0.21875,0.03125,0.0,0.0,0.0,0.0
1696104686188,0.064453125,-0.9785156,0.234375,-0.09375,-0.09375,0.0625,0.0,0.0,0.0
1696104686228,0.07421875,-0.97265625,0.23828125,0.375,-0.03125,0.1875,0.0,0.0,0.0
1696104686267,0.0703125,-0.9765625,0.23730469,0.3125,-0.03125,0.0625,0.0,0.0,0.0
1696104686308,0.06933594,-0.97558594,0.23632812,0.125,-0.03125,-0.1875,0.0,0.0,0.0
1696104686348,0.06933594,-0.9658203,0.23046875,-0.0625,-0.09375,-0.28125,0.0,0.0,0.0
1696104686388,0.07324219,-0.9746094,0.23144531,-0.09375,0.03125,-0.1875,0.0,0.0,0.0
1696104686427,0.06738281,-0.9765625,0.24023438,-0.34375,-0.03125,0.1875,-22.9375,-56.6875,-190.875
1696104686467,0.07128906,-0.98339844,0.2265625,0.0,-0.09375,0.3125,0.0,0.0,0.0
1696104686508,0.0625,-0.9814453,0.22363281,0.0,-0.21875,-0.125,0.0,0.0,0.0
1696104686548,0.068359375,-0.97265625,0.22460938,0.125,0.03125,-0.0625,0.0,0.0,0.0
1696104686588,0.06738281,-0.9667969,0.21777344,-0.0625,-0.15625,0.0625,0.0,0.0,0.0
1696104686628,0.07128906,-0.9765625,0.22949219,-0.0625,-0.25,-0.21875,0.0,0.0,0.0
1696104686667,0.072265625,-0.97265625,0.24023438,-0.21875,-0.15625,-0.125,0.0,0.0,0.0
1696104686708,0.078125,-0.98535156,0.21777344,-0.40625,-0.15625,0.25,0.0,0.0,0.0
1696104686747,0.06640625,-0.9794922,0.23046875,-0.09375,-0.09375,0.3125,0.0,0.0,0.0
1696104686788,0.064453125,-0.9716797,0.23242188,0.25,0.15625,-0.125,0.0,0.0,0.0
1696104686829,0.0703125,-0.98339844,0.2421875,0.375,-0.03125,0.0625,0.0,0.0,0.0
1696104686867,0.068359375,-0.96875,0.23535156,-0.21875,-0.09375,-0.0625,0.0,0.0,0.0
1696104686908,0.06347656,-0.97753906,0.22949219,-0.09375,-0.21875,0.3125,-23.125,-56.5,-191.4375
1696104686948,0.060546875,-0.97753906,0.23925781,-0.21875,-0.09375,0.1875,0.0,0.0,0.0
1696104686989,0.06738281,-0.98535156,0.22070312,0.0625,0.03125,0.0,0.0,0.0,0.0
1696104687028,0.06347656,-0.9814453,0.23925781,0.0,-0.09375,0.125,0.0,0.0,0.0
1696104687068,0.072265625,-0.97265625,0.22167969,0.0625,-0.03125,-0.1875,0.0,0.0,0.0
1696104687108,0.064453125,-0.9716797,0.22558594,-0.0625,-0.03125,-0.1875,0.0,0.0,0.0
1696104687148,0.068359375,-0.97265625,0.21289062,-0.15625,-0.03125,-0.125,0.0,0.0,0.0
1696104687188,0.0703125,-0.9785156,0.234375,-0.09375,-0.15625,0.0625,0.0,0.0,0.0
1696104687228,0.068359375,-0.98046875,0.23144531,0.0,0.09375,0.125,0.0,0.0,0.0
1696104687267,0.061523438,-0.9716797,0.23144531,0.375,-0.03125,0.125,0.0,0.0,0.0
1696104687308,0.0703125,-0.9707031,0.22460938,0.3125,-0.09375,0.0,0.0,0.0,0.0
1696104687348,0.064453125,-0.96777344,0.22949219,-0.0625,-0.09375,-0.28125,0.0,0.0,0.0
1696104687388,0.064453125,-0.9785156,0.21191406,-0.21875,-0.03125,-0.28125,0.0,0.0,0.0
1696104687428,0.05859375,-0.9785156,0.24121094,-0.34375,-0.09375,-0.125,-22.1875,-56.375,-189.8125
1696104687468,0.06542969,-0.9765625,0.21972656,0.0,0.03125,-0.0625,0.0,0.0,0.0
1696104687508,0.07910156,-0.9785156,0.22753906,0.1875,0.03125,0.0,0.0,0.0,0.0
1696104687548,0.060546875,-0.9746094,0.23339844,0.375,0.03125,0.1875,0.0,0.0,0.0
1696104687588,0.0625,-0.97753906,0.22460938,0.0625,0.03125,0.0625,0.0,0.0,0.0
1696104687628,0.06933594,-0.9765625,0.234375,0.0,0.09375,-0.125,0.0,0.0,0.0
1696104687668,0.076171875,-0.9707031,0.21679688,-0.15625,0.09375,-0.1875,0.0,0.0,0.0
1696104687709,0.06542969,-0.9794922,0.22753906,-0.34375,-0.09375,0.1875,0.0,0.0,0.0
1696104687747,0.07128906,-0.9814453,0.23632812,0.0,0.03125,-0.21875,0.0,0.0,0.0
1696104687788,0.0703125,-0.9707031,0.24023438,0.0625,0.09375,0.0,0.0,0.0,0.0
1696104687828,0.06542969,-0.96875,0.23339844,0.25,-0.09375,-0.1875,0.0,0.0,0.0
1696104687868,0.06347656,-0.97753906,0.234375,-0.0625,-0.03125,0.0625,0.0,0.0,0.0
1696104687927,0.0625,-0.9824219,0.22753906,-0.34375,-0.09375,0.375,-24.875,-56.5,-190.6875
1696104687947,0.06542969,-0.9746094,0.22265625,-0.46875,-0.09375,0.1875,0.0,0.0,0.0
1696104687988,0.060546875,-0.9716797,0.22949219,-0.09375,-0.15625,0.0,0.0,0.0,0.0
1696104688028,0.061523438,-0.9794922,0.22558594,-0.0625,-0.15625,-0.1875,0.0,0.0,0.0
1696104688068,0.06542969,-0.9628906,0.23144531,0.0625,0.03125,-0.1875,0.0,0.0,0.0
1696104688108,0.078125,-0.9814453,0.23339844,0.0,0.03125,-0.1875,0.0,0.0,0.0
1696104688148,0.08105469,-0.9765625,0.23144531,-0.0625,-0.15625,-0.0625,0.0,0.0,0.0
1696104688188,0.06738281,-0.9736328,0.2265625,0.125,0.03125,0.0625,0.0,0.0,0.0
1696104688228,0.059570312,-0.9707031,0.23535156,0.3125,0.03125,0.1875,0.0,0.0,0.0
1696104688268,0.068359375,-0.9785156,0.22460938,0.3125,-0.03125,0.0625,0.0,0.0,0.0
1696104688308,0.056640625,-0.9736328,0.22949219,-0.15625,-0.15625,-0.125,0.0,0.0,0.0
1696104688348,0.06933594,-0.98046875,0.23144531,-0.09375,0.03125,-0.125,0.0,0.0,0.0
1696104688388,0.06347656,-0.9765625,0.21875,0.0,0.03125,-0.125,0.0,0.0,0.0
1696104688428,0.072265625,-0.98535156,0.22558594,-0.09375,-0.03125,-0.125,-23.375,-56.5,-191.75
1696104688468,0.061523438,-0.9746094,0.22460938,0.125,-0.03125,0.3125,0.0,0.0,0.0
1696104688508,0.060546875,-0.9765625,0.22167969,0.3125,-0.03125,0.25,0.0,0.0,0.0
1696104688547,0.057617188,-0.9658203,0.22070312,0.25,-0.03125,0.0625,0.0,0.0,0.0
1696104688589,0.06640625,-0.96972656,0.21875,0.0,-0.09375,0.0625,0.0,0.0,0.0
1696104688628,0.06347656,-0.97753906,0.234375,-0.34375,-0.15625,-0.125,0.0,0.0,0.0
1696104688668,0.068359375,-0.97265625,0.23242188,-0.21875,0.03125,-0.1875,0.0,0.0,0.0
1696104688709,0.06542969,-0.9716797,0.24804688,-0.40625,-0.15625,0.25,0.0,0.0,0.0
1696104688748,0.0703125,-0.97753906,0.24414062,-0.34375,-0.09375,0.0,0.0,0.0,0.0
1696104688787,0.059570312,-0.99121094,0.23144531,0.0625,0.03125,-0.0625,0.0,0.0,0.0
1696104688828,0.057617188,-0.9736328,0.22070312,0.25,-0.09375,0.0625,0.0,0.0,0.0
1696104688869,0.0703125,-0.96777344,0.23632812,-0.15625,-0.15625,0.125,0.0,0.0,0.0
1696104688907,0.060546875,-0.96777344,0.24023438,-0.21875,-0.09375,0.1875,-23.125,-56.1875,-189.9375
1696104688948,0.068359375,-0.9746094,0.22070312,-0.09375,-0.09375,0.125,0.0,0.0,0.0
1696104688988,0.076171875,-0.9814453,0.22167969,0.0625,-0.03125,0.0,0.0,0.0,0.0
1696104689027,0.07324219,-0.97558594,0.22167969,-0.09375,-0.03125,0.0625,0.0,0.0,0.0
1696104689068,0.076171875,-0.97753906,0.23242188,-0.09375,-0.21875,-0.1875,0.0,0.0,0.0
1696104689108,0.068359375,-0.9765625,0.2265625,-0.0625,-0.09375,-0.1875,0.0,0.0,0.0
1696104689147,0.0703125,-0.9785156,0.234375,-0.15625,-0.03125,-0.0625,0.0,0.0,0.0
1696104689189,0.059570312,-0.96972656,0.23144531,-0.0625,-0.09375,-0.0625,0.0,0.0,0.0
1696104689228,0.061523438,-0.9736328,0.2421875,0.1875,-0.09375,0.0,0.0,0.0,0.0
1696104689267,0.072265625,-0.9824219,0.22070312,0.25,-0.03125,0.1875,0.0,0.0,0.0
1696104689308,0.06347656,-0.97265625,0.23339844,0.25,-0.09375,0.125,0.0,0.0,0.0
1696104689348,0.060546875,-0.9658203,0.234375,-0.0625,-0.03125,-0.28125,0.0,0.0,0.0
1696104689388,0.064453125,-0.9824219,0.23828125,-0.15625,-0.03125,-0.34375,0.0,0.0,0.0
1696104689428,0.06640625,-0.96875,0.23144531,-0.0625,0.03125,-0.28125,-23.375,-55.1875,-189.375
1696104689468,0.072265625,-0.96972656,0.22558594,-0.0625,-0.03125,0.0,0.0,0.0,0.0
1696104689508,0.07324219,-0.9785156,0.23046875,0.0625,0.03125,0.25,0.0,0.0,0.0
1696104689549,0.06347656,-0.9746094,0.24023438,0.0,-0.03125,0.0625,0.0,0.0,0.0
1696104689587,0.06347656,-0.9765625,0.24414062,0.0,-0.03125,0.0,0.0,0.0,0.0
1696104689628,0.07128906,-0.9746094,0.23144531,-0.34375,-0.03125,-0.1875,0.0,0.0,0.0
1696104689668,0.06738281,-0.9667969,0.2265625,-0.53125,-0.09375,-0.40625,0.0,0.0,0.0
1696104689708,0.06542969,-0.9746094,0.2421875,-0.34375,-0.03125,-0.90625,0.0,0.0,0.0
1696104689749,0.06640625,-0.9707031,0.23339844,0.3125,0.09375,-0.21875,0.0,0.0,0.0
1696104689788,0.068359375,-0.9716797,0.20898438,0.5,-0.09375,0.0625,0.0,0.0,0.0
1696104689827,0.072265625,-0.96777344,0.22949219,0.5,-0.03125,0.25,0.0,0.0,0.0
1696104689868,0.06542969,-0.96484375,0.23339844,0.4375,0.03125,0.25,0.0,0.0,0.0
1696104689908,0.059570312,-0.9794922,0.23339844,0.1875,0.09375,0.125,-22.375,-55.1875,-191.4375
1696104689947,0.06933594,-0.9736328,0.22558594,-0.34375,-0.15625,-0.125,0.0,0.0,0.0
1696104689987,0.060546875,-0.97753906,0.24414062,-0.84375,-0.09375,-0.1875,0.0,0.0,0.0
1696104690028,0.06542969,-0.9667969,0.23925781,-0.34375,-0.09375,-0.21875,0.0,0.0,0.0
1696104690068,0.06933594,-0.9814453,0.23925781,0.0,0.15625,0.0,0.0,0.0,0.0
1696104690108,0.064453125,-0.984375,0.22949219,-0.0625,-0.15625,0.0625,0.0,0.0,0.0
1696104690148,0.060546875,-0.97265625,0.24121094,0.125,-0.15625,0.125,0.0,0.0,0.0
1696104690188,0.06738281,-0.9658203,0.21679688,0.3125,0.03125,0.1875,0.0,0.0,0.0
1696104690228,0.06738281,-0.97753906,0.24511719,0.25,0.03125,0.0625,0.0,0.0,0.0
1696104690268,0.07128906,-0.96875,0.23828125,-0.0625,-0.03125,-0.125,0.0,0.0,0.0
1696104690328,0.0625,-0.97558594,0.22949219,-0.15625,-0.09375,-0.125,0.0,0.0,0.0
1696104690348,0.06738281,-0.96875,0.2265625,0.0,0.03125,0.0,0.0,0.0,0.0
1696104690388,0.06542969,-0.9785156,0.23242188,-0.0625,-0.03125,0.0625,0.0,0.0,0.0
1696104690427,0.0703125,-0.97753906,0.22167969,0.125,-0.09375,0.0,-24.0,-56.375,-190.875
1696104690468,0.06347656,-0.97265625,0.21679688,0.125,-0.03125,0.0,0.0,0.0,0.0
1696104690507,0.06347656,-0.9794922,0.22851562,0.1875,0.03125,0.0625,0.0,0.0,0.0
1696104690548,0.060546875,-0.9765625,0.21582031,-0.15625,-0.15625,0.0625,0.0,0.0,0.0
1696104690588,0.07324219,-0.9658203,0.23632812,-0.0625,-0.09375,-0.0625,0.0,0.0,0.0
1696104690627,0.076171875,-0.96875,0.24023438,-0.0625,-0.09375,-0.0625,0.0,0.0,0.0
1696104690668,0.0703125,-0.96972656,0.24316406,-0.15625,-0.03125,0.5,0.0,0.0,0.0
1696104690707,0.068359375,-0.9794922,0.22949219,0.125,0.09375,-0.21875,0.0,0.0,0.0
1696104690748,0.06933594,-0.96777344,0.21484375,-0.0625,-0.03125,0.125,0.0,0.0,0.0
1696104690789,0.064453125,-0.9716797,0.22363281,-0.0625,-0.15625,0.0625,0.0,0.0,0.0
1696104690828,0.068359375,-0.9716797,0.22558594,-0.40625,-0.03125,0.1875,0.0,0.0,0.0
1696104690870,0.06933594,-0.9814453,0.23339844,-0.21875,-0.15625,0.4375,0.0,0.0,0.0
1696104690928,0.060546875,-0.9785156,0.234375,0.0,-0.09375,0.375,-22.625,-56.5,-191.0
1696104690947,0.06738281,-0.97265625,0.24023438,0.1875,0.03125,0.0625,0.0,0.0,0.0
1696104690987,0.0703125,-0.96972656,0.22265625,-0.0625,-0.15625,-0.0625,0.0,0.0,0.0
1696104691027,0.06640625,-0.9736328,0.23632812,-0.15625,-0.03125,-0.40625,0.0,0.0,0.0
1696104691068,0.07519531,-0.9794922,0.22558594,-0.15625,-0.03125,-0.34375,0.0,0.0,0.0
1696104691108,0.07910156,-0.9814453,0.22167969,-0.28125,-0.09375,-0.0625,0.0,0.0,0.0
1696104691147,0.07421875,-0.9765625,0.234375,-0.09375,-0.21875,0.1875,0.0,0.0,0.0
1696104691189,0.06640625,-0.97558594,0.22460938,0.25,-0.03125,0.0625,0.0,0.0,0.0
1696104691228,0.06347656,-0.9765625,0.23632812,0.3125,0.09375,0.375,0.0,0.0,0.0
1696104691269,0.061523438,-0.97265625,0.23046875,0.125,-0.03125,0.0,0.0,0.0,0.0
1696104691308,0.06738281,-0.9746094,0.22753906,-0.15625,-0.09375,-0.1875,0.0,0.0,0.0
1696104691348,0.072265625,-0.9716797,0.22363281,-0.21875,-0.15625,-0.125,0.0,0.0,0.0
1696104691389,0.06542969,-0.98046875,0.22460938,-0.21875,-0.21875,0.0,0.0,0.0,0.0
1696104691428,0.07128906,-0.97265625,0.23535156,-0.0625,-0.15625,0.0625,-21.625,-56.5,-190.6875
1696104691469,0.072265625,-0.98535156,0.24023438,0.1875,0.03125,0.125,0.0,0.0,0.0
1696104691508,0.06542969,-0.9824219,0.24511719,0.0,-0.09375,0.25,0.0,0.0,0.0
1696104691547,0.06347656,-0.9707031,0.23242188,-0.34375,-0.03125,-0.0625,0.0,0.0,0.0
1696104691587,0.07128906,-0.97753906,0.22949219,-0.65625,-0.15625,0.125,0.0,0.0,0.0
1696104691627,0.068359375,-0.97558594,0.23144531,-0.40625,-0.09375,-0.125,0.0,0.0,0.0
1696104691667,0.061523438,-0.9824219,0.23144531,0.25,0.09375,-0.40625,0.0,0.0,0.0
1696104691708,0.0625,-0.9765625,0.21777344,0.4375,0.03125,-0.125,0.0,0.0,0.0
1696104691748,0.06640625,-0.97558594,0.22851562,0.0625,-0.03125,-0.1875,0.0,0.0,0.0
1696104691788,0.059570312,-0.9765625,0.2421875,-0.15625,-0.15625,0.3125,0.0,0.0,0.0
1696104691827,0.06738281,-0.9814453,0.2265625,-0.09375,-0.03125,0.25,0.0,0.0,0.0
1696104691868,0.056640625,-0.97753906,0.22167969,-0.15625,0.03125,0.125,0.0,0.0,0.0
1696104691908,0.06738281,-0.9746094,0.21972656,-0.15625,-0.09375,-0.125,-23.25,-55.3125,-191.125
1696104691949,0.06640625,-0.9716797,0.21777344,0.125,0.09375,-0.40625,0.0,0.0,0.0
1696104691990,0.06542969,-0.97558594,0.21679688,0.125,0.03125,-0.1875,0.0,0.0,0.0
1696104692027,0.0625,-0.9765625,0.23242188,0.1875,-0.09375,-0.1875,0.0,0.0,0.0
1696104692068,0.068359375,-0.9785156,0.24121094,0.1875,-0.15625,-0.0625,0.0,0.0,0.0
1696104692108,0.06738281,-0.97753906,0.22265625,0.125,-0.09375,0.0625,0.0,0.0,0.0
1696104692148,0.0703125,-0.9746094,0.23828125,0.1875,0.03125,0.25,0.0,0.0,0.0
1696104692188,0.068359375,-0.9736328,0.234375,-0.0625,-0.03125,0.125,0.0,0.0,0.0
1696104692248,0.0625,-0.97753906,0.24609375,-0.09375,-0.09375,-0.21875,0.0,0.0,0.0
1696104692267,0.049804688,-0.9716797,0.21191406,-0.09375,-0.03125,-0.0625,0.0,0.0,0.0
1696104692307,0.076171875,-0.98535156,0.22851562,0.125,0.03125,0.0,0.0,0.0,0.0
1696104692348,0.06933594,-0.9794922,0.21484375,0.0625,-0.09375,0.0625,0.0,0.0,0.0
1696104692387,0.060546875,-0.98046875,0.22949219,0.0,0.03125,0.0625,0.0,0.0,0.0
1696104692429,0.07128906,-0.9736328,0.23046875,0.1875,0.03125,-0.0625,-22.5,-56.375,-190.5625
1696104692468,0.06542969,-0.98046875,0.22363281,0.125,0.03125,0.0,0.0,0.0,0.0
1696104692507,0.064453125,-0.97265625,0.234375,0.0625,0.09375,0.0,0.0,0.0,0.0
1696104692549,0.07421875,-0.9794922,0.23339844,0.0,0.03125,-0.125,0.0,0.0,0.0
1696104692589,0.0703125,-0.97558594,0.21875,-0.21875,-0.15625,0.0625,0.0,0.0,0.0
1696104692628,0.06542969,-0.9824219,0.22949219,-0.46875,-0.15625,0.0625,0.0,0.0,0.0
1696104692669,0.072265625,-0.97753906,0.23828125,0.0625,0.09375,-0.0625,0.0,0.0,0.0
1696104692708,0.0703125,-0.97265625,0.23828125,0.4375,-0.03125,-0.0625,0.0,0.0,0.0
1696104692748,0.06933594,-0.9628906,0.23632812,0.125,-0.09375,0.0,0.0,0.0,0.0
1696104692788,0.07324219,-0.96875,0.23730469,-0.15625,-0.09375,0.125,0.0,0.0,0.0
1696104692827,0.06347656,-0.96972656,0.22949219,-0.0625,-0.15625,0.375,0.0,0.0,0.0
1696104692868,0.060546875,-0.9785156,0.22363281,-0.09375,-0.09375,0.125,0.0,0.0,0.0
1696104692908,0.0703125,-0.9746094,0.24511719,-0.09375,-0.03125,0.0,-23.125,-55.75,-190.6875
1696104692948,0.06640625,-0.96484375,0.23339844,-0.0625,-0.03125,-0.125,0.0,0.0,0.0
1696104692988,0.06738281,-0.97753906,0.2265625,0.0625,0.09375,-0.21875,0.0,0.0,0.0
1696104693028,0.064453125,-0.9746094,0.23535156,-0.09375,-0.09375,-0.125,0.0,0.0,0.0
1696104693067,0.06738281,-0.97558594,0.2265625,-0.0625,-0.09375,-0.0625,0.0,0.0,0.0
1696104693108,0.06347656,-0.9794922,0.2265625,0.125,-0.09375,0.0,0.0,0.0,0.0
1696104693148,0.06640625,-0.9794922,0.22070312,0.4375,-0.03125,0.125,0.0,0.0,0.0
1696104693188,0.06738281,-0.9736328,0.24023438,0.3125,-0.03125,0.375,0.0,0.0,0.0
1696104693228,0.06347656,-0.96972656,0.22167969,-0.15625,-0.09375,0.125,0.0,0.0,0.0
1696104693268,0.06933594,-0.9716797,0.23535156,-0.65625,-0.09375,-0.1875,0.0,0.0,0.0
1696104693308,0.06933594,-0.9716797,0.23046875,-0.65625,-0.03125,-0.125,0.0,0.0,0.0
1696104693348,0.06347656,-0.9794922,0.23242188,-0.34375,-0.03125,-0.125,0.0,0.0,0.0
1696104693388,0.06347656,-0.9824219,0.22753906,0.25,-0.09375,0.125,0.0,0.0,0.0
1696104693428,0.07324219,-0.98046875,0.22753906,0.625,-0.125,0.15625,-23.125,-56.1875,-190.375
1696104693469,0.06738281,-0.97753906,0.22949219,0.625,-0.125,0.21875,0.0,0.0,0.0
1696104693508,0.07324219,-0.9824219,0.22363281,-0.0625,0.0,0.09375,0.0,0.0,0.0
1696104693549,0.06640625,-0.9716797,0.22265625,-0.1875,-0.125,-0.21875,0.0,0.0,0.0
1696104693588,0.06347656,-0.97753906,0.22753906,-0.65625,-0.0625,0.21875,0.0,0.0,0.0
1696104693629,0.072265625,-0.97558594,0.22363281,-0.46875,0.0,-0.15625,0.0,0.0,0.0
1696104693669,0.06347656,-0.97265625,0.23242188,-0.125,0.125,-0.15625,0.0,0.0,0.0
1696104693708,0.06738281,-0.96777344,0.23535156,0.3125,-0.1875,-0.09375,0.0,0.0,0.0
1696104693749,0.07519531,-0.97558594,0.22949219,-0.25,-0.0625,-0.03125,0.0,0.0,0.0
1696104693788,0.0703125,-0.9716797,0.22363281,-0.0625,0.0,0.15625,0.0,0.0,0.0
1696104693829,0.06933594,-0.97558594,0.2265625,0.0625,0.125,0.15625,0.0,0.0,0.0
1696104693868,0.0625,-0.97753906,0.22363281,0.25,0.0625,-0.21875,0.0,0.0,0.0
1696104693908,0.06640625,-0.9863281,0.23730469,-0.0625,-0.125,-0.15625,-23.25,-56.6875,-189.5
1696104693948,0.07128906,-0.9736328,0.23535156,0.0,0.0,-0.34375,0.0,0.0,0.0
1696104693989,0.06347656,-0.9628906,0.23144531,-0.0625,-0.0625,-0.15625,0.0,0.0,0.0
1696104694028,0.06542969,-0.9785156,0.2265625,-0.125,-0.125,-0.15625,0.0,0.0,0.0
1696104694068,0.072265625,-0.98046875,0.21484375,-0.125,0.0,-0.15625,0.0,0.0,0.0
1696104694108,0.07324219,-0.9785156,0.22460938,0.1875,0.0625,0.09375,0.0,0.0,0.0
1696104694148,0.064453125,-0.9746094,0.23535156,0.4375,0.125,0.09375,0.0,0.0,0.0
1696104694189,0.0625,-0.96972656,0.23242188,0.1875,-0.125,-0.03125,0.0,0.0,0.0
1696104694229,0.072265625,-0.97265625,0.22167969,-0.0625,-0.0625,-0.15625,0.0,0.0,0.0
1696104694268,0.06640625,-0.97265625,0.21777344,-0.3125,-0.125,-0.34375,0.0,0.0,0.0
1696104694308,0.0703125,-0.9746094,0.22460938,-0.25,-0.0625,-0.09375,0.0,0.0,0.0
1696104694349,0.06738281,-0.9794922,0.21777344,-0.0625,0.0,0.09375,0.0,0.0,0.0
1696104694388,0.060546875,-0.9785156,0.22070312,0.0625,-0.0625,0.09375,0.0,0.0,0.0
1696104694428,0.0625,-0.97265625,0.2265625,0.4375,0.0625,0.03125,-23.5625,-55.625,-190.875
1696104694468,0.064453125,-0.9736328,0.22753906,0.1875,-0.0625,-0.15625,0.0,0.0,0.0
1696104694508,0.0703125,-0.9794922,0.23535156,-0.0625,0.0,-0.03125,0.0,0.0,0.0
1696104694548,0.072265625,-0.97753906,0.21875,-0.34375,-0.125,-0.03125,0.0,0.0,0.0
1696104694588,0.06542969,-0.9746094,0.22753906,-0.46875,0.0,0.15625,0.0,0.0,0.0
1696104694629,0.06347656,-0.9814453,0.23632812,0.0625,0.125,-0.21875,0.0,0.0,0.0
1696104694668,0.0625,-0.98339844,0.21484375,0.0625,0.0,-0.09375,0.0,0.0,0.0
1696104694708,0.06933594,-0.96875,0.23925781,0.125,0.0,-0.21875,0.0,0.0,0.0
1696104694748,0.06542969,-0.96972656,0.22949219,-0.0625,-0.1875,0.09375,0.0,0.0,0.0
1696104694789,0.06542969,-0.9794922,0.22558594,0.0,-0.125,0.21875,0.0,0.0,0.0
1696104694828,0.0703125,-0.98046875,0.24023438,-0.25,0.0625,0.15625,0.0,0.0,0.0
1696104694868,0.06640625,-0.9765625,0.22460938,0.0,0.0625,0.03125,0.0,0.0,0.0
1696104694907,0.06347656,-0.96972656,0.2548828,-0.0625,-0.125,0.03125,-24.4375,-55.4375,-189.375
1696104694948,0.051757812,-0.96875,0.22363281,0.1875,0.0625,-0.15625,0.0,0.0,0.0
1696104694988,0.0703125,-0.9716797,0.234375,0.0625,0.0,-0.28125,0.0,0.0,0.0
1696104695027,0.072265625,-0.9707031,0.22363281,-0.25,-0.125,-0.09375,0.0,0.0,0.0
1696104695069,0.0703125,-0.9716797,0.22363281,-0.0625,-0.125,0.03125,0.0,0.0,0.0
1696104695108,0.06347656,-0.9765625,0.23535156,0.125,0.0,0.15625,0.0,0.0,0.0
1696104695148,0.06640625,-0.9765625,0.22753906,0.1875,-0.0625,0.21875,0.0,0.0,0.0
1696104695189,0.061523438,-0.96972656,0.234375,0.1875,0.0,0.03125,0.0,0.0,0.0
1696104695228,0.06933594,-0.9785156,0.22851562,-0.125,0.0625,-0.09375,0.0,0.0,0.0
1696104695268,0.07714844,-0.9794922,0.234375,-0.3125,-0.0625,-0.15625,0.0,0.0,0.0
1696104695309,0.0703125,-0.9736328,0.22363281,-0.3125,0.0625,-0.03125,0.0,0.0,0.0
1696104695348,0.06640625,-0.9736328,0.22949219,-0.0625,0.0,-0.03125,0.0,0.0,0.0
1696104695388,0.07128906,-0.9707031,0.23730469,0.125,0.0,-0.03125,0.0,0.0,0.0
1696104695428,0.0703125,-0.98046875,0.22558594,0.1875,-0.0625,0.15625,-23.125,-56.1875,-190.6875
1696104695468,0.06738281,-0.97753906,0.23046875,-0.0625,-0.1875,0.09375,0.0,0.0,0.0
1696104695507,0.0703125,-0.9658203,0.23046875,-0.0625,0.0,-0.03125,0.0,0.0,0.0
1696104695548,0.06542969,-0.9765625,0.23730469,-0.125,0.0,-0.09375,0.0,0.0,0.0
1696104695588,0.055664062,-0.98046875,0.2421875,-0.46875,-0.0625,0.34375,0.0,0.0,0.0
1696104695627,0.06347656,-0.9765625,0.2265625,-0.0625,0.0625,-0.28125,0.0,0.0,0.0
1696104695669,0.064453125,-0.97753906,0.22167969,-0.0625,-0.125,-0.03125,0.0,0.0,0.0
1696104695708,0.07324219,-0.9746094,0.23046875,0.125,-0.125,0.03125,0.0,0.0,0.0
1696104695747,0.06542969,-0.96972656,0.22753906,-0.1875,0.0,0.28125,0.0,0.0,0.0
1696104695789,0.07128906,-0.9765625,0.22167969,-0.0625,-0.125,0.21875,0.0,0.0,0.0
1696104695828,0.064453125,-0.9814453,0.24023438,-0.0625,0.0,0.21875,0.0,0.0,0.0
1696104695868,0.060546875,-0.98046875,0.22753906,0.1875,0.0625,-0.03125,0.0,0.0,0.0
1696104695909,0.061523438,-0.9638672,0.22070312,-0.0625,0.0,-0.4375,-22.9375,-55.3125,-191.125
1696104695948,0.0703125,-0.9667969,0.23242188,-0.125,0.0625,-0.625,0.0,0.0,0.0
1696104695987,0.07421875,-0.97265625,0.24121094,-0.3125,0.0,-0.5,0.0,0.0,0.0
1696104696028,0.064453125,-0.97753906,0.22265625,-0.3125,0.0625,-0.28125,0.0,0.0,0.0
1696104696069,0.06933594,-0.9902344,0.22949219,0.0,-0.125,0.125,0.0,0.0,0.0
1696104696108,0.068359375,-0.9785156,0.23535156,0.0625,-0.0625,0.1875,0.0,0.0,0.0
1696104696148,0.06738281,-0.96875,0.22167969,0.46875,0.1875,0.21875,0.0,0.0,0.0
1696104696188,0.061523438,-0.97265625,0.22753906,0.34375,-0.125,0.1875,0.0,0.0,0.0
1696104696228,0.06738281,-0.96972656,0.23339844,0.0,0.0,-0.125,0.0,0.0,0.0
1696104696269,0.07128906,-0.97265625,0.22753906,-0.25,-0.0625,-0.25,0.0,0.0,0.0
1696104696310,0.06933594,-0.9716797,0.23144531,-0.375,0.0,-0.1875,0.0,0.0,0.0
1696104696348,0.07519531,-0.97558594,0.21972656,0.0,-0.0625,-0.125,0.0,0.0,0.0
1696104696389,0.06542969,-0.98046875,0.2265625,0.15625,0.0625,0.28125,0.0,0.0,0.0
1696104696428,0.07128906,-0.96875,0.23242188,0.40625,-0.0625,0.0625,-24.875,-56.5,-191.4375
1696104696468,0.060546875,-0.97558594,0.22558594,0.125,-0.0625,0.0,0.0,0.0,0.0
1696104696509,0.0625,-0.9716797,0.23339844,-0.1875,-0.125,-0.1875,0.0,0.0,0.0
1696104696548,0.06347656,-0.9794922,0.24121094,-0.4375,-0.0625,0.0,0.0,0.0,0.0
1696104696588,0.0703125,-0.97265625,0.23339844,0.0,0.0625,-0.3125,0.0,0.0,0.0
1696104696628,0.061523438,-0.9746094,0.23339844,0.15625,0.0625,-0.0625,0.0,0.0,0.0
1696104696668,0.06738281,-0.9707031,0.22753906,-0.125,-0.125,0.0625,0.0,0.0,0.0
1696104696708,0.06738281,-0.9707031,0.22265625,0.0625,0.0625,0.1875,0.0,0.0,0.0
1696104696748,0.06738281,-0.9716797,0.2265625,0.0,-0.0625,0.125,0.0,0.0,0.0
1696104696788,0.06347656,-0.97753906,0.23242188,0.0,-0.125,0.1875,0.0,0.0,0.0
1696104696828,0.072265625,-0.9707031,0.23535156,0.125,0.0625,-0.0625,0.0,0.0,0.0
1696104696868,0.064453125,-0.97558594,0.23339844,0.0625,-0.0625,-0.25,0.0,0.0,0.0
1696104696908,0.068359375,-0.97558594,0.23632812,0.0625,-0.0625,-0.375,-23.5625,-55.625,-191.625
1696104696947,0.06640625,-0.97753906,0.22558594,0.0,0.0,-0.0625,0.0,0.0,0.0
1696104696988,0.068359375,-0.9716797,0.21777344,-0.25,-0.125,-0.0625,0.0,0.0,0.0
1696104697028,0.064453125,-0.9707031,0.23828125,0.0,-0.125,0.21875,0.0,0.0,0.0
1696104697068,0.072265625,-0.97265625,0.22460938,0.21875,-0.125,0.21875,0.0,0.0,0.0
1696104697109,0.06347656,-0.98339844,0.23046875,0.40625,0.0,0.28125,0.0,0.0,0.0
1696104697149,0.061523438,-0.97265625,0.234375,0.34375,0.0625,-0.1875,0.0,0.0,0.0
1696104697187,0.06933594,-0.9746094,0.23535156,-0.1875,-0.0625,-0.1875,0.0,0.0,0.0
1696104697228,0.0625,-0.9746094,0.2421875,-0.25,-0.1875,-0.3125,0.0,0.0,0.0
1696104697268,0.072265625,-0.9716797,0.23535156,-0.25,0.0,0.0,0.0,0.0,0.0
1696104697308,0.061523438,-0.9794922,0.24023438,-0.125,-0.0625,0.1875,0.0,0.0,0.0
1696104697348,0.059570312,-0.9785156,0.23339844,0.28125,0.0,0.0625,0.0,0.0,0.0
1696104697388,0.0703125,-0.9716797,0.23828125,0.28125,-0.1875,0.1875,0.0,0.0,0.0
1696104697429,0.06933594,-0.9736328,0.23632812,0.125,0.0625,0.1875,-22.5,-56.375,-189.5
1696104697468,0.057617188,-0.9785156,0.22265625,0.0,-0.0625,-0.1875,0.0,0.0,0.0
1696104697508,0.07324219,-0.9716797,0.21777344,-0.0625,0.0,0.125,0.0,0.0,0.0
1696104697548,0.06542969,-0.96875,0.23828125,-0.25,-0.0625,0.0,0.0,0.0,0.0
1696104697588,0.072265625,-0.9746094,0.23339844,0.0,0.125,-0.25,0.0,0.0,0.0
1696104697629,0.061523438,-0.98046875,0.23535156,0.125,-0.1875,0.0,0.0,0.0,0.0
1696104697668,0.0625,-0.9785156,0.22265625,-0.25,-0.25,0.1875,0.0,0.0,0.0
1696104697708,0.06640625,-0.9765625,0.23535156,-0.3125,-0.1875,0.21875,0.0,0.0,0.0
1696104697748,0.06347656,-0.98339844,0.22460938,0.0,0.0625,0.34375,0.0,0.0,0.0
1696104697808,0.064453125,-0.9794922,0.2265625,0.15625,0.0,0.125,0.0,0.0,0.0
1696104697828,0.060546875,-0.9746094,0.22460938,0.0625,-0.0625,0.0,0.0,0.0,0.0
1696104697868,0.0625,-0.9707031,0.23535156,0.15625,0.0625,-0.4375,0.0,0.0,0.0
1696104697928,0.068359375,-0.96972656,0.22460938,-0.1875,0.0625,-0.4375,-24.125,-56.1875,-189.9375
1696104697948,0.072265625,-0.96777344,0.22265625,-0.25,0.0,-0.3125,0.0,0.0,0.0
1696104697988,0.06738281,-0.9736328,0.2265625,-0.25,-0.0625,-0.1875,0.0,0.0,0.0
1696104698028,0.061523438,-0.9794922,0.23339844,0.0,-0.0625,0.0,0.0,0.0,0.0
1696104698069,0.064453125,-0.97558594,0.24316406,0.46875,0.0625,0.1875,0.0,0.0,0.0
1696104698108,0.068359375,-0.97558594,0.23242188,0.40625,0.0,0.125,0.0,0.0,0.0
1696104698148,0.068359375,-0.9658203,0.23046875,0.21875,0.125,-0.1875,0.0,0.0,0.0
1696104698188,0.0703125,-0.96972656,0.22949219,-0.0625,-0.125,-0.125,0.0,0.0,0.0
1696104698228,0.06640625,-0.96777344,0.22949219,-0.4375,0.125,-0.1875,0.0,0.0,0.0
1696104698268,0.06738281,-0.9707031,0.22265625,-0.375,-0.0625,-0.0625,0.0,0.0,0.0
1696104698309,0.06347656,-0.9765625,0.22070312,0.0625,0.0625,0.125,0.0,0.0,0.0
1696104698348,0.07324219,-0.9785156,0.24902344,0.21875,0.0,0.0,0.0,0.0,0.0
1696104698409,0.068359375,-0.9736328,0.23730469,0.21875,0.0,-0.125,-23.125,-55.1875,-190.375
1696104698428,0.07128906,-0.9794922,0.22851562,-0.0625,0.0,0.28125,0.0,0.0,0.0
1696104698468,0.06640625,-0.97753906,0.23339844,-0.1875,-0.1875,0.21875,0.0,0.0,0.0
1696104698508,0.068359375,-0.9785156,0.23339844,0.125,0.125,-0.25,0.0,0.0,0.0
1696104698548,0.06738281,-0.9707031,0.22949219,0.21875,0.0625,-0.1875,0.0,0.0,0.0
1696104698588,0.07421875,-0.9707031,0.23925781,0.0,-0.0625,-0.125,0.0,0.0,0.0
1696104698629,0.072265625,-0.97558594,0.23242188,-0.125,-0.125,0.0625,0.0,0.0,0.0
1696104698668,0.06347656,-0.9794922,0.22753906,-0.1875,-0.125,0.125,0.0,0.0,0.0
1696104698708,0.060546875,-0.9746094,0.24121094,0.0625,0.125,0.0,0.0,0.0,0.0
1696104698748,0.0625,-0.9814453,0.22851562,0.0,0.0,0.125,0.0,0.0,0.0
1696104698788,0.06347656,-0.97265625,0.23046875,0.0625,0.125,-0.0625,0.0,0.0,0.0
1696104698828,0.06933594,-0.9736328,0.22265625,0.125,0.0,-0.125,0.0,0.0,0.0
1696104698868,0.064453125,-0.9785156,0.24609375,-0.0625,-0.125,0.0,0.0,0.0,0.0
1696104698930,0.06738281,-0.96972656,0.23046875,-0.125,0.0,-0.1875,-25.0625,-54.875,-190.5625
1696104698969,0.07324219,-0.9746094,0.23144531,-0.125,-0.125,-0.125,0.0,0.0,0.0
1696104699009,0.07128906,-0.9794922,0.23242188,0.28125,0.0625,0.125,0.0,0.0,0.0
1696104699048,0.06640625,-0.98046875,0.23828125,0.28125,-0.0625,0.53125,0.0,0.0,0.0
1696104699089,0.06738281,-0.9785156,0.23535156,0.40625,0.0,0.0625,0.0,0.0,0.0
1696104699128,0.0703125,-0.9814453,0.2421875,0.0,-0.1875,-0.1875,0.0,0.0,0.0
1696104699169,0.0625,-0.98046875,0.2265625,-0.0625,-0.0625,-0.125,0.0,0.0,0.0
1696104699208,0.05859375,-0.9707031,0.22753906,0.0,0.0625,-0.1875,0.0,0.0,0.0
1696104699249,0.06640625,-0.9736328,0.23730469,-0.125,-0.0625,-0.1875,0.0,0.0,0.0
1696104699288,0.0703125,-0.97558594,0.22363281,0.0,0.0,-0.125,0.0,0.0,0.0
1696104699329,0.07324219,-0.9785156,0.22558594,0.0,0.0,0.1875,0.0,0.0,0.0
1696104699368,0.07128906,-0.9736328,0.23925781,0.0625,-0.0625,0.0625,0.0,0.0,0.0
1696104699408,0.068359375,-0.97753906,0.2265625,0.125,-0.0625,0.1875,-22.9375,-56.375,-190.875
1696104699449,0.06640625,-0.9707031,0.23046875,-0.125,-0.125,0.21875,0.0,0.0,0.0
1696104699488,0.068359375,-0.97265625,0.22558594,0.0625,0.0625,-0.5,0.0,0.0,0.0
1696104699528,0.06738281,-0.9707031,0.23535156,-0.0625,0.0,-0.0625,0.0,0.0,0.0
1696104699569,0.06542969,-0.9638672,0.23242188,-0.3125,0.0,0.0,0.0,0.0,0.0
1696104699609,0.068359375,-0.97753906,0.21777344,-0.4375,-0.0625,0.34375,0.0,0.0,0.0
1696104699648,0.061523438,-0.97753906,0.21875,0.0,-0.125,0.40625,0.0,0.0,0.0
1696104699689,0.06738281,-0.9736328,0.21972656,0.15625,0.0,0.125,0.0,0.0,0.0
1696104699729,0.06542969,-0.96972656,0.2265625,0.28125,0.0625,0.0625,0.0,0.0,0.0
1696104699768,0.06933594,-0.97265625,0.22949219,0.15625,0.125,-0.25,0.0,0.0,0.0
1696104699809,0.06640625,-0.9746094,0.23046875,0.15625,0.125,-0.4375,0.0,0.0,0.0
1696104699848,0.06640625,-0.96777344,0.23828125,-0.3125,-0.125,-0.375,0.0,0.0,0.0
1696104699888,0.07128906,-0.9746094,0.22753906,-0.375,0.0,-0.125,0.0,0.0,0.0
1696104699928,0.057617188,-0.9794922,0.234375,-0.125,-0.125,0.0625,-23.125,-56.8125,-189.625
1696104699968,0.0703125,-0.9707031,0.23242188,0.21875,0.125,0.0625,0.0,0.0,0.0
1696104700007,0.06640625,-0.9785156,0.22070312,0.34375,0.0625,0.125,0.0,0.0,0.0
1696104700048,0.06347656,-0.9765625,0.22558594,0.15625,-0.125,-0.1875,0.0,0.0,0.0
1696104700088,0.07421875,-0.9746094,0.22851562,0.0,-0.125,-0.25,0.0,0.0,0.0
1696104700128,0.0703125,-0.9765625,0.22753906,-0.3125,0.0,-0.1875,0.0,0.0,0.0
1696104700168,0.07421875,-0.97265625,0.22949219,-0.25,0.0,-0.125,0.0,0.0,0.0
1696104700208,0.06738281,-0.9716797,0.22949219,0.21875,0.0625,0.0625,0.0,0.0,0.0
1696104700247,0.072265625,-0.9707031,0.23828125,0.21875,0.0625,0.0,0.0,0.0,0.0
1696104700289,0.07324219,-0.9736328,0.23925781,0.28125,-0.0625,-0.125,0.0,0.0,0.0
1696104700329,0.07421875,-0.9638672,0.21777344,0.15625,-0.0625,-0.125,0.0,0.0,0.0
1696104700368,0.05859375,-0.97265625,0.23632812,-0.125,-0.0625,0.0,0.0,0.0,0.0
1696104700410,0.0625,-0.97753906,0.23144531,-0.0625,0.0625,-0.3125,-22.625,-55.1875,-191.4375
1696104700449,0.0703125,-0.98046875,0.234375,0.0,-0.0625,-0.0625,0.0,0.0,0.0
1696104700488,0.07421875,-0.97265625,0.22949219,0.0625,0.0625,-0.0625,0.0,0.0,0.0
1696104700528,0.06640625,-0.9785156,0.24023438,-0.1875,-0.0625,0.125,0.0,0.0,0.0
1696104700568,0.07324219,-0.97753906,0.22265625,0.0625,0.0,0.1875,0.0,0.0,0.0
1696104700608,0.07324219,-0.9716797,0.24511719,0.0625,0.0625,-0.0625,0.0,0.0,0.0
1696104700648,0.06738281,-0.9824219,0.24414062,0.125,-0.0625,0.0,0.0,0.0,0.0
1696104700688,0.068359375,-0.9746094,0.23339844,0.0625,-0.125,-0.1875,0.0,0.0,0.0
1696104700728,0.06640625,-0.9667969,0.20605469,0.0625,0.0625,-0.375,0.0,0.0,0.0
1696104700768,0.064453125,-0.9814453,0.234375,0.0625,0.0625,-0.25,0.0,0.0,0.0
1696104700808,0.06542969,-0.9746094,0.22265625,-0.1875,-0.0625,-0.1875,0.0,0.0,0.0
1696104700848,0.072265625,-0.97558594,0.23730469,0.0,-0.125,0.0,0.0,0.0,0.0
1696104700928,0.06347656,-0.984375,0.23828125,0.34375,0.0,0.125,-23.875,-55.1875,-191.0
1696104700931,0.06347656,-0.97265625,0.23632812,0.34375,0.0,0.21875,0.0,0.0,0.0
1696104701009,0.0703125,-0.9716797,0.234375,0.21875,0.0625,0.0,0.0,0.0,0.0
1696104701011,0.06738281,-0.97265625,0.21289062,0.0,0.0,0.0,0.0,0.0,0.0
1696104701048,0.0625,-0.9707031,0.23632812,-0.125,0.0,-0.1875,0.0,0.0,0.0
1696104701128,0.06542969,-0.9736328,0.22167969,-0.125,0.0625,-0.4375,0.0,0.0,0.0
1696104701130,0.07421875,-0.9707031,0.22363281,-0.0625,-0.0625,-0.125,0.0,0.0,0.0
1696104701168,0.06640625,-0.97558594,0.23144531,0.28125,0.0625,0.0625,0.0,0.0,0.0
1696104701210,0.06542969,-0.9794922,0.2265625,0.34375,-0.0625,0.21875,0.0,0.0,0.0
1696104701409,0.07324219,-0.96972656,0.24414062,0.15625,0.0,0.1875,-23.5625,-55.9375,-190.5625
1696104701411,0.0625,-0.9667969,0.22070312,0.0,-0.0625,0.0,0.0,0.0,0.0
1696104701412,0.06347656,-0.9736328,0.22949219,0.0,-0.0625,0.21875,0.0,0.0,0.0
1696104701414,0.06933594,-0.9736328,0.22460938,-0.25,0.0,-0.0625,0.0,0.0,0.0
1696104701416,0.07128906,-0.9765625,0.24707031,0.0,0.0625,-0.4375,0.0,0.0,0.0
1696104701448,0.06640625,-0.9765625,0.22167969,0.0625,-0.0625,-0.0625,0.0,0.0,0.0
1696104701489,0.068359375,-0.9814453,0.22460938,-0.25,-0.125,0.34375,0.0,0.0,0.0
1696104701528,0.07128906,-0.9785156,0.21679688,-0.0625,-0.0625,0.34375,0.0,0.0,0.0
1696104701568,0.068359375,-0.9765625,0.23242188,0.0,0.0,0.40625,0.0,0.0,0.0
1696104701609,0.0625,-0.9658203,0.23339844,0.40625,0.0625,0.125,0.0,0.0,0.0
1696104701649,0.068359375,-0.97558594,0.23242188,0.0,0.0,0.125,0.0,0.0,0.0
1696104701688,0.072265625,-0.9785156,0.24414062,0.15625,0.0625,-0.4375,0.0,0.0,0.0
1696104701729,0.064453125,-0.97265625,0.23730469,-0.125,0.0,-0.3125,0.0,0.0,0.0
1696104701769,0.0703125,-0.9785156,0.23339844,-0.1875,-0.0625,-0.25,0.0,0.0,0.0
1696104701808,0.06933594,-0.9785156,0.22949219,-0.3125,-0.125,0.21875,0.0,0.0,0.0
1696104701848,0.060546875,-0.9765625,0.22949219,0.21875,0.0625,0.34375,0.0,0.0,0.0
1696104701889,0.064453125,-0.9746094,0.234375,0.34375,0.0625,0.21875,0.0,0.0,0.0
1696104701928,0.06738281,-0.98046875,0.22460938,0.59375,-0.125,0.0625,-23.125,-55.75,-190.375
1696104701969,0.06347656,-0.9746094,0.23828125,0.0625,0.0625,-0.4375,0.0,0.0,0.0
1696104702008,0.07128906,-0.9765625,0.22460938,-0.125,-0.125,-0.5,0.0,0.0,0.0
1696104702049,0.06738281,-0.9707031,0.22949219,-0.25,-0.125,-0.4375,0.0,0.0,0.0
1696104702089,0.06542969,-0.9794922,0.2265625,-0.0625,0.0,-0.125,0.0,0.0,0.0
1696104702129,0.07128906,-0.9765625,0.22460938,0.125,0.0,0.125,0.0,0.0,0.0
1696104702168,0.0625,-0.9785156,0.22558594,0.15625,0.0,0.125,0.0,0.0,0.0
1696104702209,0.0703125,-0.97265625,0.22363281,0.0625,0.0,0.0,0.0,0.0,0.0
1696104702248,0.059570312,-0.9736328,0.234375,-0.1875,0.0,0.125,0.0,0.0,0.0
1696104702288,0.06542969,-0.9794922,0.22460938,0.0,0.125,-0.3125,0.0,0.0,0.0
1696104702328,0.07128906,-0.9765625,0.21289062,0.15625,0.125,-0.125,0.0,0.0,0.0
1696104702368,0.064453125,-0.9736328,0.23046875,0.21875,0.0,-0.1875,0.0,0.0,0.0
1696104702428,0.064453125,-0.96777344,0.24023438,-0.0625,-0.25,0.125,-22.9375,-56.375,-190.875
1696104702448,0.0703125,-0.9736328,0.23242188,0.0,-0.125,0.28125,0.0,0.0,0.0
1696104702488,0.0625,-0.9746094,0.22949219,0.0,0.0,0.1875,0.0,0.0,0.0
1696104702528,0.06738281,-0.96777344,0.22070312,0.0,0.0,0.125,0.0,0.0,0.0
1696104702568,0.06933594,-0.9794922,0.23242188,0.0,-0.0625,-0.0625,0.0,0.0,0.0
1696104702609,0.072265625,-0.9736328,0.22753906,0.28125,0.1875,-0.375,0.0,0.0,0.0
1696104702648,0.06640625,-0.9824219,0.23925781,0.0625,0.0625,-0.1875,0.0,0.0,0.0
1696104702689,0.06347656,-0.9707031,0.234375,-0.1875,0.0,-0.1875,0.0,0.0,0.0
1696104702729,0.061523438,-0.9824219,0.22558594,-0.1875,-0.0625,0.125,0.0,0.0,0.0
1696104702768,0.06738281,-0.97558594,0.2265625,0.21875,0.0625,0.1875,0.0,0.0,0.0
1696104702809,0.064453125,-0.97753906,0.23144531,0.28125,0.125,0.21875,0.0,0.0,0.0
1696104702848,0.06347656,-0.9765625,0.22070312,0.34375,0.125,0.0625,0.0,0.0,0.0
1696104702888,0.05859375,-0.97753906,0.234375,0.0625,-0.125,-0.1875,0.0,0.0,0.0
1696104702928,0.0625,-0.9814453,0.23046875,-0.125,0.0,-0.125,-23.5625,-54.875,-190.5625
1696104702968,0.072265625,-0.97558594,0.22851562,-0.1875,0.0,-0.125,0.0,0.0,0.0
1696104703009,0.0703125,-0.9824219,0.22070312,-0.0625,-0.125,0.1875,0.0,0.0,0.0
1696104703048,0.07128906,-0.96191406,0.22363281,0.0625,-0.0625,0.125,0.0,0.0,0.0
1696104703088,0.0703125,-0.97558594,0.21972656,0.21875,-0.0625,0.1875,0.0,0.0,0.0
1696104703128,0.072265625,-0.9736328,0.22558594,0.21875,-0.0625,0.0625,0.0,0.0,0.0
1696104703168,0.06738281,-0.97265625,0.24023438,0.0,-0.0625,0.0,0.0,0.0,0.0
1696104703208,0.072265625,-0.9716797,0.22363281,-0.125,-0.125,0.0,0.0,0.0,0.0
1696104703248,0.06640625,-0.97558594,0.23339844,-0.5,-0.125,0.21875,0.0,0.0,0.0
1696104703289,0.07128906,-0.98339844,0.23339844,0.0625,0.1875,-0.3125,0.0,0.0,0.0
1696104703348,0.068359375,-0.9716797,0.22265625,0.125,0.0625,0.0,0.0,0.0,0.0
1696104703369,0.07714844,-0.96875,0.23632812,0.15625,-0.125,0.125,0.0,0.0,0.0
1696104703408,0.0703125,-0.96777344,0.23535156,-0.125,-0.125,0.21875,-21.4375,-56.375,-191.875
1696104703448,0.06640625,-0.96777344,0.23828125,0.0625,0.0,0.1875,0.0,0.0,0.0
1696104703488,0.06640625,-0.97753906,0.23535156,0.0,-0.125,0.1875,0.0,0.0,0.0
1696104703528,0.064453125,-0.97558594,0.2265625,0.21875,0.0625,0.0625,0.0,0.0,0.0
1696104703568,0.061523438,-0.9638672,0.22363281,-0.125,-0.0625,-0.0625,0.0,0.0,0.0
1696104703609,0.064453125,-0.9785156,0.22949219,0.0,-0.0625,-0.3125,0.0,0.0,0.0
1696104703648,0.07128906,-0.9765625,0.2265625,-0.0625,0.0,-0.1875,0.0,0.0,0.0
1696104703689,0.061523438,-0.9746094,0.23535156,-0.25,0.0,-0.0625,0.0,0.0,0.0
1696104703729,0.06640625,-0.9785156,0.23144531,-0.125,-0.125,0.21875,0.0,0.0,0.0
1696104703768,0.064453125,-0.97265625,0.21972656,0.46875,0.0625,0.125,0.0,0.0,0.0
1696104703808,0.06542969,-0.97753906,0.21875,0.34375,0.0,0.21875,0.0,0.0,0.0
1696104703868,0.06347656,-0.9814453,0.23339844,0.28125,0.0,-0.09375,0.0,0.0,0.0
1696104703888,0.06933594,-0.9716797,0.24023438,-0.25,-0.0625,-0.21875,0.0,0.0,0.0
1696104703928,0.06347656,-0.9716797,0.22460938,-0.375,-0.0625,-0.28125,-22.1875,-56.6875,-190.5625
1696104703970,0.0625,-0.9785156,0.21777344,-0.25,-0.0625,-0.09375,0.0,0.0,0.0
1696104704008,0.064453125,-0.9765625,0.23144531,-0.0625,-0.125,0.28125,0.0,0.0,0.0
1696104704048,0.06347656,-0.96972656,0.22460938,0.0625,-0.0625,0.15625,0.0,0.0,0.0
1696104704089,0.07128906,-0.9638672,0.22558594,0.0,-0.125,-0.21875,0.0,0.0,0.0
1696104704129,0.06738281,-0.9746094,0.23242188,0.0625,0.0625,-0.09375,0.0,0.0,0.0
1696104704169,0.06640625,-0.9824219,0.23339844,-0.125,-0.125,-0.09375,0.0,0.0,0.0
1696104704208,0.0703125,-0.9716797,0.24804688,0.0,0.0625,-0.71875,0.0,0.0,0.0
1696104704248,0.0703125,-0.97558594,0.23632812,-0.0625,0.0,-0.21875,0.0,0.0,0.0
1696104704288,0.06738281,-0.9716797,0.23339844,0.0625,0.0625,0.09375,0.0,0.0,0.0
1696104704329,0.06542969,-0.9746094,0.22753906,-0.25,0.0,0.34375,0.0,0.0,0.0
1696104704370,0.0703125,-0.9765625,0.22363281,0.21875,-0.0625,0.34375,0.0,0.0,0.0
1696104704408,0.068359375,-0.9736328,0.23144531,0.1875,0.0625,0.34375,-22.1875,-55.3125,-188.75
1696104704448,0.061523438,-0.98535156,0.234375,-0.0625,0.0625,0.15625,0.0,0.0,0.0
1696104704489,0.07324219,-0.9736328,0.22265625,0.125,0.0625,-0.65625,0.0,0.0,0.0
1696104704529,0.06640625,-0.9716797,0.21972656,0.1875,0.25,-0.40625,0.0,0.0,0.0
1696104704569,0.06640625,-0.9736328,0.24511719,-0.0625,0.0,-0.09375,0.0,0.0,0.0
1696104704608,0.06640625,-0.9814453,0.23144531,-1.0,-0.125,-0.03125,0.0,0.0,0.0
1696104704648,0.06347656,-0.98046875,0.22949219,-0.6875,0.0,-0.03125,0.0,0.0,0.0
1696104704688,0.0703125,-0.9785156,0.22460938,0.1875,0.0,-0.03125,0.0,0.0,0.0
1696104704730,0.07324219,-0.9765625,0.22167969,0.53125,0.0,0.03125,0.0,0.0,0.0
1696104704769,0.07910156,-0.96484375,0.23828125,0.40625,0.0,-0.15625,0.0,0.0,0.0
1696104704808,0.059570312,-0.9746094,0.23144531,-0.1875,-0.0625,-0.21875,0.0,0.0,0.0
1696104704849,0.05859375,-0.9765625,0.2421875,-0.1875,0.0,-0.15625,0.0,0.0,0.0
1696104704888,0.05859375,-0.96972656,0.24023438,-0.125,0.0,0.09375,0.0,0.0,0.0
1696104704928,0.05859375,-0.9824219,0.22949219,-0.0625,-0.1875,0.03125,-22.625,-56.1875,-190.375
1696104704969,0.07128906,-0.9785156,0.2265625,0.0625,-0.0625,-0.15625,0.0,0.0,0.0
1696104705009,0.07128906,-0.9765625,0.22460938,0.125,0.125,-0.09375,0.0,0.0,0.0
1696104705048,0.06933594,-0.9746094,0.23046875,-0.0625,0.0625,-0.09375,0.0,0.0,0.0
1696104705089,0.07421875,-0.97265625,0.24707031,-0.1875,-0.1875,0.28125,0.0,0.0,0.0
1696104705128,0.053710938,-0.9707031,0.2265625,-0.375,-0.125,0.28125,0.0,0.0,0.0
1696104705168,0.0703125,-0.9785156,0.234375,0.0,0.1875,-0.21875,0.0,0.0,0.0
1696104705209,0.0703125,-0.9785156,0.22558594,0.28125,0.1875,-0.15625,0.0,0.0,0.0
1696104705248,0.068359375,-0.9746094,0.22167969,-0.0625,0.0,-0.15625,0.0,0.0,0.0
1696104705289,0.060546875,-0.9707031,0.23144531,-0.3125,-0.0625,0.09375,0.0,0.0,0.0
1696104705329,0.06347656,-0.9667969,0.21972656,-0.25,-0.0625,0.15625,0.0,0.0,0.0
1696104705369,0.068359375,-0.9765625,0.23632812,0.0625,0.0625,0.28125,0.0,0.0,0.0
1696104705408,0.064453125,-0.97753906,0.22851562,0.0625,-0.0625,0.34375,-22.5,-56.6875,-189.8125
1696104705449,0.060546875,-0.9716797,0.23632812,0.0,-0.125,-0.03125,0.0,0.0,0.0
1696104705488,0.064453125,-0.97265625,0.22558594,0.0625,0.125,-0.40625,0.0,0.0,0.0
1696104705529,0.0625,-0.96875,0.234375,-0.125,0.0,-0.46875,0.0,0.0,0.0
1696104705569,0.06738281,-0.9814453,0.23632812,-0.4375,0.0625,-0.15625,0.0,0.0,0.0
1696104705608,0.064453125,-0.9746094,0.2265625,-0.25,-0.1875,-0.03125,0.0,0.0,0.0
1696104705648,0.07128906,-0.9736328,0.22753906,0.0,0.0625,0.09375,0.0,0.0,0.0
1696104705708,0.06933594,-0.98046875,0.22949219,0.28125,0.0,0.40625,0.0,0.0,0.0
1696104705728,0.064453125,-0.9814453,0.23144531,0.1875,-0.0625,0.15625,0.0,0.0,0.0
1696104705768,0.06738281,-0.97265625,0.22363281,0.0625,0.0,-0.15625,0.0,0.0,0.0
1696104705809,0.06933594,-0.9765625,0.22070312,0.0,0.125,-0.21875,0.0,0.0,0.0
1696104705849,0.072265625,-0.97265625,0.22851562,-0.0625,-0.0625,-0.34375,0.0,0.0,0.0
1696104705888,0.07324219,-0.9814453,0.23632812,-0.0625,-0.0625,0.21875,0.0,0.0,0.0
1696104705928,0.061523438,-0.9736328,0.23535156,0.0,0.1875,0.21875,-23.375,-55.75,-191.0
1696104705969,0.06542969,-0.97753906,0.22070312,-0.0625,-0.0625,-0.21875,0.0,0.0,0.0
1696104706008,0.06347656,-0.96875,0.23242188,-0.1875,-0.125,0.09375,0.0,0.0,0.0
1696104706049,0.06640625,-0.97558594,0.22949219,-0.25,0.0625,-0.09375,0.0,0.0,0.0
1696104706088,0.072265625,-0.97753906,0.2265625,0.125,0.125,-0.65625,0.0,0.0,0.0
1696104706128,0.0703125,-0.9707031,0.20507812,0.125,-0.0625,-0.28125,0.0,0.0,0.0
1696104706169,0.06738281,-0.9736328,0.22949219,-0.125,-0.1875,-0.09375,0.0,0.0,0.0
1696104706209,0.06542969,-0.97558594,0.22949219,-0.1875,0.0,0.21875,0.0,0.0,0.0
1696104706248,0.068359375,-0.97753906,0.23535156,0.0,0.0625,0.21875,0.0,0.0,0.0
1696104706290,0.072265625,-0.97558594,0.23730469,0.125,0.0625,0.03125,0.0,0.0,0.0
1696104706328,0.06738281,-0.9736328,0.23730469,-0.0625,-0.125,-0.03125,0.0,0.0,0.0
1696104706369,0.064453125,-0.96972656,0.22167969,0.0625,-0.0625,-0.34375,0.0,0.0,0.0
1696104706408,0.06738281,-0.9814453,0.21972656,-0.0625,0.0625,-0.28125,-24.4375,-54.6875,-190.375
1696104706448,0.059570312,-0.9736328,0.23632812,-0.3125,0.0,-0.28125,0.0,0.0,0.0
1696104706488,0.06933594,-0.97753906,0.22851562,-0.25,-0.0625,-0.15625,0.0,0.0,0.0
1696104706529,0.068359375,-0.9794922,0.22167969,-0.0625,-0.125,0.09375,0.0,0.0,0.0
1696104706569,0.061523438,-0.9794922,0.21679688,0.21875,0.0625,0.03125,0.0,0.0,0.0
1696104706609,0.06738281,-0.9707031,0.22851562,0.34375,0.0,-0.09375,0.0,0.0,0.0
1696104706649,0.06640625,-0.9707031,0.22363281,0.0,-0.0625,-0.09375,0.0,0.0,0.0
1696104706689,0.072265625,-0.9794922,0.21582031,-0.1875,-0.0625,-0.15625,0.0,0.0,0.0
1696104706729,0.061523438,-0.9716797,0.22558594,-0.25,0.0625,-0.09375,0.0,0.0,0.0
1696104706768,0.0703125,-0.98535156,0.23339844,0.125,0.0625,-0.15625,0.0,0.0,0.0
1696104706809,0.0625,-0.97265625,0.23144531,0.40625,-0.0625,-0.03125,0.0,0.0,0.0
1696104706849,0.06933594,-0.96777344,0.22558594,-0.0625,-0.125,0.09375,0.0,0.0,0.0
1696104706889,0.068359375,-0.97558594,0.23046875,-0.1875,-0.125,0.21875,0.0,0.0,0.0
1696104706929,0.06347656,-0.97753906,0.24316406,-0.1875,0.0,-0.09375,-22.625,-56.5,-191.4375
1696104706969,0.06542969,-0.9765625,0.21875,0.0,0.0,-0.09375,0.0,0.0,0.0
1696104707008,0.07324219,-0.9658203,0.21777344,-0.125,-0.0625,0.03125,0.0,0.0,0.0
1696104707048,0.0703125,-0.96972656,0.22265625,-0.0625,-0.0625,-0.15625,0.0,0.0,0.0
1696104707089,0.06933594,-0.97265625,0.22558594,-0.0625,-0.0625,-0.28125,0.0,0.0,0.0
1696104707129,0.07421875,-0.97753906,0.22265625,-0.0625,-0.0625,-0.28125,0.0,0.0,0.0
1696104707169,0.08203125,-0.97753906,0.23730469,-0.125,-0.0625,0.09375,0.0,0.0,0.0
1696104707228,0.06738281,-0.9814453,0.234375,0.1875,-0.0625,0.21875,0.0,0.0,0.0
1696104707249,0.06738281,-0.9736328,0.234375,0.21875,-0.125,0.28125,0.0,0.0,0.0
1696104707288,0.060546875,-0.9794922,0.24023438,0.0625,-0.0625,0.03125,0.0,0.0,0.0
1696104707328,0.053710938,-0.98046875,0.23925781,-0.0625,0.0,-0.34375,0.0,0.0,0.0
1696104707369,0.068359375,-0.9736328,0.23828125,-0.4375,0.0625,-0.40625,0.0,0.0,0.0
1696104707409,0.06347656,-0.9736328,0.2265625,-0.4375,-0.0625,-0.21875,-24.0,-57.6875,-190.5625
1696104707448,0.06640625,-0.9765625,0.20703125,-0.125,0.0625,0.21875,0.0,0.0,0.0
1696104707489,0.06933594,-0.97558594,0.23632812,0.0,0.0,0.34375,0.0,0.0,0.0
1696104707529,0.06738281,-0.98046875,0.22558594,0.28125,0.0,0.15625,0.0,0.0,0.0
1696104707569,0.0625,-0.97265625,0.23339844,0.125,0.0,0.03125,0.0,0.0,0.0
1696104707609,0.06738281,-0.984375,0.22753906,0.0,-0.0625,-0.15625,0.0,0.0,0.0
1696104707648,0.06347656,-0.98046875,0.23828125,-0.0625,0.0,-0.21875,0.0,0.0,0.0
1696104707709,0.06542969,-0.97753906,0.23144531,-0.1875,0.0,-0.09375,0.0,0.0,0.0
1696104707729,0.07421875,-0.96777344,0.22753906,-0.375,-0.125,-0.03125,0.0,0.0,0.0
1696104707768,0.0703125,-0.98046875,0.23632812,-0.09375,-0.03125,0.0625,0.0,0.0,0.0
1696104707809,0.06738281,-0.97753906,0.21679688,-0.09375,-0.15625,0.40625,0.0,0.0,0.0
1696104707849,0.06933594,-0.97558594,0.23535156,-0.40625,0.03125,-0.0625,0.0,0.0,0.0
1696104707889,0.068359375,-0.97753906,0.23535156,0.25,0.15625,-0.5,0.0,0.0,0.0
1696104707928,0.06738281,-0.9785156,0.23730469,0.1875,0.1875,0.125,-22.625,-55.75,-191.0
1696104707969,0.06933594,-0.9746094,0.23144531,-0.21875,0.03125,-0.0625,0.0,0.0,0.0
1696104708010,0.06542969,-0.9746094,0.21875,-0.46875,-0.09375,0.21875,0.0,0.0,0.0
1696104708049,0.06542969,-0.984375,0.22363281,-0.09375,0.03125,0.34375,0.0,0.0,0.0
1696104708088,0.07128906,-0.9824219,0.2265625,-0.03125,-0.09375,0.125,0.0,0.0,0.0
1696104708128,0.06640625,-0.97558594,0.21191406,0.03125,0.03125,-0.0625,0.0,0.0,0.0
1696104708169,0.06738281,-0.97265625,0.23632812,0.03125,0.09375,-0.3125,0.0,0.0,0.0
1696104708208,0.06738281,-0.9707031,0.23144531,0.03125,0.09375,-0.5,0.0,0.0,0.0
1696104708248,0.07714844,-0.9824219,0.23242188,0.0625,0.03125,-0.375,0.0,0.0,0.0
1696104708288,0.06347656,-0.9794922,0.22265625,-0.03125,0.03125,-0.125,0.0,0.0,0.0
1696104708328,0.060546875,-0.96777344,0.22167969,0.03125,-0.03125,0.15625,0.0,0.0,0.0
1696104708368,0.064453125,-0.9765625,0.22265625,0.1875,-0.03125,0.28125,0.0,0.0,0.0
