timestamp,accel_x,accel_y,accel_z,gyro_x,gyro_y,gyro_z
1696000854282,0.16918945,-1.1853638,0.20794678,7.609375,-15.40625,11.03125
1696000854322,0.22998047,-1.7068481,0.16107178,2.375,-21.1875,3.484375
1696000854362,0.29418945,-1.4937134,0.25628662,-9.765625,-6.890625,5.828125
1696000854402,-0.037109375,-1.2376099,0.14202881,-11.015625,-18.90625,1.109375
1696000854442,0.006591797,-1.1973267,0.23797607,-9.359375,-3.9375,-25.734375
1696000854482,0.32055664,-1.0198364,0.48016357,-7.859375,-12.59375,-0.8125
1696000854522,-0.16503906,-0.6380005,0.23797607,-14.03125,-8.453125,4.578125
1696000854562,-0.15161133,-0.25909424,0.18963623,-6.875,-2.59375,-8.390625
1696000854602,0.22021484,-0.41973877,0.21844482,4.875,-5.015625,-5.328125
1696000854642,0.095947266,-0.612854,0.27142334,3.828125,-11.796875,0.421875
1696000854682,0.06616211,-0.88238525,0.416687,1.265625,-17.625,-5.46875
1696000854722,-0.15283203,-1.1812134,0.5150757,-3.671875,-34.546875,-9.328125
1696000854762,-0.26098633,-1.1311646,0.09100342,-5.953125,-29.0625,-14.125
1696000854802,-0.05810547,-1.6348267,0.1408081,-7.65625,-13.1875,-14.34375
1696000854842,0.35498047,-1.6306763,0.089538574,-3.984375,-15.71875,-5.796875
1696000854882,0.32226562,-1.6912231,0.16546631,7.171875,-28.3125,12.0
1696000854922,0.24951172,-1.2149048,0.37542725,4.390625,-36.75,4.671875
1696000854962,0.17529297,-1.1262817,0.15472412,13.0,-38.484375,22.96875
1696000855002,0.06225586,-0.7300415,0.05633545,17.15625,-41.90625,18.546875
1696000855042,0.12036133,-0.6626587,0.12200928,24.859375,-48.890625,22.578125
1696000855082,-0.08154297,-0.72442627,0.10614014,20.515625,-56.015625,19.390625
1696000855122,-0.22290039,-0.6494751,0.09515381,18.71875,-39.8125,15.9375
1696000855162,-0.15185547,-0.85235596,0.07147217,16.796875,-31.5625,4.40625
1696000855202,-0.18188477,-1.0425415,0.20184326,9.296875,-26.75,2.3125
1696000855242,-0.036376953,-1.0918579,0.24993896,-6.046875,-22.265625,4.21875
1696000855282,0.118896484,-1.1638794,0.1618042,-9.609375,-26.703125,8.9375
1696000855322,0.37524414,-1.7525024,-0.045715332,7.203125,-14.390625,1.09375
1696000855362,1.1401367,-0.77960205,-0.20098877,-3.234375,-14.546875,20.578125
1696000855402,0.36547852,-0.92388916,-0.045715332,13.921875,-65.671875,31.90625
1696000855442,-0.05029297,-1.6592407,0.004333496,14.828125,-54.90625,-12.484375
1696000855482,0.31835938,-0.9204712,0.08538818,-7.171875,-18.625,7.5
1696000855522,0.099853516,-0.5288696,0.035827637,9.3125,-27.234375,10.71875
1696000855562,-0.0637207,-0.7805786,0.097351074,7.546875,-18.0625,-2.671875
1696000855602,0.13549805,-0.71343994,0.093444824,5.46875,-3.046875,1.578125
1696000855642,0.15966797,-0.6795044,0.097351074,2.90625,4.609375,-0.65625
1696000855682,0.17675781,-0.61724854,0.16522217,2.015625,8.421875,-3.28125
1696000855722,0.02368164,-0.5772095,0.15203857,-4.8125,12.453125,-12.640625
1696000855762,0.053222656,-0.77056885,0.09246826,-11.71875,14.328125,-20.015625
1696000855802,0.17407227,-0.91656494,0.1906128,-7.921875,10.703125,-28.40625
1696000855842,0.1394043,-1.0982056,0.15887451,-10.765625,7.71875,-23.15625
1696000855882,0.32788086,-0.9890747,0.27435303,-9.140625,0.65625,-13.0625
1696000855922,0.100097656,-1.0818481,0.051452637,-2.25,-8.734375,-11.234375
1696000855962,0.29223633,-1.1394653,-0.128479,4.609375,-6.40625,-5.46875
1696000856002,0.18774414,-1.8169556,-0.0178833,4.5,-27.28125,6.03125
1696000856042,-0.14453125,-1.5335083,0.031921387,-3.609375,-27.109375,6.1875
1696000856082,-0.2265625,-1.565979,0.2140503,-17.28125,-4.015625,-14.21875
1696000856122,0.16015625,-0.8587036,0.16156006,-21.03125,10.109375,-14.15625
1696000856162,0.052490234,-0.786438,-0.021057129,-15.96875,-4.421875,8.234375
1696000856202,0.036376953,-0.52301025,-0.066223145,-3.390625,-18.125,-1.21875
1696000856242,0.049316406,-0.51104736,0.003112793,1.140625,-22.140625,12.1875
1696000856282,0.026611328,-0.63531494,0.040222168,3.25,-28.90625,9.28125
1696000856322,0.036865234,-0.5671997,0.14813232,4.640625,-28.34375,15.65625
1696000856362,-0.18188477,-0.9561157,0.13201904,10.09375,-23.21875,18.625
1696000856402,-0.31884766,-0.9783325,0.17449951,-0.921875,-11.703125,2.265625
1696000856442,-0.016113281,-1.0244751,0.18597412,-5.125,-3.859375,9.46875
1696000856482,-0.033691406,-1.3008423,0.093444824,3.609375,1.46875,-2.15625
1696000856522,0.37719727,-1.1907349,0.06390381,-0.96875,-0.5,9.5
1696000856562,0.54418945,-1.303772,0.14471436,12.265625,-25.96875,25.578125
1696000856602,0.25439453,-1.5896606,0.24578857,18.703125,-4.75,17.140625
1696000856642,-0.10546875,-1.2241821,0.1864624,-9.140625,-1.78125,-3.65625
1696000856682,0.18969727,-0.710022,0.09295654,-0.796875,-0.65625,2.171875
1696000856722,0.057128906,-0.7444458,0.17816162,6.78125,-11.375,6.875
1696000856762,0.111816406,-0.68585205,0.2164917,7.40625,-6.828125,3.265625
1696000856802,0.10864258,-0.6289673,0.15496826,3.125,-0.59375,-1.53125
1696000856842,0.16821289,-0.64141846,0.14398193,1.390625,1.09375,-5.03125
1696000856882,0.24975586,-0.76348877,0.1449585,6.34375,-10.96875,-10.078125
1696000856922,0.09643555,-0.78863525,0.14788818,6.078125,-20.53125,-8.234375
1696000856962,0.08496094,-0.7293091,0.24749756,5.140625,-32.8125,-7.578125
1696000857002,-0.23852539,-0.9944458,0.18304443,0.140625,-45.1875,-13.21875
1696000857042,-0.00390625,-1.1934204,0.23919678,-3.5625,-25.921875,-20.8125
1696000857082,0.16552734,-1.180481,0.018493652,-9.03125,-18.453125,-10.34375
1696000857122,0.21826172,-1.7485962,0.14910889,-3.09375,-33.5,-4.875
1696000857162,0.21142578,-1.3621216,0.09246826,6.8125,-37.828125,9.125
1696000857202,-0.42651367,-1.5994263,0.36688232,1.203125,-40.59375,-9.28125
1696000857242,-0.0859375,-1.0369263,0.27850342,-19.828125,-17.90625,-9.28125
1696000857282,0.11767578,-0.43145752,0.09613037,-4.78125,-26.8125,11.71875
1696000857322,0.03149414,-0.31915283,0.0036010742,4.203125,-28.015625,8.421875
1696000857362,0.0690918,-0.66656494,0.055114746,16.0,-28.71875,20.375
1696000857402,-0.1381836,-0.81695557,0.05999756,18.640625,-33.875,19.765625
1696000857442,-0.32958984,-1.0576782,0.15740967,12.265625,-30.609375,11.40625
1696000857482,-0.18041992,-0.97442627,0.055603027,4.25,-15.09375,11.71875
1696000857522,-0.39086914,-0.96954346,0.105895996,6.0625,-14.4375,-0.640625
1696000857562,-0.016113281,-0.81329346,0.21624756,-5.109375,-11.15625,-1.71875
1696000857602,0.7277832,-2.0,-0.3718872,59.515625,34.109375,8.890625
1696000857642,0.91259766,-1.2837524,0.109313965,-11.09375,-19.34375,40.078125
1696000857682,-0.40234375,-1.5945435,0.13446045,-8.21875,-5.859375,-6.859375
1696000857722,0.6501465,-1.1184692,0.338562,-5.03125,-15.703125,13.984375
1696000857762,0.10205078,-1.0535278,0.21282959,-2.46875,-21.125,-11.125
1696000857802,0.049804688,-0.6934204,0.124938965,2.328125,-24.328125,9.53125
1696000857842,0.0703125,-0.5527954,0.046081543,-1.109375,-16.28125,-11.828125
1696000857882,0.23461914,-0.6502075,0.21258545,5.34375,-26.3125,1.8125
1696000857922,0.01928711,-0.83917236,0.17474365,2.859375,-19.90625,-0.90625
1696000857962,0.11645508,-0.8604126,0.26190186,3.09375,-13.390625,-6.5
1696000858002,0.025390625,-0.98760986,0.3661499,-0.34375,-13.421875,-6.890625
1696000858042,-0.03564453,-1.1113892,0.22406006,-0.015625,-16.96875,-12.75
1696000858082,0.040039062,-1.0266724,0.35125732,-0.03125,-8.578125,-16.6875
1696000858122,-0.11010742,-1.2529907,0.16156006,3.296875,-4.375,-17.984375
1696000858162,0.18286133,-1.5093384,-0.0134887695,1.046875,2.65625,-21.03125
1696000858202,0.48754883,-1.071106,-0.10357666,-1.78125,-5.78125,-1.28125
1696000858242,0.18896484,-0.7581177,-0.08477783,4.0625,-8.21875,30.640625
1696000858282,0.10205078,-1.3616333,0.06341553,-0.34375,-29.53125,-19.140625
1696000858322,0.30932617,-1.3731079,0.05291748,-4.5625,-7.609375,4.734375
1696000858362,0.17236328,-0.8164673,0.08685303,-3.4375,-7.40625,21.03125
1696000858402,-0.09106445,-0.5654907,0.06781006,-0.421875,-15.015625,12.046875
1696000858442,-0.03930664,-0.83135986,0.024108887,-0.703125,-7.59375,-0.78125
1696000858482,0.18041992,-0.8284302,-0.050842285,6.71875,-17.484375,9.140625
1696000858522,0.1809082,-0.81622314,-0.09454346,8.90625,-31.21875,9.390625
1696000858562,0.0703125,-0.68170166,0.06390381,12.890625,-34.734375,13.375
1696000858602,-0.03955078,-0.5159302,0.06365967,3.90625,-33.4375,11.40625
1696000858642,-0.1184082,-0.80181885,0.08294678,2.8125,-26.203125,-1.296875
1696000858682,-0.10253906,-1.1675415,0.15765381,-1.40625,-20.578125,-11.578125
1696000858722,0.033935547,-0.8904419,0.13861084,-8.53125,-18.15625,4.84375
1696000858762,-0.15942383,-0.9993286,0.20794678,-8.140625,-18.15625,3.015625
1696000858802,-0.018798828,-1.0791626,0.06903076,-6.828125,-5.703125,-8.953125
1696000858842,0.28344727,-1.3496704,0.12957764,-2.4375,1.5,3.5
1696000858882,0.56347656,-0.98272705,-0.007873535,-6.25,-12.484375,9.40625
1696000858922,0.61865234,-1.7901001,0.22039795,22.828125,-3.15625,23.375
1696000858962,0.12036133,-1.3137817,0.2164917,-11.65625,-21.0,10.09375
1696000859002,-0.10571289,-0.8440552,0.11956787,-2.90625,-6.421875,5.390625
1696000859042,0.064208984,-0.64019775,0.15545654,8.671875,-5.078125,-1.5625
1696000859082,0.1303711,-0.80255127,0.16595459,0.84375,0.546875,4.90625
1696000859122,0.017822266,-0.6553345,0.23138428,2.921875,4.8125,1.4375
1696000859162,-0.029052734,-0.60723877,0.19940186,-0.3125,17.84375,-3.15625
1696000859202,0.13134766,-0.5610962,0.08001709,0.9375,20.5,-8.5625
1696000859242,0.15820312,-0.7144165,0.09100342,7.6875,19.28125,-15.953125
1696000859282,0.20092773,-0.8225708,0.18621826,5.0,7.765625,-16.796875
1696000859322,0.013183594,-1.0476685,0.21014404,0.84375,6.984375,-14.703125
1696000859362,0.03564453,-1.2097778,0.070007324,-0.625,5.890625,-14.359375
1696000859402,0.19677734,-1.2593384,0.14715576,6.390625,-15.90625,-5.390625
1696000859442,0.17651367,-1.5444946,-0.15386963,4.75,-1.765625,12.46875
1696000859482,0.16601562,-1.9436646,-0.02960205,5.9375,-16.9375,-6.328125
1696000859522,0.071777344,-1.3467407,0.17962646,-4.84375,-2.125,2.78125
1696000859562,-0.099365234,-1.1624146,0.13739014,-9.46875,3.5,1.609375
1696000859602,-0.11254883,-0.49591064,-0.022766113,-8.90625,12.5,-7.109375
1696000859642,0.14892578,-0.5015259,-0.07720947,3.703125,3.328125,6.0
1696000859682,0.2175293,-0.41583252,-0.105285645,5.1875,-13.859375,7.53125
1696000859722,0.040527344,-0.4656372,-0.058166504,11.46875,-22.0,13.796875
1696000859762,-0.032226562,-0.6902466,0.101989746,6.640625,-36.140625,12.90625
1696000859802,-0.111328125,-1.0112915,0.08026123,7.84375,-21.515625,3.40625
1696000859842,-0.15039062,-1.0195923,0.07489014,-0.078125,-11.046875,7.5625
1696000859882,-0.09008789,-1.2705688,-0.085998535,3.0625,1.78125,-1.53125
1696000859922,0.19946289,-1.3015747,0.034362793,-3.234375,24.671875,-2.484375
1696000859962,0.73291016,-1.9072876,0.0021362305,6.15625,5.125,17.28125
1696000860002,0.34887695,-1.3711548,0.17034912,-5.90625,-8.328125,11.15625
1696000860042,-0.2939453,-1.3919067,0.11541748,-15.328125,19.671875,-2.203125
1696000860082,0.07543945,-0.96832275,0.14056396,-9.234375,14.4375,-10.25
1696000860122,0.099121094,-0.75006104,0.25872803,-13.125,23.3125,-3.0
1696000860162,0.048583984,-0.6289673,0.14154053,-12.328125,18.609375,2.671875
1696000860202,-0.018310547,-0.67803955,0.020935059,-9.296875,27.46875,-11.515625
1696000860242,0.28100586,-0.5840454,0.1281128,-2.296875,31.265625,-7.515625
1696000860282,0.1772461,-0.6018677,0.070007324,-3.8125,27.15625,-6.1875
1696000860322,0.010498047,-0.69244385,0.18084717,-0.4375,17.15625,-10.828125
1696000860362,0.19702148,-0.8858032,0.31658936,0.71875,11.703125,-17.0625
1696000860402,-0.10473633,-1.0317993,0.16400146,-0.875,10.046875,-10.390625
1696000860442,0.084228516,-0.8777466,0.17376709,-0.625,11.65625,-11.984375
1696000860482,0.19677734,-1.4155884,0.030700684,14.203125,-7.390625,-7.53125
1696000860522,0.087646484,-1.5032349,-0.15509033,11.34375,-15.265625,-3.703125
1696000860562,-0.03125,-1.7017212,0.0138549805,0.046875,-6.609375,7.078125
1696000860602,0.04296875,-1.4507446,0.14666748,-8.6875,-8.40625,-8.0
1696000860642,-0.0859375,-1.159729,0.2177124,-14.78125,-2.078125,2.390625
1696000860682,-0.1616211,-0.7949829,0.11224365,-17.625,2.0,-2.828125
1696000860722,-0.11328125,-0.5459595,0.008728027,-14.59375,8.328125,-6.1875
1696000860762,0.16259766,-0.53131104,-0.014465332,0.390625,-4.59375,0.609375
1696000860802,0.11206055,-0.5508423,-0.062072754,5.71875,-16.125,6.734375
1696000860842,0.111816406,-0.64385986,-0.059631348,4.328125,-25.53125,13.96875
1696000860882,-0.049804688,-0.8286743,0.24676514,11.75,-29.40625,16.390625
1696000860922,-0.23950195,-0.8604126,0.16741943,1.9375,-19.984375,16.3125
1696000860962,-0.106933594,-0.93463135,0.08123779,-1.25,-14.359375,9.046875
1696000861002,0.07543945,-1.0745239,0.15667725,20.625,-5.46875,12.296875
1696000861042,0.171875,-1.6152954,0.10638428,6.03125,-3.234375,22.453125
1696000861082,0.44677734,-1.3325806,0.061462402,7.8125,-18.734375,9.484375
1696000861122,0.5852051,-1.6255493,0.2687378,6.46875,-14.5,36.0
1696000861162,-0.3959961,-1.2556763,0.07122803,-14.34375,3.640625,-14.21875
1696000861202,0.3359375,-0.84869385,0.16326904,-5.546875,14.53125,-1.234375
1696000861242,0.10424805,-0.84259033,0.17913818,-1.96875,8.75,5.65625
1696000861282,0.111083984,-0.6296997,0.19866943,-3.6875,9.25,3.328125
1696000861322,0.099121094,-0.60235596,0.14788818,-1.640625,17.71875,-5.265625
1696000861362,0.21435547,-0.64190674,0.17572021,-4.3125,25.5625,-8.5625
1696000861402,0.080078125,-0.75006104,0.13861084,-1.171875,18.90625,-9.734375
1696000861442,0.09301758,-0.77349854,0.0446167,0.234375,14.3125,-22.5625
1696000861482,0.21606445,-0.73760986,0.11785889,10.171875,1.671875,-16.46875
1696000861522,0.13842773,-1.0388794,0.18328857,12.453125,-11.953125,-11.1875
1696000861562,0.15454102,-0.9890747,0.11419678,8.53125,-27.6875,-11.21875
1696000861602,0.09643555,-1.2857056,-0.039123535,16.90625,-37.46875,-7.40625
1696000861642,0.026367188,-1.5620728,0.018737793,8.046875,-33.46875,-8.15625
1696000861682,-0.095458984,-1.6934204,-0.038146973,-4.859375,-15.359375,-4.140625
1696000861722,0.11816406,-1.4505005,-0.0051879883,-6.328125,-6.015625,-3.859375
1696000861762,0.14331055,-1.0020142,0.1359253,-8.5,-3.90625,11.875
1696000861802,-0.13720703,-0.62286377,-0.020324707,-3.984375,1.0625,1.09375
1696000861842,-0.05834961,-0.7156372,-0.089660645,2.328125,9.421875,1.03125
1696000861882,0.16796875,-0.6201782,-0.09674072,7.515625,2.125,6.140625
1696000861922,0.10668945,-0.5689087,-0.07110596,10.828125,-8.796875,17.59375
1696000861962,0.091308594,-0.76812744,-0.031555176,11.375,-21.015625,11.03125
1696000862002,0.15820312,-0.7913208,0.10272217,6.609375,-24.109375,11.21875
1696000862042,-0.055908203,-0.8726196,0.1239624,2.015625,-33.921875,13.59375
1696000862082,-0.16210938,-1.0422974,-0.02935791,-2.421875,-24.6875,-6.09375
1696000862122,0.19116211,-0.8440552,0.0927124,-0.046875,-16.40625,22.203125
1696000862162,-0.18847656,-1.3567505,-0.117004395,6.296875,-8.65625,-7.421875
1696000862202,0.6176758,-1.4041138,-0.074035645,3.03125,-1.203125,-4.4375
1696000862242,1.119873,-1.878479,0.3295288,1.46875,-29.109375,33.09375
1696000862282,-0.8991699,-1.3001099,0.19403076,-24.046875,-13.390625,-6.21875
1696000862322,0.32983398,-1.0178833,0.035095215,-10.359375,10.90625,-24.625
1696000862362,0.2998047,-0.9483032,0.16790771,-1.59375,-14.640625,-2.5625
1696000862402,0.050048828,-0.7131958,0.20355225,-7.34375,-15.25,6.796875
1696000862442,-0.06982422,-0.62701416,0.2020874,-5.75,-13.03125,-9.78125
1696000862482,0.10180664,-0.6638794,0.09661865,-6.21875,4.0625,-10.5
1696000862522,0.2331543,-0.71710205,0.3222046,1.609375,-1.453125,-9.265625
1696000862562,0.015136719,-0.74420166,0.20501709,-1.4375,-4.0,-7.578125
1696000862602,0.044433594,-0.7901001,0.16815186,-3.046875,-0.71875,-14.859375
1696000862642,-0.04345703,-0.78912354,0.27947998,1.75,-6.703125,-12.4375
1696000862682,-0.001953125,-0.95635986,0.31072998,-1.828125,-7.375,-15.109375
1696000862722,-0.07373047,-1.1619263,0.2098999,-0.375,-12.046875,-14.765625
1696000862762,0.114990234,-1.1929321,0.12347412,-6.78125,-13.34375,-14.609375
1696000862802,0.13696289,-1.1084595,0.12860107,-0.65625,-5.078125,11.65625
1696000862842,-0.16918945,-1.4942017,0.05633545,2.6875,-32.265625,-3.9375
1696000862882,0.06201172,-1.5471802,0.27069092,-1.46875,-9.328125,-2.53125
1696000862922,-0.052978516,-1.2007446,0.2243042,-9.375,-14.9375,-0.296875
1696000862962,-0.037597656,-0.79815674,0.16595459,-7.765625,-17.515625,7.546875
1696000863002,0.08496094,-0.69415283,0.09661865,2.125,-23.796875,10.375
1696000863042,-0.025146484,-0.49664307,0.053649902,6.25,-24.90625,20.25
1696000863082,-0.020507812,-0.62286377,0.06976318,15.453125,-26.046875,17.953125
1696000863122,0.029052734,-0.6096802,0.08807373,17.828125,-26.3125,20.0
1696000863162,-0.31518555,-0.8440552,0.11517334,14.234375,-23.15625,23.875
1696000863202,-0.23535156,-1.0100708,0.121520996,11.859375,-12.578125,5.328125
1696000863242,-0.08959961,-0.96881104,0.15814209,6.265625,-12.703125,11.34375
1696000863282,0.05908203,-1.342102,0.14886475,18.3125,-13.0,1.78125
1696000863322,0.6140137,-2.0,0.4713745,4.484375,30.3125,10.078125
1696000863362,0.9458008,-0.75079346,0.12835693,-7.328125,-17.6875,7.609375
1696000863402,-0.2277832,-1.4102173,-0.049865723,5.640625,-48.75,13.640625
1696000863442,0.20507812,-0.9138794,0.19500732,6.125,-24.21875,-32.5625
1696000863482,0.6928711,-0.9924927,0.12664795,-2.171875,-35.265625,26.203125
1696000863522,-0.08959961,-0.7642212,0.026062012,4.90625,-39.21875,-2.328125
1696000863562,-0.057373047,-0.69244385,0.14178467,5.46875,-20.21875,-8.9375
1696000863602,0.29785156,-0.8464966,0.17303467,2.828125,-20.125,1.828125
1696000863642,-0.06274414,-0.7901001,0.21429443,0.171875,-15.390625,0.328125
1696000863682,0.02709961,-0.881897,0.18377686,-2.375,-7.21875,-7.828125
1696000863722,0.15332031,-0.89630127,0.21868896,-0.5625,-5.6875,-10.078125
1696000863762,0.09887695,-1.0122681,0.23919678,-3.703125,-7.65625,-14.734375
1696000863802,-0.13183594,-1.0789185,0.27508545,1.609375,-7.0625,-15.796875
1696000863842,-0.06689453,-1.3191528,0.10345459,0.34375,-0.203125,-25.65625
1696000863882,0.30249023,-1.4258423,-0.05645752,-1.890625,-6.859375,-21.671875
1696000863922,0.46948242,-1.0261841,0.036071777,-3.375,-1.703125,-1.65625
1696000863962,0.053955078,-0.87164307,-0.13287354,-0.015625,-25.1875,18.921875
1696000864002,0.091552734,-1.298645,0.030212402,3.515625,-7.90625,-12.96875
1696000864042,0.41333008,-1.2778931,0.07220459,1.640625,-8.1875,8.171875
1696000864082,-0.021484375,-0.83843994,0.02923584,6.765625,-14.09375,13.453125
1696000864122,-0.14404297,-0.70684814,0.062438965,-0.265625,-12.796875,2.078125
1696000864162,0.13891602,-0.79937744,0.061462402,-0.21875,-13.265625,6.046875
1696000864202,0.12182617,-0.64630127,0.051940918,4.0625,-21.25,11.828125
1696000864242,0.037597656,-0.55963135,-0.026916504,3.453125,-33.65625,9.65625
1696000864282,0.056640625,-0.4414673,-0.08917236,3.15625,-30.109375,10.03125
1696000864322,-0.013916016,-0.66192627,-0.02911377,14.03125,-33.828125,6.984375
1696000864362,-0.060302734,-1.0791626,0.029968262,3.328125,-29.859375,-9.5
1696000864402,-0.07397461,-1.196106,0.050720215,3.65625,-38.828125,2.4375
1696000864442,0.33569336,-1.8945923,0.116882324,3.25,-4.859375,5.671875
1696000864482,0.21166992,-1.3098755,0.22576904,-11.375,-20.90625,2.234375
1696000864522,-0.17211914,-1.0147095,0.13079834,-1.859375,-11.9375,-4.109375
1696000864562,0.107421875,-0.97369385,0.2514038,-3.1875,-5.78125,-10.328125
1696000864602,0.091308594,-0.7041626,0.15887451,-8.125,1.1875,2.40625
1696000864642,0.0068359375,-0.47906494,0.19354248,-2.671875,0.84375,-6.46875
1696000864682,0.0637207,-0.68048096,0.13226318,1.1875,1.265625,-8.296875
1696000864722,0.16894531,-0.68878174,0.1473999,1.90625,-3.03125,-8.640625
1696000864762,0.114990234,-0.8779907,0.36932373,1.671875,-11.6875,-7.359375
1696000864802,0.015625,-0.8345337,0.24285889,-5.53125,-15.90625,-2.78125
1696000864842,-0.033203125,-0.895813,0.27703857,-1.03125,-23.75,-6.765625
1696000864882,-0.10961914,-0.9678345,0.40570068,-6.890625,-33.75,-14.65625
1696000864922,-0.20288086,-1.2329712,0.09442139,0.328125,-29.125,-15.046875
1696000864962,0.12011719,-1.3933716,0.06732178,1.5625,-20.109375,-8.859375
1696000865002,0.2705078,-1.8435669,0.29388428,-4.890625,-20.96875,-2.53125
1696000865042,0.21118164,-1.4368286,0.19110107,-13.59375,-21.203125,6.140625
1696000865082,0.122802734,-1.2605591,0.2501831,-11.96875,-23.546875,-4.265625
1696000865122,0.049560547,-0.8394165,0.12298584,-9.5625,-16.21875,9.015625
1696000865162,0.08666992,-0.6362915,0.06365967,-0.046875,-26.4375,10.5625
1696000865202,0.12597656,-0.659729,0.11517334,12.609375,-35.0,18.0
1696000865242,-0.0146484375,-0.8340454,0.14813232,18.765625,-37.578125,21.328125
1696000865282,-0.19873047,-0.8479614,0.1564331,20.890625,-26.25,13.328125
1696000865322,-0.12036133,-0.9507446,0.22747803,15.46875,-17.109375,7.4375
1696000865362,-0.095458984,-1.0852661,0.31829834,7.8125,-18.78125,5.0
1696000865402,-0.118896484,-1.0645142,0.20501709,-1.03125,-12.515625,4.609375
1696000865442,-0.0126953125,-1.0061646,0.25335693,-7.09375,-22.15625,3.828125
1696000865482,0.19628906,-1.2141724,0.14105225,-4.703125,-45.609375,6.25
1696000865522,0.46948242,-1.5305786,0.074401855,-6.671875,-26.390625,10.640625
1696000865562,0.7644043,-0.78497314,-0.12799072,0.859375,-16.4375,30.5625
1696000865602,0.3215332,-1.060852,-0.062072754,14.1875,-49.46875,16.984375
1696000865642,0.020507812,-1.385315,0.089538574,7.484375,-32.03125,-0.71875
1696000865682,0.122802734,-0.8464966,0.06829834,-1.78125,-5.28125,2.609375
1696000865722,0.23071289,-0.7317505,0.07659912,8.625,-13.71875,8.140625
1696000865762,0.13452148,-0.7942505,0.11810303,10.21875,-17.0625,0.265625
1696000865802,0.11645508,-0.85601807,0.15716553,7.515625,-10.671875,4.375
1696000865842,0.115234375,-0.7852173,0.113464355,2.703125,-6.40625,1.625
1696000865882,0.14794922,-0.71954346,0.14520264,-1.65625,-0.3125,-2.546875
1696000865922,0.030517578,-0.70977783,0.15716553,-1.09375,4.484375,-8.140625
1696000865962,-0.11376953,-0.68341064,0.12298584,-2.21875,12.109375,-17.75
1696000866002,0.15600586,-0.5576782,0.2008667,-2.59375,14.140625,-18.84375
1696000866042,0.12890625,-0.78302,0.053894043,1.125,2.453125,-14.265625
1696000866082,0.1184082,-1.1296997,0.3312378,5.640625,-4.0625,-18.265625
1696000866122,-0.15820312,-0.9414673,0.047546387,0.4375,1.78125,-12.890625
1696000866162,0.11791992,-0.77716064,-0.05645752,3.390625,-3.828125,-10.9375
1696000866202,0.24072266,-1.3840942,-0.25787354,19.421875,-10.359375,-10.703125
1696000866242,0.3190918,-1.8718872,-0.034729004,18.875,-22.15625,13.125
1696000866282,-0.07421875,-1.666565,-0.074523926,8.265625,-20.421875,0.046875
1696000866322,-0.20507812,-1.5325317,0.19866943,-8.171875,8.078125,-3.28125
1696000866362,0.11669922,-0.9590454,0.012145996,-10.453125,0.0625,-8.828125
1696000866402,0.088378906,-0.7710571,-0.05596924,-3.125,3.3125,12.21875
1696000866442,-0.017089844,-0.57403564,-0.058410645,3.515625,-5.578125,1.28125
1696000866482,0.07543945,-0.53790283,-0.008850098,2.890625,-7.78125,6.703125
1696000866522,0.10229492,-0.47857666,-0.14361572,7.515625,-11.984375,14.8125
1696000866562,0.053710938,-0.65411377,-0.10723877,7.671875,-18.203125,14.953125
1696000866602,0.0637207,-0.75616455,0.18328857,11.546875,-27.25,10.078125
1696000866642,-0.15917969,-0.9085083,0.08050537,-5.171875,-22.65625,14.53125
1696000866682,0.030517578,-0.9849243,0.06365967,-9.78125,-19.296875,-0.421875
1696000866722,0.018310547,-0.8088989,0.14349365,-7.265625,-24.1875,8.234375
1696000866762,-0.05078125,-1.8430786,-0.17120361,-0.40625,9.828125,8.59375
1696000866802,0.68408203,-1.3630981,0.020202637,-13.171875,-11.828125,-2.6875
1696000866842,1.0791016,-1.5847778,0.21697998,-9.984375,-3.046875,38.984375
1696000866882,-0.8100586,-1.4336548,0.22918701,-12.515625,7.8125,5.09375
1696000866922,-0.010009766,-0.7473755,0.09124756,-10.578125,30.640625,-25.0
1696000866962,0.41137695,-0.7439575,0.14202881,-7.53125,21.453125,8.9375
1696000867002,-0.013427734,-0.6658325,0.12249756,-7.984375,24.078125,12.078125
1696000867042,0.029541016,-0.5405884,0.12786865,-7.015625,32.21875,-5.75
1696000867082,0.16040039,-0.5857544,0.07879639,-7.46875,40.15625,-5.75
1696000867122,0.2800293,-0.71343994,0.19793701,-5.921875,36.71875,-15.765625
1696000867162,0.055908203,-0.72491455,-0.031311035,-3.78125,25.625,-18.6875
1696000867202,0.27075195,-0.65875244,0.3156128,-0.765625,5.0,-12.9375
1696000867242,0.13549805,-1.0935669,0.07904053,-1.328125,-15.75,-18.65625
1696000867282,-0.060791016,-1.206604,0.06903076,6.515625,-10.78125,-26.140625
1696000867322,0.39282227,-1.8928833,-0.007873535,6.90625,-19.8125,-14.546875
1696000867362,0.024169922,-1.5947876,0.0048217773,-4.625,-22.390625,5.375
1696000867402,-0.021728516,-1.5032349,0.16571045,-7.8125,-10.796875,-3.796875
1696000867442,-0.125,-1.3777466,0.1671753,-11.75,7.65625,-3.140625
1696000867482,0.07739258,-0.9314575,0.0446167,-13.296875,5.140625,4.9375
1696000867522,-0.012451172,-0.5335083,0.029724121,-7.09375,-1.640625,2.140625
1696000867562,0.00024414062,-0.48712158,0.11199951,-4.78125,0.5625,6.71875
1696000867602,-0.00024414062,-0.4505005,0.06341553,-2.296875,-4.65625,8.859375
1696000867642,0.032226562,-0.32037354,-0.019348145,-0.9375,-10.421875,12.109375
1696000867682,0.16967773,-0.4180298,0.04437256,2.421875,-13.78125,10.28125
1696000867722,0.028320312,-0.63409424,0.27069092,5.703125,-7.984375,12.765625
1696000867762,-0.04272461,-0.9529419,0.1449585,10.34375,-16.421875,13.375
1696000867802,0.3305664,-1.585022,0.034851074,1.09375,-14.484375,7.6875
1696000867842,0.58447266,-1.8418579,0.3944702,9.796875,-9.4375,19.734375
1696000867882,0.119628906,-1.8848267,0.30438232,-10.4375,6.765625,-1.3125
1696000867922,0.33666992,-1.0894165,0.25946045,-1.875,-2.765625,-2.890625
1696000867962,-0.109375,-0.9336548,0.21209717,0.09375,-0.703125,2.046875
1696000868002,-0.076416016,-0.45074463,0.094177246,-11.78125,1.96875,0.296875
1696000868042,0.12109375,-0.24639893,0.19525146,-7.625,9.796875,-8.203125
1696000868082,-0.040283203,-0.46246338,0.109313965,0.453125,11.53125,-12.96875
1696000868122,0.046875,-0.5444946,0.15325928,3.0,19.03125,-21.734375
1696000868162,0.12963867,-0.5498657,0.12738037,-0.203125,8.09375,-12.828125
1696000868202,0.018798828,-0.9763794,0.14666748,14.265625,0.5,-13.0625
1696000868242,0.1796875,-2.0,-0.23150635,18.078125,-19.703125,-16.1875
1696000868282,0.6604004,-2.0,0.21673584,7.78125,-49.53125,7.484375
1696000868322,-0.1328125,-1.5925903,0.13641357,4.421875,-22.546875,28.9375
1696000868362,-0.3708496,-1.6331177,0.42474365,-10.140625,-6.734375,-21.0625
1696000868402,0.16357422,-0.9985962,0.061950684,-17.703125,13.5625,-6.171875
1696000868442,0.084228516,-0.7559204,-0.045959473,-2.59375,-3.90625,8.421875
1696000868482,0.028808594,-0.45367432,0.007751465,2.1875,-9.609375,3.875
1696000868522,0.08935547,-0.54034424,0.043884277,3.28125,-8.4375,4.78125
1696000868562,0.16772461,-0.35699463,-0.04034424,6.875,-17.109375,19.09375
1696000868602,0.5107422,-0.7962036,-0.06451416,16.90625,-56.328125,34.734375
1696000868642,-0.35424805,-1.4133911,0.25823975,6.796875,-46.46875,6.984375
1696000868682,0.046142578,-1.0681763,0.059753418,-13.1875,-0.59375,-3.328125
1696000868722,0.4074707,-0.6338501,0.1762085,1.171875,-9.140625,-1.78125
1696000868762,0.10620117,-0.91412354,0.19256592,2.515625,-16.71875,4.1875
1696000868802,0.0126953125,-0.8587036,0.15545654,0.109375,-5.3125,-2.171875
1696000868842,0.16552734,-0.6987915,0.09246826,0.78125,4.90625,-6.046875
1696000868882,0.13964844,-0.67926025,0.0040893555,7.15625,4.46875,-2.6875
1696000868922,0.18676758,-0.54522705,0.12420654,3.78125,8.40625,-4.109375
1696000868962,0.028808594,-0.5396118,0.13323975,4.21875,6.984375,-6.21875
1696000869002,-0.0063476562,-0.56329346,0.10614014,1.0,2.796875,-10.078125
1696000869042,0.21484375,-0.8115845,0.25775146,3.859375,-1.984375,-12.6875
1696000869082,0.096191406,-1.2141724,0.1515503,8.953125,-17.546875,-12.96875
1696000869122,0.071777344,-0.89190674,0.1618042,4.6875,-19.4375,-17.171875
1696000869162,-0.084228516,-1.0996704,-0.019104004,6.40625,-22.234375,-23.640625
1696000869202,0.083740234,-1.2449341,-0.08917236,5.0,-12.640625,-26.546875
1696000869242,0.44995117,-2.0,0.11004639,8.890625,-2.546875,-6.640625
1696000869282,-0.07836914,-1.5147095,-0.09869385,-6.78125,-7.953125,5.171875
1696000869322,-0.40893555,-1.2647095,0.20892334,-11.140625,14.015625,-17.71875
1696000869362,0.48339844,-0.71221924,-0.0029907227,-8.359375,7.046875,-1.46875
1696000869402,0.08959961,-0.8189087,-0.06890869,10.15625,-25.25,20.515625
1696000869442,0.080566406,-0.35699463,-0.013244629,4.140625,-31.21875,10.265625
1696000869482,0.0146484375,-0.49420166,0.030456543,4.140625,-36.625,12.96875
1696000869522,-0.024658203,-0.61676025,0.11004639,1.375,-39.203125,10.890625
1696000869562,-0.14575195,-0.6621704,0.031921387,0.484375,-39.375,8.9375
1696000869602,-0.051757812,-0.72003174,0.074157715,-0.03125,-30.921875,13.0625
1696000869642,0.0073242188,-1.0271606,0.12615967,8.8125,-23.375,6.03125
1696000869682,0.040527344,-1.6985474,0.023620605,6.28125,-16.4375,2.203125
1696000869722,1.0915527,-2.0,0.06707764,17.109375,-21.796875,19.34375
1696000869762,0.13574219,-1.6841431,0.32757568,-26.734375,-29.125,20.421875
1696000869802,-0.28271484,-1.0305786,0.11981201,-15.828125,-10.984375,-7.859375
1696000869842,0.2758789,-0.8010864,0.2555542,2.53125,-7.796875,5.078125
1696000869882,0.1459961,-0.80792236,0.2489624,-8.234375,-20.5,5.0
1696000869922,0.07373047,-0.55255127,0.16571045,-3.65625,-21.21875,4.296875
1696000869962,0.1743164,-0.5523071,0.15838623,-0.921875,-14.53125,-1.734375
1696000870002,0.19311523,-0.5901489,0.14007568,-1.96875,-8.15625,1.09375
1696000870042,0.1381836,-0.7605591,0.2531128,7.5,-8.75,-0.3125
1696000870082,0.08642578,-0.7661743,0.20404053,5.03125,-13.1875,-4.53125
1696000870122,0.032470703,-0.70977783,0.21258545,2.765625,-17.5625,-6.578125
1696000870162,0.010986328,-0.88604736,0.28533936,7.1875,-23.5,-11.125
1696000870202,0.030029297,-1.114563,0.16912842,7.015625,-22.953125,-14.234375
1696000870242,0.1743164,-1.0449829,0.038269043,6.875,-34.1875,-7.75
1696000870282,0.080322266,-1.5913696,0.01751709,12.453125,-20.796875,-0.40625
1696000870322,0.33154297,-1.7092896,0.1720581,0.859375,-35.921875,-4.6875
1696000870362,0.04736328,-1.4841919,0.17010498,-0.953125,-23.25,7.3125
1696000870402,-0.083984375,-1.2627563,0.1329956,-5.765625,-29.84375,-7.203125
1696000870442,0.009765625,-0.8994751,0.11468506,-8.4375,-24.53125,0.015625
1696000870482,0.04296875,-0.5471802,0.024597168,-2.625,-28.671875,8.203125
1696000870522,-0.13720703,-0.54473877,0.0211792,4.921875,-29.9375,9.921875
1696000870562,-0.020019531,-0.47955322,0.047790527,9.5,-29.234375,8.5
1696000870602,-0.14501953,-0.5828247,0.051940918,13.828125,-20.8125,13.578125
1696000870642,-0.22875977,-0.819397,0.07904053,16.109375,-14.84375,3.28125
1696000870682,-0.35986328,-0.95806885,0.22576904,7.40625,4.140625,5.1875
1696000870722,-0.07373047,-1.1060181,-0.0051879883,-3.46875,21.828125,4.921875
1696000870762,0.1303711,-0.86260986,0.30975342,-8.09375,-3.09375,-2.078125
1696000870802,0.4086914,-1.321106,-0.004211426,24.6875,-17.0,19.671875
1696000870842,0.35839844,-2.0,0.09710693,13.125,12.625,-3.71875
1696000870882,1.0109863,-0.96661377,0.13665771,-28.375,-3.421875,13.28125
1696000870922,-0.043701172,-1.2161255,0.0289917,10.796875,-39.359375,23.625
1696000870962,0.037109375,-1.1321411,0.18963623,5.1875,-4.328125,-17.671875
1696000871002,0.5703125,-0.77227783,0.19744873,-2.5,-21.90625,16.625
1696000871042,-0.15942383,-0.62750244,0.01776123,6.21875,-32.671875,-5.25
1696000871082,0.23242188,-0.67193604,0.10809326,6.59375,-21.875,1.484375
1696000871122,0.19482422,-0.9175415,0.18817139,8.125,-22.96875,1.90625
1696000871162,0.10180664,-0.89630127,0.19891357,0.375,-17.5,-1.34375
1696000871202,0.12719727,-0.90875244,0.21160889,-1.84375,-12.703125,-6.765625
1696000871242,0.07128906,-0.9031372,0.19866943,3.765625,-11.828125,-11.734375
1696000871282,0.029296875,-0.9573364,0.23944092,5.8125,-9.078125,-10.65625
1696000871322,-0.049072266,-1.154602,0.22625732,2.0,-5.046875,-20.03125
1696000871362,0.24365234,-1.4863892,-0.128479,-0.078125,-8.8125,-22.96875
1696000871402,0.55322266,-1.1668091,-0.097961426,-10.40625,-10.859375,-10.875
1696000871442,0.24829102,-0.6963501,-0.034729004,-3.796875,-9.578125,32.296875
1696000871482,-0.23583984,-1.0310669,-0.023986816,0.859375,-27.109375,-17.65625
1696000871522,0.28125,-1.4085083,0.025817871,3.984375,-9.734375,-6.796875
1696000871562,0.37646484,-1.1133423,0.02557373,-5.1875,-20.890625,11.78125
1696000871602,-0.14794922,-1.0154419,0.058288574,-1.71875,-18.390625,10.5625
1696000871642,-0.03881836,-0.87042236,0.109558105,-2.125,-7.671875,-4.28125
1696000871682,0.14379883,-0.756897,0.058044434,-1.765625,-12.9375,3.21875
1696000871722,0.13256836,-0.7046509,-0.036193848,0.84375,-22.703125,7.71875
1696000871762,0.07006836,-0.6494751,-0.08795166,1.484375,-32.421875,7.390625
1696000871802,0.052001953,-0.6448364,0.02166748,7.84375,-35.8125,6.640625
1696000871842,0.018066406,-0.64971924,0.051696777,4.125,-31.828125,6.109375
1696000871882,-0.2397461,-0.8394165,0.22943115,1.9375,-22.125,-1.078125
1696000871922,-0.1821289,-1.0942993,0.1605835,-6.25,-9.515625,-4.53125
1696000871962,-0.037841797,-0.92266846,0.1852417,-14.40625,-7.921875,-0.421875
1696000872002,-0.01171875,-0.84210205,0.1864624,-12.0,-10.125,1.453125
1696000872042,-0.015625,-1.3955688,-0.011047363,3.53125,7.03125,-5.640625
1696000872082,0.5649414,-1.2717896,0.019714355,-5.890625,-9.0,5.234375
1696000872122,0.49560547,-1.7871704,0.1473999,12.46875,13.21875,22.859375
1696000872162,-0.22631836,-1.1309204,0.19793701,-12.578125,15.71875,5.234375
1696000872202,0.14746094,-1.0349731,0.22576904,-1.5,15.609375,-1.890625
1696000872242,0.21044922,-0.88409424,0.15863037,2.59375,-0.375,3.5
1696000872282,0.20654297,-0.7839966,0.21697998,-1.328125,2.3125,7.84375
1696000872322,-0.022460938,-0.63726807,0.06878662,3.265625,8.625,1.5
1696000872362,0.104003906,-0.41241455,-0.14215088,2.046875,24.15625,-3.46875
1696000872402,0.07348633,-0.67681885,0.20843506,7.0,27.984375,-4.65625
1696000872442,0.009521484,-0.83795166,-0.0647583,1.265625,27.0,-11.21875
1696000872482,0.29736328,-0.55426025,0.055847168,9.5,11.765625,-8.1875
1696000872522,0.17919922,-0.9998169,0.18914795,18.25,4.53125,-4.890625
1696000872562,0.09790039,-0.9463501,0.04437256,2.953125,-7.3125,-14.125
1696000872602,0.3100586,-1.0293579,0.09466553,5.21875,-24.546875,-6.75
1696000872642,-0.016113281,-1.7940063,-0.37652588,13.5,-31.125,-6.875
1696000872682,0.12915039,-2.0,-0.043762207,7.75,-19.734375,-22.625
1696000872722,0.4086914,-1.3103638,0.12689209,-5.5,-20.078125,25.875
1696000872762,-0.49926758,-1.0064087,0.26239014,-5.28125,-15.46875,-26.734375
1696000872802,-0.08276367,-1.045227,0.048034668,-13.984375,21.5,-0.1875
1696000872842,0.41796875,-0.6482544,-0.08477783,-5.84375,-5.3125,2.765625
1696000872882,0.19018555,-0.24468994,-0.070129395,7.078125,-32.078125,19.78125
1696000872922,-0.20288086,-0.66290283,-0.051086426,5.59375,-35.46875,14.328125
1696000872962,0.088378906,-0.7918091,0.010437012,7.765625,-29.21875,4.046875
1696000873002,0.040039062,-0.56573486,0.09564209,5.390625,-41.125,13.46875
1696000873042,-0.40039062,-1.0564575,0.116882324,4.875,-29.640625,4.796875
1696000873082,-0.31958008,-0.9915161,0.13616943,-6.375,-1.96875,-16.515625
1696000873122,0.2434082,-0.9651489,0.027038574,-1.140625,3.421875,3.234375
1696000873162,0.092041016,-1.3838501,0.07122803,3.875,10.671875,-6.765625
1696000873202,0.33129883,-1.4258423,0.08660889,-15.6875,12.28125,-0.046875
1696000873242,0.42456055,-1.6970825,0.1852417,1.046875,4.203125,-1.546875
1696000873282,0.052978516,-1.0796509,0.26116943,-8.1875,-10.28125,6.21875
1696000873322,-0.06225586,-1.076477,0.22943115,-9.296875,14.453125,-0.734375
1696000873362,-0.06762695,-0.8518677,0.054138184,-1.328125,7.203125,-1.265625
1696000873402,0.1821289,-0.8369751,0.20111084,-4.234375,10.21875,-3.875
1696000873442,0.042236328,-0.8267212,0.20233154,-1.25,4.140625,3.09375
1696000873482,-0.24487305,-0.65289307,0.14227295,-4.65625,22.171875,-10.53125
1696000873522,0.08520508,-0.5444946,0.097351074,-4.9375,34.8125,-14.515625
1696000873562,0.11816406,-0.694397,0.14544678,1.21875,31.453125,-9.96875
1696000873602,-0.014404297,-0.77471924,0.14154053,0.84375,23.71875,-12.59375
1696000873642,0.033203125,-0.9414673,0.24945068,12.90625,18.8125,-15.515625
1696000873682,-0.028564453,-1.1836548,0.11566162,1.34375,21.328125,-12.515625
1696000873722,0.22924805,-1.060852,0.16912842,-1.5625,5.65625,-9.78125
1696000873762,0.11743164,-1.4053345,-0.13702393,7.671875,-9.21875,-3.140625
1696000873802,-0.013916016,-1.5283813,-0.12286377,7.65625,-17.84375,2.84375
1696000873842,0.15673828,-1.4719849,-0.02960205,2.5625,-14.25,0.0
1696000873882,-0.07763672,-1.423645,0.1798706,2.375,-21.296875,11.546875
1696000873922,-0.3696289,-1.0750122,0.19793701,-8.84375,-6.0,-10.71875
1696000873962,-0.10961914,-0.80255127,0.0028686523,-16.265625,6.140625,-0.8125
1696000874002,0.118896484,-0.52178955,-0.018371582,-6.421875,-10.75,-1.21875
1696000874042,-0.056884766,-0.58380127,-0.05206299,2.796875,-24.265625,8.390625
1696000874082,0.036132812,-0.6633911,-0.034729004,-3.640625,-21.84375,5.609375
1696000874122,0.029296875,-0.5718384,0.07635498,0.125,-26.671875,16.40625
1696000874162,-0.21923828,-0.81866455,0.13275146,2.578125,-23.96875,12.5
1696000874202,-0.30737305,-0.9771118,0.19403076,-6.609375,-6.046875,6.546875
1696000874242,0.0390625,-0.909729,0.14935303,-2.921875,-5.046875,8.046875
1696000874282,0.1574707,-1.3499146,0.090270996,13.328125,10.046875,10.625
1696000874322,0.24658203,-1.4880981,0.18475342,-1.609375,-1.796875,19.328125
1696000874362,-0.10571289,-1.1096802,0.26068115,-10.109375,10.359375,17.34375
1696000874402,0.4489746,-1.62677,0.23846436,12.859375,20.734375,15.375
1696000874442,0.17163086,-1.3745728,0.28363037,-13.125,-2.09375,9.71875
1696000874482,-0.15112305,-0.7803345,0.040222168,-9.59375,10.75,3.6875
1696000874522,0.14624023,-0.56378174,0.12420654,6.171875,13.546875,3.78125
1696000874562,0.057617188,-0.68341064,0.093688965,5.546875,16.765625,9.59375
1696000874602,0.16748047,-0.6531372,0.074645996,2.265625,32.109375,-3.734375
1696000874642,0.14379883,-0.5484009,0.09564209,1.859375,38.3125,-6.140625
1696000874682,0.21728516,-0.5786743,-0.027404785,3.796875,32.296875,-6.46875
1696000874722,0.031982422,-0.92926025,0.2526245,13.5625,19.78125,-9.5
1696000874762,0.08178711,-0.9224243,0.008239746,4.828125,22.0,-15.203125
1696000874802,0.2163086,-0.9915161,0.1774292,4.546875,20.796875,-15.484375
1696000874842,0.15209961,-1.260315,-0.025939941,4.890625,4.03125,-17.34375
1696000874882,0.41015625,-1.2437134,-0.29962158,0.109375,-10.859375,-6.25
1696000874922,0.38916016,-1.8757935,-0.20977783,14.25,-36.4375,3.984375
1696000874962,-0.07299805,-1.5100708,0.1720581,1.265625,-31.8125,3.03125
1696000875002,-0.2368164,-1.5442505,0.20501709,-12.015625,-6.625,-10.8125
1696000875042,-0.06542969,-0.9199829,0.07196045,-18.359375,11.375,-11.5
1696000875082,0.17749023,-0.58135986,0.024841309,-10.78125,-0.375,-6.875
1696000875122,0.09082031,-0.40826416,-0.01763916,7.21875,-21.359375,1.703125
1696000875162,-0.17700195,-0.7061157,-0.061340332,10.453125,-16.15625,1.28125
1696000875202,0.09008789,-0.6226196,-0.04864502,5.40625,-12.96875,-0.046875
1696000875242,0.14135742,-0.5508423,-0.020568848,12.21875,-28.890625,15.421875
1696000875282,-0.15429688,-0.92071533,0.1605835,12.515625,-39.015625,8.40625
1696000875322,-0.30566406,-1.164856,0.23675537,-7.296875,-18.046875,1.9375
1696000875362,-0.044433594,-1.2463989,0.058776855,-15.796875,-6.34375,1.359375
1696000875402,0.049072266,-1.0969849,0.042663574,-6.59375,0.453125,7.40625
1696000875442,0.19702148,-1.2337036,0.023132324,-6.578125,0.1875,4.9375
1696000875482,0.5214844,-1.4419556,-0.046936035,4.25,-16.8125,8.953125
1696000875522,0.39794922,-1.4556274,0.11395264,-5.53125,-26.28125,31.5
1696000875562,-0.39086914,-1.1001587,0.17962646,-17.375,-8.25,5.703125
1696000875602,0.14013672,-0.81988525,0.16546631,-7.609375,4.515625,-0.484375
1696000875642,-0.0063476562,-0.94854736,0.26531982,-2.609375,-0.109375,-1.984375
1696000875682,0.075927734,-0.7703247,0.18011475,-8.0625,7.28125,2.625
1696000875722,-0.03149414,-0.6712036,0.120788574,-9.6875,11.09375,-6.265625
1696000875762,0.1027832,-0.6069946,0.23553467,-8.71875,20.796875,-6.984375
1696000875802,0.05859375,-0.6404419,0.13323975,-10.3125,23.265625,-13.671875
1696000875842,0.13769531,-0.68634033,0.17108154,-6.046875,16.875,-16.421875
1696000875882,0.115234375,-0.5967407,0.11883545,-4.421875,9.234375,-14.25
1696000875922,0.14282227,-0.7852173,0.17694092,5.796875,3.1875,-12.484375
1696000875962,-0.06958008,-1.2310181,-0.11236572,14.78125,-7.390625,-13.59375
1696000876002,0.43066406,-1.1890259,-0.027160645,8.078125,3.6875,0.53125
1696000876042,0.38793945,-2.0,0.08807373,7.984375,-36.328125,13.140625
1696000876082,0.14575195,-1.208313,0.26776123,2.765625,-40.515625,12.75
1696000876122,-0.08276367,-1.6028442,0.17889404,-2.53125,-22.78125,8.140625
1696000876162,-0.21899414,-1.0046997,0.2062378,-12.65625,-8.15625,-10.046875
1696000876202,0.18066406,-0.802063,0.06365967,-8.328125,-16.40625,8.03125
1696000876242,0.13793945,-0.34136963,0.0099487305,5.234375,-35.796875,12.96875
1696000876282,-0.20214844,-0.4890747,0.038513184,14.09375,-35.03125,12.59375
1696000876322,-0.0075683594,-0.6868286,0.050964355,11.78125,-26.65625,5.515625
1696000876362,-0.024902344,-0.71343994,0.16131592,10.203125,-25.1875,11.109375
1696000876402,-0.2548828,-0.99591064,-0.02911377,13.203125,-8.140625,12.328125
1696000876442,0.17773438,-0.8911743,0.12371826,14.890625,-11.15625,7.421875
1696000876482,0.42138672,-2.0,0.45721436,35.09375,-17.71875,3.671875
1696000876522,0.939209,-1.0039673,0.24969482,-5.40625,11.875,25.03125
1696000876562,-0.16235352,-1.6209106,0.05706787,-9.84375,-24.390625,4.453125
1696000876602,0.28686523,-0.7971802,0.04534912,6.6875,-14.109375,-8.421875
1696000876642,0.5473633,-1.1113892,0.31951904,14.625,-5.0,7.625
1696000876682,0.35546875,-0.8858032,0.21209717,-6.578125,-47.125,10.625
1696000876722,-0.059570312,-0.5396118,0.023132324,6.859375,-24.34375,-6.875
1696000876762,0.3557129,-0.8377075,0.18133545,13.796875,-25.15625,-5.03125
1696000876802,0.125,-0.87286377,0.17791748,3.828125,-26.109375,2.203125
1696000876842,0.08129883,-0.91656494,0.24017334,1.40625,-21.484375,-1.75
1696000876882,0.068847656,-0.8855591,0.21234131,1.484375,-15.28125,-12.890625
1696000876922,0.13061523,-0.9546509,0.23553467,1.65625,-15.953125,-13.1875
1696000876962,0.04345703,-0.9800415,0.20794678,-1.6875,-13.53125,-13.84375
1696000877002,0.08325195,-0.8796997,0.22650146,0.0625,-8.765625,-16.515625
1696000877042,0.29345703,-1.3364868,-0.0049438477,9.515625,-16.578125,-16.65625
1696000877082,0.4868164,-1.2468872,0.0524292,5.359375,-26.3125,-5.109375
1696000877122,0.19458008,-1.1482544,0.0040893555,0.578125,-29.96875,15.015625
1696000877162,-0.17773438,-0.85528564,-0.08404541,1.96875,-15.421875,-17.6875
1696000877202,0.44628906,-1.3413696,-0.014709473,11.234375,-15.328125,6.703125
1696000877242,0.21972656,-1.078186,-0.03717041,5.171875,-32.71875,1.65625
1696000877282,-0.11791992,-0.9365845,0.015319824,1.125,-22.578125,7.546875
1696000877322,-0.026123047,-0.8584595,0.062927246,4.75,-12.375,-1.1875
1696000877362,0.15405273,-0.692688,-0.0071411133,3.640625,-19.375,4.796875
1696000877402,0.068603516,-0.63604736,0.021911621,10.6875,-29.515625,6.5625
1696000877442,0.099853516,-0.692688,-0.04107666,7.171875,-38.875,2.265625
1696000877482,0.08154297,-0.6526489,-0.0015258789,-0.59375,-41.21875,1.21875
1696000877522,0.010009766,-0.86187744,0.05706787,3.3125,-45.46875,-0.40625
1696000877562,-0.09716797,-0.9439087,0.08319092,-7.0,-36.828125,-7.671875
1696000877602,0.07128906,-0.88287354,0.12445068,-9.375,-34.203125,4.0625
1696000877642,-0.16918945,-0.98028564,0.082458496,-8.3125,-29.265625,0.328125
1696000877682,-0.14453125,-0.9182739,0.17572021,-13.0,-8.15625,-2.453125
1696000877722,0.079589844,-1.2556763,0.09320068,-12.078125,-3.75,-7.28125
1696000877762,0.38500977,-1.895813,-0.0869751,-2.890625,-21.921875,-13.53125
1696000877802,0.6784668,-1.3884888,0.2387085,-14.265625,5.984375,25.71875
1696000877842,-0.21679688,-1.3963013,0.18084717,-14.859375,4.078125,-8.765625
1696000877882,0.30151367,-0.7852173,0.22796631,-1.5625,-10.21875,9.046875
1696000877922,-0.049316406,-0.7156372,0.21307373,-6.0,-10.984375,4.6875
1696000877962,-0.08959961,-0.58551025,0.16473389,-5.515625,-6.546875,2.90625
1696000878002,0.022949219,-0.5198364,0.059020996,-3.4375,9.65625,-5.65625
1696000878042,0.092041016,-0.5796509,0.19573975,2.234375,18.78125,-7.53125
1696000878082,0.12109375,-0.7007446,0.15325928,3.515625,14.296875,-9.125
1696000878122,0.17456055,-0.93170166,0.23968506,11.9375,9.921875,-12.5625
1696000878162,-0.021240234,-0.7510376,0.1774292,3.359375,-4.03125,-10.9375
1696000878202,0.1159668,-0.8015747,0.21551514,11.453125,-3.15625,-13.640625
1696000878242,0.048339844,-1.1201782,0.26654053,17.390625,-3.75,-12.953125
1696000878282,0.20385742,-1.3760376,-0.21490479,27.03125,-30.5625,-9.625
1696000878322,-0.17675781,-1.4951782,0.11273193,12.390625,-31.28125,8.421875
1696000878362,-0.18139648,-1.718811,-0.03765869,2.109375,-13.375,-15.984375
1696000878402,0.16967773,-1.317688,0.09515381,-4.125,-3.734375,-2.59375
1696000878442,-0.044677734,-1.1045532,0.031677246,3.921875,-25.125,3.59375
1696000878482,-0.24194336,-0.87750244,0.026306152,2.109375,-12.734375,-3.953125
1696000878522,0.12817383,-0.73809814,-0.033996582,2.203125,-17.65625,6.984375
1696000878562,0.035888672,-0.39996338,0.034606934,14.140625,-34.25,9.34375
1696000878602,0.0,-0.52423096,-0.06964111,12.5,-35.375,11.234375
1696000878642,0.06274414,-0.6187134,0.027038574,19.421875,-40.96875,11.984375
1696000878682,-0.111328125,-0.72076416,-0.031311035,17.828125,-46.015625,11.890625
1696000878722,-0.2644043,-0.8518677,-0.14459229,13.671875,-32.328125,7.109375
1696000878762,0.05444336,-0.9690552,-0.051574707,12.859375,-20.15625,5.546875
1696000878802,-0.067871094,-1.5147095,0.2189331,10.8125,-12.8125,7.203125
1696000878842,0.14160156,-1.5276489,-0.11578369,-3.875,-6.78125,5.015625
1696000878882,0.46777344,-1.765686,0.19866943,2.046875,-4.921875,10.453125
1696000878922,0.07446289,-1.5525513,-0.06500244,-15.25,-11.5625,10.84375
1696000878962,-0.18383789,-1.0408325,0.0036010742,-11.0,-2.234375,-7.40625
1696000879002,0.025634766,-0.6565552,0.12176514,-4.828125,3.6875,-5.953125
1696000879042,0.083740234,-0.7398071,0.15618896,-5.21875,5.21875,0.109375
1696000879082,0.23144531,-0.7102661,0.16693115,-4.046875,-6.140625,-0.9375
1696000879122,-0.057373047,-0.6038208,0.06951904,-1.84375,0.96875,-5.359375
1696000879162,-0.0087890625,-0.33551025,0.011657715,-6.375,4.65625,-9.546875
1696000879202,0.08154297,-0.8518677,0.1642456,4.34375,-6.125,-12.1875
1696000879242,-0.19702148,-1.2700806,0.1864624,0.4375,-8.90625,-21.65625
1696000879282,-0.079589844,-0.83184814,0.15130615,-6.953125,3.890625,-22.21875
1696000879322,-0.0012207031,-0.68096924,0.18353271,-4.921875,-12.125,-16.765625
1696000879362,-0.21142578,-1.3521118,-0.35455322,9.078125,-22.640625,-22.171875
1696000879402,0.3491211,-2.0,-0.50909424,19.859375,2.34375,-15.078125
1696000879442,0.3876953,-1.7825317,-0.1116333,-8.53125,-10.53125,17.28125
1696000879482,-0.3371582,-1.1355591,-0.027160645,-0.4375,-14.265625,-0.21875
1696000879522,0.3076172,-1.1965942,0.03363037,-12.40625,-17.9375,-10.71875
1696000879562,0.16186523,-0.8467407,0.031433105,5.8125,-25.515625,14.125
1696000879602,0.052246094,-0.6135864,0.010681152,6.734375,-38.421875,12.6875
1696000879642,-0.016601562,-0.73809814,-0.04034424,4.78125,-40.03125,15.421875
1696000879682,0.01586914,-0.7444458,-0.12799072,3.109375,-39.28125,13.90625
1696000879722,0.028564453,-0.85601807,-0.07501221,-1.46875,-41.65625,16.890625
1696000879762,-0.053955078,-0.98150635,0.10223389,-2.234375,-52.046875,14.828125
1696000879802,-0.23339844,-0.9229126,0.12957764,-12.9375,-41.421875,1.21875
1696000879842,0.1328125,-1.2456665,-0.22979736,-13.5,-45.65625,1.1875
1696000879882,0.7944336,-1.4761353,0.16448975,-4.140625,-27.234375,1.0625
1696000879922,0.67749023,-1.2085571,-0.049621582,-3.515625,-51.46875,27.171875
1696000879962,-0.25219727,-1.4761353,-0.05596924,3.40625,-39.6875,-0.203125
1696000880002,0.02368164,-0.7522583,0.08905029,-9.1875,-16.375,-1.875
1696000880042,0.16918945,-0.57232666,0.036071777,0.84375,-22.25,12.1875
1696000880082,-0.032470703,-0.63409424,0.10003662,7.96875,-17.78125,0.046875
1696000880122,0.041503906,-0.7073364,0.13128662,4.328125,-4.765625,-1.15625
1696000880162,0.15039062,-0.77593994,0.17718506,-1.25,3.40625,-2.328125
1696000880202,0.16503906,-0.6109009,0.1593628,-5.8125,5.21875,-2.75
1696000880242,0.1586914,-0.72979736,0.15618896,-4.484375,5.71875,-12.03125
1696000880282,0.08544922,-0.7737427,0.14813232,-3.578125,2.328125,-18.421875
1696000880322,0.09057617,-0.94244385,0.22943115,0.65625,7.46875,-18.109375
1696000880362,-0.037109375,-0.8496704,0.13470459,-5.40625,3.828125,-16.4375
1696000880402,0.16235352,-0.75860596,0.00091552734,-4.921875,-0.8125,-9.53125
1696000880442,-0.040039062,-1.3132935,-0.051086426,4.21875,-2.5,-10.125
1696000880482,0.23339844,-1.5403442,-0.13043213,0.46875,-23.890625,10.265625
1696000880522,0.40820312,-1.9553833,-0.17022705,8.609375,-25.890625,-0.71875
1696000880562,-0.32348633,-1.4917603,0.15350342,7.03125,-23.25,22.671875
1696000880602,-0.46118164,-0.98638916,0.14154053,-11.203125,8.4375,-20.859375
1696000880642,0.21459961,-0.848938,-0.07232666,-15.5625,15.796875,8.484375
1696000880682,0.30615234,-0.40216064,0.016540527,-12.0,-15.453125,10.875
1696000880722,-0.071777344,-0.28619385,-0.026916504,0.765625,-31.75,14.84375
1696000880762,0.020507812,-0.6292114,0.10638428,-1.265625,-25.09375,3.671875
1696000880802,0.03564453,-0.5081177,0.015563965,-0.375,-29.671875,15.125
1696000880842,-0.14916992,-0.8858032,0.024841309,4.234375,-23.640625,10.203125
1696000880882,-0.068359375,-0.6096802,0.13006592,0.8125,-18.59375,3.390625
1696000880922,-0.045654297,-1.5352173,0.08148193,18.765625,-0.390625,13.109375
1696000880962,0.061279297,-1.697815,0.29901123,-4.03125,-1.578125,-12.34375
1696000881002,1.1005859,-1.7280884,0.11444092,-6.796875,15.484375,37.578125
1696000881042,-0.44018555,-1.3557739,0.26312256,-5.0625,-12.546875,7.890625
1696000881082,0.05908203,-1.180481,0.2543335,-2.390625,20.546875,-19.234375
1696000881122,0.32226562,-1.0083618,0.29119873,-5.0,7.953125,-12.171875
1696000881162,0.0068359375,-0.73028564,0.15570068,-10.578125,11.421875,10.9375
1696000881202,0.05444336,-0.42974854,0.043395996,-1.65625,14.171875,-5.484375
1696000881242,0.12548828,-0.42803955,0.046325684,3.59375,26.90625,-6.546875
1696000881282,0.28295898,-0.7258911,0.11053467,5.65625,25.109375,-8.484375
1696000881322,0.16430664,-0.70928955,0.04852295,6.125,21.65625,-6.0
1696000881362,0.20825195,-0.6585083,0.15740967,7.875,0.828125,-9.078125
1696000881402,-0.041992188,-1.0064087,0.17132568,14.015625,-7.15625,-12.953125
1696000881442,-0.016113281,-0.80596924,0.12054443,5.421875,-6.734375,-14.15625
1696000881482,0.12207031,-1.100647,0.06097412,12.859375,-27.6875,-8.984375
1696000881522,-0.041259766,-1.6069946,-0.16851807,19.078125,-21.640625,-7.109375
1696000881562,0.33862305,-1.5601196,-0.19390869,13.625,-16.109375,4.953125
1696000881602,0.08691406,-2.0,0.1449585,6.953125,-24.46875,13.59375
1696000881642,-0.34448242,-1.4251099,0.29437256,-9.25,2.59375,-10.40625
1696000881682,0.07006836,-1.0952759,0.06463623,-19.859375,19.96875,-3.515625
1696000881722,-0.048339844,-0.57525635,0.058288574,-12.8125,3.671875,-1.53125
1696000881762,-0.048828125,-0.51885986,0.02947998,-6.421875,-3.296875,2.625
1696000881802,0.025634766,-0.54278564,-0.027404785,-5.015625,-8.140625,5.578125
1696000881842,0.14331055,-0.57232666,-0.10284424,0.3125,-10.609375,8.734375
1696000881882,0.15136719,-0.50250244,0.02557373,9.75,-19.859375,14.984375
1696000881922,-0.059814453,-0.8286743,0.29241943,11.1875,-23.8125,17.765625
1696000881962,-0.42114258,-1.3008423,0.07904053,1.515625,-2.859375,-2.5
1696000882002,-0.008056641,-1.0654907,0.14520264,-17.140625,9.0,-10.109375
1696000882042,0.28100586,-1.1575317,-0.028137207,-0.921875,0.515625,6.453125
1696000882082,0.20922852,-1.2080688,0.050720215,-5.3125,-5.15625,9.53125
1696000882122,0.4025879,-1.1782837,0.078063965,-2.78125,-15.53125,15.125
1696000882162,0.38354492,-1.6851196,0.17474365,8.3125,-25.03125,16.578125
1696000882202,-0.009277344,-1.3118286,0.23944092,-15.75,-12.546875,4.546875
1696000882242,0.04296875,-0.9026489,0.06439209,-13.875,3.953125,9.703125
1696000882282,-0.06933594,-0.7124634,0.10467529,-2.5625,-7.46875,-1.3125
1696000882322,0.04345703,-0.90216064,0.26409912,-3.65625,-1.125,2.46875
1696000882362,-0.16479492,-0.784729,0.28778076,-10.671875,11.8125,-7.484375
1696000882402,-0.0546875,-0.5733032,0.1305542,-15.8125,37.1875,-12.0
1696000882442,0.10913086,-0.4680786,0.054382324,-8.515625,43.234375,-12.375
1696000882482,0.1772461,-0.7649536,0.15447998,5.8125,38.875,-17.09375
1696000882522,0.055908203,-0.9011841,0.13861084,1.609375,21.828125,-15.875
1696000882562,0.13208008,-0.7671509,0.14984131,5.328125,19.578125,-14.71875
1696000882602,0.09033203,-0.8323364,0.1762085,13.765625,10.875,-9.734375
1696000882642,0.18774414,-1.3272095,0.023132324,22.796875,-6.0,-10.09375
1696000882682,0.17700195,-1.4749146,-0.0947876,12.796875,-9.921875,-4.359375
1696000882722,0.022949219,-2.0,0.059020996,7.375,-10.0,1.609375
1696000882762,0.024658203,-1.3757935,0.22161865,-4.203125,-1.59375,5.0625
1696000882802,-0.25,-1.4343872,0.11883545,-11.125,11.03125,-2.03125
1696000882842,-0.064697266,-0.8286743,-0.046936035,-16.3125,18.5625,-7.109375
1696000882882,0.23339844,-0.5796509,-0.089660645,-3.0,-0.46875,9.828125
1696000882922,0.103515625,-0.3303833,-0.09649658,0.71875,-15.734375,8.25
1696000882962,-0.0703125,-0.44415283,0.007507324,9.875,-16.203125,13.703125
1696000883002,-0.039794922,-0.722229,0.005554199,9.640625,-14.296875,2.703125
1696000883042,-0.060546875,-0.62872314,0.0211792,6.09375,-13.921875,10.75
1696000883082,-0.07006836,-0.8262329,0.003112793,4.546875,-15.390625,12.46875
1696000883122,0.032470703,-0.72442627,0.020446777,6.296875,-5.984375,6.3125
1696000883162,0.28564453,-1.3128052,0.2741089,12.453125,-2.140625,22.171875
1696000883202,0.19311523,-1.8765259,0.029724121,6.6875,-17.890625,-3.09375
1696000883242,0.8203125,-1.7549438,0.21331787,6.09375,-3.234375,22.40625
1696000883282,0.13378906,-1.6765747,0.10736084,-10.4375,-15.640625,-3.53125
1696000883322,0.10668945,-0.97613525,0.027038574,-3.78125,-5.140625,-2.171875
1696000883362,0.11425781,-0.7241821,0.11175537,3.265625,-5.84375,-1.65625
1696000883402,0.040283203,-0.6946411,0.10418701,0.15625,3.28125,-0.046875
1696000883442,0.013427734,-0.5286255,0.08441162,2.921875,11.296875,-9.28125
1696000883482,0.11669922,-0.4277954,0.073913574,-1.140625,19.40625,-13.640625
1696000883522,0.016357422,-0.66290283,-0.003479004,1.453125,18.25,-14.6875
1696000883562,0.087402344,-0.7046509,0.18695068,0.015625,19.671875,-24.6875
1696000883602,-0.008056641,-0.8418579,0.036071777,-0.890625,9.484375,-12.25
1696000883642,0.12548828,-0.8777466,0.21746826,-1.125,0.75,-13.96875
1696000883682,0.032714844,-0.9907837,-0.0064086914,1.171875,-11.34375,-8.515625
1696000883722,0.0087890625,-1.6953735,-0.013000488,2.546875,-11.78125,-15.46875
1696000883762,0.091796875,-1.5776978,-0.11016846,-0.84375,-16.234375,-5.078125
1696000883802,0.04296875,-1.567688,0.027770996,-12.09375,-0.296875,12.546875
1696000883842,-0.02709961,-1.4575806,0.14447021,-6.25,-8.484375,-13.40625
1696000883882,0.05053711,-1.291565,0.02532959,-3.4375,1.578125,8.34375
1696000883922,-0.020263672,-0.95513916,0.020202637,-2.296875,-8.5,3.0625
1696000883962,-0.10131836,-0.56573486,0.011169434,-5.125,-7.875,1.40625
1696000884002,0.1809082,-0.49957275,0.039978027,-2.671875,-16.859375,15.046875
1696000884042,0.11303711,-0.38702393,-0.031311035,4.234375,-37.359375,19.71875
1696000884082,-0.12133789,-0.5774536,-0.006164551,5.296875,-42.0625,12.484375
1696000884122,0.025878906,-0.5991821,0.059509277,0.75,-34.09375,10.984375
1696000884162,-0.19873047,-0.61260986,0.0016479492,-2.9375,-30.15625,21.4375
1696000884202,-0.11303711,-0.864563,0.039733887,3.671875,-15.703125,3.703125
1696000884242,0.19824219,-1.0877075,0.30316162,11.15625,2.078125,5.140625
1696000884282,0.40039062,-1.7886353,0.355896,7.359375,3.375,14.765625
1696000884322,0.22241211,-2.0,0.25506592,1.046875,18.90625,5.609375
1696000884362,0.6850586,-1.2268677,0.30096436,-25.5,-2.96875,9.109375
1696000884402,-0.2265625,-1.1699829,0.06463623,-9.203125,-8.84375,-5.390625
1696000884442,0.014160156,-0.83795166,0.12884521,-8.453125,-5.515625,-13.25
1696000884482,0.048828125,-0.75250244,0.13812256,-8.546875,6.453125,-13.75
1696000884522,0.1484375,-0.6668091,0.19232178,-4.03125,0.328125,-10.65625
1696000884562,0.06958008,-0.6170044,0.109313965,-3.0,-0.484375,-10.453125
1696000884602,0.043701172,-0.5010376,0.18865967,-3.125,-2.453125,-10.65625
1696000884642,0.04296875,-0.69195557,0.27020264,4.03125,-8.484375,-11.453125
