timestamp,accel_x,accel_y,accel_z,gyro_x,gyro_y,gyro_z,mag_x,mag_y,mag_z
1695987854443,-1.9482422,0.4033203,-0.6191406,-19.75,-66.125,24.59375,0.0,0.0,0.0
1695987854483,-0.044921875,0.3671875,-0.111328125,-201.5,13.21875,77.5,-41.125,-15.8125,4.5625
1695987854523,-1.5410156,0.09667969,-0.50097656,-109.96875,-12.65625,44.96875,0.0,0.0,0.0
1695987854563,-1.9482422,-0.72753906,-1.1210938,798.0625,128.9375,258.71875,0.0,0.0,0.0
1695987854603,-1.9482422,-0.7480469,0.6386719,-215.375,908.53125,112.78125,0.0,0.0,0.0
1695987854643,-0.8876953,-1.1484375,1.2929688,-509.0,-163.28125,87.8125,0.0,0.0,0.0
1695987854683,0.038085938,-0.7373047,0.2919922,135.875,82.96875,80.4375,0.0,0.0,0.0
1695987854723,0.021484375,-0.3564453,0.11816406,-106.3125,-38.96875,-24.0,0.0,0.0,0.0
1695987854763,0.3095703,-0.5576172,0.60058594,-206.34375,-134.1875,-102.125,0.0,0.0,0.0
1695987854803,-0.43164062,-0.4404297,-0.3173828,248.4375,-76.0,-146.90625,0.0,0.0,0.0
1695987854843,-1.9482422,-1.0058594,0.038085938,64.71875,0.28125,-254.09375,0.0,0.0,0.0
1695987854883,-1.9482422,-0.7089844,0.21972656,-28.3125,-156.34375,-157.53125,0.0,0.0,0.0
1695987854923,-1.9169922,-0.10644531,-0.53027344,-164.90625,-53.125,-164.6875,0.0,0.0,0.0
1695987854963,-1.3583984,-0.65722656,-0.2548828,-75.71875,-41.28125,-83.09375,0.0,0.0,0.0
1695987855003,-0.8232422,0.046875,-0.2607422,9.0,-48.59375,-2.34375,-33.625,-19.125,7.6875
1695987855043,0.23242188,0.16601562,-0.30859375,21.8125,15.34375,73.84375,0.0,0.0,0.0
1695987855083,0.60058594,0.15722656,-0.3203125,-2.1875,40.0,133.21875,0.0,0.0,0.0
1695987855123,0.24023438,0.42773438,0.03515625,31.875,-12.96875,75.0,0.0,0.0,0.0
1695987855163,-0.4296875,-0.43066406,-0.5390625,-23.21875,66.1875,-58.3125,0.0,0.0,0.0
1695987855203,-1.3916016,-1.0751953,0.037109375,-270.5,-97.3125,-221.3125,0.0,0.0,0.0
1695987855243,-1.9482422,0.2578125,-0.5234375,-18.78125,1.125,88.0,0.0,0.0,0.0
1695987855283,-0.16699219,0.31054688,-0.06933594,-87.8125,1.6875,112.1875,0.0,0.0,0.0
1695987855323,-1.9482422,-0.20019531,-1.0136719,18.09375,-119.53125,72.6875,0.0,0.0,0.0
1695987855363,-1.78125,-0.7441406,-1.1220703,759.0625,310.21875,243.34375,0.0,0.0,0.0
1695987855403,-1.9482422,-0.14648438,1.3388672,-499.90625,560.9375,86.34375,0.0,0.0,0.0
1695987855443,-0.28320312,-1.9599609,0.5722656,-147.6875,-54.40625,17.375,0.0,0.0,0.0
1695987855483,0.17871094,-0.47070312,0.028320312,47.875,38.625,18.4375,-37.9375,7.0,3.0625
1695987855523,0.17382812,-0.17871094,-0.005859375,98.03125,-8.15625,-120.0625,0.0,0.0,0.0
1695987855563,-0.06933594,-0.6923828,0.06542969,83.9375,-62.59375,-70.8125,0.0,0.0,0.0
1695987855603,-1.1025391,-0.68847656,0.11621094,58.90625,-165.1875,-246.28125,0.0,0.0,0.0
1695987855643,-1.9482422,-2.0107422,-0.29003906,-198.21875,-34.3125,-394.125,0.0,0.0,0.0
1695987855683,-1.9482422,0.3828125,-0.4765625,-261.625,-81.03125,-144.84375,0.0,0.0,0.0
1695987855723,-0.8359375,-0.8046875,0.12695312,49.59375,5.46875,-27.65625,0.0,0.0,0.0
1695987855763,-0.79296875,-0.08691406,-0.37109375,95.3125,-42.75,2.5625,0.0,0.0,0.0
1695987855803,-0.095703125,0.42285156,-0.4140625,10.53125,-23.71875,67.25,0.0,0.0,0.0
1695987855843,0.5019531,0.35546875,-0.3154297,-30.25,-2.34375,128.15625,0.0,0.0,0.0
1695987855883,0.71972656,0.4345703,0.17089844,106.40625,-5.28125,100.46875,0.0,0.0,0.0
1695987855923,-0.1171875,-0.32226562,-0.033203125,57.625,81.53125,-45.1875,0.0,0.0,0.0
1695987855963,-1.9482422,-0.7246094,1.4570312,37.5,5.53125,-141.1875,0.0,0.0,0.0
1695987856003,-1.9482422,0.19433594,-0.7753906,-203.03125,0.03125,161.5625,-25.5,-15.6875,16.0625
1695987856043,0.025390625,0.30566406,-0.0107421875,6.5,21.34375,154.28125,0.0,0.0,0.0
1695987856083,-1.9482422,-0.11621094,-0.6503906,56.78125,-26.75,75.3125,0.0,0.0,0.0
1695987856123,-1.9482422,-0.55566406,-1.2597656,516.5,236.96875,240.40625,0.0,0.0,0.0
1695987856163,-1.9482422,0.5908203,1.9941406,450.65625,509.5,161.25,0.0,0.0,0.0
1695987856203,0.022460938,-1.2675781,0.45117188,-34.71875,-41.96875,43.09375,0.0,0.0,0.0
1695987856243,0.23144531,-0.6279297,0.07519531,-11.40625,-11.875,34.0625,0.0,0.0,0.0
1695987856283,0.46777344,-0.37695312,0.31347656,35.71875,3.03125,-76.78125,0.0,0.0,0.0
1695987856323,0.111328125,-0.75,0.26757812,-2.40625,-89.0,-156.9375,0.0,0.0,0.0
1695987856363,-0.9902344,-0.73046875,-0.2841797,138.75,-171.96875,-188.65625,0.0,0.0,0.0
1695987856403,-1.9482422,-1.8134766,-0.2841797,-15.1875,166.90625,-259.28125,0.0,0.0,0.0
1695987856443,-1.9482422,0.46191406,-0.7050781,-67.59375,-48.5625,-160.65625,0.0,0.0,0.0
1695987856483,-1.3632812,-0.22949219,-0.18554688,-216.78125,25.5625,-81.625,-32.125,-11.625,14.125
1695987856523,-0.9580078,-0.3076172,-0.09863281,45.96875,-7.59375,-27.65625,0.0,0.0,0.0
1695987856563,-0.5361328,0.62597656,-0.28710938,7.78125,-12.71875,27.5625,0.0,0.0,0.0
1695987856603,0.52246094,0.45507812,-0.46972656,-46.90625,61.4375,114.0,0.0,0.0,0.0
1695987856643,1.1484375,0.001953125,0.6201172,18.5625,-83.15625,104.65625,0.0,0.0,0.0
1695987856683,-0.07128906,-0.35839844,-1.0791016,27.25,91.84375,-67.21875,0.0,0.0,0.0
1695987856723,-1.9482422,-0.7705078,1.5273438,44.15625,-64.28125,-157.65625,0.0,0.0,0.0
1695987856763,-1.9482422,0.24609375,-0.76953125,-155.0,-60.5,176.1875,0.0,0.0,0.0
1695987856803,-0.34472656,0.59277344,-0.001953125,5.75,6.625,88.1875,0.0,0.0,0.0
1695987856843,-1.9482422,-0.10449219,-0.6699219,24.3125,-50.25,186.15625,0.0,0.0,0.0
1695987856883,-1.9482422,-0.9248047,-1.1308594,869.96875,292.15625,270.5,0.0,0.0,0.0
1695987856923,-1.9482422,-1.3984375,0.15429688,-998.5625,35.6875,66.15625,0.0,0.0,0.0
1695987856963,-0.045898438,-1.1884766,0.54589844,321.125,26.53125,94.53125,0.0,0.0,0.0
1695987857003,0.16992188,-0.45703125,0.0029296875,68.03125,94.75,72.625,-36.4375,16.125,9.3125
1695987857043,0.22167969,-0.29785156,0.18359375,42.9375,-20.96875,-48.84375,0.0,0.0,0.0
1695987857083,0.29589844,-0.6347656,0.4140625,-175.15625,-172.28125,-57.75,0.0,0.0,0.0
1695987857123,-0.51953125,-0.3857422,-0.018554688,151.625,-75.53125,-199.96875,0.0,0.0,0.0
1695987857163,-1.9482422,-2.0107422,-0.16699219,0.3125,10.40625,-506.84375,0.0,0.0,0.0
1695987857203,-1.9482422,0.9580078,-0.4970703,-402.0625,-111.90625,-147.53125,0.0,0.0,0.0
1695987857243,-1.3681641,-0.3125,-0.16992188,-160.375,28.59375,-50.84375,0.0,0.0,0.0
1695987857283,-0.8515625,-0.18652344,-0.060546875,36.15625,-21.375,-44.3125,0.0,0.0,0.0
1695987857323,-0.23144531,0.6503906,-0.27539062,31.34375,-40.5,18.84375,0.0,0.0,0.0
1695987857363,0.6064453,0.57421875,-0.26660156,-81.65625,47.21875,124.375,0.0,0.0,0.0
1695987857403,0.7060547,0.6269531,0.2890625,160.90625,-109.59375,58.34375,0.0,0.0,0.0
1695987857443,0.0,0.044921875,-0.25585938,5.34375,67.84375,24.90625,0.0,0.0,0.0
1695987857483,-0.76660156,-0.69140625,-0.7470703,45.5625,99.03125,-100.53125,-28.0625,-21.375,6.0625
1695987857523,-1.9482422,-1.7011719,-0.66503906,-742.34375,-118.4375,-62.375,0.0,0.0,0.0
1695987857563,-0.36816406,0.36914062,-0.21289062,110.375,-52.875,151.46875,0.0,0.0,0.0
1695987857603,-1.9482422,-0.37304688,-0.7529297,115.25,-72.28125,143.0625,0.0,0.0,0.0
1695987857643,-1.7646484,-0.55371094,-0.81640625,505.34375,141.03125,224.96875,0.0,0.0,0.0
1695987857683,-1.4863281,0.40820312,1.9941406,338.65625,428.625,164.0,0.0,0.0,0.0
1695987857723,-0.4951172,-1.1201172,0.8339844,-399.28125,-240.6875,123.9375,0.0,0.0,0.0
1695987857763,0.2890625,-0.67285156,0.22558594,58.90625,57.03125,83.3125,0.0,0.0,0.0
1695987857803,0.31640625,-0.5253906,-0.041992188,77.125,7.53125,-57.5,0.0,0.0,0.0
1695987857843,0.32617188,-0.5986328,0.10839844,11.125,-84.3125,-112.25,0.0,0.0,0.0
1695987857883,-0.36035156,-0.33007812,-0.123046875,66.90625,-69.59375,-158.53125,0.0,0.0,0.0
1695987857923,-1.9482422,-2.0107422,-0.27539062,-11.5,-25.90625,-360.125,0.0,0.0,0.0
1695987857963,-1.9482422,0.080078125,-0.12988281,-346.96875,-151.09375,-125.375,0.0,0.0,0.0
1695987858003,-1.6240234,0.11230469,-0.40234375,-149.75,39.46875,-67.8125,-36.75,-13.4375,8.5625
1695987858043,-1.0361328,-0.5683594,-0.18945312,49.09375,18.46875,-23.8125,0.0,0.0,0.0
1695987858083,-0.4501953,0.46191406,-0.171875,67.96875,-29.1875,16.34375,0.0,0.0,0.0
1695987858123,0.33984375,0.4111328,-0.4248047,16.8125,-7.96875,95.09375,0.0,0.0,0.0
1695987858163,1.0761719,0.65234375,0.94628906,17.90625,-3.5,97.34375,0.0,0.0,0.0
1695987858203,-0.10058594,0.234375,-0.05859375,-21.59375,102.28125,1.03125,0.0,0.0,0.0
1695987858243,-0.6640625,-0.30566406,-0.76660156,17.125,41.96875,-122.75,0.0,0.0,0.0
1695987858283,-1.9482422,-1.1914062,-0.34277344,-658.375,-1.5625,-107.8125,0.0,0.0,0.0
1695987858323,-0.5703125,0.4404297,-0.12402344,123.5,-94.4375,156.1875,0.0,0.0,0.0
1695987858363,-1.9482422,-0.50878906,-0.5966797,139.84375,-44.6875,172.90625,0.0,0.0,0.0
1695987858403,-1.9482422,-0.91796875,-0.8955078,429.46875,107.09375,235.40625,0.0,0.0,0.0
1695987858443,-1.7685547,-0.08886719,1.4482422,454.4375,472.4375,202.75,0.0,0.0,0.0
1695987858483,-0.3876953,-0.3720703,1.4941406,-444.625,-100.3125,148.0625,-41.5625,7.75,3.625
1695987858523,0.087890625,-0.60546875,0.1328125,128.0625,36.28125,102.15625,0.0,0.0,0.0
1695987858563,0.19824219,-0.7792969,0.091796875,-36.90625,-1.0,-39.875,0.0,0.0,0.0
1695987858603,0.31152344,-0.625,0.25585938,-39.34375,-45.75,-83.03125,0.0,0.0,0.0
1695987858643,-0.09082031,-0.41308594,-0.048828125,69.78125,-78.75,-159.3125,0.0,0.0,0.0
1695987858683,-1.9482422,-1.1894531,-0.16015625,170.6875,-102.1875,-255.25,0.0,0.0,0.0
1695987858723,-1.9482422,-0.54589844,-1.2529297,-214.03125,-167.125,-230.34375,0.0,0.0,0.0
1695987858763,-1.9482422,1.2792969,-0.4765625,-379.75,200.84375,-186.34375,0.0,0.0,0.0
1695987858803,-0.9003906,-0.5917969,-0.11035156,56.1875,57.34375,-25.8125,0.0,0.0,0.0
1695987858843,-0.3955078,0.140625,-0.029296875,5.9375,-39.5625,5.78125,0.0,0.0,0.0
1695987858883,0.055664062,0.56347656,-0.296875,-16.34375,-20.65625,60.40625,0.0,0.0,0.0
1695987858923,0.8466797,0.72753906,0.6640625,120.3125,-17.0625,87.75,0.0,0.0,0.0
1695987858963,0.13378906,0.08300781,0.16699219,15.90625,39.90625,24.90625,0.0,0.0,0.0
1695987859003,-0.59375,-0.32128906,-0.8613281,50.3125,60.65625,-71.53125,-32.25,-6.8125,9.8125
1695987859043,-1.9482422,-1.0214844,1.8847656,49.8125,60.53125,-84.96875,0.0,0.0,0.0
1695987859083,-0.66796875,0.8798828,0.19726562,148.40625,-156.15625,130.84375,0.0,0.0,0.0
1695987859123,-1.296875,-0.1875,-0.35058594,53.125,-35.1875,133.40625,0.0,0.0,0.0
1695987859163,-1.9482422,-0.7763672,-0.92089844,497.21875,16.9375,203.59375,0.0,0.0,0.0
1695987859203,-1.5146484,-1.0888672,-0.64941406,567.09375,323.34375,232.90625,0.0,0.0,0.0
1695987859243,-0.9042969,-0.8496094,0.107421875,-643.84375,-53.25,16.40625,0.0,0.0,0.0
1695987859283,0.13964844,-0.8046875,0.34960938,200.34375,30.3125,106.9375,0.0,0.0,0.0
1695987859323,0.17382812,-0.8154297,0.18261719,-19.875,16.625,-36.8125,0.0,0.0,0.0
1695987859363,0.33496094,-0.44140625,0.20898438,41.65625,-15.96875,-88.875,0.0,0.0,0.0
1695987859403,-0.057617188,-0.3076172,-0.07910156,54.90625,-71.875,-165.84375,0.0,0.0,0.0
1695987859443,-1.9482422,-1.34375,-0.22753906,117.15625,-3.9375,-330.15625,0.0,0.0,0.0
1695987859483,-1.9482422,-0.18554688,-1.2167969,-237.09375,-272.5,-163.9375,-36.0,0.375,-2.0625
1695987859523,-1.7626953,1.0380859,-0.09863281,-330.71875,190.84375,-177.625,0.0,0.0,0.0
1695987859563,-1.0478516,-0.375,-0.2607422,83.28125,50.09375,-12.65625,0.0,0.0,0.0
1695987859603,-0.41015625,0.45996094,0.043945312,21.5,-43.3125,3.34375,0.0,0.0,0.0
1695987859643,0.24804688,0.4033203,-0.18652344,13.8125,-24.875,76.34375,0.0,0.0,0.0
1695987859683,1.0126953,0.3232422,0.6376953,-15.3125,-6.75,122.5625,0.0,0.0,0.0
1695987859723,-0.10644531,0.115234375,0.043945312,67.96875,50.28125,8.84375,0.0,0.0,0.0
1695987859763,-0.7236328,-0.2578125,-0.7998047,98.15625,55.21875,-93.9375,0.0,0.0,0.0
1695987859803,-1.9482422,-0.5888672,1.9941406,33.21875,81.9375,-59.46875,0.0,0.0,0.0
1695987859843,-0.7294922,0.5996094,-0.14941406,175.8125,-50.9375,92.09375,0.0,0.0,0.0
1695987859883,-1.4316406,-0.21972656,-0.41601562,21.75,2.71875,134.6875,0.0,0.0,0.0
1695987859923,-1.9482422,-0.64160156,-0.8535156,461.875,-43.96875,205.4375,0.0,0.0,0.0
1695987859963,-1.4931641,-0.7890625,-0.78027344,550.9375,245.53125,255.25,0.0,0.0,0.0
1695987860003,-1.296875,-0.78027344,-0.041992188,-709.875,-134.71875,118.03125,-36.4375,7.125,-7.1875
1695987860043,0.45996094,-1.0537109,0.5214844,-26.96875,17.90625,80.1875,0.0,0.0,0.0
1695987860083,0.2998047,-0.9746094,0.016601562,41.96875,-16.8125,4.6875,0.0,0.0,0.0
1695987860123,0.31445312,-0.54785156,0.13769531,-35.875,-22.71875,-107.5625,0.0,0.0,0.0
1695987860163,-0.25878906,-0.27148438,-0.11816406,18.03125,-87.375,-180.75,0.0,0.0,0.0
1695987860203,-1.9482422,-1.4833984,-0.08886719,48.0625,-25.65625,-329.0,0.0,0.0,0.0
1695987860243,-1.9482422,-0.091796875,-0.7519531,-203.40625,-339.5,-155.15625,0.0,0.0,0.0
1695987860283,-1.6386719,0.38671875,-0.15917969,-280.625,103.0625,-150.78125,0.0,0.0,0.0
1695987860323,-1.1923828,-0.32910156,-0.37402344,42.375,51.96875,-52.125,0.0,0.0,0.0
1695987860363,-0.6220703,0.57421875,0.0087890625,34.3125,-11.125,-12.28125,0.0,0.0,0.0
1695987860403,0.22753906,0.5019531,-0.22949219,-1.1875,-7.53125,74.09375,0.0,0.0,0.0
1695987860443,1.2236328,0.34179688,0.5810547,65.15625,-85.59375,100.21875,0.0,0.0,0.0
1695987860483,-0.0234375,-0.18457031,-0.4794922,-1.5,106.0,19.09375,-30.9375,-12.25,0.9375
1695987860523,-0.6972656,-0.24609375,-0.6269531,141.4375,8.03125,-73.125,0.0,0.0,0.0
1695987860563,-1.9482422,-1.1650391,1.3183594,-326.40625,108.6875,-83.9375,0.0,0.0,0.0
1695987860603,-0.6894531,0.49121094,-0.14160156,74.0,-63.6875,100.875,0.0,0.0,0.0
1695987860643,-1.3710938,0.11035156,-0.3955078,-61.625,-8.25,108.875,0.0,0.0,0.0
1695987860683,-1.9482422,-0.47558594,-0.6982422,445.625,-127.15625,133.0,0.0,0.0,0.0
1695987860723,-1.4814453,-0.66308594,-0.7734375,567.71875,276.9375,280.8125,0.0,0.0,0.0
1695987860763,-1.2226562,-1.0742188,-0.013671875,-854.65625,-194.71875,98.6875,0.0,0.0,0.0
1695987860803,0.12109375,-0.9453125,0.23632812,238.4375,52.34375,115.90625,0.0,0.0,0.0
1695987860843,0.25585938,-0.85058594,0.2548828,-81.59375,13.21875,-24.1875,0.0,0.0,0.0
1695987860883,0.2607422,-0.63183594,0.1953125,23.15625,-51.34375,-72.03125,0.0,0.0,0.0
1695987860923,-0.4580078,-0.42382812,-0.15722656,170.90625,-48.4375,-141.96875,0.0,0.0,0.0
1695987860963,-1.9482422,-1.5869141,-0.31347656,9.71875,-44.34375,-369.03125,0.0,0.0,0.0
1695987861003,-1.9482422,-0.103515625,-1.3984375,-270.65625,-304.28125,-171.9375,-36.3125,-6.5,6.8125
1695987861043,-1.9482422,0.16992188,0.4326172,-291.78125,217.125,-190.6875,0.0,0.0,0.0
1695987861083,-1.2373047,-0.33007812,-0.46191406,104.46875,27.3125,-54.6875,0.0,0.0,0.0
1695987861123,-0.4716797,0.6230469,-0.16308594,-27.4375,7.375,-10.8125,0.0,0.0,0.0
1695987861163,0.35546875,0.5527344,-0.20019531,-2.71875,14.4375,57.5,0.0,0.0,0.0
1695987861203,1.2617188,0.45117188,0.77734375,109.28125,-92.6875,101.96875,0.0,0.0,0.0
1695987861243,-0.020507812,-0.19140625,-0.609375,33.53125,74.0,42.90625,0.0,0.0,0.0
1695987861283,-1.0742188,-0.9160156,-1.1171875,261.5625,-9.1875,-107.90625,0.0,0.0,0.0
1695987861323,-1.9482422,0.25195312,0.0029296875,-501.8125,127.71875,-15.8125,0.0,0.0,0.0
1695987861363,-0.19921875,0.6923828,-0.13476562,-80.125,-81.1875,83.78125,0.0,0.0,0.0
1695987861403,-1.9482422,-0.37109375,-0.6113281,36.34375,-94.8125,144.03125,0.0,0.0,0.0
1695987861443,-1.9091797,-0.7060547,-0.7080078,796.40625,139.75,239.5,0.0,0.0,0.0
1695987861483,-1.4238281,-0.828125,-0.6455078,583.8125,412.9375,249.0625,-40.0625,-5.9375,12.75
1695987861523,-0.7841797,-0.69140625,0.45507812,-649.75,-98.15625,34.78125,0.0,0.0,0.0
1695987861563,-0.12792969,-0.73828125,0.19238281,270.15625,43.84375,81.28125,0.0,0.0,0.0
1695987861603,0.22949219,-0.5888672,0.015625,-6.4375,56.6875,33.0625,0.0,0.0,0.0
1695987861643,0.3076172,-0.5566406,0.22265625,-53.375,-92.4375,-50.71875,0.0,0.0,0.0
1695987861683,-0.22558594,-0.6845703,-0.03125,149.8125,-85.46875,-145.15625,0.0,0.0,0.0
1695987861723,-1.9482422,-1.5097656,-0.2626953,63.1875,-17.46875,-434.09375,0.0,0.0,0.0
1695987861763,-1.9482422,-0.22851562,-1.0849609,-258.78125,-267.78125,-202.21875,0.0,0.0,0.0
1695987861803,-1.9482422,0.984375,0.38671875,-363.75,242.59375,-205.46875,0.0,0.0,0.0
1695987861843,-1.0439453,-0.11328125,-0.39257812,111.03125,32.125,1.28125,0.0,0.0,0.0
1695987861883,-0.42285156,0.33789062,-0.14355469,14.5625,-17.25,5.65625,0.0,0.0,0.0
1695987861923,0.18261719,0.4345703,-0.18359375,11.6875,3.875,101.125,0.0,0.0,0.0
1695987861963,0.9248047,0.4794922,0.46875,109.28125,-139.125,128.09375,0.0,0.0,0.0
1695987862003,0.0146484375,-0.12597656,-0.46679688,88.21875,92.5,6.9375,-30.0,1.875,-5.8125
1695987862043,-0.8564453,-0.7939453,-0.84472656,107.3125,55.46875,-91.625,0.0,0.0,0.0
1695987862083,-1.9482422,-1.6953125,1.890625,-464.28125,43.90625,-144.34375,0.0,0.0,0.0
1695987862123,-0.6142578,0.46777344,-0.17578125,108.96875,-125.40625,77.5625,0.0,0.0,0.0
1695987862163,-1.1728516,0.0126953125,-0.21191406,-111.84375,22.875,78.125,0.0,0.0,0.0
1695987862203,-1.9482422,-0.34960938,-0.8857422,468.65625,-218.15625,135.96875,0.0,0.0,0.0
1695987862243,-1.5615234,-0.8251953,-0.81347656,551.15625,307.96875,300.65625,0.0,0.0,0.0
1695987862283,-1.7138672,0.22070312,1.5048828,123.75,439.84375,162.59375,0.0,0.0,0.0
1695987862323,-0.07128906,-1.4414062,0.4794922,-126.9375,58.25,78.90625,0.0,0.0,0.0
1695987862363,0.42578125,-0.8378906,-0.045898438,71.375,-7.78125,72.125,0.0,0.0,0.0
1695987862403,0.32617188,-0.6044922,0.2421875,-64.0,-34.5,-77.28125,0.0,0.0,0.0
1695987862443,0.033203125,-0.2626953,-0.07421875,63.6875,-62.90625,-160.90625,0.0,0.0,0.0
1695987862483,-1.7851562,-0.8232422,-0.20117188,151.9375,-60.375,-254.96875,-31.8125,7.125,-12.4375
1695987862523,-1.9482422,-0.82910156,-1.1640625,-291.53125,-179.46875,-273.375,0.0,0.0,0.0
1695987862563,-1.8583984,0.85253906,-0.2734375,-258.65625,117.09375,-193.3125,0.0,0.0,0.0
1695987862603,-1.1455078,-0.23535156,-0.5419922,35.375,95.5,-22.34375,0.0,0.0,0.0
1695987862643,-0.5410156,0.22753906,-0.064453125,-1.5625,-8.15625,-4.15625,0.0,0.0,0.0
1695987862683,0.22265625,0.37304688,-0.15039062,-2.96875,12.375,70.84375,0.0,0.0,0.0
1695987862723,1.1640625,0.46972656,0.7636719,16.25,-27.625,112.65625,0.0,0.0,0.0
1695987862763,-0.12890625,-0.048828125,0.36132812,72.03125,68.09375,52.1875,0.0,0.0,0.0
1695987862803,-0.64941406,-0.5126953,-0.83496094,169.9375,25.5625,-87.0,0.0,0.0,0.0
1695987862843,-1.9482422,-1.0400391,-0.28710938,54.28125,111.90625,-30.84375,0.0,0.0,0.0
1695987862883,-1.1025391,1.1464844,0.58203125,-76.6875,38.78125,-21.0625,0.0,0.0,0.0
1695987862923,-1.0625,0.01171875,-0.25683594,-39.09375,-13.4375,104.71875,0.0,0.0,0.0
1695987862963,-1.9482422,-0.6875,-1.0039062,400.0625,-140.53125,184.3125,0.0,0.0,0.0
1695987863003,-1.53125,-0.8535156,-0.87597656,489.59375,214.15625,254.09375,-36.0,-6.6875,-7.9375
1695987863043,-0.86035156,-0.5605469,-0.42285156,185.75,383.21875,120.90625,0.0,0.0,0.0
1695987863083,-0.32910156,-0.49316406,0.35351562,-664.84375,-123.9375,-5.8125,0.0,0.0,0.0
1695987863123,-0.0390625,-0.61621094,-0.10644531,228.40625,38.90625,52.96875,0.0,0.0,0.0
1695987863163,0.140625,-0.49121094,0.13183594,21.15625,-1.71875,2.8125,0.0,0.0,0.0
1695987863203,0.2265625,-0.5292969,-0.0029296875,-78.15625,-84.8125,-66.78125,0.0,0.0,0.0
1695987863243,-1.2363281,-0.8876953,-0.14160156,156.34375,-18.53125,-233.71875,0.0,0.0,0.0
1695987863283,-1.9482422,-1.3925781,-0.6542969,-204.125,-126.0,-401.0,0.0,0.0,0.0
1695987863323,-1.9482422,0.55078125,-0.19824219,-460.4375,-153.09375,-163.78125,0.0,0.0,0.0
1695987863363,-1.5527344,0.09472656,-0.4140625,-86.90625,-7.78125,-53.90625,0.0,0.0,0.0
1695987863403,-0.82910156,-0.1875,-0.28125,109.34375,2.96875,-11.3125,0.0,0.0,0.0
1695987863443,-0.09277344,0.47558594,-0.095703125,-12.78125,-18.875,34.09375,0.0,0.0,0.0
1695987863483,0.70410156,0.28710938,-0.27441406,-52.96875,19.6875,120.90625,-33.625,-17.625,-3.125
1695987863523,1.15625,0.13476562,1.0244141,226.71875,-179.21875,56.3125,0.0,0.0,0.0
1695987863563,0.018554688,-0.01953125,-0.8730469,-119.3125,50.34375,-38.53125,0.0,0.0,0.0
1695987863603,-0.7109375,-0.01953125,-0.4765625,73.03125,-39.46875,-117.625,0.0,0.0,0.0
1695987863643,-1.9482422,-0.99121094,1.9941406,27.3125,247.90625,44.65625,0.0,0.0,0.0
1695987863683,-0.103515625,0.51464844,0.036132812,19.4375,-171.03125,56.21875,0.0,0.0,0.0
1695987863723,-1.9482422,-0.4501953,-0.54589844,227.875,-56.96875,156.1875,0.0,0.0,0.0
1695987863763,-1.9365234,-0.6699219,-0.7636719,526.5,107.875,246.375,0.0,0.0,0.0
1695987863803,-1.125,-0.55371094,-0.5371094,363.90625,295.625,175.78125,0.0,0.0,0.0
1695987863843,-1.0996094,-0.4091797,0.05078125,-728.25,-152.4375,126.28125,0.0,0.0,0.0
1695987863883,0.38183594,-1.3349609,0.8671875,-158.5,100.3125,58.78125,0.0,0.0,0.0
1695987863923,0.09082031,-0.53515625,0.034179688,102.9375,29.5625,52.0,0.0,0.0,0.0
1695987863963,0.28808594,-0.58691406,0.15722656,-54.1875,-40.5,-84.375,0.0,0.0,0.0
1695987864003,-0.42382812,-0.42089844,-0.095703125,144.4375,-58.75,-164.5625,-37.9375,7.4375,-6.25
1695987864043,-1.9482422,-1.3115234,-0.041992188,31.46875,-94.625,-428.59375,0.0,0.0,0.0
1695987864083,-1.9482422,0.36035156,-0.7763672,-436.6875,-362.15625,-184.40625,0.0,0.0,0.0
1695987864123,-1.5058594,0.4794922,-0.26660156,-235.28125,62.28125,-136.3125,0.0,0.0,0.0
1695987864163,-0.90625,-0.5546875,-0.3388672,54.90625,30.5625,-52.5,0.0,0.0,0.0
1695987864203,-0.3544922,0.28320312,-0.18164062,-2.34375,-31.53125,10.625,0.0,0.0,0.0
1695987864243,0.45507812,0.30664062,-0.34375,19.75,-8.21875,92.28125,0.0,0.0,0.0
1695987864283,1.375,0.35546875,1.1748047,16.0625,-43.375,125.46875,0.0,0.0,0.0
1695987864323,-0.16894531,-0.15722656,-0.8623047,20.21875,69.6875,24.46875,0.0,0.0,0.0
1695987864363,-0.40527344,-0.19726562,-0.44140625,244.90625,11.625,-54.09375,0.0,0.0,0.0
1695987864403,-1.9482422,-1.0664062,-0.7480469,-312.53125,206.75,-7.34375,0.0,0.0,0.0
1695987864443,-0.5576172,0.4638672,0.1015625,-122.46875,-6.5625,39.59375,0.0,0.0,0.0
1695987864483,-1.1396484,-0.17675781,-0.32910156,-18.15625,-87.4375,98.8125,-35.6875,-20.1875,1.0625
1695987864523,-1.9482422,-0.6298828,-0.734375,644.625,-91.15625,165.03125,0.0,0.0,0.0
1695987864563,-1.3486328,-0.60839844,-1.0078125,564.0,271.40625,223.25,0.0,0.0,0.0
1695987864603,-1.3857422,1.4208984,1.5253906,-252.65625,285.8125,70.25,0.0,0.0,0.0
1695987864643,0.3095703,-1.8310547,1.4384766,-308.28125,17.4375,95.03125,0.0,0.0,0.0
1695987864683,0.40039062,-0.5878906,0.034179688,95.96875,30.5,35.625,0.0,0.0,0.0
1695987864723,0.25683594,-0.68066406,0.3017578,-21.03125,-87.1875,-33.09375,0.0,0.0,0.0
1695987864763,-0.13964844,-0.31835938,-0.026367188,107.03125,-86.4375,-180.96875,0.0,0.0,0.0
1695987864803,-1.9482422,-1.4130859,-0.1953125,164.5,-29.6875,-323.6875,0.0,0.0,0.0
1695987864843,-1.9482422,-0.26757812,-1.3886719,-383.40625,-383.8125,-148.5,0.0,0.0,0.0
1695987864883,-1.9335938,0.41992188,-0.38085938,-243.25,114.53125,-156.25,0.0,0.0,0.0
1695987864923,-0.98828125,-0.6347656,-0.18554688,109.46875,29.9375,-14.59375,0.0,0.0,0.0
1695987864963,-0.5341797,0.26660156,-0.27539062,111.78125,-51.34375,20.5625,0.0,0.0,0.0
1695987865003,0.25390625,0.5419922,-0.13476562,-5.46875,11.3125,74.6875,-35.4375,-17.3125,6.625
1695987865043,0.796875,0.9316406,0.390625,198.3125,-69.84375,54.90625,0.0,0.0,0.0
1695987865083,0.26953125,0.37597656,0.44140625,-4.3125,57.65625,44.53125,0.0,0.0,0.0
1695987865123,-0.17382812,-0.17382812,-0.5136719,-90.4375,54.96875,-28.75,0.0,0.0,0.0
1695987865163,-1.9482422,-1.6318359,-0.75097656,278.90625,-0.6875,-124.21875,0.0,0.0,0.0
1695987865203,-0.7636719,0.20996094,-0.05859375,-497.34375,-101.15625,104.96875,0.0,0.0,0.0
1695987865243,-1.0019531,0.080078125,-0.2548828,57.21875,36.21875,93.75,0.0,0.0,0.0
1695987865283,-1.9482422,-0.6152344,-0.81933594,603.46875,-29.1875,234.3125,0.0,0.0,0.0
1695987865323,-1.1884766,-0.5390625,-0.92871094,504.34375,256.4375,231.125,0.0,0.0,0.0
1695987865363,-1.0576172,-0.50878906,0.028320312,-796.96875,-110.0625,72.0625,0.0,0.0,0.0
1695987865403,0.30371094,-1.4814453,0.6748047,-202.1875,65.59375,55.40625,0.0,0.0,0.0
1695987865443,0.31933594,-0.73828125,-0.0234375,97.75,-28.40625,19.65625,0.0,0.0,0.0
1695987865483,0.33691406,-0.51171875,0.11816406,21.3125,-54.40625,-79.78125,-37.8125,12.25,2.75
1695987865523,-0.18261719,-0.390625,-0.09765625,77.28125,-89.4375,-183.1875,0.0,0.0,0.0
1695987865563,-1.9482422,-1.7275391,-0.15917969,5.625,8.28125,-378.84375,0.0,0.0,0.0
1695987865603,-1.9482422,-0.080078125,-0.9501953,-347.8125,-320.8125,-172.6875,0.0,0.0,0.0
1695987865643,-1.8271484,-0.1328125,0.099609375,-248.4375,73.71875,-131.46875,0.0,0.0,0.0
1695987865683,-1.1816406,-0.46484375,-0.3486328,140.84375,19.5,-45.3125,0.0,0.0,0.0
1695987865723,-0.46289062,0.5253906,-0.25683594,0.625,-14.5625,1.15625,0.0,0.0,0.0
1695987865763,0.42578125,0.47070312,-0.30273438,-44.28125,20.0625,97.9375,0.0,0.0,0.0
1695987865803,1.3261719,0.3798828,0.76171875,143.9375,-35.0,133.65625,0.0,0.0,0.0
1695987865843,0.04296875,0.09765625,0.16796875,133.8125,54.0,50.09375,0.0,0.0,0.0
1695987865883,-0.7548828,-0.26953125,-0.7138672,62.34375,5.03125,-61.96875,0.0,0.0,0.0
1695987865923,-1.9482422,-0.9892578,1.4873047,151.5625,56.0,-75.21875,0.0,0.0,0.0
1695987865963,-0.4033203,0.78515625,1.9941406,-375.59375,-134.1875,34.90625,0.0,0.0,0.0
1695987866003,-1.0537109,-0.034179688,-0.18359375,161.53125,40.625,116.09375,-31.6875,-16.75,-4.3125
1695987866043,-1.9482422,-0.62890625,-0.9111328,673.78125,32.9375,256.21875,0.0,0.0,0.0
1695987866083,-1.2070312,-0.5957031,-0.8876953,477.25,309.25,177.0,0.0,0.0,0.0
1695987866123,-1.203125,-0.39941406,0.19238281,-801.6875,-149.875,87.40625,0.0,0.0,0.0
1695987866163,0.15917969,-1.3896484,0.8066406,-92.03125,123.09375,74.8125,0.0,0.0,0.0
1695987866203,0.13964844,-0.73339844,0.1953125,67.03125,13.71875,32.40625,0.0,0.0,0.0
1695987866243,0.26171875,-0.64160156,0.23632812,21.1875,-61.96875,-41.21875,0.0,0.0,0.0
1695987866283,-0.10839844,-0.22265625,-0.059570312,94.375,-84.5,-170.1875,0.0,0.0,0.0
1695987866323,-1.9482422,-1.4238281,-0.034179688,103.40625,-63.5,-401.3125,0.0,0.0,0.0
1695987866363,-1.9482422,-0.29589844,-1.2128906,-280.4375,-254.0,-215.28125,0.0,0.0,0.0
1695987866403,-1.9482422,0.5410156,0.15625,-251.0,128.34375,-199.15625,0.0,0.0,0.0
1695987866443,-1.1318359,-0.8642578,-0.34179688,81.5,45.1875,-51.9375,0.0,0.0,0.0
1695987866483,-0.62109375,0.4736328,-0.18457031,20.34375,-38.65625,-17.71875,-36.75,-19.125,14.125
1695987866523,0.23339844,0.67578125,-0.25195312,8.125,-11.25,62.84375,0.0,0.0,0.0
1695987866563,1.078125,0.43847656,0.390625,21.75,25.90625,156.53125,0.0,0.0,0.0
1695987866603,0.0703125,0.0087890625,0.6455078,100.5625,-22.1875,40.6875,0.0,0.0,0.0
1695987866643,-0.609375,-0.44335938,-1.0917969,28.34375,55.8125,-101.34375,0.0,0.0,0.0
1695987866683,-1.8544922,-1.0,0.22265625,-264.0,8.75,-73.3125,0.0,0.0,0.0
1695987866723,-1.5537109,0.44140625,-0.26464844,-30.5625,-45.3125,3.59375,0.0,0.0,0.0
1695987866763,-0.5546875,0.15039062,-0.041992188,-50.5625,-1.84375,95.625,0.0,0.0,0.0
1695987866803,-1.9482422,-0.64160156,-0.7392578,393.75,-209.4375,182.59375,0.0,0.0,0.0
1695987866843,-1.6035156,-0.4091797,-0.70410156,508.875,253.75,274.65625,0.0,0.0,0.0
1695987866883,-1.5048828,-0.89746094,-0.39257812,54.09375,323.21875,159.0625,0.0,0.0,0.0
1695987866923,0.7470703,-1.2822266,1.9941406,-698.9375,-165.75,122.5625,0.0,0.0,0.0
1695987866963,0.33984375,-0.64453125,0.059570312,173.78125,3.8125,131.09375,0.0,0.0,0.0
1695987867003,0.3564453,-0.5839844,0.038085938,-10.0625,7.46875,-11.25,-39.3125,17.75,-1.3125
1695987867043,0.22070312,-0.5546875,-0.013671875,-11.875,-85.96875,-90.03125,0.0,0.0,0.0
1695987867083,-1.4716797,-0.97558594,-0.20898438,173.0625,-73.09375,-222.4375,0.0,0.0,0.0
1695987867123,-1.9482422,-1.3544922,-0.45898438,-111.84375,-76.375,-344.0,0.0,0.0,0.0
1695987867163,-1.9482422,0.20898438,-0.49414062,-416.0625,-209.4375,-249.21875,0.0,0.0,0.0
1695987867203,-1.6455078,0.15234375,-0.18164062,-17.5625,-40.90625,-78.5625,0.0,0.0,0.0
1695987867243,-1.0029297,-0.40722656,-0.20800781,119.90625,5.03125,-25.09375,0.0,0.0,0.0
1695987867283,-0.2998047,0.5029297,-0.27148438,84.1875,-28.34375,14.53125,0.0,0.0,0.0
1695987867323,0.52246094,0.39746094,-0.27734375,-25.6875,4.4375,110.40625,0.0,0.0,0.0
1695987867363,1.140625,0.57128906,1.0234375,208.34375,26.15625,99.0625,0.0,0.0,0.0
1695987867403,0.111328125,0.13964844,-0.35839844,5.46875,27.625,10.125,0.0,0.0,0.0
1695987867443,-0.36132812,-0.21875,-0.41601562,23.28125,36.0,-71.59375,0.0,0.0,0.0
1695987867483,-1.9482422,-2.0107422,0.33203125,-190.28125,180.40625,-181.65625,-41.6875,-10.875,9.625
1695987867523,-0.17578125,0.6308594,-0.017578125,68.25,-83.71875,-33.53125,0.0,0.0,0.0
1695987867563,-1.7998047,-0.3720703,-0.4267578,92.625,-27.6875,253.84375,0.0,0.0,0.0
1695987867603,-1.9482422,-0.36035156,-0.9482422,781.625,177.09375,264.6875,0.0,0.0,0.0
1695987867643,-1.5517578,-0.5722656,-0.6582031,111.96875,292.75,138.90625,0.0,0.0,0.0
1695987867683,-1.6230469,1.0722656,1.4638672,-288.4375,104.21875,144.71875,0.0,0.0,0.0
1695987867723,0.06347656,-0.9501953,0.18457031,159.4375,66.0625,55.46875,0.0,0.0,0.0
1695987867763,0.18066406,-0.7158203,-0.13769531,74.78125,-0.75,77.0625,0.0,0.0,0.0
1695987867803,0.22363281,-0.609375,0.28125,-82.375,-50.4375,-34.875,0.0,0.0,0.0
1695987867843,-0.19921875,-0.14453125,-0.0068359375,-25.5625,-70.65625,-167.96875,0.0,0.0,0.0
1695987867883,-1.9482422,-1.1650391,-0.20019531,257.15625,-169.40625,-273.25,0.0,0.0,0.0
1695987867923,-1.9482422,-1.0878906,-0.6796875,-137.25,-126.0625,-323.0,0.0,0.0,0.0
1695987867963,-1.9482422,0.47070312,-0.58203125,-432.59375,-144.5,-253.5625,0.0,0.0,0.0
1695987868003,-1.7617188,0.2626953,0.3125,67.59375,143.71875,-54.46875,-38.6875,-18.25,10.8125
1695987868043,-0.7998047,0.0078125,-0.15429688,81.6875,-15.90625,-35.53125,0.0,0.0,0.0
1695987868083,0.0390625,0.5576172,-0.14160156,17.40625,18.15625,37.96875,0.0,0.0,0.0
1695987868123,0.9658203,0.5078125,0.6953125,13.28125,79.375,149.34375,0.0,0.0,0.0
1695987868163,0.41796875,0.0625,0.34765625,93.53125,-72.34375,106.25,0.0,0.0,0.0
1695987868203,-0.5488281,-0.36328125,-0.7998047,31.15625,61.375,-14.53125,0.0,0.0,0.0
1695987868243,-1.6152344,-0.7597656,-0.33398438,30.1875,15.0,32.8125,0.0,0.0,0.0
1695987868283,-1.1914062,0.4658203,0.7089844,-535.75,-164.34375,-83.03125,0.0,0.0,0.0
1695987868323,-0.0390625,0.51464844,-0.0859375,-0.78125,-113.71875,-10.375,0.0,0.0,0.0
1695987868363,-1.9482422,-0.25878906,-0.84277344,51.65625,19.8125,204.40625,0.0,0.0,0.0
1695987868403,-1.765625,-0.064453125,-0.9746094,428.4375,127.53125,263.96875,0.0,0.0,0.0
1695987868443,-1.6455078,-0.73535156,-0.609375,232.5625,308.09375,279.28125,0.0,0.0,0.0
1695987868483,0.26367188,-1.1611328,1.9941406,-1024.0,-337.96875,80.625,-45.1875,9.5,-1.1875
1695987868523,0.048828125,-0.4765625,-0.078125,348.34375,-38.46875,149.09375,0.0,0.0,0.0
1695987868563,0.57910156,-0.79785156,0.2421875,58.0,143.84375,3.84375,0.0,0.0,0.0
1695987868603,0.57128906,-1.0478516,0.23144531,30.46875,-103.125,-94.6875,0.0,0.0,0.0
1695987868643,-0.23925781,-0.1875,-0.20117188,120.5625,-70.71875,-187.28125,0.0,0.0,0.0
1695987868683,-1.9482422,-1.4697266,-0.42773438,65.625,49.0,-361.03125,0.0,0.0,0.0
1695987868723,-1.9482422,0.20019531,0.48535156,-470.75,-351.84375,-175.375,0.0,0.0,0.0
1695987868763,-1.9482422,0.10058594,-0.5644531,-49.34375,5.40625,-88.03125,0.0,0.0,0.0
1695987868803,-1.3544922,-0.4267578,-0.19140625,-1.0,34.09375,-44.5625,0.0,0.0,0.0
1695987868843,-0.7207031,0.45214844,-0.12207031,61.65625,-9.65625,2.8125,0.0,0.0,0.0
1695987868883,0.20996094,0.54785156,-0.19433594,23.9375,9.6875,70.65625,0.0,0.0,0.0
1695987868923,1.0097656,0.18945312,0.33203125,16.375,25.375,121.9375,0.0,0.0,0.0
1695987868963,-0.024414062,-0.072265625,0.51171875,-8.71875,13.59375,12.4375,0.0,0.0,0.0
1695987869003,-0.6767578,-0.46972656,-1.0615234,264.0,-18.21875,-76.0625,-42.3125,-7.125,4.6875
1695987869043,-1.9482422,-1.7070312,0.796875,-351.34375,124.1875,-171.46875,0.0,0.0,0.0
1695987869083,-1.0205078,0.7939453,-0.24316406,114.46875,-101.59375,75.625,0.0,0.0,0.0
1695987869123,-1.0908203,0.29785156,-0.25390625,-53.0625,22.4375,96.78125,0.0,0.0,0.0
1695987869163,-1.9482422,-0.13574219,-0.6894531,353.0,-204.75,188.28125,0.0,0.0,0.0
1695987869203,-1.7675781,-0.47070312,-1.1787109,171.71875,159.71875,215.375,0.0,0.0,0.0
1695987869243,-1.9482422,-1.2431641,1.2958984,-386.4375,143.28125,215.03125,0.0,0.0,0.0
1695987869283,-0.34277344,-0.8251953,0.038085938,515.40625,-25.125,90.0625,0.0,0.0,0.0
1695987869323,0.20507812,-0.4404297,-0.24707031,81.9375,56.5,42.09375,0.0,0.0,0.0
1695987869363,0.4189453,-0.6767578,0.171875,-145.0625,-103.90625,-38.40625,0.0,0.0,0.0
1695987869403,0.36816406,-0.56640625,0.12792969,81.125,0.84375,-110.125,0.0,0.0,0.0
1695987869443,-0.24316406,-0.2607422,-0.13867188,121.40625,-69.59375,-154.84375,0.0,0.0,0.0
1695987869483,-1.9482422,-1.4453125,-0.24707031,24.125,-41.15625,-343.8125,-42.3125,9.0625,5.75
1695987869523,-1.9482422,-0.17871094,0.01171875,-470.0,-311.96875,-148.625,0.0,0.0,0.0
1695987869563,-1.9482422,-0.2861328,-0.2734375,-30.8125,52.71875,-69.15625,0.0,0.0,0.0
1695987869603,-1.5117188,-0.68066406,-0.38671875,141.75,13.71875,-34.25,0.0,0.0,0.0
1695987869643,-0.73535156,0.53222656,-0.22851562,45.90625,0.15625,-0.4375,0.0,0.0,0.0
1695987869683,0.1640625,0.5878906,-0.19921875,3.625,9.4375,47.59375,0.0,0.0,0.0
1695987869723,0.7363281,0.36328125,0.19921875,-14.8125,48.625,96.71875,0.0,0.0,0.0
1695987869763,0.08105469,0.07714844,0.7109375,41.28125,-43.90625,77.9375,0.0,0.0,0.0
1695987869803,-0.3466797,-0.3017578,-0.9892578,-6.75,28.71875,-39.75,0.0,0.0,0.0
1695987869843,-0.79785156,-0.55859375,-0.36621094,52.75,-22.125,30.375,0.0,0.0,0.0
1695987869883,-1.9482422,0.10058594,0.99902344,-492.84375,-44.9375,-32.59375,0.0,0.0,0.0
1695987869923,-0.30859375,0.390625,-0.08300781,144.0625,-117.9375,75.5,0.0,0.0,0.0
1695987869963,-1.9482422,-0.47851562,-0.75878906,219.0625,-86.9375,151.25,0.0,0.0,0.0
1695987870003,-1.5058594,-0.60253906,-0.9580078,545.0,137.1875,222.9375,-41.4375,1.875,8.0
1695987870043,-1.6972656,-1.1064453,-0.39941406,158.03125,423.8125,139.34375,0.0,0.0,0.0
1695987870083,0.7949219,-1.9248047,1.9941406,-720.25,-204.3125,44.84375,0.0,0.0,0.0
1695987870123,-0.07128906,-0.6542969,-0.016601562,143.21875,18.46875,61.28125,0.0,0.0,0.0
1695987870163,0.28027344,-0.5595703,0.16015625,34.625,24.375,-33.59375,0.0,0.0,0.0
1695987870203,0.23730469,-0.4482422,-0.27539062,191.1875,17.625,-114.875,0.0,0.0,0.0
1695987870243,-0.95703125,-0.6171875,-0.0068359375,64.46875,-101.40625,-158.59375,0.0,0.0,0.0
1695987870283,-1.9482422,-1.1640625,-0.44921875,-67.375,-33.78125,-309.09375,0.0,0.0,0.0
1695987870323,-1.9482422,0.37402344,0.7529297,-478.375,58.3125,-245.5625,0.0,0.0,0.0
1695987870363,-1.5488281,0.021484375,-0.8310547,-66.8125,15.59375,-86.6875,0.0,0.0,0.0
1695987870403,-1.0458984,0.17871094,-0.09082031,37.9375,-14.25,-23.75,0.0,0.0,0.0
1695987870443,-0.064453125,0.58496094,-0.19140625,-17.4375,-8.5,16.90625,0.0,0.0,0.0
1695987870483,0.6904297,0.21777344,-0.20507812,-96.84375,56.125,78.3125,-41.5625,-10.0,-0.875
1695987870523,0.50097656,-0.25195312,0.66015625,69.25,-68.4375,65.1875,0.0,0.0,0.0
1695987870563,-0.22753906,-0.36035156,-1.2314453,-0.71875,15.46875,-1.65625,0.0,0.0,0.0
1695987870603,-0.5,-0.043945312,-0.28515625,23.9375,49.96875,-19.84375,0.0,0.0,0.0
1695987870643,-1.9482422,-1.1445312,0.7949219,-249.1875,11.03125,-146.4375,0.0,0.0,0.0
1695987870683,-0.3544922,0.6220703,-0.16601562,136.375,-133.09375,90.875,0.0,0.0,0.0
1695987870723,-1.6884766,0.2421875,-0.64453125,-50.34375,-26.09375,158.125,0.0,0.0,0.0
1695987870763,-1.9482422,-0.34277344,-0.77734375,179.96875,-10.875,171.0,0.0,0.0,0.0
1695987870803,-1.6259766,-0.8076172,-0.57714844,308.5625,141.28125,246.875,0.0,0.0,0.0
1695987870843,-0.9951172,-1.4023438,-0.029296875,-768.78125,-105.0625,131.75,0.0,0.0,0.0
1695987870883,-0.2890625,-0.5605469,-0.12988281,324.3125,22.9375,70.90625,0.0,0.0,0.0
1695987870923,0.25195312,-0.7265625,0.2548828,2.34375,53.8125,-13.5,0.0,0.0,0.0
1695987870963,0.47265625,-0.56347656,0.19140625,27.78125,-37.0625,-95.09375,0.0,0.0,0.0
1695987871003,-0.29003906,-0.24804688,0.026367188,-23.46875,-45.375,-190.6875,-36.3125,23.0,0.9375
1695987871043,-1.9482422,-0.74316406,-0.083984375,41.09375,-62.28125,-242.875,0.0,0.0,0.0
1695987871083,-1.9482422,-0.46191406,-0.4033203,-290.8125,-134.0625,-238.34375,0.0,0.0,0.0
1695987871123,-1.9482422,0.63964844,-0.9404297,-248.9375,2.40625,-164.0,0.0,0.0,0.0
1695987871163,-1.2548828,-0.82910156,-0.29296875,45.3125,80.59375,-40.90625,0.0,0.0,0.0
1695987871203,-0.8017578,0.15527344,-0.25683594,-31.96875,-13.40625,-37.84375,0.0,0.0,0.0
1695987871243,0.10449219,0.77246094,-0.0126953125,27.3125,13.21875,23.5,0.0,0.0,0.0
1695987871283,0.70410156,0.44921875,0.015625,-38.25,16.21875,119.9375,0.0,0.0,0.0
1695987871323,0.107421875,-0.001953125,0.7441406,48.0,-59.71875,66.03125,0.0,0.0,0.0
1695987871363,-0.34179688,-0.31835938,-1.2392578,62.21875,23.90625,-31.875,0.0,0.0,0.0
1695987871403,-1.3867188,-0.18261719,0.35839844,83.28125,36.40625,37.96875,0.0,0.0,0.0
1695987871443,-1.9482422,-0.203125,-0.24804688,-395.0625,-73.5,7.5,0.0,0.0,0.0
1695987871483,-0.51660156,0.4873047,-0.032226562,109.21875,-82.25,98.8125,-52.5,-11.9375,-4.4375
1695987871523,-1.9482422,-0.20800781,-0.74316406,130.34375,-102.0,239.25,0.0,0.0,0.0
1695987871563,-1.7167969,-0.6357422,-0.7392578,404.75,3.875,266.53125,0.0,0.0,0.0
1695987871603,-1.5273438,-1.1191406,-0.5078125,326.3125,343.40625,205.1875,0.0,0.0,0.0
1695987871643,-0.71972656,-0.9638672,-0.13964844,-651.65625,-170.8125,37.71875,0.0,0.0,0.0
1695987871683,0.27148438,-0.74902344,0.24414062,216.6875,10.15625,75.5625,0.0,0.0,0.0
1695987871723,0.30078125,-0.9111328,-0.18359375,72.78125,9.25,-27.84375,0.0,0.0,0.0
1695987871763,0.2265625,-0.5019531,0.2421875,-65.65625,-101.03125,-135.8125,0.0,0.0,0.0
1695987871803,-0.5986328,-0.12988281,-0.08203125,33.59375,-80.03125,-245.90625,0.0,0.0,0.0
1695987871843,-1.9482422,-1.5527344,-0.19140625,-111.0625,-64.0,-439.9375,0.0,0.0,0.0
1695987871883,-1.9482422,0.22851562,-0.5019531,-405.625,-132.84375,-236.53125,0.0,0.0,0.0
1695987871923,-1.6738281,-0.13867188,-0.4482422,-151.40625,55.34375,-74.90625,0.0,0.0,0.0
1695987871963,-1.1621094,-0.3154297,-0.33203125,47.6875,-12.78125,-65.0625,0.0,0.0,0.0
1695987872003,-0.40625,0.7207031,-0.17578125,-11.75,17.5625,-16.0625,-40.9375,-21.0625,-0.4375
1695987872043,0.4013672,0.6816406,-0.2685547,-66.03125,2.65625,69.8125,0.0,0.0,0.0
1695987872083,1.2939453,0.42871094,0.90234375,186.78125,-86.15625,104.40625,0.0,0.0,0.0
1695987872123,-0.10839844,-0.12597656,0.12695312,-48.0,43.75,76.15625,0.0,0.0,0.0
1695987872163,-1.0136719,-1.4267578,-1.6513672,392.65625,-15.71875,-63.0625,0.0,0.0,0.0
1695987872203,-1.9482422,-0.7089844,-0.6464844,-997.34375,95.875,-20.9375,0.0,0.0,0.0
1695987872243,-0.49804688,0.6875,-0.24023438,162.5,-126.90625,80.1875,0.0,0.0,0.0
1695987872283,-1.9482422,-0.27148438,-0.7402344,70.09375,-50.25,213.6875,0.0,0.0,0.0
1695987872323,-1.6191406,-0.19042969,-0.8310547,354.09375,47.09375,194.9375,0.0,0.0,0.0
1695987872363,-1.7119141,-0.67285156,-0.8261719,188.1875,216.78125,233.21875,0.0,0.0,0.0
1695987872403,-1.1337891,0.4970703,1.7363281,-141.03125,224.65625,194.625,0.0,0.0,0.0
1695987872443,0.3330078,-1.3769531,0.43554688,84.5625,110.6875,-3.5625,0.0,0.0,0.0
1695987872483,0.5136719,-0.88378906,-0.034179688,140.59375,43.375,72.375,-42.4375,19.25,-2.375
1695987872523,0.4013672,-1.1582031,0.2685547,-18.46875,-57.53125,-114.75,0.0,0.0,0.0
1695987872563,-0.40625,-0.23242188,-0.15917969,8.125,-87.65625,-193.75,0.0,0.0,0.0
1695987872603,-1.9482422,-1.2539062,-0.15820312,105.5625,-4.96875,-405.53125,0.0,0.0,0.0
1695987872643,-1.9482422,0.33789062,-0.4189453,-502.71875,-283.21875,-255.1875,0.0,0.0,0.0
1695987872683,-1.9482422,0.6533203,-0.40820312,-139.375,60.53125,-146.875,0.0,0.0,0.0
1695987872723,-0.99121094,-1.0263672,-0.15429688,28.59375,57.53125,-45.53125,0.0,0.0,0.0
1695987872763,-0.6591797,0.5048828,-0.1171875,28.46875,-22.0625,-16.0,0.0,0.0,0.0
1695987872803,0.28222656,0.45214844,-0.25683594,0.5625,7.1875,67.75,0.0,0.0,0.0
1695987872843,1.2929688,0.21679688,0.69140625,76.6875,-70.28125,121.625,0.0,0.0,0.0
1695987872883,0.076171875,0.022460938,0.032226562,17.84375,2.0625,20.0,0.0,0.0,0.0
1695987872923,-0.52246094,-0.22753906,-0.83203125,131.5625,15.0,-39.4375,0.0,0.0,0.0
1695987872963,-1.9482422,-2.0107422,1.7666016,-425.21875,74.5625,-145.15625,0.0,0.0,0.0
1695987873003,-0.3173828,0.9736328,-0.40039062,30.53125,-110.75,91.125,-42.1875,-17.625,-5.5
1695987873043,-1.2128906,0.10839844,-0.6328125,-25.0,-88.90625,167.46875,0.0,0.0,0.0
1695987873083,-1.9482422,-0.58496094,-0.796875,512.21875,-80.34375,170.46875,0.0,0.0,0.0
1695987873123,-1.6337891,-0.703125,-0.70410156,356.34375,267.1875,234.65625,0.0,0.0,0.0
1695987873163,-1.5546875,-0.32128906,1.3505859,-741.375,-68.875,201.90625,0.0,0.0,0.0
1695987873203,-0.053710938,-0.38671875,-0.109375,286.59375,52.78125,188.90625,0.0,0.0,0.0
1695987873243,0.44628906,-0.96972656,0.057617188,-119.59375,-19.5625,-11.84375,0.0,0.0,0.0
1695987873283,0.4033203,-1.0322266,0.43554688,-55.59375,-30.1875,-82.96875,0.0,0.0,0.0
1695987873323,-0.29296875,-0.076171875,-0.09472656,63.375,-90.0,-172.625,0.0,0.0,0.0
1695987873363,-1.9482422,-0.8808594,-0.41015625,191.4375,-113.90625,-219.96875,0.0,0.0,0.0
1695987873403,-1.9482422,-0.5263672,-0.37597656,-177.96875,-158.09375,-258.375,0.0,0.0,0.0
1695987873443,-1.9482422,1.0566406,-0.77441406,-180.28125,27.375,-223.75,0.0,0.0,0.0
1695987873483,-1.4179688,-0.9042969,-0.20117188,-70.90625,130.78125,-21.3125,-38.25,-14.1875,5.125
1695987873523,-0.94140625,-0.0078125,-0.1015625,89.8125,-31.6875,-18.5625,0.0,0.0,0.0
1695987873563,0.018554688,0.76171875,-0.23339844,33.46875,0.28125,46.375,0.0,0.0,0.0
1695987873603,0.80371094,0.4091797,0.1015625,-41.46875,64.5625,166.375,0.0,0.0,0.0
1695987873643,0.234375,-0.032226562,0.6142578,94.4375,-61.5625,68.03125,0.0,0.0,0.0
1695987873683,-0.4501953,-0.28710938,-1.1552734,60.5,32.4375,-49.03125,0.0,0.0,0.0
1695987873723,-1.9482422,-1.1220703,0.61035156,62.8125,74.125,-52.0,0.0,0.0,0.0
1695987873763,-1.34375,0.41503906,-0.3564453,185.03125,-83.21875,11.28125,0.0,0.0,0.0
1695987873803,-0.5800781,0.29101562,-0.2763672,-63.75,-22.59375,75.75,0.0,0.0,0.0
1695987873843,-1.9482422,-0.107421875,-0.8251953,225.84375,-241.46875,191.46875,0.0,0.0,0.0
1695987873883,-1.5615234,-0.3671875,-0.81152344,214.6875,123.3125,179.5625,0.0,0.0,0.0
1695987873923,-1.5771484,-0.6777344,-0.31054688,241.34375,333.84375,242.0625,0.0,0.0,0.0
1695987873963,-0.4111328,-1.2050781,0.0,329.125,-22.90625,78.3125,0.0,0.0,0.0
1695987874003,0.19042969,-0.6845703,-0.0078125,-54.90625,84.3125,48.34375,-41.125,18.25,-5.8125
1695987874043,0.36328125,-0.42382812,0.0146484375,-90.25,1.0,-71.96875,0.0,0.0,0.0
1695987874083,0.08886719,-0.50878906,0.072265625,23.34375,-49.28125,-109.5,0.0,0.0,0.0
1695987874123,-1.6523438,-0.9980469,-0.24414062,246.84375,-66.6875,-152.96875,0.0,0.0,0.0
1695987874163,-1.9482422,-1.1464844,-0.27734375,-29.28125,-108.375,-291.5,0.0,0.0,0.0
1695987874203,-1.9482422,0.50097656,-0.89746094,-468.3125,-195.46875,-177.0625,0.0,0.0,0.0
1695987874243,-1.5673828,-0.11425781,-0.45410156,-29.875,-45.625,-79.21875,0.0,0.0,0.0
1695987874283,-0.88671875,-0.42285156,-0.36621094,26.09375,-7.40625,-49.25,0.0,0.0,0.0
1695987874323,-0.18359375,0.74121094,-0.2705078,26.6875,-22.71875,5.4375,0.0,0.0,0.0
1695987874363,0.5214844,0.46484375,-0.23242188,8.09375,-31.875,80.1875,0.0,0.0,0.0
1695987874403,1.4414062,0.45996094,1.2265625,164.15625,31.84375,72.0,0.0,0.0,0.0
1695987874443,-0.0859375,0.109375,-0.6972656,-18.21875,64.96875,31.65625,0.0,0.0,0.0
1695987874483,-1.0371094,-0.75683594,-0.9199219,189.96875,25.71875,-133.4375,-43.8125,-10.4375,3.9375
1695987874523,-1.9482422,-1.2763672,-0.8925781,-1005.65625,82.3125,-112.25,0.0,0.0,0.0
1695987874563,-0.3671875,0.6152344,-0.21875,-7.84375,-140.71875,68.40625,0.0,0.0,0.0
1695987874603,-1.9482422,-0.5625,-0.6425781,226.53125,-90.53125,200.1875,0.0,0.0,0.0
1695987874643,-1.4667969,-0.6191406,-0.6152344,583.46875,150.0625,226.4375,0.0,0.0,0.0
1695987874683,-1.2451172,-0.5625,-0.65527344,503.75,367.53125,238.875,0.0,0.0,0.0
1695987874723,-1.2802734,-0.09375,0.265625,-626.625,-143.40625,149.21875,0.0,0.0,0.0
1695987874763,0.37402344,-0.48535156,1.9941406,-424.84375,3.9375,84.15625,0.0,0.0,0.0
1695987874803,0.16308594,-0.4970703,-0.018554688,250.4375,1.625,65.90625,0.0,0.0,0.0
1695987874843,0.17089844,-0.56640625,0.103515625,21.625,-5.625,-32.3125,0.0,0.0,0.0
1695987874883,-0.036132812,-0.36816406,-0.13476562,58.0625,-112.21875,-123.3125,0.0,0.0,0.0
1695987874923,-1.9482422,-1.2216797,-0.059570312,76.1875,-46.84375,-402.59375,0.0,0.0,0.0
1695987874963,-1.9482422,-0.27148438,-0.51464844,-233.625,-245.5,-250.25,0.0,0.0,0.0
1695987875003,-1.9482422,1.3027344,-0.01953125,-283.59375,167.6875,-185.0625,-41.6875,-6.375,3.1875
1695987875043,-1.2099609,-0.4794922,-0.5058594,30.78125,26.34375,-30.15625,0.0,0.0,0.0
1695987875083,-0.76660156,0.061523438,-0.17871094,-9.0,-34.6875,-15.21875,0.0,0.0,0.0
1695987875123,0.14941406,0.5839844,-0.2890625,-62.1875,22.8125,56.8125,0.0,0.0,0.0
1695987875163,0.96875,0.2890625,0.16308594,-18.03125,37.28125,164.65625,0.0,0.0,0.0
1695987875203,0.37890625,0.11425781,0.7441406,150.0625,-85.71875,41.1875,0.0,0.0,0.0
1695987875243,-0.5341797,-0.359375,-0.98339844,9.71875,37.9375,-85.53125,0.0,0.0,0.0
1695987875283,-1.3173828,-0.9902344,-0.5439453,150.59375,86.46875,-78.0625,0.0,0.0,0.0
1695987875323,-1.4931641,0.4423828,1.0751953,-424.65625,-38.0625,-41.6875,0.0,0.0,0.0
1695987875363,-0.6308594,0.4658203,-0.171875,-22.875,-40.5,104.40625,0.0,0.0,0.0
1695987875403,-1.9482422,-0.23730469,-0.7910156,294.28125,-129.125,185.84375,0.0,0.0,0.0
1695987875443,-1.6962891,-0.42382812,-0.7167969,292.625,66.5,184.75,0.0,0.0,0.0
1695987875483,-1.2539062,-0.5761719,-0.6855469,363.78125,319.875,227.09375,-48.0,1.0,3.0625
1695987875523,-1.1914062,-0.5878906,0.53027344,-869.96875,-233.96875,104.84375,0.0,0.0,0.0
1695987875563,-0.00390625,-0.73339844,0.11230469,231.59375,8.46875,130.90625,0.0,0.0,0.0
1695987875603,0.32617188,-0.65234375,0.33691406,-52.28125,45.09375,-3.1875,0.0,0.0,0.0
1695987875643,0.3076172,-0.47558594,0.21777344,-1.0625,-34.625,-67.8125,0.0,0.0,0.0
1695987875683,-0.13378906,-0.4814453,-0.115234375,114.28125,-95.4375,-157.53125,0.0,0.0,0.0
1695987875723,-1.9482422,-1.3925781,-0.13378906,126.125,-2.09375,-381.84375,0.0,0.0,0.0
1695987875763,-1.9482422,-0.11035156,-1.0927734,-272.3125,-332.1875,-222.4375,0.0,0.0,0.0
1695987875803,-1.9482422,0.7080078,-0.2548828,-280.5625,308.09375,-216.6875,0.0,0.0,0.0
1695987875843,-1.1962891,-0.6855469,-0.2998047,120.25,35.875,-16.3125,0.0,0.0,0.0
1695987875883,-0.6191406,0.28320312,-0.20117188,35.71875,-40.0625,9.5625,0.0,0.0,0.0
1695987875923,0.24023438,0.6298828,-0.3046875,-9.8125,-2.65625,69.625,0.0,0.0,0.0
1695987875963,1.1640625,0.35058594,0.5908203,115.0625,22.5625,169.4375,0.0,0.0,0.0
1695987876003,0.4033203,0.20800781,0.7470703,116.84375,-22.3125,41.75,-42.625,-8.9375,5.75
1695987876043,-0.421875,-0.2685547,-0.7421875,-76.8125,83.71875,-86.6875,0.0,0.0,0.0
1695987876083,-1.9482422,-0.9609375,-0.66796875,44.46875,8.09375,-57.375,0.0,0.0,0.0
1695987876123,-0.96777344,0.7363281,0.8339844,-193.875,44.46875,-72.46875,0.0,0.0,0.0
1695987876163,-0.6386719,-0.015625,-0.1796875,-75.71875,-26.46875,104.25,0.0,0.0,0.0
1695987876203,-1.9482422,-0.48632812,-0.9111328,389.375,-116.0,213.0,0.0,0.0,0.0
1695987876243,-1.6435547,-0.7314453,-0.8808594,415.4375,168.625,241.125,0.0,0.0,0.0
1695987876283,-1.03125,-0.2998047,-0.63964844,247.40625,385.09375,143.65625,0.0,0.0,0.0
1695987876323,-0.17382812,-0.7763672,1.7871094,-681.6875,-172.15625,52.0625,0.0,0.0,0.0
1695987876363,0.19140625,-0.8466797,-0.041992188,86.75,-2.90625,97.84375,0.0,0.0,0.0
1695987876403,0.27929688,-0.53222656,0.021484375,-7.125,26.21875,-20.875,0.0,0.0,0.0
1695987876443,0.22753906,-0.64453125,0.11328125,-90.90625,-87.375,-79.71875,0.0,0.0,0.0
1695987876483,-0.91308594,-0.7285156,-0.24023438,198.5,-52.8125,-177.1875,-43.1875,17.1875,-2.0625
1695987876523,-1.9482422,-1.6513672,-0.46777344,-43.375,-57.53125,-386.3125,0.0,0.0,0.0
1695987876563,-1.9482422,0.328125,-1.0273438,-448.21875,-335.0,-178.46875,0.0,0.0,0.0
1695987876603,-1.7910156,-0.08691406,0.08300781,-91.21875,120.59375,-112.75,0.0,0.0,0.0
1695987876643,-1.1083984,-0.38183594,-0.43945312,136.0,3.40625,-25.71875,0.0,0.0,0.0
1695987876683,-0.27539062,0.7138672,-0.20019531,65.15625,-24.6875,34.40625,0.0,0.0,0.0
1695987876723,0.5390625,0.50878906,-0.20800781,-19.8125,-1.375,102.71875,0.0,0.0,0.0
1695987876763,1.0712891,0.44433594,0.6591797,315.75,-142.59375,70.125,0.0,0.0,0.0
1695987876803,0.049804688,-0.018554688,-0.2265625,23.65625,60.71875,21.84375,0.0,0.0,0.0
1695987876843,-0.59375,-0.41796875,-0.5498047,-96.65625,70.84375,-100.78125,0.0,0.0,0.0
1695987876883,-1.9482422,-1.3496094,-0.68359375,10.34375,101.78125,-9.96875,0.0,0.0,0.0
1695987876923,-0.13378906,0.7167969,0.7216797,-302.71875,-84.125,51.125,0.0,0.0,0.0
1695987876963,-1.8613281,-0.23925781,-0.56152344,167.6875,2.40625,192.625,0.0,0.0,0.0
1695987877003,-1.9482422,-0.42871094,-0.6484375,521.5,108.125,190.53125,-47.6875,-8.625,3.625
1695987877043,-1.453125,-0.5888672,-0.6191406,395.03125,271.15625,223.1875,0.0,0.0,0.0
1695987877083,-1.0820312,-0.45214844,0.048828125,-592.375,-156.28125,111.375,0.0,0.0,0.0
1695987877123,0.43554688,-1.1738281,1.9941406,-471.59375,-91.6875,119.0,0.0,0.0,0.0
1695987877163,0.2763672,-0.5878906,0.0146484375,165.25,-32.3125,58.875,0.0,0.0,0.0
1695987877203,0.32714844,-0.6816406,0.22558594,-89.625,23.71875,-63.4375,0.0,0.0,0.0
1695987877243,0.001953125,-0.35742188,-0.07324219,9.1875,-62.28125,-167.5625,0.0,0.0,0.0
1695987877283,-1.9482422,-1.15625,-0.0048828125,250.625,-80.71875,-246.03125,0.0,0.0,0.0
1695987877323,-1.9482422,-0.421875,-0.9609375,-96.28125,-163.71875,-213.15625,0.0,0.0,0.0
1695987877363,-1.9482422,0.6933594,-0.5205078,-313.40625,35.125,-189.875,0.0,0.0,0.0
1695987877403,-1.421875,-0.45996094,-0.05078125,-35.6875,63.4375,-39.625,0.0,0.0,0.0
1695987877443,-0.8642578,-0.07324219,-0.2763672,78.75,-7.09375,-6.28125,0.0,0.0,0.0
1695987877483,0.037109375,0.6953125,-0.34960938,26.75,15.0625,49.0,-38.4375,-16.125,1.5625
1695987877523,1.0859375,0.71484375,1.0429688,-16.09375,81.28125,111.4375,0.0,0.0,0.0
1695987877563,0.5410156,0.051757812,0.75683594,186.96875,-60.6875,97.53125,0.0,0.0,0.0
1695987877603,-0.5488281,-0.48535156,-0.85058594,-113.9375,119.375,-38.28125,0.0,0.0,0.0
1695987877643,-1.7373047,-1.0029297,-0.62597656,158.28125,-8.875,-50.84375,0.0,0.0,0.0
1695987877683,-1.3271484,-0.2626953,-0.24804688,-741.3125,-120.25,-98.65625,0.0,0.0,0.0
1695987877723,-0.47265625,0.2529297,-0.16210938,99.15625,-2.59375,96.5,0.0,0.0,0.0
1695987877763,-1.9482422,-0.5234375,-0.9501953,370.9375,-165.78125,256.65625,0.0,0.0,0.0
1695987877803,-1.5400391,-0.65234375,-0.6015625,435.375,193.09375,209.21875,0.0,0.0,0.0
1695987877843,-1.2333984,-0.5126953,-0.5605469,307.875,285.1875,193.03125,0.0,0.0,0.0
1695987877883,-1.0273438,0.11230469,0.49609375,-640.59375,-203.75,140.75,0.0,0.0,0.0
1695987877923,0.6904297,-1.2861328,1.7558594,-440.90625,53.6875,51.1875,0.0,0.0,0.0
1695987877963,0.234375,-0.6748047,-0.00390625,147.3125,-26.75,19.40625,0.0,0.0,0.0
1695987878003,0.22851562,-0.8964844,0.026367188,-118.03125,-43.90625,-120.0625,-38.5625,16.125,-7.9375
1695987878043,-1.4296875,-0.6748047,0.0048828125,79.4375,-65.46875,-178.40625,0.0,0.0,0.0
1695987878083,-1.9482422,-0.78515625,0.24707031,-31.34375,-134.1875,-267.59375,0.0,0.0,0.0
1695987878123,-1.9482422,0.115234375,-0.5966797,-75.28125,-229.15625,-178.34375,0.0,0.0,0.0
1695987878163,-1.765625,-0.140625,0.07714844,-314.6875,7.1875,-120.1875,0.0,0.0,0.0
1695987878203,-1.0712891,-0.65527344,-0.31933594,20.53125,2.40625,-33.28125,0.0,0.0,0.0
1695987878243,-0.43359375,0.3232422,-0.3564453,47.5625,-8.09375,16.59375,0.0,0.0,0.0
1695987878283,0.3388672,0.4658203,-0.30566406,46.03125,23.59375,96.375,0.0,0.0,0.0
1695987878323,0.69921875,0.3017578,0.0009765625,47.25,-10.28125,164.1875,0.0,0.0,0.0
1695987878363,-0.1328125,0.17578125,0.5498047,146.6875,-74.625,38.9375,0.0,0.0,0.0
1695987878403,-0.58691406,-0.46875,-1.0097656,27.84375,44.46875,-147.59375,0.0,0.0,0.0
1695987878443,-1.9482422,-1.6171875,-0.08984375,-848.96875,-93.90625,-260.8125,0.0,0.0,0.0
1695987878483,-0.6201172,0.3125,-0.15820312,196.125,-21.9375,116.8125,-40.1875,-21.0625,4.6875
1695987878523,-1.9482422,-0.55859375,-0.6015625,195.34375,-26.21875,200.375,0.0,0.0,0.0
1695987878563,-1.7324219,-0.5917969,-0.56347656,482.875,121.8125,215.125,0.0,0.0,0.0
1695987878603,-1.4414062,-0.44628906,-0.30664062,334.875,264.0,184.5625,0.0,0.0,0.0
1695987878643,-0.99121094,-0.4453125,0.021484375,-131.1875,6.1875,91.78125,0.0,0.0,0.0
1695987878683,-0.052734375,-0.22851562,0.3466797,-168.3125,-57.59375,116.5625,0.0,0.0,0.0
1695987878723,0.08496094,-0.6308594,0.00390625,95.125,62.84375,50.71875,0.0,0.0,0.0
1695987878763,0.13378906,-0.47265625,0.0703125,34.5,-21.09375,10.625,0.0,0.0,0.0
1695987878803,-0.2626953,0.0859375,0.38085938,-77.375,-96.875,-82.15625,0.0,0.0,0.0
1695987878843,-0.42773438,-0.2626953,-0.22753906,81.1875,-130.875,-144.71875,0.0,0.0,0.0
1695987878883,-1.9482422,-1.7480469,0.1328125,328.625,-73.625,-357.1875,0.0,0.0,0.0
1695987878923,-1.9482422,-0.22363281,-0.9794922,-305.46875,-369.90625,-163.09375,0.0,0.0,0.0
1695987878963,-1.9482422,0.67089844,-0.23730469,-216.34375,151.28125,-154.4375,0.0,0.0,0.0
1695987879003,-1.2539062,-0.69628906,-0.171875,175.25,61.4375,6.09375,-41.25,-10.75,8.875
1695987879043,-0.63964844,0.2578125,-0.15917969,26.15625,-4.0,-5.375,0.0,0.0,0.0
1695987879083,0.3232422,0.71972656,-0.08105469,18.6875,33.84375,64.375,0.0,0.0,0.0
1695987879123,0.6855469,0.49414062,0.26660156,180.625,-50.6875,132.9375,0.0,0.0,0.0
1695987879163,-0.0048828125,-0.15039062,0.123046875,95.78125,29.9375,74.28125,0.0,0.0,0.0
1695987879203,-0.5234375,-0.8935547,-0.796875,31.9375,90.71875,-81.8125,0.0,0.0,0.0
1695987879243,-1.4736328,-1.8662109,-0.23535156,-484.0,-132.65625,-184.6875,0.0,0.0,0.0
1695987879283,-1.8125,0.5058594,-0.31054688,142.25,-6.125,32.09375,0.0,0.0,0.0
1695987879323,-0.5292969,0.17675781,-0.1328125,-32.875,-47.9375,0.65625,0.0,0.0,0.0
1695987879363,-1.9482422,0.30664062,-0.7607422,301.28125,-105.6875,97.59375,0.0,0.0,0.0
1695987879403,-1.4130859,-0.4296875,-0.6777344,261.0625,150.78125,175.53125,0.0,0.0,0.0
1695987879443,-1.8232422,-0.6542969,-0.4794922,256.625,332.8125,243.46875,0.0,0.0,0.0
1695987879483,-0.21875,-1.7646484,0.37597656,-84.5,-70.71875,108.03125,-46.1875,16.5625,-8.0625
1695987879523,-0.18359375,-0.5439453,-0.025390625,51.53125,-7.34375,69.25,0.0,0.0,0.0
1695987879563,0.20117188,-0.55859375,0.43164062,-11.03125,20.375,-40.96875,0.0,0.0,0.0
1695987879603,0.1875,-0.33203125,0.11328125,96.65625,-0.21875,-65.75,0.0,0.0,0.0
1695987879643,-0.15136719,-0.21386719,-0.15234375,115.4375,-40.625,-117.0,0.0,0.0,0.0
1695987879683,-1.9482422,-1.1142578,-0.5605469,250.5625,-150.71875,-113.09375,0.0,0.0,0.0
1695987879723,-1.9482422,-0.72265625,-1.5957031,-221.78125,-276.15625,-176.15625,0.0,0.0,0.0
1695987879763,-1.9482422,-0.049804688,-0.27246094,-342.125,87.0,-176.59375,0.0,0.0,0.0
1695987879803,-1.5410156,-0.9248047,-0.37109375,57.59375,65.21875,-72.46875,0.0,0.0,0.0
1695987879843,-0.8847656,0.26953125,-0.20996094,144.4375,0.65625,-17.28125,0.0,0.0,0.0
1695987879883,0.2685547,0.93847656,-0.28222656,70.09375,26.59375,42.71875,0.0,0.0,0.0
1695987879923,0.99609375,0.9716797,0.49316406,39.15625,39.15625,103.1875,0.0,0.0,0.0
1695987879963,0.2529297,0.35351562,0.46777344,15.28125,-21.9375,88.0,0.0,0.0,0.0
1695987880003,-0.4091797,-0.6113281,-1.2138672,-63.15625,110.21875,-54.21875,-43.5,3.6875,-1.3125
1695987880043,-1.9482422,-2.0107422,1.15625,141.625,24.28125,-82.78125,0.0,0.0,0.0
1695987880083,-1.5673828,0.2998047,-0.36132812,88.65625,52.78125,47.53125,0.0,0.0,0.0
1695987880123,-0.64453125,0.63183594,-0.17089844,-37.5625,-13.40625,59.0,0.0,0.0,0.0
1695987880163,-1.9482422,0.076171875,-0.79296875,10.15625,-134.0625,119.5,0.0,0.0,0.0
1695987880203,-1.8251953,-0.59375,-0.875,499.21875,193.21875,227.53125,0.0,0.0,0.0
1695987880243,-1.6503906,-0.86328125,-0.41992188,417.8125,387.0625,230.75,0.0,0.0,0.0
1695987880283,-0.68847656,-1.2373047,0.18652344,176.0,12.3125,70.65625,0.0,0.0,0.0
1695987880323,0.125,-0.4560547,-0.17578125,17.46875,74.25,76.15625,0.0,0.0,0.0
1695987880363,0.22851562,-0.5107422,0.45214844,-65.96875,-21.6875,15.0625,0.0,0.0,0.0
1695987880403,0.2626953,-0.50390625,0.12597656,72.96875,-24.1875,-80.28125,0.0,0.0,0.0
1695987880443,-0.42578125,-0.5908203,-0.16113281,207.90625,-67.40625,-103.46875,0.0,0.0,0.0
1695987880483,-1.9482422,-1.3808594,-0.26660156,-33.25,-48.3125,-289.8125,-39.625,18.25,-19.3125
1695987880523,-1.9482422,-0.41015625,-1.1318359,-79.25,-242.875,-237.875,0.0,0.0,0.0
1695987880563,-1.9482422,0.6074219,0.14160156,-410.3125,176.1875,-198.75,0.0,0.0,0.0
1695987880603,-1.3007812,-0.40429688,-0.3955078,21.875,13.71875,-61.09375,0.0,0.0,0.0
1695987880643,-0.68652344,0.20117188,-0.12597656,36.875,-0.5625,-21.0,0.0,0.0,0.0
1695987880683,0.16308594,0.6044922,-0.3173828,39.4375,26.53125,53.53125,0.0,0.0,0.0
1695987880723,1.1201172,0.4326172,0.6298828,5.21875,84.4375,150.875,0.0,0.0,0.0
1695987880763,0.16601562,0.3798828,0.7451172,163.65625,-66.75,67.625,0.0,0.0,0.0
1695987880803,-0.48339844,-0.29882812,-1.0449219,11.4375,70.46875,-94.96875,0.0,0.0,0.0
1695987880843,-1.3408203,-0.44335938,0.4580078,-70.28125,57.40625,18.3125,0.0,0.0,0.0
1695987880883,-1.2929688,0.16015625,1.7304688,-243.75,-80.15625,-73.1875,0.0,0.0,0.0
1695987880923,0.18359375,0.46972656,-0.1875,7.65625,-89.375,49.5,0.0,0.0,0.0
1695987880963,-1.9482422,-0.32226562,-0.88183594,175.875,-86.5,97.59375,0.0,0.0,0.0
1695987881003,-1.6630859,-0.5625,-0.79785156,404.5,123.625,203.96875,-45.1875,4.125,-7.3125
1695987881043,-0.9980469,-0.38964844,-0.52441406,391.3125,398.28125,231.1875,0.0,0.0,0.0
1695987881083,-1.5585938,-0.03515625,0.5029297,-727.9375,-143.28125,157.59375,0.0,0.0,0.0
1695987881123,0.08105469,-0.95410156,0.13085938,241.78125,24.21875,77.25,0.0,0.0,0.0
1695987881163,0.40527344,-0.6738281,0.0,-24.09375,37.09375,-3.5625,0.0,0.0,0.0
1695987881203,0.2578125,-0.671875,0.25,-80.125,-70.40625,-109.625,0.0,0.0,0.0
1695987881243,-0.31054688,-0.2861328,-0.19824219,117.03125,-68.5625,-172.875,0.0,0.0,0.0
1695987881283,-1.9482422,-1.6533203,-0.11035156,42.3125,-37.25,-394.0,0.0,0.0,0.0
1695987881323,-1.9482422,0.14941406,-0.42871094,-387.4375,-335.90625,-210.9375,0.0,0.0,0.0
1695987881363,-1.9482422,0.31835938,-0.4736328,-222.28125,45.375,-117.375,0.0,0.0,0.0
1695987881403,-0.9433594,-0.8339844,-0.18652344,43.40625,26.46875,-35.28125,0.0,0.0,0.0
1695987881443,-0.5341797,0.43164062,-0.19238281,40.3125,-21.875,19.34375,0.0,0.0,0.0
1695987881483,0.37304688,0.5390625,-0.30078125,-32.21875,41.71875,108.3125,-43.1875,-2.75,-15.875
1695987881523,1.1875,0.3671875,0.7714844,165.375,-116.78125,146.59375,0.0,0.0,0.0
1695987881563,0.06542969,-0.08886719,0.14648438,45.96875,51.3125,59.5625,0.0,0.0,0.0
1695987881603,-0.89746094,-0.6279297,-0.94921875,175.1875,6.25,-125.375,0.0,0.0,0.0
1695987881643,-1.9482422,-1.2919922,0.08203125,-153.53125,291.59375,-54.40625,0.0,0.0,0.0
1695987881683,-0.7207031,0.8173828,0.11816406,104.625,13.53125,-78.8125,0.0,0.0,0.0
1695987881723,-1.6083984,-0.14550781,-0.29003906,-10.90625,-23.53125,114.4375,0.0,0.0,0.0
1695987881763,-1.9482422,-0.46875,-0.6425781,545.5,-56.90625,165.875,0.0,0.0,0.0
1695987881803,-1.4677734,-0.4501953,-0.9472656,503.5,220.125,208.65625,0.0,0.0,0.0
1695987881843,-1.3212891,-0.74121094,-0.35253906,37.5625,345.5625,81.46875,0.0,0.0,0.0
1695987881883,-0.5917969,-0.30273438,0.025390625,-830.0,-255.03125,26.0,0.0,0.0,0.0
1695987881923,0.20703125,-0.7363281,-0.22851562,155.0625,6.03125,17.875,0.0,0.0,0.0
1695987881963,0.31152344,-0.7519531,-0.0390625,-16.875,-8.9375,-0.5625,0.0,0.0,0.0
1695987882003,0.044921875,-0.72265625,-0.03515625,-140.53125,-88.15625,-109.3125,-35.875,25.125,-25.625
1695987882043,-1.0556641,-0.91308594,-0.28710938,116.125,-75.21875,-174.5625,0.0,0.0,0.0
1695987882083,-1.9482422,-1.6943359,-0.58984375,-146.9375,4.3125,-352.71875,0.0,0.0,0.0
1695987882123,-1.9482422,0.74609375,-0.15917969,-389.625,-103.125,-203.8125,0.0,0.0,0.0
1695987882163,-1.3759766,0.0625,-0.25976562,-60.46875,55.28125,-42.6875,0.0,0.0,0.0
1695987882203,-0.8935547,-0.2548828,-0.25,108.59375,-2.21875,-22.03125,0.0,0.0,0.0
1695987882243,-0.22460938,0.79003906,-0.12402344,2.59375,12.84375,-2.8125,0.0,0.0,0.0
1695987882283,0.9199219,0.82128906,0.84277344,-49.84375,62.59375,67.4375,0.0,0.0,0.0
1695987882323,0.8642578,-0.041015625,0.5839844,110.0,-46.46875,138.53125,0.0,0.0,0.0
1695987882363,-0.44726562,-0.72265625,-1.3886719,1.1875,143.21875,-29.6875,0.0,0.0,0.0
1695987882403,-1.9482422,-1.7021484,-0.11230469,-312.46875,27.5625,-100.90625,0.0,0.0,0.0
1695987882443,-1.2998047,0.44433594,-0.4921875,189.59375,-32.8125,-93.15625,0.0,0.0,0.0
1695987882483,-0.16894531,0.45214844,-0.029296875,-172.21875,-73.03125,36.0625,-42.625,1.0,-19.0
1695987882523,-1.9482422,-0.13476562,-0.95214844,302.21875,-270.71875,82.4375,0.0,0.0,0.0
1695987882563,-1.4794922,-0.328125,-0.91796875,595.78125,238.0,195.1875,0.0,0.0,0.0
1695987882603,-1.4638672,-0.57714844,-0.7138672,94.4375,362.40625,266.90625,0.0,0.0,0.0
1695987882643,-0.17089844,-2.0107422,1.9941406,-837.125,-225.25,138.78125,0.0,0.0,0.0
1695987882683,0.18164062,-0.5205078,-0.14746094,84.125,14.9375,177.1875,0.0,0.0,0.0
1695987882723,0.49414062,-0.8417969,0.14648438,-156.40625,58.9375,-22.28125,0.0,0.0,0.0
1695987882763,0.12597656,-0.7373047,0.14941406,-74.25,-88.15625,-126.0,0.0,0.0,0.0
1695987882803,-1.3486328,-0.8779297,-0.1796875,251.625,-69.0,-198.0,0.0,0.0,0.0
1695987882843,-1.9482422,-1.5546875,-0.45410156,-72.1875,-73.09375,-313.59375,0.0,0.0,0.0
1695987882883,-1.9482422,0.71972656,-0.24121094,-435.9375,-174.9375,-214.71875,0.0,0.0,0.0
1695987882923,-1.5615234,0.123046875,-0.5029297,-74.125,13.21875,-97.375,0.0,0.0,0.0
1695987882963,-0.8720703,-0.1796875,-0.28515625,22.84375,4.625,-77.15625,0.0,0.0,0.0
1695987883003,-0.30371094,0.9472656,-0.13183594,-12.625,2.28125,-6.34375,-37.6875,-3.6875,-25.9375
1695987883043,0.95214844,0.7636719,0.9433594,-48.3125,45.25,88.5625,0.0,0.0,0.0
1695987883083,1.0058594,0.103515625,0.44433594,127.34375,-66.0,168.25,0.0,0.0,0.0
1695987883123,-0.3671875,-0.67089844,-1.0664062,29.9375,115.75,19.71875,0.0,0.0,0.0
1695987883163,-1.9482422,-1.4130859,0.4453125,97.6875,39.65625,-56.34375,0.0,0.0,0.0
1695987883203,-0.8642578,0.99609375,1.9941406,-375.46875,-38.40625,-99.1875,0.0,0.0,0.0
1695987883243,-0.6171875,0.5361328,-0.1015625,-68.53125,-85.71875,60.96875,0.0,0.0,0.0
1695987883283,-1.9482422,-0.21777344,-0.6816406,228.84375,-150.0,167.84375,0.0,0.0,0.0
1695987883323,-1.6826172,-0.3310547,-0.87402344,308.90625,102.15625,156.375,0.0,0.0,0.0
1695987883363,-1.2919922,-0.19238281,-0.96972656,131.125,312.40625,262.375,0.0,0.0,0.0
1695987883403,-1.8359375,1.4003906,0.99316406,-70.0,239.34375,186.4375,0.0,0.0,0.0
1695987883443,0.08105469,-0.7685547,-0.107421875,303.78125,24.03125,107.46875,0.0,0.0,0.0
1695987883483,0.37304688,-0.921875,-0.041992188,-78.84375,33.3125,36.78125,-29.25,21.6875,-27.875
1695987883523,0.3232422,-0.7558594,0.3359375,-131.875,-77.84375,-68.375,0.0,0.0,0.0
1695987883563,-0.1171875,-0.3955078,-0.16308594,83.03125,-63.8125,-170.1875,0.0,0.0,0.0
1695987883603,-1.9482422,-1.7470703,-0.12109375,135.46875,-9.1875,-487.75,0.0,0.0,0.0
1695987883643,-1.9482422,-0.11328125,-1.1269531,-369.25,-377.34375,-205.03125,0.0,0.0,0.0
1695987883683,-1.9482422,0.80566406,-0.22460938,-128.6875,253.8125,-186.40625,0.0,0.0,0.0
1695987883723,-1.0449219,-0.46191406,-0.16796875,188.8125,11.8125,-15.40625,0.0,0.0,0.0
1695987883763,-0.484375,0.4404297,-0.30859375,-9.875,-21.375,-4.28125,0.0,0.0,0.0
1695987883803,0.4267578,0.72558594,-0.19921875,-66.8125,26.9375,61.8125,0.0,0.0,0.0
1695987883843,1.2412109,0.53515625,0.6171875,317.21875,-117.9375,113.15625,0.0,0.0,0.0
1695987883883,0.030273438,0.095703125,0.24121094,46.09375,34.71875,65.78125,0.0,0.0,0.0
1695987883923,-0.7236328,-0.33691406,-0.96484375,39.34375,58.5,-91.3125,0.0,0.0,0.0
1695987883963,-1.9482422,-1.8535156,-0.75878906,173.65625,123.28125,6.53125,0.0,0.0,0.0
1695987884003,-0.125,1.3945312,1.9941406,-476.28125,-105.5,15.1875,-41.6875,1.125,-22.0
1695987884043,-1.8916016,-0.20898438,-0.52246094,151.21875,-24.625,180.46875,0.0,0.0,0.0
1695987884083,-1.9482422,-0.44628906,-0.69433594,523.46875,60.71875,200.375,0.0,0.0,0.0
1695987884123,-1.5019531,-0.640625,-0.8144531,294.03125,160.3125,186.625,0.0,0.0,0.0
1695987884163,-0.8779297,0.9375,1.5947266,40.0,332.25,54.75,0.0,0.0,0.0
1695987884203,0.4013672,-0.7294922,1.5136719,-622.0625,-165.1875,80.375,0.0,0.0,0.0
1695987884243,0.30273438,-0.7714844,-0.09765625,152.625,-10.65625,27.21875,0.0,0.0,0.0
1695987884283,0.2763672,-0.8046875,0.3125,-101.28125,-29.625,-82.71875,0.0,0.0,0.0
1695987884323,-0.020507812,-0.22753906,-0.07910156,3.6875,-63.5625,-158.8125,0.0,0.0,0.0
1695987884363,-1.9482422,-1.1044922,-0.36523438,234.875,-89.5625,-209.90625,0.0,0.0,0.0
1695987884403,-1.9482422,-0.70410156,-1.0039062,-114.71875,-117.46875,-253.3125,0.0,0.0,0.0
1695987884443,-1.9482422,0.6484375,-0.60058594,-261.75,92.6875,-202.59375,0.0,0.0,0.0
1695987884483,-1.1787109,-0.4765625,-0.046875,-103.125,116.5625,-50.90625,-43.5,0.375,-17.5
1695987884523,-0.8339844,0.059570312,-0.16894531,106.90625,-7.46875,2.25,0.0,0.0,0.0
1695987884563,-0.08886719,0.6542969,-0.18261719,72.15625,-21.375,70.78125,0.0,0.0,0.0
1695987884603,1.0527344,0.56640625,0.08203125,-65.53125,3.21875,180.96875,0.0,0.0,0.0
1695987884643,0.7675781,0.018554688,0.6484375,162.375,-57.34375,73.84375,0.0,0.0,0.0
1695987884683,-0.42285156,-0.28515625,-0.95996094,-1.75,146.9375,-101.09375,0.0,0.0,0.0
1695987884723,-1.9482422,-1.0644531,-0.37402344,75.65625,16.625,-26.25,0.0,0.0,0.0
1695987884763,-0.20703125,1.0302734,1.9941406,-630.46875,-5.28125,-101.6875,0.0,0.0,0.0
1695987884803,-0.54003906,0.056640625,-0.30371094,29.0625,-92.6875,100.34375,0.0,0.0,0.0
