,timestamp,accel_x,accel_y,accel_z,gyro_x,gyro_y,gyro_z
0,1697605965,-0.2121582,-0.97003174,0.26971436,0.28125,1.4375,0.734375
1,1697606005,-0.2097168,-0.9614868,0.27386475,-1.0,1.671875,-1.171875
2,1697606045,-0.22680664,-0.97003174,0.29852295,1.125,0.84375,0.703125
3,1697606085,-0.21484375,-0.9639282,0.27191162,-1.203125,1.953125,-0.296875
4,1697606125,-0.20532227,-0.9607544,0.2814331,-0.03125,1.65625,-0.8125
5,1697606165,-0.2175293,-0.9631958,0.2880249,0.5625,-0.171875,1.234375
6,1697606205,-0.20678711,-0.95269775,0.27166748,-2.46875,1.890625,-0.71875
7,1697606245,-0.21582031,-0.9727173,0.2929077,2.0,0.203125,0.59375
8,1697606285,-0.21972656,-0.95440674,0.28704834,-0.796875,1.0625,1.078125
9,1697606325,-0.19848633,-0.9697876,0.27508545,0.03125,0.234375,0.0625
10,1697606365,-0.21313477,-0.9612427,0.27752686,1.03125,0.015625,1.84375
11,1697606405,-0.21728516,-0.9558716,0.2909546,0.015625,0.734375,0.71875
12,1697606445,-0.21459961,-0.97320557,0.28289795,0.09375,-0.046875,0.3125
13,1697606485,-0.21313477,-0.9570923,0.27703857,-0.578125,1.125,0.40625
14,1697606525,-0.21020508,-0.9661255,0.28533936,-0.1875,0.8125,0.203125
15,1697606565,-0.20629883,-0.960022,0.28753662,-1.09375,1.34375,0.03125
16,1697606605,-0.21533203,-0.9627075,0.293396,0.828125,0.984375,-0.265625
17,1697606645,-0.2121582,-0.9505005,0.27313232,-1.578125,1.5625,-0.125
18,1697606685,-0.21020508,-0.9673462,0.2765503,-0.0625,0.96875,-0.625
19,1697606725,-0.21557617,-0.9763794,0.2987671,0.28125,2.078125,0.296875
20,1697606765,-0.20532227,-0.94854736,0.27923584,-1.65625,2.328125,-0.765625
21,1697606805,-0.21166992,-0.9678345,0.28826904,1.6875,0.3125,-0.046875
22,1697606845,-0.21411133,-0.96221924,0.28656006,-1.34375,1.953125,0.296875
23,1697606885,-0.20166016,-0.9619751,0.27435303,0.328125,1.859375,-0.640625
24,1697606925,-0.21557617,-0.96539307,0.29486084,1.015625,0.953125,0.78125
25,1697606965,-0.20019531,-0.96173096,0.2682495,-0.78125,1.703125,-1.28125
26,1697607005,-0.22485352,-0.9746704,0.2929077,2.796875,-0.53125,0.875
27,1697607045,-0.21533203,-0.9529419,0.26898193,0.171875,2.140625,0.109375
28,1697607085,-0.20532227,-0.9636841,0.27801514,2.140625,0.1875,0.453125
29,1697607125,-0.21850586,-0.96539307,0.28729248,0.9375,2.03125,1.015625
30,1697607165,-0.2211914,-0.9639282,0.28729248,0.546875,0.875,0.578125
31,1697607205,-0.20703125,-0.9717407,0.26605225,-0.140625,0.75,0.09375
32,1697607245,-0.21582031,-0.956604,0.28240967,1.046875,1.078125,0.90625
33,1697607285,-0.20703125,-0.9546509,0.27142334,-3.625,1.921875,-1.1875
34,1697607325,-0.21606445,-0.97735596,0.27630615,1.484375,0.703125,0.15625
35,1697607365,-0.21533203,-0.9595337,0.2843628,-1.515625,2.484375,0.375
36,1697607405,-0.20703125,-0.9661255,0.2736206,1.0,-0.078125,-0.015625
37,1697607445,-0.21972656,-0.95684814,0.2850952,0.09375,1.578125,0.328125
38,1697607485,-0.2097168,-0.97052,0.27752686,-0.3125,1.484375,-0.125
39,1697607525,-0.21362305,-0.9558716,0.28704834,-0.234375,0.890625,0.0
40,1697607565,-0.20532227,-0.95806885,0.27337646,0.28125,0.734375,-0.515625
41,1697607605,-0.21606445,-0.94781494,0.2772827,-0.34375,0.921875,0.0625
42,1697607645,-0.21655273,-0.9668579,0.28240967,0.84375,1.15625,0.65625
43,1697607685,-0.20507812,-0.96343994,0.27557373,-0.265625,1.1875,-0.125
44,1697607725,-0.21289062,-0.96539307,0.27581787,-0.34375,1.03125,0.484375
45,1697607765,-0.21435547,-0.96173096,0.26922607,-0.640625,1.09375,0.015625
46,1697607805,-0.21679688,-0.9729614,0.27825928,0.203125,0.328125,0.640625
47,1697607845,-0.21972656,-0.95880127,0.2868042,2.34375,0.65625,1.15625
48,1697607885,-0.20019531,-0.96099854,0.26849365,-1.28125,1.640625,0.203125
49,1697607925,-0.20751953,-0.9680786,0.28094482,1.25,0.96875,0.515625
50,1697607965,-0.21557617,-0.96466064,0.28411865,-0.28125,1.703125,0.953125
51,1697608005,-0.20092773,-0.95977783,0.26507568,-0.09375,0.625,0.125
52,1697608045,-0.21777344,-0.9780884,0.27850342,1.140625,0.640625,1.265625
53,1697608085,-0.20263672,-0.9702759,0.27581787,-0.890625,1.3125,1.09375
54,1697608125,-0.20776367,-0.95025635,0.26727295,0.203125,0.515625,0.59375
55,1697608165,-0.21435547,-0.9656372,0.2819214,0.796875,0.46875,1.609375
56,1697608205,-0.20214844,-0.95684814,0.27679443,-0.859375,0.359375,0.65625
57,1697608245,-0.19482422,-0.9585571,0.2748413,-0.25,0.484375,0.171875
58,1697608285,-0.20825195,-0.98101807,0.27069092,0.546875,0.109375,1.421875
59,1697608325,-0.19946289,-0.95806885,0.27313232,-0.828125,1.265625,0.296875
60,1697608365,-0.20117188,-0.95928955,0.27923584,-0.15625,1.078125,-0.125
61,1697608405,-0.20507812,-0.9649048,0.28167725,-0.125,0.953125,0.75
62,1697608445,-0.20410156,-0.9849243,0.2711792,-0.5625,1.140625,0.296875
63,1697608485,-0.19067383,-0.9546509,0.2670288,-1.09375,0.90625,-0.75
64,1697608525,-0.21606445,-0.9578247,0.27923584,0.90625,0.65625,0.765625
65,1697608565,-0.20214844,-0.9734497,0.27557373,-0.546875,1.640625,0.390625
66,1697608605,-0.19482422,-0.96539307,0.276062,-0.125,0.953125,0.234375
67,1697608645,-0.20214844,-0.958313,0.27337646,0.765625,0.421875,1.25
68,1697608685,-0.19213867,-0.9619751,0.26727295,0.890625,-0.234375,1.578125
69,1697608725,-0.19335938,-0.97540283,0.27166748,0.5625,1.53125,0.515625
70,1697608765,-0.19726562,-0.9656372,0.27752686,0.078125,1.484375,0.453125
71,1697608805,-0.18701172,-0.95880127,0.26483154,0.515625,0.84375,0.40625
72,1697608845,-0.20532227,-0.97540283,0.28363037,0.078125,0.859375,0.703125
73,1697608885,-0.19140625,-0.96954346,0.27337646,-0.234375,1.546875,0.4375
74,1697608925,-0.20019531,-0.960022,0.27166748,1.296875,0.328125,1.03125
75,1697608965,-0.19140625,-0.9644165,0.2723999,0.765625,0.46875,1.09375
76,1697609005,-0.18847656,-0.98028564,0.26434326,0.96875,1.703125,0.9375
77,1697609045,-0.19580078,-0.9710083,0.2662964,1.125,0.671875,1.40625
78,1697609085,-0.19677734,-0.9746704,0.27020264,1.6875,0.671875,0.890625
79,1697609125,-0.19140625,-0.973938,0.2662964,-0.6875,0.921875,0.15625
80,1697609165,-0.19116211,-0.9710083,0.26531982,-1.875,1.015625,-0.671875
81,1697609205,-0.19677734,-0.97125244,0.26190186,-0.9375,-0.21875,-0.703125
82,1697609245,-0.18652344,-0.9585571,0.26776123,-1.359375,1.265625,-0.921875
83,1697609285,-0.19750977,-0.98150635,0.27215576,0.140625,0.578125,-0.640625
84,1697609325,-0.19213867,-0.9585571,0.27386475,-0.84375,1.59375,-0.5
85,1697609365,-0.20288086,-0.9651489,0.2723999,0.09375,0.625,0.15625
86,1697609405,-0.20141602,-0.97247314,0.27142334,0.828125,0.09375,0.671875
87,1697609445,-0.20117188,-0.9697876,0.28240967,-0.75,1.203125,0.375
88,1697609485,-0.19042969,-0.97662354,0.27020264,0.171875,0.03125,-0.0625
89,1697609525,-0.20410156,-0.96832275,0.29144287,-0.078125,1.015625,0.28125
90,1697609565,-0.1965332,-0.9651489,0.2645874,-1.828125,-0.0625,-0.515625
91,1697609605,-0.20336914,-0.9602661,0.27923584,-0.90625,0.1875,-0.75
92,1697609645,-0.20703125,-0.98394775,0.28607178,-0.78125,0.71875,-0.15625
93,1697609685,-0.1965332,-0.9614868,0.2645874,-2.015625,0.578125,-0.203125
94,1697609725,-0.2043457,-0.9492798,0.2736206,-1.015625,1.671875,-0.328125
95,1697609765,-0.2055664,-0.97198486,0.2850952,0.359375,0.40625,0.40625
96,1697609805,-0.19824219,-0.9768677,0.277771,-0.859375,1.453125,0.21875
97,1697609845,-0.19750977,-0.96099854,0.27630615,0.4375,0.96875,0.828125
98,1697609885,-0.19238281,-0.95684814,0.2748413,-0.625,0.84375,0.421875
99,1697609925,-0.21191406,-0.96832275,0.2850952,-0.46875,0.140625,0.453125
100,1697609965,-0.20385742,-0.96417236,0.27825928,-0.5625,1.234375,-0.234375
101,1697610005,-0.1928711,-0.9656372,0.28094482,-0.671875,1.09375,-0.25
102,1697610045,-0.2019043,-0.9624634,0.2741089,-0.46875,0.4375,0.671875
103,1697610085,-0.19750977,-0.9578247,0.28582764,0.40625,1.6875,0.015625
104,1697610125,-0.19384766,-0.9678345,0.27508545,-1.59375,0.796875,-0.09375
105,1697610165,-0.20117188,-0.9578247,0.27215576,0.40625,1.109375,0.375
106,1697610205,-0.20214844,-0.97003174,0.2855835,-0.25,0.90625,0.5625
107,1697610245,-0.1977539,-0.95977783,0.28607178,-0.75,1.59375,0.0625
108,1697610285,-0.19995117,-0.97198486,0.2789917,0.40625,0.4375,1.0
109,1697610325,-0.19384766,-0.9546509,0.27313232,-0.234375,1.296875,0.375
110,1697610365,-0.19360352,-0.9663696,0.2819214,0.421875,0.796875,0.703125
111,1697610405,-0.19580078,-0.96832275,0.28656006,1.125,0.6875,1.640625
112,1697610445,-0.1977539,-0.9649048,0.27850342,-0.359375,0.78125,0.828125
113,1697610485,-0.19604492,-0.9651489,0.2802124,0.375,0.328125,0.703125
114,1697610525,-0.2043457,-0.9607544,0.27947998,-0.4375,1.359375,0.5
115,1697610565,-0.19238281,-0.97003174,0.2892456,0.296875,1.21875,0.234375
116,1697610605,-0.19555664,-0.9661255,0.28167725,0.15625,0.859375,0.59375
117,1697610645,-0.19360352,-0.96759033,0.2843628,0.953125,1.859375,0.875
118,1697610685,-0.19213867,-0.9561157,0.28240967,0.828125,1.6875,0.09375
119,1697610725,-0.19311523,-0.9439087,0.27996826,2.625,2.828125,-0.359375
120,1697610765,-0.18139648,-1.0100708,0.30194092,-2.59375,0.015625,-0.640625
121,1697610805,-0.20117188,-0.954895,0.24945068,0.578125,-3.03125,0.3125
122,1697610845,-0.19946289,-0.9890747,0.30511475,4.34375,-2.15625,2.203125
123,1697610885,-0.1875,-0.94000244,0.2374878,0.21875,-0.65625,1.0
124,1697610925,-0.18652344,-0.9714966,0.2694702,2.671875,0.171875,1.015625
125,1697610965,-0.1965332,-0.97198486,0.2584839,0.234375,0.109375,0.859375
126,1697611005,-0.18896484,-0.9710083,0.26898193,0.421875,1.296875,0.21875
127,1697611045,-0.19750977,-0.9793091,0.260437,1.203125,0.6875,0.390625
128,1697611085,-0.17895508,-0.956604,0.2694702,-1.15625,1.6875,0.359375
129,1697611125,-0.18823242,-0.9800415,0.26116943,0.609375,0.453125,0.109375
130,1697611165,-0.21191406,-0.972229,0.28167725,0.625,1.875,0.390625
131,1697611205,-0.18041992,-0.96710205,0.24847412,-1.921875,1.140625,0.078125
132,1697611245,-0.18676758,-0.9636841,0.26361084,0.578125,0.8125,-0.3125
133,1697611285,-0.19555664,-0.97125244,0.26898193,0.859375,1.4375,1.078125
134,1697611325,-0.19189453,-0.9661255,0.26776123,1.3125,1.1875,0.5625
135,1697611365,-0.17895508,-0.97369385,0.25628662,0.96875,1.6875,0.734375
136,1697611405,-0.1940918,-0.960022,0.26116943,0.8125,1.234375,1.109375
137,1697611445,-0.18554688,-0.9702759,0.25164795,-0.453125,1.109375,-0.265625
138,1697611485,-0.18969727,-0.97076416,0.2670288,0.703125,1.4375,0.40625
139,1697611525,-0.18481445,-0.9824829,0.25457764,0.203125,0.84375,1.109375
140,1697611565,-0.18847656,-0.96466064,0.25579834,0.1875,0.84375,0.390625
141,1697611605,-0.19042969,-0.9692993,0.25457764,0.09375,0.734375,1.03125
142,1697611645,-0.18457031,-0.9768677,0.26116943,-0.203125,1.234375,0.671875
143,1697611685,-0.18457031,-0.97540283,0.25091553,-0.328125,0.875,0.53125
144,1697611725,-0.18774414,-0.9697876,0.26678467,0.796875,1.171875,0.609375
145,1697611765,-0.18359375,-0.9697876,0.2543335,-2.140625,1.34375,-0.125
146,1697611805,-0.17993164,-0.97369385,0.25628662,0.6875,1.390625,0.109375
147,1697611845,-0.1899414,-0.96759033,0.25897217,-1.140625,1.484375,0.390625
148,1697611885,-0.18457031,-0.9710083,0.26068115,0.21875,1.03125,-0.265625
149,1697611925,-0.18383789,-0.9702759,0.25726318,-0.265625,1.203125,-0.234375
150,1697611965,-0.18041992,-0.97247314,0.26312256,-0.390625,1.125,-0.078125
151,1697612005,-0.1875,-0.97491455,0.25164795,-0.265625,0.09375,0.34375
152,1697612045,-0.19018555,-0.9668579,0.26116943,-0.03125,1.328125,0.421875
153,1697612085,-0.18774414,-0.97540283,0.26361084,0.171875,0.8125,0.796875
154,1697612125,-0.19042969,-0.9776001,0.2616577,0.453125,0.828125,1.0
155,1697612165,-0.18432617,-0.96588135,0.2597046,0.5,1.53125,1.203125
156,1697612205,-0.1821289,-0.96832275,0.26141357,-0.265625,0.921875,0.59375
157,1697612245,-0.17456055,-0.96759033,0.2592163,-0.25,1.484375,0.234375
158,1697612285,-0.1796875,-0.973938,0.25408936,-0.109375,1.625,0.703125
159,1697612325,-0.1743164,-0.9649048,0.26556396,1.453125,1.546875,-0.171875
160,1697612365,-0.17529297,-0.9714966,0.24871826,-0.625,1.046875,-0.296875
161,1697612405,-0.18164062,-0.9793091,0.2699585,1.40625,1.578125,0.015625
162,1697612445,-0.1796875,-0.9661255,0.25408936,-0.359375,1.59375,0.078125
163,1697612485,-0.17285156,-0.9800415,0.25531006,0.59375,1.109375,0.0
164,1697612525,-0.17480469,-0.9751587,0.24871826,0.140625,0.625,-0.1875
165,1697612565,-0.17651367,-0.9649048,0.2584839,0.25,1.265625,0.5
166,1697612605,-0.18652344,-0.9697876,0.26116943,0.796875,0.921875,0.359375
167,1697612645,-0.18139648,-0.97784424,0.24822998,0.390625,1.78125,0.484375
168,1697612685,-0.17553711,-0.9673462,0.24847412,0.265625,0.9375,0.0625
169,1697612725,-0.17895508,-0.9702759,0.25628662,0.4375,0.78125,0.125
170,1697612765,-0.18847656,-0.9849243,0.25238037,0.265625,1.34375,0.296875
171,1697612805,-0.17602539,-0.9768677,0.25653076,0.34375,1.859375,-0.140625
172,1697612845,-0.18066406,-0.96539307,0.2579956,0.03125,1.484375,0.015625
173,1697612885,-0.18847656,-0.9758911,0.24920654,0.8125,0.9375,0.359375
174,1697612925,-0.18798828,-0.98028564,0.2609253,0.125,1.5,0.015625
175,1697612965,-0.18286133,-0.9729614,0.2411499,-0.671875,1.5,-0.296875
176,1697613005,-0.1772461,-0.9639282,0.24578857,-0.40625,1.46875,-0.828125
177,1697613045,-0.18920898,-0.98321533,0.25579834,0.234375,1.421875,0.078125
178,1697613085,-0.18847656,-0.9873657,0.2531128,0.203125,0.1875,0.53125
179,1697613125,-0.1730957,-0.96221924,0.24432373,-0.390625,1.171875,0.015625
180,1697613165,-0.18774414,-0.97906494,0.25579834,1.15625,-0.09375,1.34375
181,1697613205,-0.18481445,-0.97857666,0.24578857,0.546875,0.359375,0.53125
182,1697613245,-0.1850586,-0.9714966,0.25579834,0.15625,1.4375,0.5625
183,1697613285,-0.17797852,-0.96466064,0.2453003,-0.546875,1.265625,-0.046875
184,1697613325,-0.18457031,-0.9771118,0.25579834,-0.640625,0.6875,-0.40625
185,1697613365,-0.17138672,-0.9807739,0.24456787,-0.65625,1.359375,-0.40625
186,1697613405,-0.18383789,-0.9729614,0.25457764,-0.015625,0.921875,0.46875
187,1697613445,-0.18530273,-0.97857666,0.24871826,0.296875,-0.21875,0.359375
188,1697613485,-0.1706543,-0.9788208,0.24749756,-1.328125,2.3125,-0.609375
189,1697613525,-0.18847656,-0.9746704,0.2543335,1.015625,0.296875,0.3125
190,1697613565,-0.1940918,-0.9710083,0.25360107,-0.4375,1.28125,0.640625
191,1697613605,-0.1809082,-0.96221924,0.24749756,-0.25,1.28125,-0.265625
192,1697613645,-0.18383789,-0.96539307,0.25091553,-0.203125,1.4375,0.015625
193,1697613685,-0.18408203,-0.9734497,0.26141357,-0.34375,1.609375,-0.125
194,1697613725,-0.17749023,-0.97125244,0.2555542,-0.59375,1.4375,0.03125
195,1697613765,-0.17797852,-0.9692993,0.2531128,-0.921875,1.28125,-0.03125
196,1697613805,-0.1875,-0.96661377,0.25335693,-1.25,0.390625,0.109375
197,1697613845,-0.18652344,-0.9805298,0.25042725,-0.4375,0.875,0.015625
198,1697613885,-0.1875,-0.97320557,0.2567749,-0.625,0.796875,0.5
199,1697613925,-0.18579102,-0.9678345,0.26019287,-0.78125,1.3125,0.140625
200,1697613965,-0.18164062,-0.9661255,0.24993896,-0.25,0.890625,-0.078125
201,1697614005,-0.18823242,-0.96881104,0.25872803,-0.640625,1.5,0.078125
202,1697614045,-0.18725586,-0.9793091,0.26434326,0.0625,1.140625,-0.078125
203,1697614085,-0.18383789,-0.9644165,0.2616577,0.125,1.1875,0.484375
204,1697614125,-0.17944336,-0.97857666,0.25408936,-0.234375,1.15625,-0.28125
205,1697614165,-0.19140625,-0.97247314,0.26654053,0.203125,1.09375,0.078125
206,1697614205,-0.18579102,-0.97247314,0.26068115,0.34375,0.421875,0.390625
207,1697614245,-0.18652344,-0.9680786,0.2584839,-0.765625,0.59375,0.421875
208,1697614285,-0.18139648,-0.9680786,0.2584839,-0.171875,0.75,0.09375
209,1697614325,-0.19750977,-0.98443604,0.26898193,0.28125,0.84375,0.375
210,1697614365,-0.1743164,-0.96710205,0.26385498,-0.1875,0.21875,0.03125
211,1697614405,-0.19189453,-0.9690552,0.260437,0.09375,-0.078125,1.046875
212,1697614445,-0.19116211,-0.9780884,0.26654053,0.546875,0.625,1.359375
213,1697614485,-0.17993164,-0.96832275,0.2645874,0.828125,0.75,0.390625
214,1697614525,-0.18457031,-0.9690552,0.2633667,0.265625,0.109375,0.890625
215,1697614565,-0.17871094,-0.96417236,0.2514038,-0.421875,0.21875,0.171875
216,1697614605,-0.18310547,-0.9678345,0.2699585,-0.125,1.421875,-0.140625
217,1697614645,-0.18041992,-0.96710205,0.26531982,-0.265625,0.875,0.28125
218,1697614685,-0.17895508,-0.97076416,0.2592163,0.09375,0.703125,0.1875
219,1697614725,-0.1887207,-0.97076416,0.260437,-0.109375,1.4375,0.59375
220,1697614765,-0.17895508,-0.975647,0.2597046,-0.109375,1.421875,-0.25
221,1697614805,-0.17480469,-0.9800415,0.25872803,-0.234375,1.21875,0.078125
222,1697614845,-0.18481445,-0.9768677,0.27166748,-0.078125,0.96875,0.5
223,1697614885,-0.18188477,-0.96466064,0.2579956,-1.09375,0.78125,0.046875
224,1697614925,-0.18066406,-0.97540283,0.26898193,0.0,1.28125,0.1875
225,1697614965,-0.17651367,-0.9656372,0.26971436,0.46875,1.78125,-0.296875
226,1697615005,-0.18383789,-0.9685669,0.27581787,1.1875,0.71875,-0.046875
227,1697615045,-0.16723633,-0.98321533,0.2753296,-1.578125,-2.765625,-1.703125
228,1697615085,-0.18725586,-0.99957275,0.23016357,1.625,-4.4375,1.578125
229,1697615125,-0.18579102,-0.9627075,0.25360107,4.109375,-1.515625,1.984375
230,1697615165,-0.18798828,-0.9627075,0.25213623,0.6875,-2.796875,1.859375
231,1697615205,-0.17236328,-0.9751587,0.23919678,-0.15625,-0.390625,0.890625
232,1697615245,-0.17919922,-0.9812622,0.24945068,2.59375,-0.5625,1.546875
233,1697615285,-0.18774414,-0.9639282,0.23626709,-0.875,0.671875,1.40625
234,1697615325,-0.18457031,-0.9837036,0.24847412,0.46875,1.75,-0.578125
235,1697615365,-0.17578125,-0.98028564,0.2567749,0.609375,1.671875,-0.015625
236,1697615405,-0.1821289,-0.97052,0.2453003,-1.125,1.171875,-0.25
237,1697615445,-0.19091797,-0.9649048,0.25335693,0.03125,1.890625,-0.5625
238,1697615485,-0.18359375,-0.9920044,0.23577881,-1.078125,1.765625,-0.53125
239,1697615525,-0.171875,-0.9697876,0.2387085,0.09375,2.0,-0.0625
240,1697615565,-0.1809082,-0.9776001,0.24017334,0.234375,1.9375,-0.3125
241,1697615605,-0.18457031,-0.97857666,0.2387085,0.0,2.0,-0.03125
242,1697615645,-0.18237305,-0.987854,0.24359131,0.796875,1.625,0.390625
243,1697615685,-0.18164062,-0.9685669,0.2453003,-0.40625,1.234375,0.171875
244,1697615725,-0.18432617,-0.973938,0.23504639,0.9375,1.40625,0.359375
245,1697615765,-0.1875,-0.9800415,0.2526245,0.453125,1.734375,0.59375
246,1697615805,-0.17919922,-0.98223877,0.23895264,-0.53125,1.28125,0.15625
247,1697615845,-0.17700195,-0.97198486,0.24188232,0.328125,0.796875,0.140625
248,1697615885,-0.17675781,-0.97052,0.24407959,-0.09375,1.015625,0.21875
249,1697615925,-0.18310547,-0.9727173,0.2477417,-0.140625,0.9375,0.609375
250,1697615965,-0.18432617,-0.9702759,0.24066162,-0.21875,0.875,0.46875
251,1697616005,-0.18041992,-0.98394775,0.24139404,0.078125,0.96875,0.640625
252,1697616045,-0.18066406,-0.9746704,0.25750732,0.546875,0.6875,0.5625
253,1697616085,-0.17797852,-0.9768677,0.2333374,-1.75,1.171875,-0.140625
254,1697616125,-0.18066406,-0.9678345,0.24383545,0.140625,0.671875,0.578125
255,1697616165,-0.1772461,-0.97784424,0.25457764,-0.5,0.859375,0.609375
256,1697616205,-0.18115234,-0.9771118,0.24017334,-0.3125,0.15625,0.34375
257,1697616245,-0.17504883,-0.9751587,0.24432373,0.390625,1.125,0.546875
258,1697616285,-0.17407227,-0.97320557,0.25042725,-0.109375,1.421875,0.375
259,1697616325,-0.17553711,-0.9795532,0.24554443,0.234375,0.90625,0.15625
260,1697616365,-0.18237305,-0.9729614,0.24920654,-0.6875,1.59375,0.203125
261,1697616405,-0.17871094,-0.98223877,0.24359131,-0.046875,1.078125,0.171875
262,1697616445,-0.17456055,-0.9758911,0.2506714,-0.4375,1.421875,0.34375
263,1697616485,-0.17041016,-0.97540283,0.24432373,-0.28125,1.234375,0.34375
264,1697616525,-0.18164062,-0.9783325,0.25360107,0.0625,1.3125,0.453125
265,1697616565,-0.17944336,-0.9678345,0.25628662,-0.46875,0.859375,0.140625
266,1697616605,-0.17138672,-0.9644165,0.24261475,-0.859375,0.8125,0.0625
267,1697616645,-0.17333984,-0.9841919,0.25164795,0.8125,0.875,0.59375
268,1697616685,-0.17407227,-0.975647,0.25042725,-1.046875,1.4375,0.203125
269,1697616725,-0.18139648,-0.97369385,0.25531006,0.5625,1.328125,0.5625
270,1697616765,-0.16845703,-0.9793091,0.2489624,-0.78125,1.453125,0.046875
271,1697616805,-0.16967773,-0.97613525,0.2543335,-0.515625,0.9375,0.140625
272,1697616845,-0.17016602,-0.9685669,0.24359131,-0.5,1.078125,0.15625
273,1697616885,-0.1772461,-0.97198486,0.2518921,-0.765625,0.78125,0.359375
274,1697616925,-0.17456055,-0.9717407,0.25775146,-0.453125,0.4375,0.140625
275,1697616965,-0.1694336,-0.960022,0.24871826,-0.109375,1.265625,0.484375
276,1697617005,-0.17480469,-0.9751587,0.24456787,0.1875,0.625,0.21875
277,1697617045,-0.16870117,-0.9776001,0.2531128,-0.375,1.203125,-0.171875
278,1697617085,-0.17333984,-0.9751587,0.24334717,-1.03125,1.015625,-0.28125
279,1697617125,-0.17944336,-0.97442627,0.2584839,0.46875,0.53125,-0.078125
280,1697617165,-0.18041992,-0.97003174,0.25726318,-0.5,1.046875,-0.1875
281,1697617205,-0.17041016,-0.97906494,0.2555542,0.109375,0.765625,-0.390625
282,1697617245,-0.171875,-0.9714966,0.25042725,-0.59375,1.765625,-0.078125
283,1697617285,-0.17041016,-0.9751587,0.25164795,0.09375,1.09375,-0.53125
284,1697617325,-0.18261719,-0.9859009,0.26190186,0.765625,2.046875,0.5
285,1697617365,-0.17285156,-0.97198486,0.2531128,-0.453125,1.46875,-0.171875
286,1697617405,-0.17797852,-0.9776001,0.25653076,-0.578125,1.234375,0.015625
287,1697617445,-0.17626953,-0.97442627,0.2543335,-0.578125,0.78125,0.171875
288,1697617485,-0.1784668,-0.9656372,0.2592163,0.28125,1.015625,0.40625
289,1697617525,-0.1730957,-0.9685669,0.26385498,-0.359375,1.015625,-0.015625
290,1697617565,-0.17700195,-0.972229,0.25726318,-0.4375,-0.53125,0.421875
291,1697617605,-0.17578125,-0.97906494,0.25994873,-0.21875,1.546875,-0.09375
292,1697617645,-0.17749023,-0.960022,0.26239014,-0.84375,1.359375,-0.546875
293,1697617685,-0.17504883,-0.9680786,0.26605225,-2.078125,1.484375,-1.015625
294,1697617725,-0.17749023,-0.98760986,0.25457764,1.828125,-4.4375,0.5625
295,1697617765,-0.18334961,-0.9763794,0.27166748,0.90625,-1.734375,-0.1875
296,1697617805,-0.18286133,-0.973938,0.23065186,1.421875,-4.265625,0.125
297,1697617845,-0.19067383,-0.97735596,0.24725342,3.4375,-1.546875,2.28125
298,1697617885,-0.20874023,-0.95196533,0.24481201,2.234375,-1.796875,2.09375
299,1697617925,-0.17529297,-0.9883423,0.24041748,1.4375,-0.234375,1.125
300,1697617965,-0.17919922,-0.9817505,0.23895264,1.078125,-0.6875,1.1875
301,1697618005,-0.19750977,-0.97052,0.23065186,-0.921875,1.265625,1.34375
302,1697618045,-0.17382812,-0.9871216,0.23895264,-0.6875,2.421875,-1.046875
303,1697618085,-0.17456055,-0.97198486,0.246521,-1.09375,2.453125,-0.9375
304,1697618125,-0.1730957,-0.96832275,0.2506714,-1.1875,1.796875,0.25
305,1697618165,-0.1862793,-0.97003174,0.24700928,-0.515625,1.46875,-0.671875
306,1697618205,-0.17626953,-0.98272705,0.24945068,-0.21875,1.859375,-0.234375
307,1697618245,-0.16992188,-0.9741821,0.24359131,-0.703125,1.78125,0.34375
308,1697618285,-0.1784668,-0.97735596,0.2387085,0.4375,1.359375,0.625
309,1697618325,-0.16918945,-0.98443604,0.24310303,-0.4375,1.9375,0.40625
310,1697618365,-0.16845703,-0.9692993,0.2501831,0.28125,2.15625,0.171875
311,1697618405,-0.17822266,-0.9685669,0.2453003,-1.046875,1.71875,0.234375
312,1697618445,-0.18237305,-0.9746704,0.24798584,-0.328125,1.109375,0.328125
313,1697618485,-0.17114258,-0.9783325,0.25115967,0.390625,1.171875,0.6875
314,1697618525,-0.17382812,-0.97369385,0.2423706,-0.5,1.25,0.15625
315,1697618565,-0.16967773,-0.97442627,0.24481201,-0.671875,1.484375,-0.046875
316,1697618605,-0.18554688,-0.9776001,0.25653076,-0.171875,0.65625,0.46875
317,1697618645,-0.17358398,-0.9710083,0.23968506,0.09375,1.640625,-0.078125
318,1697618685,-0.18945312,-0.98101807,0.2658081,-0.109375,0.78125,1.125
319,1697618725,-0.16455078,-0.9741821,0.23895264,-0.84375,0.859375,-0.015625
320,1697618765,-0.17553711,-0.9780884,0.2567749,0.328125,1.421875,0.53125
321,1697618805,-0.18115234,-0.97857666,0.24993896,-0.328125,1.078125,0.453125
322,1697618845,-0.16552734,-0.9783325,0.24945068,-0.53125,1.109375,0.015625
323,1697618885,-0.17138672,-0.9800415,0.24139404,-0.734375,0.90625,-0.03125
324,1697618925,-0.17919922,-0.9812622,0.25628662,1.09375,1.140625,0.484375
325,1697618965,-0.1706543,-0.9729614,0.25091553,-1.9375,1.75,-0.390625
326,1697619005,-0.17285156,-0.9690552,0.25408936,0.75,0.828125,0.375
327,1697619045,-0.17504883,-0.97735596,0.2555542,-0.9375,1.671875,-0.234375
328,1697619085,-0.17114258,-0.97979736,0.2555542,-0.484375,0.796875,-0.1875
329,1697619125,-0.16748047,-0.9800415,0.2501831,-0.546875,0.9375,0.21875
330,1697619165,-0.18115234,-0.9697876,0.2514038,-0.640625,0.90625,0.15625
331,1697619205,-0.16845703,-0.9780884,0.2514038,-0.34375,1.4375,-0.140625
332,1697619245,-0.17871094,-0.96881104,0.262146,-0.5,1.34375,0.875
333,1697619285,-0.17236328,-0.97613525,0.24627686,0.046875,0.234375,-0.046875
334,1697619325,-0.17602539,-0.975647,0.25726318,-0.171875,1.015625,0.40625
335,1697619365,-0.18334961,-0.9734497,0.2477417,-0.03125,0.421875,0.71875
336,1697619405,-0.17407227,-0.9663696,0.25482178,-0.125,1.03125,0.234375
337,1697619445,-0.17114258,-0.9780884,0.2526245,-0.15625,0.921875,0.09375
338,1697619485,-0.17919922,-0.97906494,0.2567749,0.375,1.0625,-0.109375
339,1697619525,-0.17797852,-0.96881104,0.2501831,-1.71875,0.484375,-0.484375
340,1697619565,-0.18481445,-0.9795532,0.25775146,0.421875,1.3125,0.0
341,1697619605,-0.1772461,-0.9788208,0.2609253,-1.234375,1.671875,-0.046875
342,1697619645,-0.17114258,-0.9771118,0.2506714,-0.390625,0.625,-0.296875
343,1697619685,-0.17651367,-0.97198486,0.25628662,-1.25,1.125,-0.265625
344,1697619725,-0.17553711,-0.97491455,0.26605225,-0.671875,1.546875,-0.359375
345,1697619765,-0.18188477,-0.97491455,0.26385498,-0.015625,1.015625,0.21875
346,1697619805,-0.1796875,-0.9656372,0.2609253,-0.59375,0.296875,0.28125
347,1697619845,-0.1784668,-0.9768677,0.25775146,0.796875,0.703125,0.296875
348,1697619885,-0.17919922,-0.9768677,0.26556396,0.71875,0.859375,0.953125
349,1697619925,-0.17382812,-0.9727173,0.2592163,0.3125,0.0625,0.3125
350,1697619965,-0.18701172,-0.9727173,0.26361084,0.34375,0.859375,0.40625
351,1697620005,-0.18359375,-0.97491455,0.2584839,0.140625,1.4375,0.15625
352,1697620045,-0.17626953,-0.9734497,0.25897217,-1.078125,2.046875,-0.3125
353,1697620085,-0.1850586,-0.97320557,0.26409912,0.375,-0.03125,0.328125
354,1697620125,-0.18969727,-0.97369385,0.26434326,0.625,1.09375,0.28125
355,1697620165,-0.18701172,-0.97662354,0.2658081,0.25,2.09375,0.390625
356,1697620205,-0.17211914,-0.9639282,0.2579956,-0.625,0.96875,0.203125
357,1697620245,-0.17553711,-0.9758911,0.2555542,-0.15625,1.53125,0.25
358,1697620285,-0.19213867,-0.96881104,0.27020264,-0.375,1.203125,0.546875
359,1697620325,-0.16455078,-0.97784424,0.25872803,-0.046875,1.46875,-0.34375
360,1697620365,-0.18945312,-0.96343994,0.27191162,-0.421875,1.984375,0.5
361,1697620405,-0.1743164,-0.97442627,0.25701904,-0.0625,0.671875,0.203125
362,1697620445,-0.17895508,-0.97320557,0.26068115,-0.25,0.921875,0.578125
363,1697620485,-0.17456055,-0.97076416,0.2592163,-0.578125,0.4375,0.5
364,1697620525,-0.18310547,-0.9873657,0.27972412,0.734375,2.265625,0.6875
365,1697620565,-0.17260742,-0.9624634,0.25604248,-1.3125,1.078125,0.171875
366,1697620605,-0.1694336,-0.9570923,0.24090576,-2.609375,0.953125,-0.09375
367,1697620645,-0.18334961,-0.98272705,0.2675171,0.609375,0.5,0.375
368,1697620685,-0.18823242,-0.9690552,0.27142334,-1.25,1.734375,-0.0625
369,1697620725,-0.1706543,-0.9727173,0.26776123,0.078125,0.328125,-0.1875
370,1697620765,-0.17993164,-0.9690552,0.2538452,-0.84375,1.359375,0.5
371,1697620805,-0.18359375,-0.9651489,0.27069092,-0.5625,1.703125,-0.140625
372,1697620845,-0.17041016,-0.9692993,0.26556396,-0.1875,1.140625,-0.46875
373,1697620885,-0.17016602,-0.97125244,0.27264404,-0.671875,1.390625,-0.484375
374,1697620925,-0.1706543,-0.9692993,0.27459717,0.296875,-1.078125,-0.09375
375,1697620965,-0.18920898,-0.9717407,0.27679443,1.609375,-2.59375,1.375
376,1697621005,-0.18725586,-0.9690552,0.26434326,2.15625,-0.296875,1.53125
377,1697621045,-0.16503906,-0.9837036,0.27142334,3.046875,-0.140625,0.65625
378,1697621085,-0.16918945,-0.9795532,0.24676514,1.03125,-1.8125,1.484375
379,1697621125,-0.17993164,-0.98394775,0.25335693,4.59375,-4.453125,1.5625
380,1697621165,-0.18579102,-0.9751587,0.24066162,-0.3125,-1.0,-1.546875
381,1697621205,-0.17822266,-0.975647,0.22821045,1.046875,1.046875,-0.5
382,1697621245,-0.18334961,-0.9819946,0.22161865,3.09375,-1.90625,2.890625
383,1697621285,-0.15966797,-0.9651489,0.2321167,0.796875,-1.71875,1.109375
384,1697621325,-0.16723633,-0.97320557,0.2230835,1.28125,0.53125,1.390625
385,1697621365,-0.1652832,-0.9561157,0.22772217,-0.125,1.84375,0.8125
386,1697621405,-0.1730957,-0.98638916,0.24725342,0.96875,0.125,1.875
387,1697621445,-0.1586914,-0.98516846,0.24066162,-0.171875,1.375,0.875
388,1697621485,-0.17675781,-0.972229,0.24481201,-0.703125,0.96875,0.875
389,1697621525,-0.1640625,-0.97076416,0.2374878,-0.765625,0.890625,0.921875
390,1697621565,-0.16577148,-0.9841919,0.25360107,0.234375,-0.03125,0.71875
391,1697621605,-0.16796875,-0.98516846,0.23529053,-0.9375,0.40625,0.5625
392,1697621645,-0.17114258,-0.97491455,0.25213623,0.265625,0.21875,1.265625
393,1697621685,-0.17089844,-0.9819946,0.230896,-2.484375,0.34375,0.828125
394,1697621725,-0.16723633,-0.986145,0.24554443,-0.078125,1.265625,0.515625
395,1697621765,-0.17114258,-0.9890747,0.25994873,-0.046875,1.671875,1.296875
396,1697621805,-0.1640625,-0.97613525,0.24481201,-1.65625,2.03125,0.15625
397,1697621845,-0.1616211,-0.9710083,0.24725342,-1.28125,1.953125,-0.375
398,1697621885,-0.16552734,-0.9807739,0.24822998,-1.15625,1.515625,0.0
399,1697621925,-0.16308594,-0.9763794,0.24725342,-0.703125,2.203125,-0.25
400,1697621965,-0.16601562,-0.9846802,0.25213623,-0.1875,1.109375,-0.078125
401,1697622005,-0.16040039,-0.97247314,0.2518921,-1.203125,1.375,-0.34375
402,1697622045,-0.1640625,-0.97735596,0.24871826,-0.828125,0.65625,-0.34375
403,1697622085,-0.17114258,-0.9854126,0.25091553,-0.9375,1.0625,0.234375
404,1697622125,-0.16308594,-0.9729614,0.27166748,-0.125,1.59375,0.375
405,1697622165,-0.16210938,-0.96832275,0.25482178,-1.34375,1.765625,-0.5
406,1697622205,-0.16552734,-0.97784424,0.24798584,-0.3125,1.921875,-0.03125
407,1697622245,-0.16918945,-0.9746704,0.2543335,-1.578125,0.578125,-0.703125
408,1697622285,-0.16601562,-0.9783325,0.260437,0.3125,1.859375,0.0
409,1697622325,-0.1784668,-0.97003174,0.2675171,-1.34375,0.484375,0.5625
410,1697622365,-0.16821289,-0.97613525,0.2555542,-0.5,0.03125,0.203125
411,1697622405,-0.16430664,-0.97540283,0.26019287,-0.109375,0.34375,0.34375
412,1697622445,-0.16088867,-0.97369385,0.25115967,0.140625,1.578125,0.46875
413,1697622485,-0.17211914,-0.97198486,0.26385498,0.53125,1.65625,0.421875
414,1697622525,-0.16723633,-0.9673462,0.2579956,-0.953125,1.265625,-0.453125
415,1697622565,-0.16479492,-0.9795532,0.25946045,-0.546875,0.953125,-0.21875
416,1697622605,-0.16772461,-0.98028564,0.26678467,-0.8125,1.203125,-0.34375
417,1697622645,-0.16992188,-0.97320557,0.25897217,-0.484375,1.53125,-0.03125
418,1697622685,-0.16601562,-0.9702759,0.25408936,-0.4375,1.171875,-0.71875
419,1697622725,-0.17651367,-0.973938,0.2802124,0.03125,1.171875,-0.265625
420,1697622765,-0.16845703,-0.9649048,0.25604248,-2.546875,1.4375,-0.15625
421,1697622805,-0.16870117,-0.97003174,0.26507568,0.34375,1.484375,-0.453125
422,1697622845,-0.18139648,-0.97198486,0.27435303,-0.625,1.109375,0.828125
423,1697622885,-0.16748047,-0.97735596,0.26800537,-0.609375,0.84375,-0.328125
424,1697622925,-0.1694336,-0.96710205,0.26678467,-0.203125,1.015625,0.46875
425,1697622965,-0.16699219,-0.96954346,0.26483154,-0.984375,1.234375,0.25
426,1697623005,-0.17089844,-0.97979736,0.26971436,-0.375,1.5,-0.03125
427,1697623045,-0.16503906,-0.9751587,0.27435303,-0.734375,1.265625,-0.078125
428,1697623085,-0.17041016,-0.96099854,0.27557373,-1.015625,1.09375,0.25
429,1697623125,-0.17407227,-0.9812622,0.2748413,-0.703125,0.875,-0.328125
430,1697623165,-0.16308594,-0.9702759,0.26800537,-0.453125,1.46875,0.125
431,1697623205,-0.17382812,-0.9649048,0.2838745,0.0,1.03125,0.5
432,1697623245,-0.171875,-0.973938,0.26922607,-0.46875,0.171875,0.359375
433,1697623285,-0.17504883,-0.97052,0.26507568,-0.703125,0.671875,0.53125
434,1697623325,-0.16479492,-0.98150635,0.2741089,1.359375,1.3125,0.453125
435,1697623365,-0.1652832,-0.97247314,0.2736206,-0.890625,1.109375,-0.375
436,1697623405,-0.17700195,-0.97491455,0.27947998,1.4375,1.328125,0.5625
437,1697623445,-0.17578125,-0.9746704,0.27191162,-0.296875,1.171875,0.296875
438,1697623485,-0.16918945,-0.9768677,0.26068115,0.578125,1.4375,0.109375
439,1697623525,-0.1652832,-0.96759033,0.27215576,-0.359375,1.3125,0.0625
440,1697623565,-0.1730957,-0.9746704,0.26971436,-0.75,0.546875,0.078125
441,1697623605,-0.17626953,-0.97442627,0.27752686,0.703125,1.328125,0.515625
442,1697623645,-0.16723633,-0.96832275,0.27313232,-0.25,1.578125,0.328125
443,1697623685,-0.16918945,-0.96173096,0.27020264,0.40625,1.015625,0.390625
444,1697623725,-0.16137695,-0.96832275,0.2753296,-0.390625,1.578125,0.0
445,1697623765,-0.16552734,-0.97247314,0.27972412,-0.4375,1.28125,0.21875
446,1697623805,-0.1743164,-0.97491455,0.26483154,-0.53125,1.25,-0.140625
447,1697623845,-0.16552734,-0.97613525,0.27191162,-0.234375,0.875,0.109375
448,1697623885,-0.16870117,-0.9776001,0.2753296,-0.578125,1.15625,0.015625
449,1697623925,-0.16601562,-0.9710083,0.28118896,2.328125,0.96875,0.15625
450,1697623965,-0.1586914,-0.9663696,0.2538452,0.078125,1.28125,0.0
451,1697624005,-0.17114258,-0.97613525,0.27459717,2.34375,0.9375,0.59375
452,1697624045,-0.16503906,-0.9768677,0.2645874,1.21875,0.875,0.234375
453,1697624085,-0.171875,-0.95513916,0.27435303,-0.296875,0.515625,-0.203125
454,1697624125,-0.17602539,-0.9783325,0.25775146,-0.1875,-0.078125,-0.421875
455,1697624165,-0.16967773,-0.9805298,0.27459717,-0.375,2.265625,-0.234375
456,1697624205,-0.16381836,-0.96954346,0.26483154,0.15625,0.765625,-0.3125
457,1697624245,-0.17529297,-0.9595337,0.2687378,-1.125,1.625,-0.078125
458,1697624285,-0.17578125,-0.9866333,0.27093506,1.390625,0.0625,0.484375
459,1697624325,-0.17260742,-0.9668579,0.2687378,-1.0,2.609375,-0.109375
460,1697624365,-0.17041016,-0.9685669,0.2645874,0.265625,0.53125,-0.25
461,1697624405,-0.17089844,-0.9734497,0.27313232,0.3125,1.453125,0.5625
462,1697624445,-0.17749023,-0.97442627,0.2682495,0.328125,1.265625,0.265625
463,1697624485,-0.16845703,-0.9710083,0.2609253,-0.3125,1.484375,-0.046875
464,1697624525,-0.17578125,-0.97369385,0.26312256,-0.421875,0.359375,0.390625
465,1697624565,-0.16870117,-0.97857666,0.25628662,0.015625,0.640625,0.0625
466,1697624605,-0.16992188,-0.96881104,0.26971436,-0.265625,0.6875,0.015625
467,1697624645,-0.18017578,-0.9763794,0.2675171,1.09375,0.53125,0.59375
468,1697624685,-0.16381836,-0.97613525,0.2592163,-0.984375,0.96875,-0.1875
469,1697624725,-0.171875,-0.9680786,0.27093506,-0.265625,0.171875,0.03125
470,1697624765,-0.18530273,-0.9661255,0.26263428,-1.171875,0.65625,0.390625
471,1697624805,-0.17138672,-0.9795532,0.27093506,-0.046875,0.75,0.109375
472,1697624845,-0.17138672,-0.9619751,0.26605225,-0.828125,1.578125,-0.359375
473,1697624885,-0.17211914,-0.9644165,0.27191162,-0.796875,0.5,-0.640625
474,1697624925,-0.18896484,-0.9741821,0.27191162,0.015625,1.046875,-0.203125
475,1697624965,-0.17651367,-0.97076416,0.2753296,-0.125,1.015625,0.203125
476,1697625005,-0.17285156,-0.9692993,0.25872803,0.15625,1.5625,0.078125
477,1697625045,-0.17700195,-0.9639282,0.26727295,0.578125,1.046875,0.546875
478,1697625085,-0.18041992,-0.9793091,0.2736206,1.078125,1.421875,0.28125
479,1697625125,-0.17285156,-0.97613525,0.25360107,0.1875,1.125,0.609375
480,1697625165,-0.16699219,-0.96539307,0.27386475,1.59375,1.46875,0.859375
481,1697625205,-0.17163086,-0.97662354,0.26141357,-0.984375,1.890625,-0.109375
482,1697625245,-0.17626953,-0.9680786,0.26678467,0.9375,1.625,0.046875
483,1697625285,-0.17089844,-0.97857666,0.25946045,-0.96875,1.296875,0.09375
484,1697625325,-0.18774414,-0.9710083,0.27142334,0.421875,0.0,0.5625
485,1697625365,-0.16113281,-0.97491455,0.26776123,-0.609375,0.21875,0.40625
486,1697625405,-0.1772461,-0.9639282,0.2711792,0.21875,0.140625,0.65625
487,1697625445,-0.1796875,-0.9817505,0.26849365,1.359375,0.15625,0.546875
488,1697625485,-0.17211914,-0.97735596,0.27264404,0.171875,1.5625,0.6875
489,1697625525,-0.17602539,-0.96954346,0.2616577,-0.625,0.078125,0.265625
490,1697625565,-0.16918945,-0.97198486,0.26141357,-0.453125,1.078125,0.390625
491,1697625605,-0.17211914,-0.97979736,0.26361084,-0.296875,1.546875,0.03125
492,1697625645,-0.17260742,-0.9727173,0.2711792,-0.796875,1.5,0.421875
493,1697625685,-0.16992188,-0.97052,0.2616577,-1.03125,0.6875,-0.390625
494,1697625725,-0.17358398,-0.9710083,0.2675171,-0.46875,1.015625,0.09375
495,1697625765,-0.16479492,-0.97369385,0.26531982,0.203125,1.75,0.125
496,1697625805,-0.17333984,-0.96173096,0.27166748,-1.453125,0.890625,0.1875
497,1697625845,-0.17114258,-0.9758911,0.26654053,2.046875,0.796875,0.578125
498,1697625885,-0.18334961,-0.9710083,0.2675171,-0.171875,0.984375,0.96875
499,1697625925,-0.16235352,-0.9734497,0.26898193,0.9375,0.84375,-0.0625
500,1697625965,-0.17138672,-0.9714966,0.26654053,-0.171875,1.6875,-0.015625
501,1697626005,-0.17504883,-0.95318604,0.28533936,1.9375,3.0,-0.25
502,1697626045,-0.13916016,-0.9522095,0.28094482,6.203125,0.09375,0.015625
503,1697626085,-0.21020508,-0.97003174,0.24945068,-6.296875,-3.03125,1.34375
504,1697626125,-0.15405273,-1.031311,0.25335693,-2.1875,-9.4375,1.671875
505,1697626165,-0.18554688,-0.98687744,0.28460693,1.84375,-4.40625,3.828125
506,1697626205,-0.1730957,-0.960022,0.2333374,1.34375,0.75,1.6875
507,1697626245,-0.16992188,-0.9758911,0.23675537,1.953125,-0.125,0.234375
508,1697626285,-0.15209961,-0.9824829,0.26849365,-0.046875,-0.671875,1.734375
509,1697626325,-0.15722656,-0.9741821,0.25042725,0.578125,1.375,0.6875
510,1697626365,-0.18310547,-0.9746704,0.24310303,-1.078125,0.890625,0.15625
511,1697626405,-0.1586914,-0.97198486,0.260437,0.78125,1.84375,0.65625
512,1697626445,-0.15112305,-0.9859009,0.26507568,0.21875,1.46875,0.203125
513,1697626485,-0.16357422,-0.96661377,0.246521,-0.484375,2.625,0.015625
514,1697626525,-0.16748047,-0.97784424,0.260437,-0.484375,1.046875,-0.65625
515,1697626565,-0.14990234,-0.9807739,0.25823975,-0.84375,1.078125,-0.203125
516,1697626605,-0.16259766,-0.96710205,0.26190186,-0.46875,1.390625,0.21875
517,1697626645,-0.16333008,-0.97198486,0.25750732,-0.421875,0.640625,0.109375
518,1697626685,-0.1616211,-0.97662354,0.25994873,-0.65625,0.875,0.03125
519,1697626725,-0.16137695,-0.97735596,0.262146,-0.359375,0.390625,0.125
520,1697626765,-0.16064453,-0.9678345,0.26531982,0.09375,0.6875,0.34375
521,1697626805,-0.16210938,-0.96710205,0.2555542,-0.578125,1.046875,0.015625
522,1697626845,-0.1628418,-0.9837036,0.25726318,-0.140625,-0.125,0.359375
523,1697626885,-0.16040039,-0.97003174,0.2567749,0.21875,1.3125,0.125
524,1697626925,-0.17016602,-0.9656372,0.26507568,-0.921875,1.484375,-0.1875
525,1697626965,-0.16455078,-0.9776001,0.2584839,1.375,1.125,0.484375
526,1697627005,-0.15991211,-0.97491455,0.2592163,-0.734375,1.828125,-0.25
527,1697627045,-0.15966797,-0.9717407,0.25482178,-0.65625,2.625,-0.796875
528,1697627085,-0.1694336,-0.9758911,0.2633667,0.65625,0.109375,0.515625
529,1697627125,-0.15405273,-0.94781494,0.2501831,-1.484375,3.171875,-1.109375
530,1697627165,-0.17871094,-0.9783325,0.27850342,0.6875,0.6875,0.4375
531,1697627205,-0.15917969,-0.97052,0.2518921,-0.265625,2.546875,-0.390625
532,1697627245,-0.16259766,-0.9734497,0.25994873,0.15625,1.359375,-0.875
533,1697627285,-0.1821289,-0.9702759,0.26409912,-0.578125,0.625,0.28125
534,1697627325,-0.16088867,-0.9763794,0.26287842,-0.328125,0.71875,-0.359375
535,1697627365,-0.1743164,-0.9783325,0.26654053,-0.1875,0.8125,0.09375
536,1697627405,-0.1743164,-0.96173096,0.27215576,-0.765625,0.921875,0.34375
537,1697627445,-0.16235352,-0.98101807,0.24578857,-1.796875,0.3125,-0.265625
538,1697627485,-0.16186523,-0.96710205,0.27191162,-0.609375,2.078125,-0.296875
539,1697627525,-0.16894531,-0.9824829,0.27508545,0.328125,1.125,-0.09375
540,1697627565,-0.1743164,-0.97198486,0.25775146,-1.484375,0.34375,0.453125
541,1697627605,-0.17016602,-0.9829712,0.27264404,-0.078125,0.203125,0.5625
542,1697627645,-0.17260742,-0.9697876,0.2675171,-0.5,0.34375,0.515625
543,1697627685,-0.17041016,-0.9668579,0.26116943,-0.421875,0.234375,-0.046875
544,1697627725,-0.17871094,-0.98321533,0.27679443,0.15625,1.359375,0.046875
545,1697627765,-0.16967773,-0.96466064,0.26605225,-0.0625,1.34375,0.0625
546,1697627805,-0.16699219,-0.9651489,0.26678467,0.34375,0.359375,0.234375
547,1697627845,-0.17333984,-0.98443604,0.27191162,0.515625,1.65625,-0.015625
548,1697627885,-0.17016602,-0.96588135,0.2699585,0.5625,1.375,0.1875
549,1697627925,-0.16333008,-0.9627075,0.24920654,-0.671875,0.96875,-0.5
550,1697627965,-0.1784668,-0.96661377,0.28118896,0.875,1.75,0.125
551,1697628005,-0.17260742,-0.96832275,0.25604248,-1.578125,1.671875,-0.875
552,1697628045,-0.17260742,-0.9690552,0.26434326,-0.265625,2.046875,-0.046875
553,1697628085,-0.1706543,-0.9768677,0.25750732,-0.234375,1.375,0.171875
554,1697628125,-0.18237305,-0.96832275,0.27508545,-0.21875,1.453125,0.484375
555,1697628165,-0.16772461,-0.97784424,0.2597046,-0.078125,0.328125,-0.125
556,1697628205,-0.17407227,-0.9690552,0.27459717,1.0625,1.34375,0.90625
557,1697628245,-0.17651367,-0.975647,0.2658081,-0.453125,1.078125,0.125
558,1697628285,-0.1652832,-0.97442627,0.26141357,-0.171875,1.03125,0.265625
559,1697628325,-0.17578125,-0.9668579,0.26727295,-0.796875,1.171875,0.265625
560,1697628365,-0.1706543,-0.9771118,0.2711792,-0.4375,0.859375,-0.0625
561,1697628405,-0.17211914,-0.9673462,0.26409912,-0.65625,1.125,0.015625
562,1697628445,-0.17529297,-0.96759033,0.2741089,0.359375,0.203125,0.484375
563,1697628485,-0.16894531,-0.97247314,0.26556396,-0.5,0.515625,0.15625
564,1697628525,-0.16455078,-0.97857666,0.2616577,-0.5,1.359375,-0.21875
565,1697628565,-0.1694336,-0.96588135,0.2682495,-1.0,1.359375,-0.578125
566,1697628605,-0.17529297,-0.97247314,0.27630615,0.0,0.578125,-0.0625
567,1697628645,-0.1796875,-0.9768677,0.26507568,-0.796875,0.515625,0.015625
568,1697628685,-0.17236328,-0.9768677,0.27581787,-0.140625,1.03125,0.203125
569,1697628725,-0.16821289,-0.9631958,0.26190186,-0.78125,1.265625,0.046875
570,1697628765,-0.1730957,-0.9788208,0.28240967,1.140625,0.171875,0.71875
571,1697628805,-0.1706543,-0.97369385,0.27215576,0.3125,0.703125,0.421875
572,1697628845,-0.17626953,-0.9619751,0.28070068,0.71875,0.421875,0.734375
573,1697628885,-0.16918945,-0.9812622,0.2675171,0.765625,0.265625,0.796875
574,1697628925,-0.17602539,-0.9673462,0.27557373,0.84375,0.9375,0.53125
575,1697628965,-0.1730957,-0.9668579,0.2675171,0.96875,0.46875,0.53125
576,1697629005,-0.17578125,-0.9717407,0.26190186,0.015625,0.875,0.40625
577,1697629045,-0.16796875,-0.97125244,0.27703857,0.25,1.390625,0.3125
578,1697629085,-0.17285156,-0.9685669,0.26361084,-0.734375,1.40625,0.265625
579,1697629125,-0.17822266,-0.96832275,0.2723999,0.375,0.6875,0.21875
580,1697629165,-0.16210938,-0.9741821,0.27142334,-0.890625,1.59375,0.09375
581,1697629205,-0.17529297,-0.96466064,0.26434326,-0.109375,1.25,0.375
582,1697629245,-0.17529297,-0.96588135,0.27313232,-1.265625,2.203125,-0.125
583,1697629285,-0.17260742,-0.9805298,0.26727295,0.15625,0.578125,0.0625
584,1697629325,-0.16894531,-0.9727173,0.2645874,-0.453125,1.6875,0.34375
585,1697629365,-0.17871094,-0.9783325,0.27557373,0.8125,1.421875,0.6875
586,1697629405,-0.1628418,-0.97003174,0.27044678,0.125,0.875,0.203125
587,1697629445,-0.15844727,-0.9746704,0.26361084,-0.375,0.765625,0.34375
588,1697629485,-0.16381836,-0.98321533,0.2711792,0.28125,1.140625,0.359375
589,1697629525,-0.16894531,-0.98028564,0.2748413,0.5,0.875,0.421875
590,1697629565,-0.1706543,-0.9751587,0.27508545,-0.390625,0.765625,0.5625
591,1697629605,-0.16015625,-0.9692993,0.25531006,-0.859375,1.125,-0.046875
592,1697629645,-0.16333008,-0.97052,0.26190186,0.390625,0.03125,0.484375
593,1697629685,-0.17016602,-0.9763794,0.26849365,0.671875,0.703125,0.65625
594,1697629725,-0.16577148,-0.97320557,0.26507568,-0.671875,0.421875,0.484375
595,1697629765,-0.16137695,-0.9627075,0.2699585,1.0625,0.875,0.1875
596,1697629805,-0.16894531,-0.9734497,0.26727295,-0.03125,2.0,0.328125
597,1697629845,-0.16455078,-0.97906494,0.27069092,0.296875,-0.09375,0.65625
598,1697629885,-0.16186523,-0.95880127,0.26019287,-0.15625,1.609375,-0.140625
599,1697629925,-0.17749023,-0.97735596,0.2814331,1.296875,0.5,0.28125
600,1697629965,-0.16479492,-0.97247314,0.2675171,0.34375,1.65625,-0.09375
601,1697630005,-0.17529297,-0.972229,0.2579956,-0.46875,0.703125,-0.234375
602,1697630045,-0.16748047,-0.96710205,0.26556396,0.5625,1.625,0.140625
603,1697630085,-0.18603516,-0.9741821,0.27825928,-0.34375,0.453125,0.1875
604,1697630125,-0.15966797,-0.9883423,0.25897217,-0.609375,0.53125,0.203125
605,1697630165,-0.17626953,-0.9631958,0.25946045,-3.6875,1.859375,0.34375
606,1697630205,-0.16723633,-0.9356079,0.27874756,0.765625,3.734375,-1.78125
607,1697630245,-0.14135742,-1.0003052,0.27850342,0.15625,0.5,-1.578125
608,1697630285,-0.17919922,-0.98101807,0.27191162,-1.6875,0.40625,0.71875
609,1697630325,-0.1772461,-0.9590454,0.25042725,-0.828125,-0.28125,0.359375
610,1697630365,-0.18164062,-0.97247314,0.25897217,0.171875,1.171875,-0.4375
611,1697630405,-0.16967773,-0.9758911,0.28485107,-0.40625,1.140625,0.046875
612,1697630445,-0.1694336,-0.9807739,0.27044678,-0.546875,-0.21875,1.125
613,1697630485,-0.18774414,-0.9639282,0.2609253,0.234375,1.109375,0.40625
614,1697630525,-0.17089844,-0.9692993,0.2736206,0.078125,0.359375,0.8125
615,1697630565,-0.15722656,-0.96417236,0.27703857,-0.453125,2.1875,0.1875
616,1697630605,-0.18261719,-0.975647,0.2850952,1.234375,1.53125,0.578125
617,1697630645,-0.18408203,-0.95562744,0.27972412,1.96875,2.859375,0.171875
618,1697630685,-0.15942383,-1.0005493,0.26068115,-0.96875,-3.796875,-0.421875
619,1697630725,-0.19628906,-0.99102783,0.27972412,0.421875,-5.53125,1.71875
620,1697630765,-0.16455078,-0.96954346,0.25994873,1.78125,-5.0,0.890625
621,1697630805,-0.1965332,-0.9651489,0.25897217,5.046875,-2.140625,2.015625
622,1697630845,-0.18237305,-0.97003174,0.26776123,4.828125,-2.09375,0.96875
623,1697630885,-0.16381836,-0.98638916,0.2423706,0.984375,-0.109375,0.671875
624,1697630925,-0.1730957,-0.972229,0.23919678,2.984375,0.640625,0.53125
625,1697630965,-0.18408203,-0.9771118,0.2579956,2.96875,0.625,-0.421875
626,1697631005,-0.19091797,-0.9570923,0.25335693,1.90625,2.921875,0.078125
627,1697631045,-0.15844727,-0.98931885,0.2333374,0.671875,3.8125,-0.71875
628,1697631085,-0.17358398,-0.9907837,0.23724365,3.34375,-0.6875,2.46875
629,1697631125,-0.14819336,-0.96343994,0.2033081,-0.796875,1.234375,0.75
630,1697631165,-0.15966797,-0.9627075,0.215271,-0.890625,2.984375,-0.390625
631,1697631205,-0.16870117,-0.9746704,0.23260498,0.296875,1.171875,0.953125
632,1697631245,-0.17163086,-0.9649048,0.23309326,-1.453125,2.0625,0.3125
633,1697631285,-0.17480469,-0.97491455,0.24700928,0.3125,-0.1875,1.046875
634,1697631325,-0.17211914,-0.9841919,0.25946045,-1.015625,0.59375,0.90625
635,1697631365,-0.1574707,-0.9771118,0.23651123,-1.359375,0.875,0.453125
636,1697631405,-0.16967773,-0.9807739,0.23040771,1.28125,-0.203125,1.109375
637,1697631445,-0.16577148,-0.9866333,0.23919678,0.0625,-0.109375,1.078125
638,1697631485,-0.16210938,-0.97125244,0.24041748,0.515625,1.53125,0.4375
639,1697631525,-0.1784668,-0.96759033,0.23846436,0.59375,1.34375,1.3125
640,1697631565,-0.17089844,-0.97442627,0.23114014,-0.0625,2.078125,1.15625
641,1697631605,-0.16088867,-0.9932251,0.24139404,0.140625,1.515625,-0.25
642,1697631645,-0.1616211,-0.9697876,0.23797607,-1.109375,3.046875,-0.296875
643,1697631685,-0.15893555,-0.9920044,0.22625732,-0.703125,0.578125,0.53125
644,1697631725,-0.16040039,-0.98101807,0.24456787,0.484375,1.8125,0.09375
645,1697631765,-0.16186523,-0.96588135,0.23016357,-3.453125,2.328125,-0.703125
646,1697631805,-0.16186523,-0.98687744,0.2423706,0.9375,0.796875,0.484375
647,1697631845,-0.15844727,-0.9780884,0.2453003,-1.5,1.359375,0.359375
648,1697631885,-0.15356445,-0.9780884,0.2374878,-0.34375,0.96875,-0.296875
649,1697631925,-0.16479492,-0.9727173,0.23773193,-0.84375,1.453125,0.84375
650,1697631965,-0.16088867,-0.98760986,0.24822998,-0.4375,0.4375,0.609375
651,1697632005,-0.14697266,-0.9812622,0.24188232,-0.328125,1.03125,-0.421875
652,1697632045,-0.16455078,-0.97198486,0.24505615,-0.296875,1.6875,0.75
653,1697632085,-0.1550293,-0.9846802,0.24212646,-0.28125,0.78125,0.640625
654,1697632125,-0.1550293,-0.9776001,0.25823975,-0.734375,0.71875,-0.21875
655,1697632165,-0.15917969,-0.9776001,0.24603271,0.21875,0.8125,0.6875
656,1697632205,-0.15795898,-0.973938,0.246521,-0.203125,0.640625,1.0625
657,1697632245,-0.15478516,-0.97052,0.25213623,-0.3125,0.5,-0.109375
658,1697632285,-0.15161133,-0.9841919,0.24627686,-0.484375,1.171875,0.484375
659,1697632325,-0.15332031,-0.9614868,0.2333374,-0.6875,0.890625,-0.375
660,1697632365,-0.16577148,-0.9859009,0.262146,0.640625,0.390625,1.09375
661,1697632405,-0.15942383,-0.9783325,0.24993896,-1.28125,1.421875,-0.171875
662,1697632445,-0.1508789,-0.9859009,0.25335693,-0.703125,0.640625,0.03125
663,1697632485,-0.16308594,-0.9846802,0.25579834,-0.8125,0.8125,0.375
664,1697632525,-0.15625,-0.9817505,0.25042725,-1.171875,1.03125,-0.21875
665,1697632565,-0.16308594,-0.9800415,0.26190186,0.0625,1.53125,0.34375
666,1697632605,-0.16064453,-0.97369385,0.25238037,-0.828125,1.34375,-0.015625
667,1697632645,-0.15429688,-0.96466064,0.25994873,-0.6875,1.546875,-0.328125
668,1697632685,-0.16210938,-0.9783325,0.2567749,-0.828125,0.765625,0.140625
669,1697632725,-0.16137695,-0.97662354,0.25482178,-0.65625,1.09375,0.0
670,1697632765,-0.16186523,-0.9714966,0.26239014,0.125,1.296875,0.140625
671,1697632805,-0.16015625,-0.9685669,0.24847412,-1.625,0.53125,0.390625
672,1697632845,-0.15551758,-0.9937134,0.25653076,-0.09375,1.09375,0.4375
673,1697632885,-0.1574707,-0.9741821,0.25482178,-2.859375,1.6875,-0.734375
674,1697632925,-0.1574707,-0.98638916,0.26287842,0.453125,1.078125,0.15625
675,1697632965,-0.16772461,-0.9680786,0.26190186,-1.4375,1.78125,-0.28125
676,1697633005,-0.15722656,-0.9783325,0.26800537,-0.25,1.15625,-0.359375
677,1697633045,-0.1628418,-0.97125244,0.26385498,-0.71875,0.640625,0.078125
678,1697633085,-0.16259766,-0.97198486,0.2592163,-1.125,1.0625,0.109375
679,1697633125,-0.16381836,-0.9768677,0.27069092,0.046875,1.109375,0.15625
680,1697633165,-0.16210938,-0.97247314,0.26507568,-0.65625,1.171875,-0.046875
681,1697633205,-0.16210938,-0.9697876,0.2662964,-0.234375,0.53125,0.3125
682,1697633245,-0.16113281,-0.9651489,0.262146,-1.5,0.828125,-0.328125
683,1697633285,-0.16430664,-0.9920044,0.26849365,0.1875,0.6875,0.546875
684,1697633325,-0.16015625,-0.9624634,0.26922607,-0.984375,1.515625,-0.109375
685,1697633365,-0.1640625,-0.97198486,0.26727295,0.0625,0.234375,0.078125
686,1697633405,-0.16723633,-0.9673462,0.27996826,-0.28125,0.5625,0.671875
687,1697633445,-0.16186523,-0.9536743,0.27142334,-1.40625,0.546875,-0.140625
688,1697633485,-0.16186523,-0.98687744,0.26531982,0.234375,0.96875,0.296875
689,1697633525,-0.15649414,-0.9714966,0.2597046,-1.40625,1.0,-0.3125
690,1697633565,-0.16870117,-0.9866333,0.2819214,0.34375,0.359375,0.578125
691,1697633605,-0.17016602,-0.97735596,0.2748413,-1.578125,1.65625,-0.453125
692,1697633645,-0.16015625,-0.98101807,0.28070068,0.546875,0.796875,-0.0625
693,1697633685,-0.16503906,-0.96881104,0.2675171,-1.171875,0.609375,0.046875
694,1697633725,-0.16845703,-0.9702759,0.27313232,-0.171875,0.921875,-0.046875
695,1697633765,-0.16479492,-0.9758911,0.2814331,0.609375,1.1875,-0.078125
696,1697633805,-0.16821289,-0.96051025,0.27679443,0.1875,0.875,0.390625
697,1697633845,-0.17260742,-0.9710083,0.26800537,-0.546875,0.46875,0.109375
698,1697633885,-0.16210938,-0.9829712,0.2814331,-0.25,1.265625,-0.234375
699,1697633925,-0.16430664,-0.9697876,0.2753296,-0.171875,1.6875,-0.171875
700,1697633965,-0.1706543,-0.9829712,0.26605225,0.21875,0.5,0.078125
701,1697634005,-0.17675781,-0.9663696,0.2753296,-1.046875,2.03125,-0.09375
702,1697634045,-0.16259766,-0.97735596,0.28948975,1.015625,0.609375,0.0
703,1697634085,-0.17041016,-0.9590454,0.276062,-1.234375,1.59375,-0.3125
704,1697634125,-0.17016602,-0.9800415,0.2711792,0.03125,0.671875,0.171875
705,1697634165,-0.17236328,-0.9776001,0.27557373,-0.671875,1.78125,0.0
706,1697634205,-0.17675781,-0.9702759,0.2831421,0.15625,1.015625,0.078125
707,1697634245,-0.16259766,-0.96832275,0.2699585,-1.234375,2.140625,-0.703125
708,1697634285,-0.17553711,-0.9849243,0.28729248,1.15625,0.015625,0.796875
709,1697634325,-0.16040039,-0.9636841,0.2699585,-1.5,0.859375,-0.015625
710,1697634365,-0.16479492,-0.954895,0.28582764,-0.265625,1.5,0.03125
711,1697634405,-0.1796875,-0.9776001,0.2814331,-0.0625,-0.078125,0.578125
712,1697634445,-0.16723633,-0.97491455,0.2814331,-1.15625,1.28125,-0.53125
713,1697634485,-0.16381836,-0.9710083,0.27972412,-0.1875,1.890625,-0.21875
714,1697634525,-0.18408203,-0.96588135,0.277771,-0.046875,-0.203125,0.5
715,1697634565,-0.1640625,-0.97613525,0.27923584,-0.796875,1.171875,-0.703125
716,1697634605,-0.17626953,-0.9783325,0.29364014,0.5625,0.6875,0.140625
717,1697634645,-0.16333008,-0.9639282,0.2711792,-0.390625,1.515625,0.40625
718,1697634685,-0.16918945,-0.9800415,0.2699585,-0.796875,0.484375,-0.28125
719,1697634725,-0.17407227,-0.97540283,0.28485107,1.171875,2.375,0.3125
720,1697634765,-0.17114258,-0.97613525,0.27630615,-1.859375,1.328125,-0.609375
721,1697634805,-0.1628418,-0.9614868,0.2850952,1.046875,1.359375,-0.859375
722,1697634845,-0.18383789,-0.9685669,0.28094482,-0.75,1.296875,0.296875
723,1697634885,-0.16992188,-0.9690552,0.28582764,-0.265625,1.0,-0.28125
724,1697634925,-0.1640625,-0.97442627,0.28045654,-0.171875,0.3125,0.0
725,1697634965,-0.17358398,-0.9673462,0.28216553,-0.921875,0.3125,0.515625
726,1697635005,-0.17211914,-0.972229,0.26776123,1.984375,-0.25,1.0625
727,1697635045,-0.17260742,-0.9590454,0.29022217,0.734375,1.328125,1.0
728,1697635085,-0.16796875,-0.9734497,0.27142334,-0.234375,0.5625,0.34375
729,1697635125,-0.1772461,-0.9639282,0.2765503,0.21875,1.03125,0.609375
730,1697635165,-0.17285156,-0.9627075,0.28216553,-0.671875,0.46875,0.703125
731,1697635205,-0.17333984,-0.97125244,0.27801514,-0.703125,0.9375,-0.203125
732,1697635245,-0.17211914,-0.9649048,0.28778076,-0.0625,1.46875,0.296875
733,1697635285,-0.17333984,-0.9631958,0.2819214,-1.15625,0.65625,-0.09375
734,1697635325,-0.17456055,-0.9692993,0.27825928,0.46875,0.484375,0.484375
735,1697635365,-0.16137695,-0.9656372,0.277771,0.34375,0.890625,-0.09375
736,1697635405,-0.17602539,-0.9692993,0.28948975,1.390625,1.078125,0.359375
737,1697635445,-0.16235352,-0.96466064,0.2789917,0.328125,1.8125,-0.15625
738,1697635485,-0.17138672,-0.9729614,0.28851318,1.0625,3.09375,-0.9375
739,1697635525,-0.1706543,-0.9846802,0.2736206,-0.171875,1.140625,-0.734375
740,1697635565,-0.17553711,-0.9644165,0.2868042,0.015625,-2.484375,0.5625
741,1697635605,-0.17407227,-0.9717407,0.28167725,2.359375,-2.75,1.296875
742,1697635645,-0.17260742,-0.9812622,0.27923584,3.625,-0.546875,1.046875
743,1697635685,-0.18115234,-0.98443604,0.23699951,0.75,-2.5,1.546875
744,1697635725,-0.15209961,-0.96173096,0.25286865,0.078125,-1.09375,0.046875
745,1697635765,-0.1640625,-0.9751587,0.24676514,0.65625,0.125,1.265625
746,1697635805,-0.18457031,-0.96051025,0.2814331,-1.0625,0.84375,0.890625
747,1697635845,-0.1652832,-0.9795532,0.26239014,-1.4375,-0.296875,-0.640625
748,1697635885,-0.17211914,-0.97735596,0.2753296,1.03125,2.0,0.453125
749,1697635925,-0.16674805,-0.9558716,0.26434326,-2.453125,0.640625,-0.859375
750,1697635965,-0.17749023,-0.97662354,0.27313232,0.984375,-0.078125,0.515625
751,1697636005,-0.16699219,-0.9854126,0.27166748,-0.6875,1.5625,0.15625
752,1697636045,-0.1586914,-0.9710083,0.2670288,0.4375,1.046875,-0.609375
753,1697636085,-0.16967773,-0.9758911,0.25531006,-0.421875,0.734375,-0.109375
754,1697636125,-0.17016602,-0.97784424,0.26556396,-0.625,0.46875,-0.328125
755,1697636165,-0.17553711,-0.97247314,0.2723999,-0.21875,0.796875,-0.421875
756,1697636205,-0.16625977,-0.9763794,0.26727295,-0.78125,1.015625,0.390625
757,1697636245,-0.17797852,-0.9680786,0.26239014,-0.34375,1.109375,0.21875
758,1697636285,-0.16748047,-0.9849243,0.26263428,-0.109375,1.171875,-0.171875
759,1697636325,-0.16333008,-0.9573364,0.26898193,-1.0625,1.4375,0.1875
