timestamp,accel_x,accel_y,accel_z,gyro_x,gyro_y,gyro_z,ind
1696289055046,-0.27124023,-0.9199829,0.45477295,-34.109375,43.15625,-33.0625,0
1696289055086,-0.1953125,-1.081604,0.29779053,-31.765625,27.3125,-33.015625,1
1696289055126,0.11279297,-1.3076782,0.15081787,-1.40625,37.96875,-19.71875,2
1696289055166,0.17260742,-0.99102783,0.24676514,12.65625,57.28125,-8.53125,3
1696289055206,-0.13720703,-0.7920532,0.1071167,5.59375,50.546875,-7.03125,4
1696289055246,-0.076171875,-0.90826416,0.27996826,0.453125,48.0,-11.375,5
1696289055286,-0.091552734,-0.90216064,0.2567749,2.109375,44.46875,-12.875,6
1696289055326,-0.17529297,-0.97662354,0.16693115,11.609375,42.71875,-6.5625,7
1696289055366,-0.11669922,-0.98687744,0.13323975,15.734375,39.046875,-0.1875,8
1696289055406,-0.099365234,-0.9365845,0.23504639,10.875,51.484375,-0.828125,9
1696289055446,-0.2211914,-0.98687744,0.32073975,0.5,53.15625,7.921875,10
1696289055486,-0.2993164,-0.9158325,0.15301514,6.546875,37.984375,13.90625,11
1696289055526,-0.076171875,-0.7178345,0.2711792,26.609375,61.546875,16.578125,12
1696289055566,0.13061523,-0.60894775,0.28997803,8.25,32.640625,-0.46875,13
1696289055606,0.2956543,-1.0662231,0.097351074,-79.0,4.875,-20.484375,14
1696289055646,0.83984375,-1.8457642,0.67181396,2.953125,24.625,13.015625,15
1696289055686,-0.15161133,-1.3904419,0.42352295,-26.6875,-5.96875,10.265625,16
1696289055726,-0.2854004,-1.0823364,0.30389404,39.09375,14.03125,-27.859375,17
1696289055766,0.2277832,-1.0037231,0.39178467,41.8125,18.28125,-9.265625,18
1696289055806,0.0715332,-0.81427,0.34051514,30.546875,-8.921875,-12.796875,19
1696289055846,-0.09301758,-0.6265259,0.23699951,-0.640625,2.59375,4.734375,20
1696289055886,0.06616211,-0.58721924,0.12030029,-9.734375,-17.09375,-6.625,21
1696289055926,-0.12133789,-0.6109009,0.21185303,-22.703125,-4.015625,-10.78125,22
1696289055966,-0.04272461,-0.61505127,0.18426514,-25.1875,-17.703125,-10.640625,23
1696289056006,0.20483398,-1.5545044,0.14593506,-85.4375,-28.640625,-5.796875,24
1696289056046,1.4162598,-2.0,1.4313354,15.9375,-12.046875,32.453125,25
1696289056086,-0.7043457,-1.0986938,0.32513428,29.703125,26.78125,-22.046875,26
1696289056126,-0.03881836,-1.0569458,0.23822021,12.09375,-1.921875,-13.5625,27
1696289056166,0.3635254,-0.7173462,0.43328857,36.96875,30.96875,-10.546875,28
1696289056206,-0.11230469,-0.51641846,0.3085327,22.625,13.5,-7.46875,29
1696289056246,-0.08666992,-0.46099854,0.25482178,5.046875,20.015625,-9.359375,30
1696289056286,0.22192383,-0.5635376,0.23065186,-22.578125,32.546875,-19.96875,31
1696289056326,0.32080078,-0.8772583,0.32366943,-38.359375,10.9375,-14.984375,32
1696289056366,0.48901367,-1.2839966,0.50701904,-45.71875,23.96875,12.671875,33
1696289056406,-0.05883789,-1.2947388,-0.21246338,9.0,-34.109375,25.3125,34
1696289056446,0.33007812,-1.1167603,-0.058410645,30.734375,-11.40625,19.5,35
1696289056486,-0.033447266,-1.3931274,0.64886475,16.53125,-2.5,16.453125,36
1696289056526,-0.052001953,-1.1231079,0.2008667,10.453125,-40.625,13.265625,37
1696289056566,0.35009766,-0.79351807,0.26361084,31.984375,-12.828125,17.84375,38
1696289056606,0.12670898,-0.6309204,0.04852295,20.40625,-47.65625,26.65625,39
1696289056646,0.021728516,-0.68707275,0.13812256,18.03125,-44.59375,5.71875,40
1696289056686,0.33276367,-0.64190674,0.18792725,19.984375,-56.703125,3.296875,41
1696289056726,-0.09082031,-0.7827759,0.32269287,3.5,-70.984375,8.578125,42
1696289056766,-0.18457031,-0.92144775,-0.101623535,-15.546875,-66.1875,20.34375,43
1696289056806,0.6862793,-0.9898071,0.23699951,-21.15625,-18.828125,19.796875,44
1696289056846,0.5629883,-1.5498657,0.60321045,-11.03125,-53.0,46.265625,45
1696289056886,-0.17993164,-1.5593872,-0.043762207,54.875,-30.796875,3.53125,46
1696289056926,0.7480469,-1.1401978,0.3756714,66.921875,11.40625,-5.546875,47
1696289056966,0.3779297,-0.88653564,0.3678589,78.25,-8.8125,20.40625,48
1696289057006,0.048828125,-0.59991455,0.10443115,108.140625,-2.78125,25.375,49
1696289057046,0.2902832,-0.2263794,0.15765381,73.875,26.21875,37.6875,50
1696289057086,0.0126953125,-0.10235596,0.19818115,9.265625,7.015625,27.625,51
1696289057126,0.12573242,-0.64141846,-0.8897095,-61.1875,-61.453125,-16.96875,52
1696289057166,1.5568848,-1.8526001,-0.54400635,-27.90625,33.875,49.703125,53
1696289057206,-0.0087890625,-2.0,0.35028076,10.6875,-48.53125,23.421875,54
1696289057246,0.78881836,-1.1240845,-0.59454346,59.671875,-46.078125,-1.28125,55
1696289057286,0.6269531,-0.956604,0.08880615,6.40625,22.65625,32.171875,56
1696289057326,-0.057617188,-0.57232666,-0.19732666,15.078125,-52.453125,25.125,57
1696289057366,-0.13989258,-0.020080566,-0.10845947,36.828125,-55.390625,4.03125,58
1696289057406,-0.007080078,0.1618042,-0.14508057,-7.4375,-135.34375,-48.375,59
1696289057446,0.38623047,-0.71661377,-0.55670166,-76.515625,-132.57812,-52.8125,60
1696289057486,1.999939,-1.484436,0.8786011,-132.64062,25.796875,43.640625,61
1696289057526,-0.07104492,-2.0,0.1461792,68.484375,-134.92188,-15.015625,62
1696289057566,0.2241211,-0.3970337,0.031921387,78.140625,54.015625,-42.6875,63
1696289057606,-0.04663086,-0.20025635,-0.3106079,8.125,-49.953125,-15.5625,64
1696289057646,0.88183594,-0.6655884,0.17889404,-102.984375,21.953125,-8.296875,65
1696289057686,0.7336426,-1.7258911,0.52264404,-83.15625,-28.546875,11.984375,66
1696289057726,-0.0925293,-1.9502563,0.83343506,76.5625,53.484375,6.640625,67
1696289057766,0.43676758,-0.741272,0.27825928,127.828125,27.890625,-10.5625,68
1696289057806,0.28881836,-0.5840454,0.03704834,61.515625,19.609375,20.46875,69
1696289057846,0.15405273,-0.69854736,0.030212402,84.765625,58.046875,36.328125,70
1696289057886,0.3786621,-0.34991455,-0.030822754,77.375,57.625,50.609375,71
1696289057926,0.4501953,-0.7883911,0.39007568,22.265625,43.734375,37.359375,72
1696289057966,-0.025634766,-0.8713989,-0.08013916,-7.265625,48.90625,36.328125,73
1696289058006,0.19702148,-0.49420166,0.051940918,28.734375,71.875,3.46875,74
1696289058046,0.5463867,-0.6724243,-0.47711182,-29.15625,31.796875,-30.140625,75
1696289058086,1.0664062,-1.0703735,-1.0090942,0.890625,35.5,64.0625,76
1696289058126,0.9692383,-1.675354,-0.34698486,32.8125,31.203125,105.90625,77
1696289058166,0.42822266,-0.9224243,-0.3567505,-20.796875,-17.75,36.078125,78
1696289058206,0.23461914,-1.1582642,-0.27911377,-0.265625,17.890625,31.890625,79
1696289058246,0.18676758,-0.75665283,0.054870605,16.484375,9.265625,4.34375,80
1696289058286,-0.041992188,-0.42803955,-0.29937744,-25.3125,-18.140625,-39.65625,81
1696289058326,0.18798828,-0.39483643,-0.18145752,-23.15625,0.65625,-16.75,82
1696289058366,0.035888672,-0.505188,-0.13824463,-47.703125,-37.34375,-31.953125,83
1696289058406,0.13842773,-0.6296997,-0.3760376,-70.546875,-14.46875,-52.75,84
1696289058446,1.9025879,-1.0681763,-0.3826294,-94.15625,-10.09375,5.0625,85
1696289058486,1.0095215,-2.0,0.9039917,-52.78125,-27.3125,-47.015625,86
1696289058526,0.4921875,-0.96539307,-0.6831665,-12.6875,4.03125,-3.046875,87
1696289058566,0.6394043,-1.078186,0.36810303,-44.84375,39.125,-44.21875,88
1696289058606,0.2927246,-1.0090942,0.17181396,-16.4375,35.171875,-40.9375,89
1696289058646,0.12011719,-0.6470337,0.008483887,-5.671875,40.59375,-43.96875,90
1696289058686,0.011230469,-0.37506104,0.18133545,-22.03125,40.75,-43.84375,91
1696289058726,-0.0009765625,-0.40631104,0.10858154,-36.1875,36.109375,-41.21875,92
1696289058766,0.18920898,-0.54888916,0.047302246,-37.5625,38.625,-31.40625,93
1696289058806,0.1953125,-0.54351807,0.43084717,-42.40625,95.8125,-38.546875,94
1696289058846,-0.1809082,-0.9534302,0.022888184,-113.46875,14.515625,-29.734375,95
1696289058886,0.47729492,-1.6201782,-0.1272583,-44.875,40.640625,-38.375,96
1696289058926,-0.12915039,-1.6282349,1.1246948,31.921875,89.5,-16.234375,97
1696289058966,-0.068847656,-1.2295532,0.08416748,-21.359375,13.859375,-15.765625,98
1696289059006,0.0925293,-1.1970825,0.55462646,30.078125,44.203125,-15.953125,99
1696289059046,0.07519531,-0.67144775,0.17327881,27.53125,17.078125,1.625,100
1696289059086,0.25805664,-0.45562744,0.13616943,29.109375,6.625,12.828125,101
1696289059126,0.17260742,-0.54229736,0.18353271,21.921875,-3.0625,22.90625,102
1696289059166,0.037841797,-0.5574341,0.20843506,17.796875,-18.015625,20.421875,103
1696289059206,0.26391602,-0.6255493,0.031677246,2.640625,-32.71875,12.046875,104
1696289059246,0.45581055,-0.9378052,0.15740967,-6.375,-28.375,27.765625,105
1696289059286,0.66186523,-1.7625122,0.22088623,-18.796875,-41.109375,62.328125,106
1696289059326,-0.12084961,-1.4241333,-0.054992676,43.6875,-19.109375,25.28125,107
1696289059366,0.42358398,-1.232727,0.17718506,58.203125,24.875,-3.453125,108
1696289059406,0.5373535,-0.8635864,0.25897217,111.6875,25.421875,24.859375,109
1696289059446,0.30664062,-0.57037354,0.28948975,106.734375,-1.484375,30.1875,110
1696289059486,0.16821289,-0.46124268,0.38031006,68.203125,5.390625,34.46875,111
1696289059526,-0.009277344,-0.27178955,0.01361084,32.859375,-3.015625,2.65625,112
1696289059566,0.20019531,-0.95318604,-0.3430786,4.375,-38.140625,0.59375,113
1696289059606,0.24316406,-0.79888916,0.062683105,31.25,3.578125,-2.078125,114
1696289059646,0.44995117,-0.42852783,0.03338623,-2.84375,-64.671875,-5.03125,115
1696289059686,0.22827148,-0.32843018,-0.09039307,-6.078125,-72.546875,-1.296875,116
1696289059726,-0.09472656,-0.44024658,0.08905029,-9.59375,-52.40625,-19.25,117
1696289059766,0.20288086,-0.53692627,-0.051330566,-16.4375,-86.765625,-30.953125,118
1696289059806,0.19702148,-0.378479,0.10223389,14.546875,-46.90625,-10.5,119
1696289059846,-0.12597656,-1.0518188,-0.40753174,-97.046875,-131.4375,-8.15625,120
1696289059886,1.999939,-2.0,0.35662842,82.171875,36.578125,47.015625,121
1696289059926,-0.34594727,-1.2478638,0.44647217,-110.890625,-58.78125,-25.125,122
1696289059966,-1.057373,-1.0459595,-0.27496338,98.21875,-36.09375,-19.203125,123
1696289060006,0.6760254,-1.0056763,0.85980225,-10.828125,-43.203125,53.5625,124
1696289060046,0.22241211,-0.8357544,0.35614014,21.015625,-12.203125,-3.59375,125
1696289060086,-0.075927734,-0.36090088,0.22894287,0.65625,-24.25,-0.515625,126
1696289060126,0.16455078,-0.37945557,0.21234131,-5.3125,-14.859375,-22.296875,127
1696289060166,0.0146484375,-0.5388794,0.37322998,-25.3125,17.328125,-10.609375,128
1696289060206,0.07421875,-0.9133911,-0.01373291,-34.9375,-32.0625,-5.28125,129
1696289060246,0.76342773,-1.102356,0.1329956,-33.90625,73.25,27.484375,130
1696289060286,-0.37768555,-1.5249634,0.5101929,-16.890625,-38.453125,-5.984375,131
1696289060326,0.2932129,-1.1973267,0.09124756,49.0,42.203125,-16.921875,132
1696289060366,0.39624023,-0.92974854,0.49822998,-4.171875,2.46875,-0.0625,133
1696289060406,-0.076171875,-0.958313,0.16668701,-13.171875,-13.546875,-4.9375,134
1696289060446,-0.026855469,-0.9155884,0.24481201,1.734375,5.5625,-13.90625,135
1696289060486,0.16455078,-0.83795166,0.30755615,4.0625,-3.328125,-15.75,136
1696289060526,0.07324219,-0.8179321,0.27020264,6.125,-17.6875,-12.71875,137
1696289060566,0.083984375,-0.79351807,0.22796631,-0.8125,-4.640625,-12.125,138
1696289060606,0.07373047,-0.8711548,0.1954956,5.0,-6.15625,-4.203125,139
1696289060646,0.19165039,-0.7305298,0.0692749,36.921875,-17.515625,-3.328125,140
1696289060686,0.18676758,-0.50201416,0.40570068,15.90625,7.8125,12.46875,141
1696289060726,-0.43676758,-0.62042236,0.7509155,-43.375,37.21875,9.40625,142
1696289060766,0.34838867,-1.7315063,0.3583374,-93.59375,29.03125,34.078125,143
1696289060806,0.13500977,-1.6680298,0.96917725,88.265625,16.984375,-9.109375,144
1696289060846,-1.0966797,-1.116272,0.40472412,-3.703125,-54.859375,-13.734375,145
1696289060886,0.06738281,-0.8760376,0.43060303,18.984375,62.421875,7.609375,146
1696289060926,0.27807617,-0.89019775,0.71868896,29.375,-17.671875,10.40625,147
1696289060966,-0.092285156,-0.70880127,0.19451904,35.625,-12.734375,-10.6875,148
1696289061006,0.1262207,-0.6333618,0.2531128,13.71875,4.375,5.8125,149
1696289061046,0.31079102,-0.7732544,0.43060303,5.0,11.421875,14.8125,150
1696289061086,0.15600586,-0.77838135,0.262146,13.578125,-17.578125,9.015625,151
1696289061126,0.08959961,-0.7161255,0.3012085,17.359375,-1.65625,6.3125,152
1696289061166,0.16064453,-0.81085205,0.16912842,-19.609375,-14.359375,7.734375,153
1696289061206,0.29003906,-1.2632446,0.008972168,4.03125,-29.609375,29.578125,154
1696289061246,0.2355957,-1.6243286,0.32562256,39.625,3.9375,47.671875,155
1696289061286,-0.27270508,-0.9849243,0.56951904,19.390625,-35.125,-11.53125,156
1696289061326,-0.020263672,-1.1392212,0.30145264,-3.1875,-17.9375,8.4375,157
1696289061366,0.20874023,-0.9299927,0.19647217,29.28125,-11.546875,3.046875,158
1696289061406,0.011962891,-0.9221802,0.13031006,34.03125,1.453125,18.46875,159
1696289061446,0.049072266,-0.86920166,0.19451904,33.359375,-7.46875,6.015625,160
1696289061486,0.1340332,-0.82110596,0.26361084,18.484375,-4.09375,12.359375,161
1696289061526,0.10668945,-0.74591064,0.20037842,5.15625,-4.09375,20.3125,162
1696289061566,0.12866211,-0.69903564,0.12664795,18.71875,-4.609375,9.9375,163
1696289061606,0.12207031,-0.7229614,0.09295654,-0.5,-12.9375,6.265625,164
1696289061646,0.02709961,-0.76641846,0.078063965,-7.515625,-27.125,-0.890625,165
1696289061686,0.40478516,-1.1956177,-0.07525635,-52.640625,-23.71875,1.90625,166
1696289061726,1.4414062,-1.5708618,0.5595093,57.5625,21.125,25.359375,167
1696289061766,-0.30493164,-1.467102,0.1918335,-36.609375,-14.71875,-6.90625,168
1696289061806,0.22167969,-1.1895142,-0.22174072,62.234375,-26.640625,-10.890625,169
1696289061846,0.7910156,-1.0667114,0.31658936,20.546875,0.171875,2.53125,170
1696289061886,0.15722656,-1.0164185,0.18621826,39.4375,14.109375,7.1875,171
1696289061926,0.11010742,-0.6165161,0.13372803,34.203125,-9.609375,-1.421875,172
1696289061966,0.32202148,-0.43023682,0.14837646,15.546875,3.875,-7.75,173
1696289062006,0.13232422,-0.6643677,0.2411499,6.640625,8.765625,2.484375,174
1696289062046,0.06225586,-0.6548462,0.21307373,-6.203125,4.359375,-13.859375,175
1696289062086,0.15673828,-0.64801025,-0.14898682,-76.6875,5.578125,-44.578125,176
1696289062126,0.9147949,-1.3914185,-0.8406372,-49.328125,-80.71875,15.171875,177
1696289062166,0.024658203,-1.9058228,0.2748413,-5.421875,131.67188,9.578125,178
1696289062206,-0.084472656,-1.508606,-0.2107544,-47.4375,-78.4375,-15.9375,179
1696289062246,1.0632324,-0.74542236,-0.3110962,9.25,71.03125,29.5,180
1696289062286,0.14550781,-1.4370728,0.5878296,-45.03125,-11.65625,28.65625,181
1696289062326,-0.03466797,-0.78863525,0.020690918,22.5625,-29.265625,15.03125,182
1696289062366,0.07910156,-0.5239868,0.26971436,-7.5,1.578125,3.0625,183
1696289062406,0.05053711,-0.5383911,0.12030029,-5.953125,-30.734375,5.15625,184
1696289062446,0.05078125,-0.5491333,0.1449585,-2.125,-18.359375,3.953125,185
1696289062486,-0.010009766,-0.48736572,0.018493652,-5.578125,-38.859375,-4.71875,186
1696289062526,-0.021240234,-0.3809204,-0.089660645,-25.59375,-47.84375,-1.984375,187
1696289062566,0.9111328,-1.2175903,-0.5161743,-29.234375,-84.109375,-18.828125,188
1696289062606,1.3378906,-1.9631958,1.9249878,-39.734375,-91.9375,-8.203125,189
1696289062646,-2.0,-1.9622192,-0.5383911,102.0625,-93.921875,-59.09375,190
1696289062686,0.7739258,-1.1238403,1.262146,26.90625,120.09375,91.0,191
1696289062726,0.0847168,-1.2202759,0.6781616,-27.3125,-72.578125,-5.078125,192
1696289062766,-0.18286133,-0.9324341,0.38079834,60.75,2.640625,-11.765625,193
1696289062806,-0.04321289,-0.3045044,0.13128662,8.6875,-40.0,-32.4375,194
1696289062846,0.16088867,-0.34747314,0.13543701,-15.734375,-3.3125,-3.546875,195
1696289062886,-0.029785156,-0.58380127,0.4088745,-11.5625,19.890625,-17.265625,196
1696289062926,-0.18310547,-0.35699463,0.28411865,-33.984375,8.390625,-52.390625,197
1696289062966,0.24023438,-0.7842407,-0.17462158,-95.328125,-2.171875,-29.171875,198
1696289063006,1.9970703,-2.0,0.08660889,-65.21875,61.640625,75.546875,199
1696289063046,-0.61279297,-1.5969849,0.62249756,66.359375,-67.109375,-111.625,200
1696289063086,0.21411133,-1.1709595,-0.09674072,-56.28125,26.8125,-6.453125,201
1696289063126,0.7675781,-1.178772,0.79559326,19.1875,52.96875,21.46875,202
1696289063166,-0.32788086,-1.1670532,0.124694824,-0.953125,-8.0625,10.53125,203
1696289063206,-0.10986328,-0.68341064,0.2177124,27.65625,12.078125,-2.578125,204
1696289063246,0.043945312,-0.45806885,0.11932373,4.25,-1.5,-0.484375,205
1696289063286,-0.068115234,-0.5088501,0.12005615,-4.28125,-9.421875,-9.0,206
1696289063326,-0.07446289,-0.5147095,0.066101074,13.515625,-24.671875,-19.375,207
1696289063366,0.042236328,-0.4048462,0.25946045,1.859375,-13.171875,-2.328125,208
1696289063406,-0.3474121,-0.5471802,0.17449951,-8.796875,-24.765625,-3.40625,209
1696289063446,0.50390625,-1.5217896,0.053894043,-95.5625,-52.53125,-18.40625,210
1696289063486,1.7668457,-2.0,1.3510132,127.3125,-3.109375,13.6875,211
1696289063526,-0.23828125,-1.8775024,0.22601318,-56.171875,18.859375,28.171875,212
1696289063566,0.41479492,-1.12677,0.55023193,20.21875,-0.53125,-19.828125,213
1696289063606,0.5859375,-1.3115845,0.5529175,-6.078125,3.328125,1.171875,214
1696289063646,-0.060791016,-0.8262329,0.31414795,9.875,4.8125,-15.90625,215
1696289063686,0.14038086,-0.61138916,0.007507324,6.9375,-1.625,1.515625,216
1696289063726,0.06616211,-0.6433716,0.18475342,16.015625,54.15625,-6.265625,217
1696289063766,0.11401367,-0.5791626,0.117126465,-4.1875,20.921875,-10.1875,218
1696289063806,0.29345703,-0.51519775,0.058288574,0.453125,7.515625,-20.21875,219
1696289063846,0.3762207,-0.7234497,0.17645264,-14.171875,13.828125,11.84375,220
1696289063886,0.25439453,-0.98516846,0.39178467,26.578125,11.28125,13.5625,221
1696289063926,0.22216797,-1.0769653,0.031921387,-7.28125,-43.5625,21.125,222
1696289063966,0.6491699,-1.5996704,0.79852295,1.4375,-23.609375,52.53125,223
1696289064006,-0.45922852,-1.5855103,0.6469116,11.078125,18.96875,6.359375,224
1696289064046,-0.23217773,-0.6453247,0.34320068,34.5,23.21875,-44.109375,225
1696289064086,0.5600586,-0.58428955,0.05267334,-35.15625,-35.65625,-24.15625,226
1696289064126,0.104003906,-1.2844849,0.5963745,-14.234375,82.40625,-1.984375,227
1696289064166,-0.45654297,-1.1621704,0.17303467,12.921875,-18.671875,-30.671875,228
1696289064206,0.5317383,-0.694397,0.29925537,14.890625,85.921875,-24.828125,229
1696289064246,0.008056641,-1.0454712,0.35736084,-29.96875,-36.78125,-13.640625,230
1696289064286,0.03466797,-0.831604,-0.022766113,40.0,38.5,-18.421875,231
1696289064326,0.17211914,-0.72320557,0.054382324,2.453125,19.828125,-8.828125,232
1696289064366,0.20800781,-0.5510864,0.058044434,43.53125,6.265625,-6.96875,233
1696289064406,0.30737305,-0.8945923,0.3012085,-49.421875,21.96875,19.3125,234
1696289064446,0.43725586,-1.6213989,0.7028198,-21.203125,23.859375,12.90625,235
1696289064486,0.2836914,-1.4512329,0.2423706,53.75,23.5625,2.859375,236
1696289064526,0.16625977,-0.89434814,0.6378784,-13.765625,-13.15625,-8.0,237
1696289064566,0.00048828125,-0.94122314,0.22772217,-19.765625,-12.046875,-12.90625,238
1696289064606,0.34643555,-1.0481567,0.29241943,-12.515625,7.84375,1.0625,239
1696289064646,0.20532227,-0.7217407,0.36810303,8.890625,10.5,-10.84375,240
1696289064686,-0.026855469,-0.57891846,0.04852295,-7.6875,-15.921875,0.546875,241
1696289064726,0.08959961,-0.6148071,0.19232178,10.421875,35.9375,-0.765625,242
1696289064766,0.1652832,-0.48980713,0.04559326,22.296875,26.34375,8.140625,243
1696289064806,0.25805664,-1.0308228,-0.21905518,-23.125,-29.75,28.078125,244
1696289064846,1.0615234,-2.0,1.0204468,15.296875,100.671875,106.09375,245
1696289064886,-0.701416,-0.5667114,1.0841675,31.84375,-7.703125,-30.078125,246
1696289064926,-0.5222168,-0.93170166,-0.0635376,-93.78125,-65.90625,-54.859375,247
1696289064966,1.3747559,-0.78326416,0.40252686,48.828125,86.515625,0.21875,248
1696289065006,-0.2512207,-0.93218994,0.33807373,-26.921875,-46.359375,-21.71875,249
1696289065046,-0.56811523,-0.55133057,-0.14849854,26.390625,-5.5625,-9.734375,250
1696289065086,0.4868164,-0.3399048,-0.077941895,9.953125,36.171875,53.5,251
1696289065126,0.14526367,-0.74176025,0.2164917,-18.71875,-6.109375,23.34375,252
1696289065166,-0.04272461,-0.66412354,-0.13726807,13.421875,1.28125,7.40625,253
1696289065206,0.32421875,-1.2622681,0.64837646,-68.671875,110.484375,34.9375,254
1696289065246,1.1240234,-1.7664185,0.2843628,2.796875,-26.671875,10.265625,255
1696289065286,-0.03173828,-1.2442017,0.5031128,10.65625,42.5,-3.984375,256
1696289065326,0.19555664,-0.58966064,0.1317749,-22.46875,-7.546875,-16.796875,257
1696289065366,0.44555664,-1.0835571,0.14569092,-45.84375,1.53125,-0.984375,258
1696289065406,0.17578125,-0.74346924,0.19403076,37.71875,38.984375,-5.578125,259
1696289065446,0.2487793,-0.36065674,0.11077881,-12.03125,-6.375,4.609375,260
1696289065486,-0.07373047,-0.31402588,0.08709717,5.296875,25.46875,-0.234375,261
1696289065526,0.18310547,-0.8411255,-0.41583252,-54.78125,-53.734375,-14.625,262
1696289065566,1.6677246,-1.7485962,0.054138184,-37.484375,93.8125,58.265625,263
1696289065606,-0.7043457,-2.0,0.6390991,11.34375,-70.015625,-32.71875,264
1696289065646,-0.32543945,-0.58013916,0.13812256,66.125,40.609375,-40.0,265
1696289065686,1.2150879,-0.913147,0.14910889,2.90625,7.734375,-14.046875,266
1696289065726,0.030761719,-1.1431274,0.04901123,-0.34375,-7.96875,22.140625,267
1696289065766,-0.2055664,-0.7168579,0.17059326,45.84375,-2.09375,-6.671875,268
1696289065806,0.25390625,-0.55255127,-0.003967285,10.71875,-15.4375,-18.953125,269
1696289065846,0.27978516,-0.45611572,-0.06939697,8.328125,1.0625,5.921875,270
1696289065886,0.072753906,-0.7654419,0.15838623,-47.875,30.78125,4.0625,271
1696289065926,0.57592773,-1.4534302,0.22991943,-61.28125,62.578125,4.375,272
1696289065966,0.4675293,-1.6502075,0.5043335,37.96875,40.9375,-7.453125,273
1696289066006,0.2421875,-0.8538208,0.30560303,-7.859375,0.203125,-7.921875,274
1696289066046,0.40551758,-0.8911743,-0.04888916,-51.0625,18.265625,-3.671875,275
1696289066086,0.20678711,-1.0200806,0.37371826,-12.328125,49.078125,-1.265625,276
1696289066126,0.22387695,-0.6687622,0.124694824,10.890625,2.09375,-8.984375,277
1696289066166,0.080078125,-0.5142212,0.06072998,-15.703125,34.234375,-0.890625,278
1696289066206,-0.060546875,-0.58795166,-0.016418457,-8.046875,25.671875,-21.125,279
1696289066246,0.532959,-0.95928955,-0.35162354,-16.453125,-38.859375,-13.015625,280
1696289066286,1.0585938,-1.9636841,0.79071045,-31.171875,126.078125,85.328125,281
1696289066326,-0.65234375,-1.3884888,0.23309326,14.90625,-36.84375,-41.015625,282
1696289066366,-0.27807617,-0.8435669,0.21282959,6.296875,34.5,-42.6875,283
1696289066406,0.673584,-0.8550415,0.2999878,-36.8125,7.546875,-19.109375,284
1696289066446,-0.25610352,-1.0730591,0.048034668,-12.390625,-4.5625,-8.0625,285
1696289066486,-0.18920898,-0.7366333,0.0016479492,8.390625,41.828125,-20.125,286
1696289066526,0.09448242,-0.6038208,0.048034668,-20.171875,-1.21875,-26.5625,287
1696289066566,-0.12207031,-0.8423462,-0.03253174,-10.015625,54.84375,-8.53125,288
1696289066606,-0.24169922,-0.84869385,-0.19024658,15.046875,33.796875,-17.4375,289
1696289066646,0.53759766,-0.847229,-0.13604736,-8.109375,57.765625,12.21875,290
1696289066686,0.62109375,-1.6409302,0.9501343,7.359375,122.671875,34.46875,291
1696289066726,-0.32788086,-1.7422485,0.14154053,0.125,30.40625,-3.578125,292
1696289066766,0.13793945,-0.80352783,0.39007568,-3.046875,57.421875,-15.671875,293
1696289066806,0.12768555,-0.95513916,0.31732178,-49.546875,12.703125,-14.875,294
1696289066846,0.068115234,-1.017395,0.16253662,-18.640625,32.828125,-10.96875,295
1696289066886,0.14233398,-0.7263794,0.23406982,-12.828125,17.4375,-6.609375,296
1696289066926,-0.060302734,-0.77667236,0.07928467,-12.3125,-1.625,-4.0625,297
1696289066966,-0.0053710938,-0.81500244,0.1864624,5.09375,15.875,-4.21875,298
1696289067006,0.0871582,-0.7276001,0.1383667,3.53125,-9.078125,0.515625,299
1696289067046,-0.048828125,-0.58966064,0.22479248,24.5625,28.125,7.90625,300
1696289067086,-0.114990234,-0.95684814,0.28778076,-45.84375,43.453125,1.03125,301
1696289067126,0.27661133,-1.7334595,-0.24102783,-57.25,24.734375,6.234375,302
1696289067166,0.8774414,-1.5410767,0.14422607,78.53125,104.484375,58.71875,303
1696289067206,0.052978516,-1.0620728,0.45355225,5.359375,39.34375,11.125,304
1696289067246,-0.38134766,-1.2615356,-0.10797119,-14.09375,61.453125,32.8125,305
1696289067286,0.013427734,-0.72540283,0.12884521,19.28125,95.265625,-9.65625,306
1696289067326,-0.014892578,-0.30303955,-0.058410645,4.625,44.3125,7.078125,307
1696289067366,0.047607422,-0.569397,-0.28424072,-19.0,30.046875,13.859375,308
1696289067406,0.41601562,-0.3118286,0.08880615,-14.1875,41.4375,17.3125,309
1696289067446,-0.37841797,-0.2901001,0.11785889,-11.734375,22.8125,-23.015625,310
1696289067486,0.19384766,-1.2258911,-1.1343384,-86.25,19.578125,-28.984375,311
1696289067526,1.999939,-2.0,0.8522339,-110.109375,101.28125,8.765625,312
1696289067566,-0.64819336,-1.7539673,-0.14898682,71.59375,-21.671875,-52.4375,313
1696289067606,0.6977539,-1.0164185,-0.51031494,-1.90625,92.53125,-8.21875,314
1696289067646,0.27319336,-1.8027954,0.71673584,20.46875,92.9375,-10.125,315
1696289067686,-0.2775879,-0.90582275,-0.16949463,36.46875,-48.984375,-43.265625,316
1696289067726,0.059570312,0.0368042,-0.30255127,60.15625,55.8125,-23.515625,317
1696289067766,0.4729004,-0.35821533,0.29852295,-10.546875,34.40625,27.984375,318
1696289067806,-0.24487305,-0.38287354,0.28729248,-25.953125,42.21875,-4.984375,319
1696289067846,-0.30151367,-0.16729736,-0.12579346,-69.484375,52.515625,-25.421875,320
1696289067886,1.5488281,-0.62579346,-1.4922485,-75.859375,-54.34375,-62.546875,321
1696289067926,1.0039062,-2.0,1.2711792,-88.8125,178.54688,84.078125,322
1696289067966,-0.82714844,-1.2322388,-0.86431885,-86.546875,-14.1875,-74.34375,323
1696289068006,1.612793,-1.2090454,-0.331604,-21.109375,129.32812,92.765625,324
1696289068046,0.0026855469,-1.8255005,0.6239624,-40.359375,-4.40625,-11.859375,325
1696289068086,-0.13232422,-0.737854,-0.12652588,27.484375,31.859375,-0.5625,326
1696289068126,0.08154297,-0.46954346,0.14691162,-24.71875,5.9375,-30.546875,327
1696289068166,-0.10229492,-0.33917236,0.121520996,-19.4375,1.140625,-22.046875,328
1696289068206,0.010009766,-0.35040283,-0.15045166,-29.421875,-4.953125,-31.796875,329
1696289068246,0.25512695,-0.24664307,-0.023742676,-67.015625,-3.046875,1.140625,330
1696289068286,0.19067383,-0.34405518,0.42156982,-67.875,36.71875,7.375,331
1696289068326,0.5686035,-1.6463013,-0.36871338,-61.171875,-39.90625,-17.828125,332
1696289068366,0.58374023,-1.6829224,1.2179565,-35.734375,-3.9375,0.375,333
1696289068406,-0.27392578,-1.4312134,0.17840576,21.921875,8.421875,-20.6875,334
1696289068446,0.45581055,-1.1528931,0.50115967,-1.21875,-2.046875,-15.859375,335
1696289068486,0.09472656,-0.85479736,0.3505249,20.453125,17.5,-29.375,336
1696289068526,0.07299805,-0.5762329,0.19476318,12.078125,8.453125,-21.59375,337
1696289068566,-0.0075683594,-0.5508423,0.10247803,14.078125,22.0,-25.921875,338
1696289068606,0.122558594,-0.614563,0.23187256,5.5,34.984375,-18.375,339
1696289068646,0.07714844,-0.62286377,0.2711792,3.515625,21.734375,-14.921875,340
1696289068686,0.103271484,-0.6848755,0.39593506,-6.34375,18.296875,-17.9375,341
1696289068726,-0.17919922,-0.84161377,0.32757568,-29.546875,17.984375,-11.890625,342
1696289068766,-0.24438477,-1.4824829,0.32806396,-79.421875,20.859375,-11.921875,343
1696289068806,0.69873047,-1.5222778,0.33636475,9.140625,47.015625,-12.046875,344
1696289068846,0.083740234,-0.93634033,0.3336792,8.65625,16.140625,-2.5625,345
1696289068886,0.03515625,-1.0591431,0.17010498,14.65625,21.484375,-1.609375,346
1696289068926,0.025390625,-0.9644165,0.37054443,18.1875,34.828125,7.90625,347
1696289068966,-0.05419922,-0.739563,0.26434326,22.078125,25.46875,6.75,348
1696289069006,0.02709961,-0.5718384,0.12786865,18.0625,17.125,5.9375,349
1696289069046,0.06762695,-0.61065674,0.24481201,17.46875,17.3125,6.59375,350
1696289069086,-0.07470703,-0.72540283,0.45794678,25.265625,38.1875,9.03125,351
1696289069126,-0.18774414,-0.96466064,0.43597412,-22.109375,22.140625,32.171875,352
1696289069166,0.123291016,-0.8526001,0.27142334,-20.96875,20.90625,-18.359375,353
1696289069206,0.39282227,-1.1809692,-0.20220947,-9.96875,-26.765625,-21.84375,354
1696289069246,1.4482422,-1.5747681,1.3053589,2.859375,-3.0,24.09375,355
1696289069286,-0.5854492,-1.3560181,0.1696167,-4.46875,-9.140625,33.578125,356
1696289069326,-0.19165039,-1.4028931,0.1251831,44.140625,1.015625,-24.46875,357
1696289069366,0.642334,-0.8987427,0.36468506,44.703125,31.5625,-8.671875,358
1696289069406,0.22583008,-0.72052,0.27801514,83.78125,0.828125,-0.671875,359
1696289069446,0.37646484,-0.53375244,0.3690796,117.75,-0.390625,11.796875,360
1696289069486,0.22094727,-0.25811768,0.32537842,64.59375,-4.0625,25.796875,361
1696289069526,-0.26904297,-0.33087158,0.101745605,-8.203125,-14.46875,6.09375,362
1696289069566,-0.10668945,-0.65631104,-1.210022,-38.765625,-80.34375,-27.765625,363
1696289069606,1.2565918,-2.0,0.65130615,-39.90625,150.34375,125.96875,364
1696289069646,-0.24267578,-1.5806274,0.31658936,54.796875,-120.390625,-74.4375,365
1696289069686,0.5996094,-0.84088135,-0.6790161,-10.8125,41.09375,25.875,366
1696289069726,0.37695312,-1.5923462,0.54119873,-45.171875,82.421875,25.484375,367
1696289069766,0.09301758,-0.84576416,-0.0015258789,9.765625,-42.171875,21.84375,368
1696289069806,-0.03540039,-0.30474854,-0.09576416,23.3125,13.484375,22.578125,369
1696289069846,-0.04296875,-0.30963135,0.11859131,-15.40625,-17.484375,1.03125,370
1696289069886,0.32592773,-0.16363525,-0.022766113,6.21875,1.484375,-8.03125,371
1696289069926,-0.107910156,-0.2954712,0.022644043,-38.765625,-49.34375,2.875,372
1696289069966,0.6323242,-1.175354,-1.3545532,-11.765625,-139.53125,-25.515625,373
1696289070006,1.999939,-2.0,1.5817261,-34.671875,22.28125,0.859375,374
1696289070046,-0.82055664,-1.7293091,-0.39678955,79.953125,-71.546875,-30.234375,375
1696289070086,1.0087891,-0.81866455,0.2975464,33.53125,92.3125,6.25,376
1696289070126,0.13989258,-0.39093018,0.20526123,-0.078125,-28.609375,-9.234375,377
1696289070166,0.2319336,-0.23565674,0.16644287,-8.171875,-23.390625,-5.984375,378
1696289070206,-0.068603516,-0.2871704,-0.058410645,3.3125,-47.796875,-17.53125,379
1696289070246,-0.2854004,-0.1663208,0.19207764,-11.84375,-14.171875,-4.34375,380
1696289070286,-0.20361328,-0.77349854,-0.36627197,-100.1875,-50.71875,-20.859375,381
1696289070326,1.999939,-2.0,1.3117065,54.484375,92.375,48.234375,382
1696289070366,-0.33251953,-1.2510376,0.15301514,-119.4375,-88.6875,-21.234375,383
1696289070406,-0.90112305,-1.3613892,0.07635498,35.609375,64.0,-9.328125,384
1696289070446,0.49902344,-1.3196411,0.82684326,-30.828125,-45.734375,7.90625,385
1696289070486,-0.17456055,-0.9439087,0.35736084,15.046875,13.28125,-17.984375,386
1696289070526,-0.008056641,-0.46246338,0.4039917,36.25,6.546875,-18.71875,387
1696289070566,0.06274414,-0.4109497,0.3463745,-9.203125,-1.46875,-6.09375,388
1696289070606,-0.2109375,-0.6609497,0.30950928,-17.96875,-15.265625,-7.09375,389
1696289070646,-0.05517578,-0.5496216,0.086120605,-6.3125,-8.71875,-30.890625,390
1696289070686,-0.18945312,-0.3809204,0.494812,-31.359375,41.5625,-34.875,391
1696289070726,0.43798828,-0.6074829,-0.4192505,-34.921875,-23.671875,-8.0625,392
1696289070766,1.3847656,-2.0,1.4525757,-69.328125,199.67188,75.578125,393
1696289070806,-0.6882324,-1.578186,0.5805054,45.90625,-55.671875,-23.78125,394
1696289070846,0.017333984,-1.171936,0.9232788,3.640625,33.609375,5.15625,395
1696289070886,0.27294922,-1.1599731,0.4677124,-8.640625,-16.59375,18.4375,396
1696289070926,-0.21142578,-0.94659424,0.23651123,29.234375,7.6875,16.75,397
1696289070966,-0.29492188,-0.52301025,0.21282959,31.765625,1.09375,-0.953125,398
1696289071006,-0.16796875,-0.39630127,0.12347412,13.1875,12.203125,-5.671875,399
1696289071046,0.03173828,-0.55792236,0.22747803,-0.25,23.671875,-6.90625,400
1696289071086,-0.15307617,-0.585022,0.20648193,-4.90625,8.484375,-3.21875,401
1696289071126,-0.12695312,-0.7268677,0.043640137,-19.9375,-11.921875,-16.25,402
1696289071166,0.6027832,-1.2503052,0.7562866,-35.84375,51.3125,-11.265625,403
1696289071206,0.4465332,-1.8755493,0.809021,8.140625,21.296875,3.046875,404
1696289071246,0.12792969,-1.2444458,0.80804443,26.03125,10.546875,-1.359375,405
1696289071286,0.12207031,-1.0689087,0.5734253,-12.390625,10.046875,-3.609375,406
1696289071326,-0.009277344,-1.0432739,0.49798584,4.5,17.96875,-10.53125,407
1696289071366,0.08618164,-0.6421509,0.37445068,13.765625,25.171875,-15.171875,408
1696289071406,0.09741211,-0.5046997,0.33563232,-3.1875,24.140625,-20.671875,409
1696289071446,-0.0024414062,-0.76348877,0.3283081,-8.84375,16.859375,-25.4375,410
1696289071486,0.1574707,-0.7505493,0.32781982,2.734375,45.265625,-18.71875,411
1696289071526,0.02368164,-0.74298096,0.47406006,11.328125,28.328125,-19.28125,412
1696289071566,-0.103759766,-0.8665161,0.41253662,6.296875,16.953125,-20.609375,413
1696289071606,-0.016113281,-0.75665283,0.35125732,29.671875,38.9375,-21.625,414
1696289071646,0.0053710938,-0.76519775,0.47601318,22.140625,25.84375,-14.28125,415
1696289071686,-0.00024414062,-0.7190552,0.2880249,22.96875,-6.203125,-15.890625,416
1696289071726,0.068603516,-0.6445923,0.4389038,11.171875,14.234375,-16.375,417
1696289071766,0.18041992,-0.5913696,0.16888428,30.625,28.1875,-13.578125,418
1696289071806,0.45336914,-1.0852661,-0.22857666,-49.53125,-18.75,13.515625,419
1696289071846,0.6022949,-2.0,0.9557495,-24.671875,122.21875,63.5625,420
1696289071886,-0.71435547,-1.3113403,0.5770874,55.578125,-20.390625,-44.921875,421
1696289071926,0.46142578,-0.9602661,0.6022339,17.125,30.359375,-0.390625,422
1696289071966,0.4399414,-1.085022,0.3661499,16.75,16.125,29.890625,423
1696289072006,0.13378906,-0.8953247,0.21917725,38.140625,3.8125,26.6875,424
1696289072046,0.19555664,-0.38653564,0.2514038,32.4375,-23.03125,14.78125,425
1696289072086,-0.055664062,-0.35601807,0.08758545,9.421875,-40.609375,-2.6875,426
1696289072126,-0.38134766,-0.5718384,0.4545288,4.921875,9.78125,2.515625,427
1696289072166,-0.3215332,-0.50006104,0.31097412,-14.3125,-5.453125,-15.09375,428
1696289072206,-0.09667969,-0.51104736,-0.038146973,-19.0625,-1.734375,-22.96875,429
1696289072246,0.8010254,-1.5388794,-0.41900635,-51.625,-11.59375,-13.265625,430
1696289072286,0.7849121,-2.0,0.684021,-37.234375,-6.578125,7.0,431
1696289072326,-0.27148438,-1.7588501,-0.030822754,1.71875,34.21875,-10.265625,432
1696289072366,0.7944336,-1.4666138,0.36468506,10.015625,76.578125,-6.71875,433
1696289072406,0.2084961,-1.0715942,0.34539795,22.015625,21.5625,-14.265625,434
1696289072446,0.0949707,-0.54229736,0.22357178,49.1875,40.15625,-3.28125,435
1696289072486,-0.2290039,-0.6577759,0.0004272461,-10.921875,-20.6875,-29.828125,436
1696289072526,1.0959473,-1.5706177,0.50823975,11.96875,-44.96875,20.734375,437
1696289072566,-0.057617188,-0.9102173,0.21063232,58.078125,22.796875,-5.453125,438
1696289072606,0.27514648,-0.4961548,0.040222168,33.421875,-51.109375,-5.6875,439
1696289072646,0.6220703,-0.28814697,0.12347412,44.328125,-33.6875,38.375,440
1696289072686,0.011962891,-0.6213989,0.054870605,30.8125,-42.90625,29.6875,441
1696289072726,-0.1508789,-0.47613525,0.10394287,-21.359375,-63.703125,20.15625,442
1696289072766,0.083496094,-1.046936,-0.6897583,-41.578125,-94.640625,7.9375,443
1696289072806,1.999939,-1.2146606,0.3944702,-78.265625,107.953125,79.5,444
1696289072846,-0.7158203,-1.9053345,-0.5737915,-80.390625,10.453125,-100.421875,445
1696289072886,-0.07519531,-0.8518677,-0.647522,81.15625,60.359375,-50.21875,446
1696289072926,1.873291,-1.3274536,0.6210327,22.890625,-13.265625,-26.71875,447
1696289072966,-0.28710938,-0.8118286,0.034362793,13.953125,48.078125,-15.78125,448
1696289073006,-0.3071289,-0.0791626,0.23358154,60.5,27.515625,-7.359375,449
1696289073046,0.46777344,-6.1035156e-05,-0.051574707,-1.25,17.328125,-12.4375,450
1696289073086,0.044677734,-0.2625122,0.371521,-57.09375,45.140625,30.0,451
1696289073126,0.0021972656,-0.30133057,-0.6404419,-43.515625,-41.734375,27.609375,452
1696289073166,0.8972168,-1.2183228,-1.8289185,-55.09375,-28.46875,19.796875,453
1696289073206,-0.24316406,-0.4883423,0.7172241,111.78125,-157.875,-42.9375,454
1696289073246,-0.24438477,-0.7871704,-0.8496704,-33.5,-102.140625,-72.640625,455
1696289073286,1.4072266,-2.0,1.5348511,-72.828125,92.296875,72.796875,456
1696289073326,0.04272461,-0.79156494,0.038024902,29.03125,-42.3125,-7.3125,457
1696289073366,0.2043457,-0.6189575,0.16009521,-7.5,-13.140625,-7.9375,458
1696289073406,0.1899414,-0.7954712,0.18743896,0.109375,-43.09375,9.828125,459
1696289073446,0.22558594,-0.42193604,0.18450928,12.078125,-29.3125,18.65625,460
1696289073486,0.2133789,-0.3731079,0.15203857,-9.796875,-61.171875,10.09375,461
1696289073526,-0.020019531,-0.39752197,0.1552124,-6.859375,-80.734375,3.4375,462
1696289073566,0.13330078,-1.1904907,-0.6223755,-56.1875,-145.9375,1.234375,463
1696289073606,1.999939,-1.539856,1.739685,43.34375,64.5625,53.046875,464
1696289073646,-1.2797852,-2.0,-0.2937622,-8.578125,-121.40625,-69.59375,465
1696289073686,-0.024902344,-0.9680786,0.020446777,3.671875,105.203125,-77.734375,466
1696289073726,1.3200684,-1.3274536,0.73651123,-6.59375,-46.4375,-0.796875,467
1696289073766,-0.18774414,-0.8596802,0.27947998,0.671875,19.140625,-29.078125,468
1696289073806,0.04345703,-0.59698486,0.40740967,-5.6875,-0.84375,-19.4375,469
1696289073846,0.07788086,-0.4998169,0.22210693,5.59375,12.703125,-15.09375,470
1696289073886,-0.019042969,-0.52716064,0.38739014,-12.953125,9.21875,-17.953125,471
1696289073926,-0.018066406,-0.5159302,0.31195068,-19.390625,11.171875,-22.890625,472
1696289073966,0.072021484,-0.505188,0.41864014,-23.84375,43.984375,-24.953125,473
1696289074006,-0.013427734,-0.8233032,0.09588623,-49.109375,-17.125,-24.578125,474
1696289074046,0.14331055,-1.7659302,-0.03375244,-20.921875,4.953125,1.296875,475
1696289074086,-0.12890625,-1.7576294,0.6100464,9.03125,98.9375,2.921875,476
1696289074126,-0.34643555,-1.487854,0.5609741,-1.03125,7.84375,-20.484375,477
1696289074166,-0.071777344,-1.1426392,0.21673584,19.046875,42.171875,-23.953125,478
1696289074206,-0.038330078,-0.8015747,0.2970581,31.796875,45.59375,-10.84375,479
1696289074246,-0.44628906,-0.49517822,-0.09649658,41.6875,38.34375,-22.828125,480
1696289074286,0.024902344,-0.4944458,-0.14581299,11.453125,48.046875,-21.59375,481
1696289074326,0.32983398,-0.70758057,-0.026672363,-8.078125,22.96875,1.328125,482
1696289074366,0.059570312,-1.0130005,0.28045654,-10.984375,1.5,13.0625,483
1696289074406,-0.2939453,-1.1621704,0.10614014,-68.171875,-5.3125,4.890625,484
1696289074446,0.118896484,-1.1646118,0.5258179,127.828125,76.015625,-43.984375,485
1696289074486,-0.25830078,-0.73223877,0.31829834,-26.140625,10.84375,-36.984375,486
1696289074526,-0.34326172,-1.2166138,0.16229248,-8.9375,44.015625,1.078125,487
1696289074566,-0.23291016,-0.92315674,0.18377686,59.609375,64.171875,3.96875,488
1696289074606,-0.24389648,-0.56695557,0.038024902,38.546875,48.828125,12.953125,489
1696289074646,-0.39916992,-0.5977173,0.06854248,12.296875,60.28125,5.1875,490
1696289074686,-0.018310547,-0.7608032,0.031921387,24.046875,68.9375,12.296875,491
1696289074726,-0.001953125,-0.86968994,0.36517334,21.53125,109.84375,48.953125,492
1696289074766,-0.31933594,-0.8435669,0.1942749,38.15625,36.625,27.578125,493
1696289074806,-0.023925781,-0.83380127,-0.022521973,8.84375,6.15625,15.671875,494
1696289074846,0.0234375,-1.1296997,0.31585693,-3.421875,32.578125,38.625,495
1696289074886,-0.0859375,-1.2175903,-0.6326294,-1.421875,-29.78125,0.359375,496
1696289074926,1.7683105,-1.3596802,-0.59698486,20.1875,92.3125,54.65625,497
1696289074966,0.5722656,-1.5686646,0.58221436,-27.765625,-44.859375,62.40625,498
1696289075006,-1.0859375,-1.5056763,-0.5730591,24.75,-99.046875,-66.171875,499
1696289075046,0.44140625,-1.0730591,-0.37994385,114.453125,77.109375,68.984375,500
1696289075086,0.65844727,-1.0293579,0.3168335,27.796875,-63.765625,6.765625,501
1696289075126,-0.1394043,-0.68585205,0.061462402,48.0625,-11.0,-3.078125,502
1696289075166,-0.119628906,-0.39678955,0.3283081,1.234375,-16.9375,-23.640625,503
1696289075206,0.061767578,-0.5425415,0.24847412,-11.78125,-26.78125,-16.328125,504
1696289075246,-0.034423828,-0.36724854,0.03656006,-14.5,-39.828125,-33.921875,505
1696289075286,0.017822266,-0.206604,0.16790771,-23.109375,-25.09375,-8.015625,506
1696289075326,-0.29370117,-1.0515747,-0.50787354,-75.0,-121.71875,-18.375,507
1696289075366,1.7507324,-1.7153931,-0.89141846,10.296875,35.21875,-4.375,508
1696289075406,0.46557617,-1.0745239,0.16644287,-141.65625,-118.875,-18.375,509
1696289075446,-0.7624512,-1.4019165,-0.24371338,54.609375,-24.734375,-11.671875,510
1696289075486,0.38720703,-1.2698364,0.60443115,6.140625,-29.953125,-37.1875,511
1696289075526,0.1328125,-0.7625122,0.14276123,10.609375,-23.34375,-15.625,512
1696289075566,-0.06616211,-0.47320557,0.33953857,15.125,-9.34375,-0.046875,513
1696289075606,-0.16015625,-0.36602783,0.15423584,0.8125,-42.5,-15.625,514
1696289075646,0.052246094,-0.39971924,0.11663818,-6.703125,-6.375,-0.953125,515
1696289075686,-0.06665039,-0.50909424,0.27142334,-20.0,1.84375,-4.46875,516
1696289075726,0.053222656,-0.64971924,-0.14434814,-58.71875,-25.453125,-26.96875,517
1696289075766,0.5449219,-1.5701294,-0.40338135,-97.375,21.125,17.234375,518
1696289075806,-0.21948242,-2.0,0.8788452,32.171875,150.625,35.671875,519
1696289075846,-0.09326172,-1.3899536,-0.03692627,5.46875,-135.54688,-27.0,520
1696289075886,0.037109375,-1.3875122,0.0065307617,21.609375,27.125,28.6875,521
1696289075926,-0.06933594,-0.9817505,0.28826904,30.796875,1.515625,14.09375,522
1696289075966,-0.26757812,-0.5459595,0.14788818,31.59375,-17.65625,12.8125,523
1696289076006,-0.16210938,-0.5430298,-0.11578369,9.109375,1.828125,1.6875,524
1696289076046,0.06542969,-0.5671997,-0.08721924,8.78125,-1.875,-10.34375,525
1696289076086,0.087402344,-0.44244385,-0.050842285,13.484375,-15.796875,-1.71875,526
1696289076126,0.11206055,-0.6174927,-0.10821533,-8.71875,-4.921875,2.421875,527
1696289076166,0.6791992,-1.192688,0.3414917,-86.109375,74.359375,42.515625,528
1696289076206,0.67626953,-2.0,0.7194214,-10.03125,-30.046875,48.484375,529
1696289076246,0.17114258,-1.4385376,0.31781006,62.5,1.953125,26.625,530
1696289076286,0.28833008,-1.0674438,0.26849365,32.140625,-1.9375,-5.0,531
1696289076326,0.08911133,-1.0200806,0.26898193,36.75,7.515625,-2.0625,532
1696289076366,0.111572266,-0.71588135,0.16668701,52.296875,1.484375,-12.84375,533
1696289076406,-0.061035156,-0.33746338,-0.003479004,33.96875,33.953125,-19.171875,534
1696289076446,0.59643555,-0.8701782,-0.1338501,-65.453125,-25.40625,-3.625,541
1696289076486,0.022949219,-1.5613403,-0.13433838,-2.640625,52.109375,49.609375,542
1696289076526,-0.18481445,-0.97491455,0.10101318,18.4375,6.09375,-15.609375,543
1696289076566,-0.04321289,-0.47808838,-0.109436035,-4.96875,17.625,-26.3125,544
1696289076606,0.07299805,-0.4307251,-0.13360596,-17.015625,1.40625,-13.828125,545
1696289076646,-0.0043945312,-0.41656494,0.032165527,-1.90625,14.75,-18.921875,546
1696289076686,-0.07519531,-0.2144165,-0.21246338,20.84375,-16.390625,-44.9375,547
1696289076726,0.7084961,-0.9439087,0.2477417,-95.0,44.9375,5.703125,548
1696289076766,0.85302734,-2.0,0.729187,-13.75,-20.890625,1.8125,549
1696289076806,0.23876953,-1.8933716,0.3991089,42.1875,23.09375,0.46875,550
1696289076846,0.59936523,-0.8496704,0.41497803,-27.109375,-18.84375,-28.546875,551
1696289076886,0.1262207,-1.0720825,0.402771,-4.390625,24.265625,0.625,552
1696289076926,0.05444336,-0.82476807,0.37957764,1.8125,-6.21875,-15.609375,553
1696289076966,0.17016602,-0.4595337,0.10272217,2.625,3.828125,-17.125,554
1696289077006,0.16015625,-0.6240845,0.19720459,4.890625,22.921875,-6.734375,555
1696289077046,0.14404297,-0.70318604,0.29779053,0.140625,19.6875,-3.953125,556
1696289077086,0.114990234,-0.62823486,0.28997803,-3.109375,9.734375,-15.390625,557
1696289077126,0.12792969,-0.71759033,0.39569092,-7.6875,11.6875,-16.515625,558
1696289077166,0.22802734,-0.9368286,0.4454956,-34.03125,9.515625,-21.875,559
1696289077206,0.22558594,-1.3970337,0.14471436,-52.4375,1.28125,-6.140625,560
1696289077246,0.16235352,-1.3960571,-0.16949463,22.109375,4.96875,11.171875,561
1696289077286,0.12011719,-1.2271118,0.19647217,13.953125,37.296875,-1.96875,562
1696289077326,0.01171875,-1.2127075,0.65838623,4.390625,11.359375,-6.046875,563
1696289077366,0.31884766,-1.1321411,0.04168701,15.75,-13.703125,11.109375,564
1696289077406,0.2434082,-0.881897,0.28997803,33.21875,8.90625,19.25,565
1696289077446,-0.14331055,-0.82159424,0.03753662,31.0625,-21.609375,20.3125,566
1696289077486,-0.026367188,-0.6658325,0.24627686,28.125,-6.546875,10.84375,567
1696289077526,0.110839844,-0.6296997,0.17254639,18.234375,-14.59375,14.03125,568
1696289077566,0.068359375,-0.64068604,0.1852417,7.515625,-14.734375,26.640625,569
1696289077606,0.08105469,-0.6602173,0.070007324,-9.546875,-29.0625,19.625,570
1696289077646,-0.018554688,-1.0852661,-0.36798096,-36.125,-54.140625,8.8125,571
1696289077686,1.6623535,-1.5122681,1.0480347,-1.71875,-38.75,38.171875,572
1696289077726,-0.34716797,-1.6582642,-0.12310791,-18.609375,-52.296875,9.234375,573
1696289077766,0.1965332,-1.1155396,0.434021,2.1875,-22.234375,-22.265625,574
1696289077806,0.5600586,-1.1682739,0.41937256,7.453125,-8.96875,-1.65625,575
1696289077846,0.14428711,-0.8557739,0.39837646,23.71875,0.953125,-10.875,576
1696289077886,0.26708984,-0.55352783,0.23919678,30.40625,1.921875,-12.84375,577
1696289077926,0.36108398,-0.36431885,0.28778076,30.15625,-0.53125,-9.578125,578
1696289077966,0.16625977,-0.40802002,0.20721436,13.03125,-12.671875,-5.8125,579
1696289078006,0.030273438,-0.47979736,0.44525146,2.96875,-4.71875,-13.640625,580
1696289078046,-0.091796875,-0.7149048,-0.18927002,-42.46875,-64.078125,-21.765625,581
1696289078086,0.8129883,-1.4172974,-0.63067627,-57.578125,-62.609375,-8.15625,582
1696289078126,0.14355469,-2.0,0.85858154,-11.59375,90.71875,11.078125,583
1696289078166,0.39648438,-1.2459106,-0.16070557,-10.921875,-106.59375,-3.75,584
1696289078206,0.38989258,-1.1550903,0.2098999,-9.5625,31.796875,33.0,585
1696289078246,0.18017578,-0.9993286,0.11419678,2.8125,-63.890625,39.609375,586
1696289078286,0.1484375,-0.70806885,0.13201904,44.296875,-4.9375,18.25,587
1696289078326,0.12182617,-0.49298096,0.16986084,12.84375,-31.453125,29.5625,588
1696289078366,0.014892578,-0.60357666,0.20794678,14.890625,-27.984375,6.046875,589
1696289078406,-0.025634766,-0.52349854,0.0138549805,-4.1875,-44.390625,-2.6875,590
1696289078446,-0.09692383,-0.4102173,-0.08673096,5.0,-30.625,-21.265625,591
1696289078486,0.33496094,-0.90289307,-0.7061157,-26.359375,-93.03125,5.453125,592
1696289078526,1.999939,-2.0,1.999939,-17.359375,-29.546875,72.875,593
1696289078566,-1.079834,-2.0,-0.35968018,52.28125,-46.765625,-36.96875,594
1696289078606,0.3630371,-1.1599731,0.3319702,-8.796875,26.34375,23.515625,601
1696289078646,0.16455078,-0.8833618,-0.105773926,22.890625,-15.0,11.71875,602
1696289078686,0.09838867,-0.6524048,-0.0049438477,4.671875,10.0625,29.9375,603
1696289078726,-0.14746094,-0.4241333,-0.024475098,-21.1875,-3.1875,30.046875,604
1696289078766,-0.024169922,-0.47076416,-0.044006348,-40.0625,-23.625,8.640625,605
1696289078806,0.025634766,-0.7173462,0.09881592,-44.171875,1.125,2.21875,606
1696289078846,-0.12915039,-0.7280884,0.016784668,-29.328125,-51.515625,-7.71875,607
1696289078886,0.24584961,-0.8086548,-0.2703247,-66.453125,-43.1875,-22.875,608
1696289078926,1.999939,-1.602356,1.3964233,-21.1875,64.203125,38.03125,609
1696289078966,-0.39697266,-1.7737427,0.39886475,-45.34375,-52.203125,-9.484375,610
1696289079006,0.3232422,-1.0278931,0.6000366,3.46875,62.21875,-33.34375,611
1696289079046,0.65405273,-1.1292114,0.39959717,2.078125,-8.6875,-13.5625,612
1696289079086,0.20410156,-0.7991333,0.38812256,7.765625,13.140625,-11.171875,613
1696289079126,0.26733398,-0.56085205,0.26263428,10.078125,-0.015625,-13.5625,614
1696289079166,0.18823242,-0.5354614,0.1954956,15.875,-2.421875,-11.640625,615
1696289079206,0.18774414,-0.5371704,0.12420654,13.1875,5.84375,-5.640625,616
1696289079246,0.061035156,-0.60479736,0.20111084,9.5,18.75,-2.265625,617
1696289079286,-0.12158203,-0.8167114,0.47113037,0.5,47.40625,-14.3125,618
1696289079326,-0.103515625,-0.8862915,0.51239014,-23.09375,12.4375,-25.6875,619
1696289079366,0.022949219,-1.2224731,0.385437,-42.953125,25.578125,-25.90625,620
1696289079406,0.48461914,-1.4934692,0.20770264,-14.421875,47.171875,-19.640625,621
1696289079446,0.16552734,-1.031311,0.20599365,24.65625,33.5,1.265625,622
1696289079486,-0.10449219,-1.08844,0.15472412,3.296875,48.5,-7.625,623
1696289079526,0.23339844,-1.1904907,0.23602295,-21.28125,70.1875,2.828125,624
1696289079566,0.28710938,-1.0288696,0.45965576,31.34375,40.984375,6.3125,625
1696289079606,-0.028076172,-0.7871704,0.12298584,23.625,25.625,7.1875,626
1696289079646,-0.16748047,-0.52301025,0.23675537,36.8125,35.796875,3.828125,627
1696289079686,0.049072266,-0.59991455,0.22943115,8.28125,11.375,6.578125,628
1696289079726,0.12207031,-0.5532837,-0.035705566,7.734375,-4.03125,-9.8125,629
1696289079766,0.28125,-0.89556885,-0.26934814,-33.171875,-43.4375,-11.734375,630
1696289079806,1.7929688,-1.581604,1.1845093,3.015625,8.734375,19.640625,631
1696289079846,-0.24633789,-1.5640259,0.054138184,-23.921875,-59.28125,5.140625,632
1696289079886,0.35717773,-1.140686,0.14813232,77.171875,0.171875,-32.953125,633
1696289079926,0.51538086,-0.84747314,0.33050537,52.140625,-29.3125,-4.796875,634
1696289079966,0.044677734,-0.7788696,0.19866943,62.265625,-7.890625,-11.078125,635
1696289080006,0.12719727,-0.49493408,0.2843628,58.71875,10.28125,1.765625,636
1696289080046,-0.015136719,-0.33380127,0.49749756,-6.625,38.1875,2.734375,637
1696289080086,-0.096191406,-0.6358032,0.20013428,48.71875,26.96875,37.234375,644
1696289080126,-0.19848633,-0.4595337,0.101745605,-12.28125,-35.46875,8.0625,645
1696289080166,0.021972656,-0.3977661,-0.030090332,-1.703125,-16.25,1.40625,646
1696289080206,-0.036865234,-0.14630127,0.10272217,5.546875,-36.5625,1.796875,647
1696289080246,0.5354004,-0.5869751,-0.56329346,-61.328125,-101.34375,-28.75,648
1696289080286,1.999939,-2.0,1.8739624,26.734375,-25.390625,-20.453125,649
1696289080326,-1.2988281,-1.8899536,0.06707764,45.046875,-33.515625,-60.359375,650
1696289080366,0.6767578,-0.6843872,0.44403076,1.34375,4.734375,-14.8125,651
1696289080406,-0.10229492,-1.0706177,0.5397339,4.9375,-9.140625,-12.765625,652
1696289080446,-0.07006836,-0.6621704,0.42767334,33.5,-50.3125,-25.8125,653
1696289080486,0.07348633,-0.08135986,0.1984253,30.390625,-34.1875,-37.515625,654
1696289080526,-0.068359375,-1.2573853,0.54364014,19.71875,-41.5625,9.96875,661
1696289080566,-0.22924805,-0.5984497,0.14178467,46.515625,11.15625,-11.171875,662
1696289080606,0.013183594,-0.40899658,0.1696167,20.796875,25.921875,-2.9375,663
1696289080646,-0.0068359375,-0.33013916,-0.06866455,17.921875,5.625,-2.5625,664
1696289080686,0.37451172,-0.35357666,0.2826538,5.828125,13.4375,15.078125,665
1696289080726,0.16577148,-0.42999268,0.0060424805,-18.203125,-31.625,21.484375,666
1696289080766,-0.3996582,-0.85235596,0.5853882,-12.765625,-37.40625,21.96875,667
1696289080806,-0.46435547,-1.1282349,0.29315186,-13.4375,-28.9375,18.25,668
1696289080846,0.08862305,-1.364563,0.93304443,-8.765625,13.0625,-12.125,669
1696289080886,0.14550781,-1.6687622,0.6820679,10.234375,5.4375,-10.828125,670
1696289080926,0.3671875,-1.173645,0.6286011,3.875,-0.59375,-4.734375,671
1696289080966,0.2133789,-1.045227,0.45428467,-1.671875,-1.046875,-0.421875,672
1696289081006,-0.13183594,-0.8994751,0.3925171,10.453125,8.71875,-6.890625,673
1696289081046,0.12451172,-0.5869751,0.262146,13.296875,12.09375,-8.53125,674
1696289081086,0.2590332,-0.55596924,0.29022217,5.078125,8.53125,1.21875,675
1696289081126,0.118652344,-0.60406494,0.30340576,-0.640625,3.390625,3.078125,676
1696289081166,0.048828125,-0.6826782,0.38934326,9.953125,16.828125,-3.328125,677
1696289081206,0.1394043,-0.81207275,0.47381592,7.8125,-9.765625,-0.53125,678
1696289081246,0.01953125,-0.8477173,0.4833374,19.5625,-6.828125,-1.890625,679
1696289081286,-0.17333984,-0.8308716,0.47991943,18.09375,-6.9375,-3.84375,680
1696289081326,-0.09863281,-0.81378174,0.49969482,9.8125,1.578125,-11.640625,681
1696289081366,-0.23168945,-0.8447876,0.6144409,0.921875,3.578125,-25.046875,682
1696289081406,-0.27929688,-0.86138916,0.6124878,2.5,13.796875,-40.0,683
1696289081446,0.12036133,-1.1868286,0.40960693,-34.703125,-5.546875,-18.015625,684
1696289081486,0.49560547,-1.7739868,0.50457764,-30.84375,-7.671875,8.671875,685
1696289081526,-0.25683594,-1.0806274,0.2741089,13.390625,12.609375,-8.984375,686
1696289081566,0.17822266,-1.0916138,0.23431396,-16.15625,-6.234375,2.015625,687
1696289081606,0.3557129,-1.1629028,0.38934326,10.0625,-16.25,20.421875,688
1696289081646,-0.049072266,-0.87042236,0.1708374,7.59375,-16.8125,30.6875,689
1696289081686,-0.14404297,-0.725647,0.17132568,18.3125,-25.140625,28.1875,690
1696289081726,-0.036621094,-0.7583618,0.20916748,20.15625,-17.046875,26.46875,691
1696289081766,-0.13623047,-0.786438,0.24749756,16.296875,-16.6875,24.6875,692
1696289081806,-0.203125,-0.8362427,0.31072998,14.09375,-8.40625,20.953125,693
1696289081846,-0.12548828,-0.7647095,0.33758545,17.71875,-2.34375,19.0,694
1696289081886,-0.040283203,-0.73394775,0.369812,17.421875,2.078125,17.4375,695
1696289081926,-0.051757812,-0.76275635,0.31365967,-0.15625,-9.609375,11.015625,696
1696289081966,0.052978516,-0.7283325,0.024597168,12.796875,-34.0,-1.265625,697
1696289082006,0.6154785,-0.7649536,-0.16119385,25.75,-47.125,19.71875,698
1696289082046,1.1960449,-1.3442993,0.76116943,-28.4375,-87.234375,43.578125,699
1696289082086,-0.012451172,-2.0,0.26922607,-3.140625,-14.59375,33.640625,700
1696289082126,0.5842285,-1.1467896,0.30316162,31.328125,-26.3125,-1.640625,701
1696289082166,0.5371094,-1.0408325,0.29632568,25.71875,-35.90625,20.84375,702
1696289082206,0.22875977,-1.0130005,0.4118042,24.796875,-18.1875,21.5625,703
1696289082246,0.19750977,-0.75665283,0.33880615,33.75,-31.609375,11.46875,704
1696289082286,0.2783203,-0.5701294,0.34661865,35.75,-40.5,4.5,705
1696289082326,0.083496094,-0.64508057,0.3690796,33.359375,-43.109375,-2.734375,706
1696289082366,-0.060058594,-0.6643677,0.34466553,33.40625,-47.6875,-6.765625,707
1696289082406,0.011230469,-0.473938,0.27288818,25.90625,-45.0625,-29.890625,708
1696289082446,-0.028076172,-0.70977783,0.113708496,-24.265625,-62.640625,-27.234375,709
1696289082486,0.4963379,-1.2625122,-0.13336182,-73.078125,-123.328125,-11.328125,710
1696289082526,0.96728516,-2.0,1.1078491,20.765625,83.921875,40.5,711
1696289082566,0.060546875,-1.3008423,-0.0076293945,-1.375,-148.1875,-4.875,712
1696289082606,0.48046875,-1.1187134,0.04486084,-14.140625,18.015625,35.015625,713
1696289082646,0.21142578,-1.3638306,0.47088623,-16.390625,-58.640625,23.578125,714
1696289082686,0.09765625,-0.94903564,-0.05718994,22.1875,-16.203125,10.390625,715
1696289082726,0.15014648,-0.8154907,0.4262085,3.421875,-11.484375,9.03125,716
1696289082766,0.01928711,-0.6572876,0.12542725,2.859375,-23.796875,6.5625,717
1696289082806,0.09814453,-0.6409302,0.3163452,-3.703125,-19.640625,0.53125,718
1696289082846,0.029052734,-0.53448486,0.124938965,1.765625,-14.3125,-0.0625,719
1696289082886,0.10546875,-0.41973877,0.08905029,-4.15625,-39.125,-2.6875,720
1696289082926,-0.06225586,-0.53204346,0.21307373,-10.5625,-33.1875,-4.21875,721
1696289082966,0.7199707,-1.0327759,0.75531006,-60.140625,-26.140625,-3.1875,722
1696289083006,0.5612793,-2.0,0.5158081,1.15625,-25.21875,16.84375,723
1696289083046,0.043945312,-1.1101685,0.6901245,-14.890625,-32.046875,-0.453125,724
1696289083086,0.16992188,-1.1289673,0.5807495,6.484375,-26.140625,-1.453125,725
1696289083126,0.22338867,-0.8308716,0.46209717,4.140625,-22.421875,-3.78125,726
1696289083166,0.18261719,-0.62506104,0.47576904,10.703125,-22.4375,-7.296875,727
1696289083206,0.036621094,-0.44317627,0.34661865,5.25,-22.9375,0.703125,728
1696289083246,-0.06616211,-0.3880005,0.29266357,10.578125,-7.703125,1.125,729
1696289083286,0.015625,-0.600647,0.39886475,8.609375,-8.96875,-2.9375,730
1696289083326,-0.017822266,-0.66778564,0.60565186,17.25,-0.90625,-7.015625,731
1696289083366,-0.29858398,-0.7991333,0.7909546,7.046875,13.421875,-4.171875,732
1696289083406,0.24902344,-1.2764282,-0.5274048,-6.671875,-101.125,-30.53125,733
1696289083446,0.9802246,-2.0,1.605896,86.96875,89.203125,49.03125,734
1696289083486,-0.40405273,-1.486145,-0.22271729,54.71875,-33.296875,-26.25,735
1696289083526,1.0500488,-0.64141846,0.4179077,68.078125,97.421875,39.421875,736
1696289083566,0.28320312,-1.0073853,-0.057922363,34.15625,-2.609375,58.4375,737
1696289083606,-0.41577148,-0.8599243,0.051940918,58.09375,29.3125,19.65625,738
1696289083646,0.19799805,-0.7144165,0.08782959,58.25,10.78125,5.265625,739
1696289083686,0.53564453,-0.6983032,-0.10040283,22.0625,22.953125,25.546875,740
1696289083726,0.17333984,-0.9439087,-0.05303955,-15.59375,-7.609375,11.171875,741
1696289083766,0.15527344,-1.0317993,-0.05596924,3.34375,-1.078125,4.796875,742
1696289083806,0.3774414,-1.0852661,-0.13458252,-6.578125,3.421875,4.21875,743
1696289083846,0.36987305,-1.0405884,0.01361084,-4.578125,16.015625,2.484375,744
1696289083886,0.13916016,-1.0645142,0.10296631,-22.8125,5.890625,10.703125,745
1696289083926,0.24731445,-1.0498657,-0.00079345703,-27.421875,5.34375,-8.359375,746
1696289083966,0.22949219,-1.0679321,0.14593506,-14.109375,-0.578125,-9.890625,747
1696289084006,0.15673828,-1.0149536,0.09124756,-17.703125,3.203125,-5.921875,748
1696289084046,0.12133789,-0.89508057,0.19354248,-15.4375,3.125,-11.75,749
1696289084086,0.15771484,-0.79107666,0.21063232,-16.015625,-1.703125,-10.84375,750
1696289084126,0.15527344,-0.70977783,0.2399292,-18.5,-12.203125,-4.8125,751
1696289084166,-0.03466797,-0.7659302,0.22528076,-37.09375,-43.28125,-13.09375,752
1696289084206,-0.04321289,-0.50567627,0.16766357,-14.4375,-20.4375,-32.984375,753
1696289084246,0.16992188,-0.42218018,0.17059326,-21.25,-25.4375,-23.53125,754
1696289084286,0.067871094,-1.0029907,-0.0032348633,-55.359375,-17.4375,-14.171875,755
1696289084326,1.5541992,-1.8191528,0.75457764,7.71875,2.796875,23.96875,756
1696289084366,0.034179688,-1.4212036,0.48260498,-23.953125,-42.578125,37.015625,757
1696289084406,-0.0012207031,-1.4402466,0.69403076,10.046875,8.15625,-1.859375,758
1696289084446,0.45141602,-1.2070923,0.46502686,16.5,-8.1875,-3.875,759
1696289084486,0.1875,-0.7671509,0.4928589,34.078125,6.890625,2.296875,760
1696289084526,0.1184082,-0.5635376,0.22723389,24.078125,-17.390625,12.953125,761
1696289084566,0.09326172,-0.50665283,0.322937,39.15625,-1.25,3.734375,762
1696289084606,0.21484375,-0.36968994,0.21942139,29.796875,-27.4375,3.875,763
1696289084646,0.1550293,-0.47540283,0.33465576,13.703125,-13.78125,6.03125,764
1696289084686,-0.03173828,-1.0298462,0.1293335,13.15625,-6.625,13.4375,771
1696289084726,0.13232422,-0.6567993,0.2609253,22.546875,-14.015625,2.125,772
1696289084766,0.09790039,-0.48980713,0.18426514,11.21875,-21.0625,10.25,773
1696289084806,-0.018554688,-0.59747314,0.1642456,12.828125,-16.96875,9.109375,774
1696289084846,0.040771484,-0.4788208,0.1930542,2.03125,-29.390625,2.125,775
1696289084886,-0.0234375,-0.5288696,0.21868896,-15.796875,-39.46875,-1.671875,776
1696289084926,-0.08666992,-0.88897705,0.050964355,-43.703125,-53.625,-5.546875,777
1696289084966,1.5634766,-1.4783325,0.8966675,-22.96875,-9.4375,24.640625,778
1696289085006,0.47827148,-1.3726196,0.5043335,-38.078125,-92.578125,26.890625,779
1696289085046,0.23461914,-1.3057251,0.71746826,21.421875,-23.046875,-0.328125,780
