timestamp,accel_x,accel_y,accel_z,gyro_x,gyro_y,gyro_z
1695651487180,0.09741211,-0.010559082,-0.9692993,-0.234375,0.984375,0.21875
1695651487220,0.100097656,-0.0095825195,-0.97052,0.015625,1.046875,0.125
1695651487260,0.09667969,-0.012023926,-0.97320557,-0.09375,0.875,0.078125
1695651487300,0.099609375,-0.007385254,-0.9680786,-0.046875,1.125,0.125
1695651487340,0.099853516,-0.014709473,-0.97320557,-0.109375,1.078125,0.171875
1695651487380,0.10473633,-0.012268066,-0.9680786,-0.03125,1.078125,0.28125
1695651487420,0.09790039,-0.007873535,-0.97369385,0.03125,0.953125,0.328125
1695651487460,0.100097656,-0.007873535,-0.9685669,0.09375,0.921875,0.171875
1695651487500,0.099609375,-0.010314941,-0.96832275,-0.203125,0.875,0.21875
1695651487540,0.099609375,-0.012512207,-0.9714966,-0.109375,1.109375,0.140625
1695651487580,0.10253906,-0.012756348,-0.9668579,0.078125,1.0625,0.234375
1695651487620,0.09838867,-0.009338379,-0.96588135,0.03125,1.09375,0.203125
1695651487660,0.104003906,-0.008605957,-0.96710205,0.03125,1.109375,0.0
1695651487700,0.103759766,-0.007385254,-0.9624634,-0.046875,1.171875,0.1875
1695651487740,0.09716797,-0.011047363,-0.97247314,-0.03125,0.921875,0.15625
1695651487780,0.10498047,-0.0068969727,-0.9751587,-0.0625,1.015625,0.015625
1695651487820,0.09692383,-0.0115356445,-0.97247314,-0.046875,0.703125,0.25
1695651487860,0.09863281,-0.012268066,-0.97003174,-0.046875,0.984375,0.109375
1695651487900,0.0949707,-0.0115356445,-0.97076416,-0.171875,0.8125,0.078125
1695651487940,0.095703125,-0.008605957,-0.9692993,-0.03125,1.078125,0.15625
1695651487980,0.09277344,-0.014221191,-0.97052,0.171875,1.265625,0.28125
1695651488020,0.10229492,-0.010559082,-0.9702759,-0.015625,1.0625,0.203125
1695651488060,0.1003418,-0.00982666,-0.9668579,-0.09375,0.984375,0.171875
1695651488100,0.10668945,-0.0064086914,-0.96661377,-0.171875,0.875,0.09375
1695651488140,0.10205078,-0.007385254,-0.9668579,0.0,0.890625,0.15625
1695651488180,0.10229492,-0.008361816,-0.96417236,-0.03125,1.03125,0.125
1695651488220,0.1003418,-0.009094238,-0.9673462,0.125,1.140625,0.1875
1695651488260,0.09716797,-0.014465332,-0.96539307,0.0625,1.203125,0.125
1695651488300,0.10473633,-0.010070801,-0.97052,0.296875,1.03125,0.171875
1695651488340,0.10522461,-0.010314941,-0.96661377,0.0,1.03125,0.109375
1695651488380,0.100097656,-0.011047363,-0.96881104,-0.015625,1.015625,0.28125
1695651488420,0.10107422,-0.010070801,-0.97442627,-0.015625,1.125,0.1875
1695651488460,0.103515625,-0.009338379,-0.9656372,-0.03125,1.0,0.140625
1695651488500,0.10058594,-0.007873535,-0.9685669,0.09375,0.90625,0.109375
1695651488540,0.107421875,-0.011047363,-0.9668579,0.109375,0.96875,0.109375
1695651488580,0.10205078,-0.010559082,-0.9692993,0.03125,0.984375,0.078125
1695651488620,0.10107422,-0.008361816,-0.9685669,0.0,0.96875,0.03125
1695651488660,0.09741211,-0.0051879883,-0.9697876,-0.015625,1.125,0.21875
1695651488700,0.09863281,-0.0064086914,-0.96588135,0.15625,1.21875,0.140625
1695651488740,0.09643555,-0.012268066,-0.9663696,0.15625,0.953125,0.171875
1695651488780,0.09692383,-0.013000488,-0.96759033,0.265625,1.078125,0.0
1695651488820,0.099853516,-0.009094238,-0.97540283,-0.015625,1.109375,0.140625
1695651488860,0.09716797,-0.013977051,-0.9697876,0.015625,1.015625,0.109375
1695651488900,0.1003418,-0.011779785,-0.9678345,0.0,1.203125,0.203125
1695651488940,0.095947266,-0.003967285,-0.9734497,-0.015625,0.953125,0.15625
1695651488980,0.09741211,-0.014221191,-0.96417236,0.171875,1.015625,0.015625
1695651489020,0.10131836,-0.007873535,-0.96588135,0.21875,1.0625,0.234375
1695651489060,0.09423828,-0.0044555664,-0.96710205,0.234375,1.09375,0.34375
1695651489100,0.09716797,-0.006652832,-0.97198486,0.21875,1.15625,0.109375
1695651489140,0.103027344,-0.010314941,-0.9729614,0.046875,0.9375,0.109375
1695651489180,0.095947266,-0.0051879883,-0.96539307,0.140625,0.921875,0.171875
1695651489220,0.09790039,-0.00982666,-0.96954346,-0.03125,0.90625,0.09375
1695651489260,0.10107422,-0.010559082,-0.97052,0.046875,0.9375,0.15625
1695651489300,0.10473633,-0.008850098,-0.9680786,0.125,0.78125,0.046875
1695651489340,0.09399414,-0.011291504,-0.97052,-0.046875,0.90625,0.109375
1695651489380,0.10424805,-0.0029907227,-0.96881104,0.0625,1.203125,0.25
1695651489420,0.09887695,-0.008850098,-0.9729614,-0.046875,0.96875,0.15625
1695651489460,0.09814453,-0.010803223,-0.9678345,0.03125,0.84375,0.09375
1695651489500,0.09350586,-0.0095825195,-0.9680786,-0.078125,1.109375,0.140625
1695651489540,0.10229492,-0.0071411133,-0.96661377,0.046875,1.140625,0.25
1695651489580,0.09423828,-0.012512207,-0.9710083,-0.09375,1.0,0.03125
1695651489620,0.09887695,-0.007385254,-0.9702759,-0.0625,0.796875,0.140625
1695651489660,0.09741211,-0.0076293945,-0.975647,-0.109375,1.0,0.03125
1695651489700,0.09765625,-0.010314941,-0.9697876,-0.015625,0.984375,0.171875
1695651489740,0.099609375,-0.008605957,-0.9702759,0.203125,1.15625,0.15625
1695651489780,0.09448242,-0.0115356445,-0.97198486,0.140625,1.125,0.171875
1695651489820,0.10449219,-0.0115356445,-0.9727173,0.015625,1.015625,0.140625
1695651489860,0.09472656,-0.0076293945,-0.96661377,-0.046875,0.84375,0.09375
1695651489900,0.10205078,-0.010070801,-0.9734497,-0.140625,0.9375,0.125
1695651489940,0.1027832,-0.009094238,-0.96832275,-0.28125,0.890625,0.25
1695651489980,0.099365234,-0.007873535,-0.9710083,-0.109375,0.9375,0.203125
1695651490020,0.09692383,-0.0095825195,-0.97003174,0.09375,1.015625,0.15625
1695651490060,0.099609375,-0.012023926,-0.97442627,0.0,0.65625,0.078125
1695651490100,0.09716797,-0.0068969727,-0.97442627,-0.109375,0.875,0.03125
1695651490140,0.1015625,-0.007385254,-0.9710083,-0.15625,0.765625,0.09375
1695651490180,0.096191406,-0.012756348,-0.9714966,-0.203125,0.734375,0.109375
1695651490220,0.1003418,-0.0068969727,-0.97247314,-0.1875,0.828125,0.046875
1695651490260,0.10180664,-0.016662598,-0.96881104,-0.03125,0.953125,0.234375
1695651490300,0.09423828,-0.0115356445,-0.972229,-0.078125,0.953125,0.078125
1695651490340,0.10229492,-0.016418457,-0.9644165,0.03125,0.9375,0.21875
1695651490380,0.1015625,-0.01373291,-0.9697876,0.015625,0.9375,-0.03125
1695651490420,0.10131836,-0.014221191,-0.9690552,-0.125,1.015625,0.171875
1695651490460,0.10083008,-0.012756348,-0.9697876,-0.0625,0.953125,0.265625
1695651490500,0.099365234,-0.011779785,-0.9717407,0.0625,1.015625,0.125
1695651490540,0.09887695,-0.009338379,-0.9690552,0.15625,1.265625,0.15625
1695651490580,0.095458984,-0.012512207,-0.97540283,0.03125,0.984375,0.203125
1695651490620,0.103271484,-0.007873535,-0.96832275,0.015625,0.921875,0.234375
1695651490660,0.09838867,-0.008361816,-0.97125244,-0.046875,0.78125,0.203125
1695651490700,0.10083008,-0.0044555664,-0.96881104,-0.15625,0.734375,0.34375
1695651490740,0.103515625,-0.00592041,-0.9710083,-0.015625,0.765625,0.078125
1695651490780,0.10131836,-0.009094238,-0.9680786,0.03125,0.96875,0.171875
1695651490820,0.10595703,-0.00982666,-0.9678345,0.078125,0.953125,0.234375
1695651490860,0.10595703,-0.008605957,-0.9717407,0.046875,1.046875,0.25
1695651490900,0.100097656,-0.012756348,-0.9680786,-0.015625,0.96875,0.1875
1695651490940,0.09838867,-0.00982666,-0.97076416,0.0625,0.9375,0.15625
1695651490980,0.10058594,-0.006652832,-0.9678345,0.078125,1.03125,0.140625
1695651491020,0.10083008,-0.007385254,-0.96759033,0.0,1.03125,0.21875
1695651491060,0.10107422,-0.0134887695,-0.9702759,-0.03125,0.890625,0.140625
1695651491100,0.10131836,-0.011047363,-0.9649048,-0.078125,1.0625,0.28125
1695651491140,0.0925293,-0.008850098,-0.96832275,-0.0625,1.078125,0.234375
1695651491180,0.09814453,-0.0095825195,-0.9624634,0.046875,1.078125,0.234375
1695651491220,0.095703125,-0.004699707,-0.9717407,0.0625,0.859375,0.125
1695651491260,0.1015625,-0.010070801,-0.96759033,0.046875,1.03125,0.15625
1695651491300,0.09765625,-0.010559082,-0.9714966,0.0,0.953125,0.03125
1695651491340,0.09326172,-0.00982666,-0.96466064,0.0,0.9375,0.234375
1695651491380,0.09863281,-0.009094238,-0.96710205,0.015625,1.015625,0.21875
1695651491420,0.10620117,-0.008605957,-0.9734497,0.125,1.046875,0.171875
1695651491460,0.09643555,-0.0076293945,-0.9702759,-0.09375,0.953125,0.125
1695651491500,0.09863281,-0.011047363,-0.9651489,0.09375,1.078125,0.234375
1695651491540,0.09643555,-0.009094238,-0.96832275,0.1875,0.875,0.234375
1695651491580,0.095458984,-0.014465332,-0.9678345,0.078125,0.796875,0.15625
1695651491620,0.10253906,-0.008850098,-0.9714966,-0.046875,1.015625,0.171875
1695651491660,0.10449219,-0.008361816,-0.96539307,-0.109375,1.09375,0.15625
1695651491700,0.10180664,-0.0071411133,-0.96954346,-0.0625,0.890625,0.09375
1695651491740,0.0949707,-0.014709473,-0.9717407,0.015625,1.15625,0.125
1695651491780,0.099609375,-0.014709473,-0.97247314,0.125,1.1875,0.25
1695651491820,0.09765625,-0.015197754,-0.96759033,-0.078125,0.90625,0.109375
1695651491860,0.10205078,-0.007873535,-0.97052,0.0625,0.984375,0.15625
1695651491900,0.09692383,-0.014221191,-0.9710083,0.1875,1.21875,0.125
1695651491940,0.100097656,-0.002746582,-0.9685669,0.203125,1.046875,0.265625
1695651491980,0.099853516,-0.008605957,-0.9776001,0.171875,1.03125,0.125
1695651492020,0.10180664,-0.00592041,-0.97442627,0.171875,1.140625,0.140625
1695651492060,0.106933594,-0.0071411133,-0.9727173,0.03125,1.15625,0.15625
1695651492100,0.10205078,-0.009094238,-0.96661377,0.03125,1.09375,0.078125
1695651492140,0.095703125,-0.007873535,-0.9702759,0.0,0.953125,0.125
1695651492180,0.09643555,-0.008361816,-0.9710083,0.125,1.03125,0.109375
1695651492220,0.100097656,-0.0095825195,-0.96661377,0.09375,1.0625,0.171875
1695651492260,0.091552734,-0.0056762695,-0.9627075,0.21875,1.078125,0.21875
1695651492300,0.095214844,-0.0071411133,-0.9673462,0.125,1.125,0.078125
1695651492340,0.099853516,-0.008361816,-0.97052,0.015625,1.109375,0.1875
1695651492380,0.100097656,-0.0071411133,-0.9714966,-0.046875,1.09375,0.171875
1695651492420,0.10180664,-0.0044555664,-0.972229,0.109375,1.15625,0.078125
1695651492460,0.10083008,-0.004211426,-0.9714966,-0.015625,1.078125,0.234375
1695651492500,0.09716797,-0.006652832,-0.96710205,0.125,1.078125,0.203125
1695651492540,0.095458984,-0.007873535,-0.96539307,0.25,1.125,0.09375
1695651492580,0.09765625,-0.007873535,-0.9690552,0.03125,0.953125,0.0625
1695651492620,0.10229492,-0.009094238,-0.973938,0.03125,0.890625,0.078125
1695651492660,0.09887695,-0.008605957,-0.9656372,0.0625,0.84375,0.078125
1695651492700,0.099365234,-0.0044555664,-0.97125244,0.0,1.03125,0.125
1695651492740,0.09375,-0.010559082,-0.96588135,0.0625,1.109375,0.015625
1695651492780,0.09399414,-0.00592041,-0.9678345,0.3125,1.265625,0.171875
1695651492820,0.09863281,-0.0049438477,-0.9746704,0.328125,1.1875,0.25
1695651492860,0.103271484,-0.011291504,-0.9714966,0.234375,1.15625,0.234375
1695651492900,0.09741211,-0.0095825195,-0.96759033,0.078125,0.984375,0.21875
1695651492940,0.10180664,-0.0020141602,-0.9673462,0.0625,1.0,0.015625
1695651492980,0.099609375,-0.0020141602,-0.97125244,0.234375,1.1875,0.03125
1695651493020,0.09375,-0.008850098,-0.9727173,0.265625,1.1875,0.140625
1695651493060,0.09033203,-0.0064086914,-0.96417236,0.1875,1.296875,0.125
1695651493100,0.09667969,-0.0051879883,-0.96954346,-0.0625,1.109375,0.125
1695651493140,0.10131836,0.0014038086,-0.97198486,0.078125,1.109375,0.203125
1695651493180,0.09667969,0.00018310547,-0.9729614,0.0625,1.234375,0.140625
1695651493220,0.095703125,0.0014038086,-0.9727173,-0.015625,1.140625,0.078125
1695651493260,0.1003418,-0.0032348633,-0.97125244,0.03125,1.0625,0.265625
1695651493300,0.095703125,-0.008605957,-0.9729614,0.265625,1.140625,0.09375
1695651493340,0.09741211,-0.002746582,-0.97003174,0.234375,0.9375,0.140625
1695651493380,0.09277344,-0.0025024414,-0.9710083,0.046875,0.9375,0.203125
1695651493420,0.09106445,-6.1035156e-05,-0.9692993,-0.171875,0.8125,0.1875
1695651493460,0.100097656,-0.0049438477,-0.9702759,-0.109375,0.984375,0.0625
1695651493500,0.09326172,-0.007385254,-0.96417236,-0.125,0.921875,0.140625
1695651493540,0.092041016,-0.002746582,-0.973938,0.078125,0.953125,0.109375
1695651493580,0.09277344,-0.002746582,-0.96832275,0.078125,1.015625,0.140625
1695651493620,0.09716797,-0.0049438477,-0.9678345,-0.0625,0.921875,0.203125
1695651493660,0.09277344,-0.0032348633,-0.96759033,-0.078125,1.015625,0.078125
1695651493700,0.08935547,-0.0064086914,-0.9763794,-0.171875,0.90625,0.1875
1695651493740,0.09790039,-0.0005493164,-0.96588135,-0.015625,0.953125,0.09375
1695651493780,0.09814453,-0.008117676,-0.97247314,0.0625,0.984375,0.1875
1695651493820,0.09399414,-0.0044555664,-0.972229,-0.1875,0.8125,0.21875
1695651493860,0.092285156,-0.003967285,-0.97125244,0.046875,0.671875,0.09375
1695651493900,0.096191406,-0.00982666,-0.96539307,-0.453125,0.515625,0.109375
1695651493940,0.095703125,-0.0064086914,-0.9685669,-0.078125,0.828125,0.125
1695651493980,0.099609375,-0.007873535,-0.9678345,-0.171875,0.796875,0.03125
1695651494020,0.099365234,-0.0037231445,-0.96954346,-0.140625,0.859375,0.078125
1695651494060,0.095214844,-0.0012817383,-0.9678345,-0.109375,0.984375,0.140625
1695651494100,0.09716797,-0.009338379,-0.97052,0.015625,1.0,0.265625
1695651494140,0.09863281,0.00018310547,-0.97076416,0.03125,1.046875,0.265625
1695651494180,0.099121094,-0.003967285,-0.96710205,0.015625,1.078125,0.15625
1695651494220,0.09472656,-0.011047363,-0.97662354,0.0625,1.046875,0.125
1695651494260,0.09692383,-0.0032348633,-0.9678345,-0.109375,0.921875,0.25
1695651494300,0.099853516,-0.010803223,-0.9714966,0.078125,1.03125,0.1875
1695651494340,0.09643555,-0.0064086914,-0.96343994,0.140625,1.09375,0.21875
1695651494380,0.09716797,-0.010070801,-0.97003174,-0.203125,0.8125,0.203125
1695651494420,0.103759766,-0.005432129,-0.96881104,-0.140625,0.96875,0.125
1695651494460,0.095703125,-0.007873535,-0.9680786,0.0,0.984375,0.140625
1695651494500,0.1003418,-0.0076293945,-0.96954346,-0.234375,0.984375,0.234375
1695651494540,0.095947266,-0.008361816,-0.9717407,-0.078125,0.90625,0.15625
1695651494580,0.09301758,-0.003479004,-0.96710205,-0.1875,0.71875,0.140625
1695651494620,0.09863281,-0.0032348633,-0.9729614,-0.03125,1.0,0.265625
1695651494660,0.099609375,-0.006164551,-0.9702759,-0.140625,1.0,0.09375
1695651494700,0.09863281,-0.006164551,-0.97320557,-0.078125,1.03125,0.265625
1695651494740,0.09350586,-0.0071411133,-0.9702759,0.046875,0.984375,0.078125
1695651494780,0.10058594,-0.008605957,-0.97052,-0.078125,1.0625,0.125
1695651494820,0.09741211,-0.008850098,-0.9663696,-0.09375,0.96875,0.171875
1695651494860,0.10253906,-0.002746582,-0.9692993,-0.203125,0.828125,0.1875
1695651494900,0.092041016,-0.013244629,-0.9692993,-0.125,0.890625,0.078125
1695651494940,0.099609375,-0.003479004,-0.9673462,0.046875,0.96875,0.28125
1695651494980,0.099365234,-0.004211426,-0.9673462,0.09375,1.09375,0.140625
1695651495020,0.09643555,-0.005432129,-0.97320557,0.140625,1.015625,0.03125
1695651495060,0.0925293,-0.012512207,-0.97076416,0.046875,1.09375,0.046875
1695651495100,0.09765625,-0.0095825195,-0.9673462,-0.078125,0.84375,0.328125
1695651495140,0.09301758,-0.008605957,-0.96759033,0.046875,0.96875,0.234375
1695651495180,0.09765625,-0.00982666,-0.96759033,-0.109375,1.078125,0.1875
1695651495220,0.10253906,-0.0044555664,-0.96881104,0.109375,0.921875,0.171875
1695651495260,0.09301758,-0.0025024414,-0.97369385,-0.1875,1.046875,0.015625
1695651495300,0.10424805,-0.012023926,-0.9717407,-0.046875,1.09375,0.28125
1695651495340,0.099609375,-0.0025024414,-0.96539307,0.046875,1.1875,0.0625
1695651495380,0.09790039,-0.0076293945,-0.9678345,0.125,1.03125,0.109375
1695651495420,0.10083008,-0.008117676,-0.97320557,-0.078125,1.03125,0.25
1695651495460,0.09472656,-0.0032348633,-0.97662354,-0.203125,1.046875,0.328125
1695651495500,0.10058594,-0.0068969727,-0.96661377,-0.078125,0.859375,0.25
1695651495540,0.10253906,-0.004699707,-0.9649048,-0.015625,1.03125,0.125
1695651495580,0.09716797,-0.0115356445,-0.97442627,0.078125,1.203125,0.171875
1695651495620,0.099365234,-0.0012817383,-0.96881104,-0.046875,1.15625,0.28125
1695651495660,0.10205078,-0.0076293945,-0.9661255,0.0,1.125,0.109375
1695651495700,0.10180664,-0.0049438477,-0.9690552,-0.140625,0.796875,0.09375
1695651495740,0.10083008,-0.011047363,-0.9751587,-0.265625,0.859375,0.234375
1695651495780,0.099609375,-0.0064086914,-0.9697876,-0.125,1.015625,0.171875
1695651495820,0.095458984,-0.006164551,-0.96954346,0.015625,1.125,0.421875
1695651495860,0.095458984,-0.0076293945,-0.9673462,-0.015625,1.0,0.140625
1695651495900,0.09765625,0.00091552734,-0.96954346,0.0625,1.078125,0.09375
1695651495940,0.103027344,-0.011291504,-0.972229,-0.046875,0.96875,0.03125
1695651495980,0.09838867,-0.0068969727,-0.9685669,-0.078125,0.859375,0.03125
1695651496020,0.09765625,-0.008361816,-0.97198486,-0.09375,0.890625,0.125
1695651496060,0.095703125,-0.007873535,-0.97442627,0.046875,0.921875,0.171875
1695651496100,0.09375,-0.006164551,-0.9678345,0.140625,1.0,0.015625
1695651496140,0.09375,-0.007873535,-0.9656372,0.015625,1.015625,0.203125
1695651496180,0.092041016,-0.00982666,-0.9714966,0.15625,1.09375,0.171875
1695651496220,0.09814453,-0.0049438477,-0.97052,0.0625,0.9375,0.171875
1695651496260,0.09838867,-0.004699707,-0.973938,0.078125,0.96875,0.171875
1695651496300,0.10083008,-0.0076293945,-0.97052,-0.046875,0.984375,0.109375
1695651496340,0.09692383,-0.009094238,-0.9697876,0.078125,1.140625,0.15625
1695651496380,0.09057617,-0.014709473,-0.97442627,0.109375,1.046875,0.125
1695651496420,0.09643555,-0.007873535,-0.9649048,-0.03125,0.90625,0.078125
1695651496460,0.09765625,-0.007873535,-0.96661377,-0.046875,0.9375,0.203125
1695651496500,0.095947266,-0.014709473,-0.96661377,0.0625,0.90625,0.078125
1695651496540,0.095947266,-0.007385254,-0.9631958,0.015625,1.171875,0.171875
1695651496580,0.092285156,-0.012268066,-0.9656372,0.078125,1.234375,0.203125
1695651496620,0.09643555,-0.00982666,-0.9678345,0.21875,1.34375,0.140625
1695651496660,0.0925293,-0.008361816,-0.97247314,0.0,1.203125,0.078125
1695651496700,0.092285156,-0.0044555664,-0.96759033,0.265625,1.1875,0.140625
1695651496740,0.09692383,-0.002746582,-0.9717407,0.03125,1.015625,0.21875
1695651496780,0.09082031,-0.0076293945,-0.9636841,0.0,1.09375,0.078125
1695651496820,0.092041016,-0.008361816,-0.9710083,0.171875,0.90625,0.171875
1695651496860,0.09350586,-0.0056762695,-0.96954346,-0.03125,0.96875,0.1875
1695651496900,0.095458984,-0.011291504,-0.96759033,0.078125,1.09375,0.09375
1695651496940,0.09472656,-0.006164551,-0.9702759,0.078125,1.078125,0.078125
1695651496980,0.10058594,-0.010070801,-0.9702759,0.015625,1.109375,0.25
1695651497020,0.09326172,-0.004699707,-0.9692993,-0.203125,0.859375,0.15625
1695651497060,0.09350586,-0.007385254,-0.9631958,-0.15625,0.84375,0.25
1695651497100,0.099853516,-0.010559082,-0.9702759,0.1875,1.15625,0.234375
1695651497140,0.09692383,-0.011779785,-0.96759033,0.171875,1.328125,0.03125
1695651497180,0.09008789,-0.007873535,-0.9729614,0.328125,1.25,0.09375
1695651497220,0.095703125,-0.0071411133,-0.9763794,0.140625,0.953125,0.109375
1695651497260,0.096191406,-0.0044555664,-0.9714966,0.078125,0.875,0.109375
1695651497300,0.09643555,-0.013000488,-0.96832275,-0.046875,0.96875,0.0625
1695651497340,0.09106445,-0.009338379,-0.9668579,-0.078125,1.046875,0.15625
1695651497380,0.0925293,-0.007873535,-0.9758911,-0.015625,0.921875,0.0625
1695651497420,0.09790039,-0.0037231445,-0.96954346,0.0,0.96875,0.109375
1695651497460,0.09326172,-0.0051879883,-0.97198486,0.125,1.1875,0.265625
1695651497500,0.099121094,-0.0010375977,-0.9673462,0.171875,1.03125,0.171875
1695651497540,0.09375,-0.00592041,-0.9710083,0.09375,1.203125,0.234375
1695651497580,0.091308594,-0.002746582,-0.9714966,0.078125,0.96875,0.140625
1695651497620,0.099365234,-0.003967285,-0.97369385,-0.234375,0.796875,0.09375
1695651497660,0.09667969,-0.006164551,-0.9717407,-0.0625,0.890625,0.234375
1695651497700,0.10083008,-0.0076293945,-0.972229,-0.03125,1.0625,0.0625
1695651497740,0.095947266,-0.0068969727,-0.97003174,0.078125,0.90625,0.109375
1695651497780,0.09375,-0.0012817383,-0.96661377,0.0,0.96875,0.125
1695651497820,0.095458984,-0.0022583008,-0.97125244,-0.171875,1.140625,0.265625
1695651497860,0.08959961,-0.006164551,-0.97052,0.03125,0.96875,0.203125
1695651497900,0.095214844,-0.004699707,-0.96954346,-0.234375,1.015625,0.125
1695651497940,0.091796875,-0.008361816,-0.97003174,0.140625,1.046875,0.140625
1695651497980,0.09692383,-0.005432129,-0.97003174,0.078125,0.90625,0.234375
1695651498020,0.09716797,-0.0076293945,-0.9746704,0.03125,1.03125,0.15625
1695651498060,0.09448242,-0.0068969727,-0.9678345,-0.09375,0.8125,0.234375
1695651498100,0.095214844,-0.008117676,-0.9673462,-0.109375,1.046875,0.109375
1695651498140,0.09448242,-0.003967285,-0.9714966,-0.078125,0.890625,0.125
1695651498180,0.09423828,-0.003967285,-0.9692993,-0.359375,0.6875,0.03125
1695651498220,0.09643555,-0.0071411133,-0.97003174,-0.46875,0.796875,0.015625
1695651498260,0.09765625,-0.008117676,-0.96661377,-0.28125,0.875,0.109375
1695651498300,0.09301758,-0.0064086914,-0.96954346,0.046875,0.90625,0.28125
1695651498340,0.09741211,-0.004699707,-0.9710083,0.25,1.125,0.234375
1695651498380,0.09326172,-0.009094238,-0.97198486,0.140625,1.0,0.28125
1695651498420,0.09399414,-0.0012817383,-0.973938,-0.09375,0.9375,0.25
1695651498460,0.0949707,-0.012756348,-0.96954346,-0.09375,0.90625,0.109375
1695651498500,0.0949707,-0.005432129,-0.9734497,-0.234375,0.875,0.171875
1695651498540,0.09472656,-0.0095825195,-0.96588135,-0.09375,0.953125,0.171875
1695651498580,0.09448242,-0.006164551,-0.9717407,-0.0625,0.984375,0.140625
1695651498620,0.103271484,-0.008850098,-0.96343994,0.046875,0.984375,0.140625
1695651498660,0.0949707,-0.008850098,-0.9714966,-0.125,0.984375,0.15625
1695651498700,0.09887695,-0.0095825195,-0.96954346,-0.078125,0.984375,0.03125
1695651498740,0.099853516,-0.009338379,-0.9727173,0.015625,0.875,0.15625
1695651498780,0.09790039,-0.0037231445,-0.97052,0.0,0.9375,0.21875
1695651498820,0.095703125,-0.004699707,-0.96759033,-0.1875,0.828125,0.09375
1695651498860,0.09448242,-0.011047363,-0.96710205,-0.203125,0.8125,0.140625
1695651498900,0.09472656,-0.007385254,-0.97320557,-0.40625,0.78125,0.125
1695651498940,0.099853516,-0.0076293945,-0.96832275,-0.0625,0.84375,0.109375
1695651498980,0.1003418,-0.010070801,-0.97076416,0.015625,0.78125,-0.03125
1695651499020,0.09375,-0.0044555664,-0.9697876,-0.03125,1.015625,0.125
1695651499060,0.09667969,-0.013000488,-0.96954346,0.03125,1.109375,0.234375
1695651499100,0.09643555,-0.0064086914,-0.97125244,-0.015625,0.78125,0.3125
1695651499140,0.0949707,-0.0071411133,-0.97052,0.0,0.875,0.296875
1695651499180,0.09448242,-0.0071411133,-0.9727173,-0.015625,0.78125,0.21875
1695651499220,0.10058594,-0.009338379,-0.97052,-0.140625,0.890625,0.21875
1695651499260,0.10058594,-0.006652832,-0.9656372,-0.125,0.734375,0.34375
1695651499300,0.10888672,-0.010070801,-0.9690552,0.0,0.90625,0.296875
1695651499340,0.10107422,-0.012512207,-0.9661255,-0.125,0.78125,-0.046875
1695651499380,0.09814453,-0.007873535,-0.9673462,-0.140625,1.03125,0.078125
1695651499420,0.10253906,-0.008850098,-0.97003174,-0.125,0.96875,0.171875
1695651499460,0.100097656,-0.012512207,-0.9668579,0.03125,0.921875,0.046875
1695651499500,0.092285156,-0.004211426,-0.9649048,-0.0625,1.046875,0.21875
1695651499540,0.10107422,-0.013000488,-0.9702759,-0.109375,0.953125,0.3125
1695651499580,0.099853516,-0.010559082,-0.96759033,0.0,0.90625,0.25
1695651499620,0.09643555,-0.008605957,-0.9697876,-0.125,1.0,0.203125
1695651499660,0.09838867,-0.007385254,-0.97198486,-0.03125,0.859375,0.171875
1695651499700,0.09765625,-0.009094238,-0.96832275,-0.09375,0.921875,0.1875
1695651499740,0.09448242,-0.011047363,-0.96710205,-0.140625,0.84375,0.1875
1695651499780,0.095214844,-0.011291504,-0.97320557,-0.109375,0.875,0.28125
1695651499820,0.09790039,-0.007873535,-0.9710083,-0.125,0.78125,0.171875
1695651499860,0.099365234,-0.012756348,-0.97198486,-0.09375,0.90625,0.265625
1695651499900,0.10424805,-0.011779785,-0.96539307,-0.015625,0.890625,0.171875
1695651499940,0.095947266,-0.0095825195,-0.9734497,-0.15625,0.828125,0.03125
1695651499980,0.09863281,-0.011291504,-0.9710083,-0.265625,0.6875,0.15625
1695651500020,0.103027344,-0.010070801,-0.973938,-0.0625,0.8125,0.203125
1695651500060,0.10229492,-0.009338379,-0.97320557,-0.0625,1.015625,0.140625
1695651500100,0.09790039,-0.0064086914,-0.9678345,-0.03125,0.8125,0.046875
1695651500140,0.1003418,-0.016418457,-0.97076416,-0.03125,0.9375,0.28125
1695651500180,0.10595703,-0.010314941,-0.9663696,0.171875,0.9375,0.1875
1695651500220,0.09765625,-0.008361816,-0.9692993,-0.15625,0.828125,0.109375
1695651500260,0.10449219,-0.01373291,-0.9717407,-0.109375,0.96875,0.03125
1695651500300,0.099365234,-0.0064086914,-0.9702759,0.0,0.9375,0.171875
1695651500340,0.10058594,-0.006652832,-0.9727173,-0.125,1.03125,0.203125
1695651500380,0.09790039,-0.010559082,-0.973938,0.03125,1.015625,0.1875
1695651500420,0.10229492,-0.011291504,-0.96539307,0.21875,0.96875,0.140625
1695651500460,0.09741211,-0.012512207,-0.9673462,0.046875,1.015625,0.171875
1695651500500,0.100097656,-0.0032348633,-0.9727173,-0.046875,1.109375,0.125
1695651500540,0.10107422,-0.008850098,-0.9661255,-0.09375,0.84375,0.09375
1695651500580,0.10083008,-0.0095825195,-0.9639282,-0.046875,1.09375,0.140625
1695651500620,0.09814453,-0.011291504,-0.96343994,-0.1875,0.875,0.171875
1695651500660,0.103271484,-0.008361816,-0.97198486,0.140625,1.0,0.09375
1695651500700,0.09887695,-0.0049438477,-0.9661255,0.078125,1.0625,0.25
1695651500740,0.10229492,-0.0095825195,-0.9710083,0.0625,0.984375,0.109375
1695651500780,0.09741211,-0.009094238,-0.96759033,0.046875,0.984375,0.1875
1695651500820,0.10205078,-0.01373291,-0.9727173,-0.046875,1.03125,0.234375
1695651500860,0.096191406,-0.011779785,-0.9661255,-0.03125,1.0625,-0.046875
1695651500900,0.099121094,-0.011047363,-0.96954346,0.15625,1.125,0.0625
1695651500940,0.10131836,-0.008605957,-0.9680786,0.0625,1.109375,0.078125
1695651500980,0.103027344,-0.015686035,-0.9678345,0.078125,0.890625,0.171875
1695651501020,0.106933594,-0.0044555664,-0.9661255,0.1875,1.0625,0.09375
1695651501060,0.09863281,-0.009094238,-0.9710083,-0.046875,1.03125,0.078125
1695651501100,0.09741211,-0.0071411133,-0.9680786,0.0,1.0625,0.09375
1695651501140,0.099121094,-0.009338379,-0.97247314,-0.125,0.984375,0.234375
1695651501180,0.099609375,-0.013244629,-0.9680786,0.046875,1.015625,0.21875
1695651501220,0.09814453,-0.0068969727,-0.96710205,0.125,0.9375,0.265625
1695651501260,0.09692383,-0.009338379,-0.97003174,0.125,1.140625,0.234375
1695651501300,0.10058594,-0.0044555664,-0.9702759,0.28125,1.046875,0.15625
1695651501340,0.09667969,-0.003967285,-0.97369385,0.015625,1.078125,0.15625
1695651501380,0.095703125,-0.010070801,-0.97125244,0.171875,1.015625,0.28125
1695651501420,0.10180664,-0.0064086914,-0.9668579,0.375,1.40625,0.171875
1695651501460,0.09399414,-0.013000488,-0.97052,0.203125,1.3125,0.1875
1695651501500,0.09741211,-0.003479004,-0.9702759,0.421875,1.09375,0.0625
1695651501540,0.099609375,-0.008605957,-0.96710205,0.046875,1.109375,0.15625
1695651501580,0.09692383,-0.0051879883,-0.97369385,0.078125,0.796875,0.234375
1695651501620,0.09838867,-0.008361816,-0.9714966,0.046875,0.90625,0.15625
1695651501660,0.100097656,-0.010314941,-0.96759033,0.078125,1.140625,0.015625
1695651501700,0.09643555,-0.012023926,-0.9692993,0.25,1.03125,0.09375
1695651501740,0.09741211,-0.010070801,-0.97320557,0.328125,1.109375,0.25
1695651501780,0.0925293,-0.006652832,-0.96295166,0.296875,1.203125,0.125
1695651501820,0.0925293,-0.0029907227,-0.9678345,0.0,1.296875,0.125
1695651501860,0.09790039,-0.0029907227,-0.9678345,0.15625,1.078125,0.1875
1695651501900,0.10253906,-0.00592041,-0.9697876,0.015625,0.78125,0.171875
1695651501940,0.10449219,-6.1035156e-05,-0.97320557,-0.03125,1.125,0.15625
1695651501980,0.1003418,-0.00079345703,-0.9692993,0.03125,1.015625,0.1875
1695651502020,0.09399414,-0.0025024414,-0.96759033,-0.03125,0.96875,0.3125
1695651502060,0.09399414,-0.00592041,-0.9685669,0.171875,0.984375,0.3125
1695651502100,0.10083008,-0.006652832,-0.9697876,0.078125,0.90625,0.1875
1695651502140,0.09350586,-0.00079345703,-0.96759033,0.0,1.078125,0.203125
1695651502180,0.09667969,-0.0044555664,-0.9690552,-0.03125,0.984375,0.03125
1695651502220,0.09765625,-0.004699707,-0.97076416,-0.03125,0.90625,0.171875
1695651502260,0.1027832,-0.004211426,-0.9727173,0.109375,0.921875,0.21875
1695651502300,0.09472656,-0.010314941,-0.9710083,0.15625,1.09375,0.09375
1695651502340,0.09326172,-0.0049438477,-0.9690552,0.015625,0.921875,0.21875
1695651502380,0.099609375,-0.0012817383,-0.9710083,-0.0625,0.859375,0.109375
1695651502420,0.0949707,-0.003479004,-0.97052,-0.046875,0.96875,0.0625
1695651502460,0.09838867,-0.003479004,-0.9763794,0.234375,1.125,0.203125
1695651502500,0.096191406,0.0021362305,-0.97003174,0.109375,1.078125,0.171875
1695651502540,0.10058594,-0.0056762695,-0.96881104,0.140625,0.984375,0.21875
1695651502580,0.09448242,-0.00079345703,-0.9702759,-0.3125,0.9375,0.21875
1695651502620,0.1015625,-0.003479004,-0.96539307,-0.28125,0.875,0.21875
1695651502660,0.09692383,-0.00592041,-0.97125244,-0.4375,0.78125,0.25
1695651502700,0.09667969,-0.005432129,-0.9717407,-0.4375,0.703125,0.171875
1695651502740,0.1003418,-0.010803223,-0.9663696,-0.328125,0.84375,0.171875
1695651502780,0.099121094,-0.006164551,-0.9685669,-0.140625,0.9375,0.078125
1695651502820,0.10058594,-0.011047363,-0.96661377,-0.21875,1.0,0.1875
1695651502860,0.096191406,-0.0049438477,-0.972229,-0.203125,0.96875,0.0625
1695651502900,0.09814453,-0.00982666,-0.9678345,-0.03125,0.953125,0.125
1695651502940,0.096191406,-0.0029907227,-0.9649048,-0.078125,0.78125,0.078125
1695651502980,0.10107422,-0.003479004,-0.9714966,0.203125,0.796875,0.234375
1695651503020,0.095703125,-0.0051879883,-0.96954346,0.140625,0.84375,0.015625
1695651503060,0.09667969,-0.0032348633,-0.97076416,-0.03125,1.046875,0.09375
1695651503100,0.09863281,-0.0044555664,-0.96881104,0.09375,0.953125,0.328125
1695651503140,0.09741211,-0.010803223,-0.9729614,0.078125,0.8125,0.15625
1695651503180,0.096191406,-0.011779785,-0.9668579,-0.046875,0.921875,0.21875
1695651503220,0.09692383,-0.009338379,-0.97320557,0.125,0.9375,0.15625
1695651503260,0.099853516,-0.011779785,-0.9690552,0.015625,1.1875,0.28125
1695651503300,0.099121094,-0.0029907227,-0.9685669,-0.015625,1.109375,0.15625
1695651503340,0.09838867,-0.0056762695,-0.9717407,-0.078125,0.765625,0.09375
1695651503380,0.10498047,-0.003479004,-0.96954346,-0.078125,1.015625,0.21875
1695651503420,0.10449219,-0.008605957,-0.96881104,-0.0625,0.984375,0.25
1695651503460,0.1081543,-0.00982666,-0.9727173,-0.046875,0.984375,0.1875
1695651503500,0.09667969,-0.003479004,-0.9702759,0.046875,1.015625,0.03125
1695651503540,0.099853516,-0.008605957,-0.973938,0.0625,0.84375,0.234375
1695651503580,0.096191406,-0.004211426,-0.96710205,-0.078125,0.875,0.1875
1695651503620,0.095214844,-0.0051879883,-0.9639282,0.0,1.078125,0.125
1695651503660,0.091552734,-0.012756348,-0.96343994,-0.03125,1.03125,0.25
1695651503700,0.103027344,-0.004699707,-0.9690552,-0.078125,1.015625,0.0625
1695651503740,0.1027832,-0.006164551,-0.9678345,-0.109375,0.96875,0.078125
1695651503780,0.09716797,-0.010803223,-0.9727173,-0.28125,0.984375,0.171875
1695651503820,0.10083008,-0.007873535,-0.96588135,-0.046875,0.921875,0.09375
1695651503860,0.09887695,-0.0056762695,-0.96832275,-0.21875,1.140625,0.1875
1695651503900,0.10083008,-0.00030517578,-0.97198486,-0.1875,0.953125,0.265625
1695651503940,0.09667969,-0.0032348633,-0.97198486,0.0,0.984375,0.125
1695651503980,0.09667969,-0.009338379,-0.9673462,-0.0625,0.890625,0.015625
1695651504020,0.103515625,-0.010803223,-0.9649048,-0.015625,0.8125,0.171875
1695651504060,0.09814453,-0.006652832,-0.9717407,-0.03125,0.9375,0.234375
1695651504100,0.09667969,-0.0068969727,-0.9746704,-0.21875,1.0625,0.21875
1695651504140,0.09838867,-0.012756348,-0.9717407,-0.171875,0.984375,0.046875
1695651504180,0.09643555,-0.004211426,-0.97442627,-0.09375,1.046875,0.171875
1695651504220,0.099365234,-0.0071411133,-0.97125244,-0.0625,1.171875,0.234375
1695651504260,0.09838867,-0.0017700195,-0.96759033,-0.046875,1.03125,0.21875
1695651504300,0.10058594,-0.008117676,-0.9685669,-0.09375,0.875,0.15625
1695651504340,0.10058594,-0.0064086914,-0.9692993,0.015625,0.796875,0.125
1695651504380,0.09790039,-0.002746582,-0.9714966,-0.125,0.96875,0.171875
1695651504420,0.1027832,-0.010070801,-0.97369385,-0.078125,1.046875,0.1875
1695651504460,0.100097656,-0.0115356445,-0.97540283,0.046875,1.0625,0.09375
1695651504500,0.09863281,-0.004211426,-0.96661377,0.03125,1.140625,0.25
1695651504540,0.09423828,-0.012268066,-0.9714966,-0.09375,1.078125,0.171875
1695651504580,0.10205078,-0.010070801,-0.96759033,-0.046875,1.078125,0.0625
1695651504620,0.095947266,-0.015930176,-0.96881104,-0.015625,1.046875,0.1875
1695651504660,0.103515625,-0.0025024414,-0.9651489,-0.125,0.953125,0.109375
1695651504700,0.10131836,-0.010803223,-0.9702759,0.078125,1.09375,-0.09375
1695651504740,0.099609375,-0.010559082,-0.96881104,0.03125,1.046875,0.265625
1695651504780,0.1015625,-0.00592041,-0.9668579,-0.0625,1.03125,0.078125
1695651504820,0.095458984,-0.0095825195,-0.97247314,-0.109375,0.921875,0.1875
1695651504860,0.10180664,-0.010559082,-0.97613525,0.0625,0.921875,0.234375
1695651504900,0.1027832,-0.011291504,-0.9690552,0.015625,1.015625,0.09375
1695651504940,0.09692383,-0.015197754,-0.96881104,0.109375,1.125,0.140625
1695651504980,0.09887695,-0.010559082,-0.97320557,0.015625,1.078125,0.171875
1695651505020,0.09863281,-0.007873535,-0.96710205,0.015625,0.921875,0.25
1695651505060,0.1027832,-0.00592041,-0.9692993,0.0625,1.0625,0.203125
1695651505100,0.103515625,-0.007873535,-0.96539307,0.015625,1.03125,0.15625
1695651505140,0.10522461,-0.0076293945,-0.97076416,0.046875,1.09375,0.078125
1695651505180,0.09814453,-0.013977051,-0.97076416,0.140625,1.0,0.046875
1695651505220,0.09814453,-0.0010375977,-0.9685669,0.015625,1.109375,0.203125
1695651505260,0.10058594,-0.0049438477,-0.9734497,-0.09375,1.03125,0.125
1695651505300,0.09814453,-0.0071411133,-0.9780884,0.0,1.078125,0.234375
1695651505340,0.09375,-0.012268066,-0.96954346,-0.046875,1.046875,0.078125
1695651505380,0.09790039,-0.0032348633,-0.96954346,0.203125,1.09375,0.078125
1695651505420,0.09765625,-0.011047363,-0.9710083,0.140625,1.171875,0.15625
1695651505460,0.09277344,-0.0015258789,-0.97052,0.046875,1.0,0.125
1695651505500,0.09716797,-0.0020141602,-0.9685669,-0.046875,1.140625,0.25
1695651505540,0.100097656,-0.009094238,-0.9678345,0.140625,1.109375,0.03125
1695651505580,0.09667969,-0.0029907227,-0.9656372,0.078125,1.015625,0.1875
1695651505620,0.099365234,-0.00982666,-0.9678345,-0.015625,1.234375,0.109375
1695651505660,0.095214844,-0.00592041,-0.9624634,-0.078125,1.078125,0.25
1695651505700,0.09423828,-0.0056762695,-0.96881104,-0.015625,0.90625,-0.015625
1695651505740,0.10131836,-0.006652832,-0.96710205,-0.046875,0.984375,0.203125
1695651505780,0.103027344,-0.0020141602,-0.9692993,-0.015625,0.921875,0.0625
1695651505820,0.09814453,-0.0056762695,-0.9741821,-0.015625,1.015625,0.28125
1695651505860,0.09667969,-0.004211426,-0.96710205,0.203125,1.0625,0.1875
1695651505900,0.095947266,0.0004272461,-0.97247314,-0.21875,1.109375,0.171875
1695651505940,0.09350586,-0.003967285,-0.9746704,-0.03125,0.96875,0.046875
1695651505980,0.09716797,-0.003967285,-0.96661377,0.046875,1.03125,0.046875
1695651506020,0.095947266,0.0028686523,-0.9661255,0.0625,1.078125,0.15625
1695651506060,0.103515625,-0.011047363,-0.9710083,-0.046875,1.078125,0.140625
1695651506100,0.103027344,-0.004699707,-0.9729614,-0.0625,0.90625,0.28125
1695651506140,0.09277344,-0.006164551,-0.97076416,-0.078125,1.0625,0.203125
1695651506180,0.09790039,-0.007873535,-0.96954346,-0.140625,0.875,0.03125
1695651506220,0.09423828,-0.0071411133,-0.9685669,0.0,0.90625,0.15625
1695651506260,0.09326172,-0.003479004,-0.96954346,0.21875,1.015625,0.03125
1695651506300,0.09814453,-0.007385254,-0.97198486,0.140625,0.96875,0.234375
1695651506340,0.09399414,-0.0068969727,-0.96954346,0.0625,1.125,0.09375
1695651506380,0.10229492,-0.010559082,-0.9717407,-0.09375,0.953125,0.125
1695651506420,0.099609375,-0.0064086914,-0.97003174,-0.03125,1.015625,0.234375
1695651506460,0.10180664,-0.009338379,-0.9685669,0.0,0.96875,0.203125
1695651506500,0.10131836,-0.0076293945,-0.97125244,-0.09375,0.96875,0.359375
1695651506540,0.09765625,-0.009338379,-0.9727173,-0.1875,1.03125,0.09375
1695651506580,0.095703125,-0.0071411133,-0.96343994,0.0,0.984375,0.1875
1695651506620,0.09326172,-0.010559082,-0.9692993,-0.015625,1.015625,0.25
1695651506660,0.09814453,-0.003967285,-0.96417236,0.046875,1.015625,0.171875
1695651506700,0.09741211,-0.011047363,-0.9729614,-0.140625,0.96875,0.15625
1695651506740,0.09326172,-0.0044555664,-0.96832275,-0.171875,0.796875,0.03125
1695651506780,0.09667969,-0.0032348633,-0.96661377,-0.171875,0.890625,0.203125
1695651506820,0.09692383,-0.012268066,-0.9710083,-0.0625,1.015625,0.125
1695651506860,0.099121094,-0.003967285,-0.97247314,-0.03125,1.078125,0.234375
1695651506900,0.100097656,-0.007873535,-0.9663696,-0.03125,0.890625,0.203125
1695651506940,0.0925293,-0.008361816,-0.97320557,0.140625,1.046875,0.265625
1695651506980,0.1015625,-0.0056762695,-0.97369385,-0.015625,0.953125,0.203125
1695651507020,0.099609375,-0.0044555664,-0.96343994,0.0,0.90625,0.15625
1695651507060,0.092041016,-0.007385254,-0.96881104,-0.0625,0.8125,0.265625
1695651507100,0.096191406,-0.0134887695,-0.9714966,-0.078125,0.8125,0.21875
1695651507140,0.10253906,-0.005432129,-0.9727173,-0.0625,0.828125,0.21875
1695651507180,0.09863281,-0.004699707,-0.973938,-0.125,0.859375,0.09375
1695651507220,0.09692383,-0.007385254,-0.9714966,-0.171875,0.828125,0.171875
1695651507260,0.0949707,-0.012268066,-0.9680786,-0.03125,0.96875,0.109375
1695651507300,0.09741211,-0.0056762695,-0.96881104,0.09375,0.9375,0.078125
1695651507340,0.09716797,-0.0076293945,-0.97198486,-0.078125,1.078125,0.1875
1695651507380,0.09716797,-0.003479004,-0.97662354,-0.046875,1.046875,0.21875
1695651507420,0.09765625,-0.010070801,-0.9734497,-0.15625,0.890625,0.109375
1695651507460,0.10107422,-0.007385254,-0.9678345,-0.078125,1.109375,0.203125
1695651507500,0.09692383,-0.0037231445,-0.96588135,-0.15625,0.859375,0.28125
1695651507540,0.09667969,-0.008117676,-0.97198486,-0.15625,1.03125,0.203125
1695651507580,0.1003418,-0.0095825195,-0.96588135,-0.078125,0.9375,0.21875
1695651507620,0.103759766,-0.00592041,-0.9710083,-0.140625,0.984375,0.0625
1695651507660,0.0949707,-0.0095825195,-0.97198486,-0.140625,0.828125,-0.015625
1695651507700,0.095947266,-0.0049438477,-0.96759033,-0.390625,0.828125,0.140625
1695651507740,0.096191406,-0.008850098,-0.9627075,-0.140625,0.875,0.21875
1695651507780,0.09863281,-0.008117676,-0.9727173,-0.21875,0.875,0.125
1695651507820,0.10205078,-0.012023926,-0.9690552,-0.0625,1.0625,0.265625
1695651507860,0.10205078,-0.0068969727,-0.97076416,0.0625,1.046875,0.203125
1695651507900,0.103515625,-0.00592041,-0.97076416,0.078125,1.109375,0.109375
1695651507940,0.09667969,-0.007873535,-0.9697876,-0.171875,0.921875,0.125
1695651507980,0.099853516,-0.01373291,-0.97003174,-0.09375,0.953125,0.140625
1695651508020,0.10449219,-0.009338379,-0.97125244,-0.15625,0.96875,0.09375
1695651508060,0.09643555,-0.011779785,-0.9685669,-0.203125,0.90625,0.078125
1695651508100,0.09643555,-0.013000488,-0.9702759,-0.046875,0.828125,0.109375
1695651508140,0.099121094,-0.013244629,-0.97076416,-0.1875,0.984375,0.328125
1695651508180,0.09692383,-0.011291504,-0.9661255,-0.078125,1.0625,0.140625
1695651508220,0.09790039,-0.00592041,-0.97247314,-0.109375,1.09375,0.140625
1695651508260,0.09423828,-0.009338379,-0.96954346,-0.09375,0.9375,0.0625
1695651508300,0.095458984,-0.0095825195,-0.96588135,-0.15625,0.9375,0.125
1695651508340,0.09790039,-0.011291504,-0.97076416,-0.078125,0.953125,0.109375
1695651508380,0.099365234,-0.0051879883,-0.9663696,-0.171875,1.0,0.265625
1695651508420,0.09667969,-0.016174316,-0.96661377,-0.0625,1.203125,0.046875
1695651508460,0.1015625,-0.009338379,-0.96759033,0.0,1.0625,0.140625
1695651508500,0.09887695,-0.009094238,-0.9702759,0.125,1.09375,0.203125
1695651508540,0.1015625,-0.006652832,-0.9729614,0.078125,1.09375,0.171875
1695651508580,0.10058594,-0.00982666,-0.9680786,-0.03125,1.0625,0.046875
1695651508620,0.099853516,-0.007385254,-0.9661255,0.09375,0.890625,0.125
1695651508660,0.09643555,-0.008850098,-0.9690552,-0.078125,0.921875,0.1875
1695651508700,0.095703125,-0.007873535,-0.9692993,0.078125,1.109375,0.109375
1695651508740,0.099853516,-0.006164551,-0.9685669,-0.046875,1.140625,0.109375
1695651508780,0.099853516,-0.011291504,-0.97491455,0.109375,1.015625,0.171875
1695651508820,0.099609375,-0.012268066,-0.9690552,0.046875,0.953125,0.046875
1695651508860,0.099121094,-0.010803223,-0.9727173,0.0625,0.96875,0.234375
1695651508900,0.09887695,-0.0068969727,-0.97125244,-0.0625,1.140625,0.078125
1695651508940,0.095214844,-0.00592041,-0.9673462,0.28125,1.125,0.15625
1695651508980,0.0949707,-0.014221191,-0.9678345,0.171875,1.09375,0.03125
1695651509020,0.09423828,-0.006652832,-0.97320557,0.125,1.109375,0.265625
1695651509060,0.095214844,-0.008361816,-0.96710205,-0.015625,0.875,0.109375
1695651509100,0.095947266,-0.0076293945,-0.96710205,0.078125,1.015625,0.1875
1695651509140,0.095458984,-0.00982666,-0.9717407,0.109375,1.125,0.109375
1695651509180,0.095703125,-0.012268066,-0.9714966,0.265625,1.140625,0.109375
1695651509220,0.09667969,-0.012268066,-0.97076416,0.21875,1.03125,0.0625
1695651509260,0.09448242,-0.012023926,-0.97052,0.046875,0.875,0.21875
1695651509300,0.10058594,-0.00982666,-0.9680786,-0.140625,1.015625,0.203125
1695651509340,0.09448242,-0.014465332,-0.9680786,-0.140625,0.984375,0.171875
1695651509380,0.09716797,-0.00982666,-0.9717407,0.015625,1.109375,0.1875
1695651509420,0.09716797,-0.010559082,-0.96661377,0.0625,1.125,0.171875
1695651509460,0.09741211,-0.0154418945,-0.9741821,0.046875,1.09375,0.140625
1695651509500,0.09399414,-0.005432129,-0.9663696,0.015625,1.15625,0.21875
1695651509540,0.09863281,-0.009094238,-0.9661255,0.0,0.984375,0.203125
1695651509580,0.10131836,-0.0095825195,-0.9668579,0.109375,1.078125,0.1875
1695651509620,0.095947266,-0.0095825195,-0.9668579,-0.125,0.984375,0.0625
1695651509660,0.09667969,-0.0025024414,-0.97125244,-0.109375,0.9375,0.3125
1695651509700,0.09667969,-0.014465332,-0.9692993,-0.140625,0.9375,0.09375
1695651509740,0.099365234,-0.008605957,-0.97540283,0.09375,1.109375,0.171875
1695651509780,0.096191406,-0.008117676,-0.9680786,0.125,0.859375,0.109375
1695651509820,0.099609375,-0.0064086914,-0.97320557,0.046875,0.9375,0.21875
1695651509860,0.09057617,-0.0068969727,-0.96466064,0.0625,0.984375,0.21875
1695651509900,0.10058594,-0.004699707,-0.9636841,-0.03125,0.9375,0.203125
1695651509940,0.099365234,-0.008605957,-0.9771118,0.125,1.078125,0.0625
1695651509980,0.10058594,-0.0037231445,-0.9649048,0.078125,0.984375,0.125
1695651510020,0.09472656,-0.003479004,-0.9771118,-0.125,1.0625,-0.03125
1695651510060,0.09350586,-0.011047363,-0.96588135,-0.0625,0.9375,0.203125
1695651510100,0.09790039,-0.0020141602,-0.9685669,-0.078125,0.859375,0.171875
1695651510140,0.10205078,-0.010070801,-0.9714966,0.03125,1.046875,0.265625
1695651510180,0.096191406,-0.002746582,-0.97247314,0.0,1.046875,0.046875
1695651510220,0.09741211,-0.003967285,-0.9727173,0.0,1.03125,0.078125
1695651510260,0.10107422,-0.010070801,-0.97076416,0.09375,0.90625,0.25
1695651510300,0.0949707,-0.008361816,-0.9649048,0.140625,0.9375,0.234375
1695651510340,0.091552734,-0.010559082,-0.9673462,0.03125,0.90625,0.09375
1695651510380,0.09399414,-0.002746582,-0.97003174,0.0625,0.9375,0.21875
1695651510420,0.0949707,-0.007873535,-0.96832275,-0.03125,0.9375,0.171875
1695651510460,0.09838867,-0.0037231445,-0.96954346,-0.09375,0.75,0.171875
1695651510500,0.09863281,-0.008605957,-0.97003174,-0.0625,0.796875,0.109375
1695651510540,0.09301758,-0.008605957,-0.9685669,0.046875,1.0,0.203125
1695651510580,0.0949707,-0.006164551,-0.9692993,0.0,0.984375,0.1875
1695651510620,0.09643555,-0.010314941,-0.96661377,-0.078125,0.9375,0.09375
1695651510660,0.09448242,-0.010559082,-0.96832275,-0.234375,0.96875,0.015625
1695651510700,0.095458984,-0.008117676,-0.9692993,-0.015625,1.046875,0.125
1695651510740,0.09643555,-0.010070801,-0.9690552,0.015625,1.0,0.203125
1695651510780,0.091552734,-0.008117676,-0.96759033,-0.03125,0.84375,0.234375
1695651510820,0.095458984,-0.0064086914,-0.975647,-0.15625,0.953125,0.09375
1695651510860,0.09033203,-0.0064086914,-0.97052,-0.09375,0.984375,0.203125
1695651510900,0.09741211,-0.006164551,-0.96539307,-0.0625,0.96875,0.328125
1695651510940,0.091308594,-0.013244629,-0.96295166,0.15625,1.03125,0.140625
1695651510980,0.10180664,-0.00592041,-0.96954346,0.046875,0.9375,-0.015625
1695651511020,0.09350586,-0.008605957,-0.9702759,0.0,0.828125,0.203125
1695651511060,0.1003418,-0.0095825195,-0.9678345,0.0625,0.84375,0.046875
1695651511100,0.10205078,-0.010803223,-0.9685669,-0.09375,0.859375,0.296875
1695651511140,0.099609375,-0.013000488,-0.9668579,-0.109375,1.0,-0.03125
1695651511180,0.09838867,-0.0051879883,-0.96881104,-0.015625,1.0625,0.078125
1695651511220,0.099121094,-0.0056762695,-0.9678345,0.015625,0.953125,0.28125
1695651511260,0.10205078,-0.0051879883,-0.96759033,-0.015625,1.046875,0.203125
1695651511300,0.099609375,-0.008850098,-0.9685669,-0.03125,0.890625,0.109375
1695651511340,0.09741211,-0.01373291,-0.97052,-0.171875,0.734375,0.109375
1695651511380,0.099121094,-0.007385254,-0.97662354,-0.015625,0.96875,0.109375
1695651511420,0.09790039,-0.00982666,-0.9697876,0.0625,0.984375,0.140625
1695651511460,0.103271484,-0.008117676,-0.97003174,-0.046875,0.75,0.140625
1695651511500,0.10107422,-0.01373291,-0.97076416,-0.03125,0.875,0.140625
1695651511540,0.09643555,-0.00592041,-0.9763794,-0.140625,0.9375,0.171875
1695651511580,0.09716797,-0.016418457,-0.96710205,-0.0625,0.984375,-0.03125
1695651511620,0.09716797,-0.0051879883,-0.96710205,-0.03125,0.90625,0.203125
1695651511660,0.096191406,-0.013977051,-0.9673462,-0.0625,0.921875,0.15625
1695651511700,0.10131836,-0.01373291,-0.97052,-0.046875,0.84375,0.171875
1695651511740,0.10131836,-0.0068969727,-0.9717407,0.0,1.03125,0.21875
1695651511780,0.09765625,-0.012023926,-0.9678345,-0.0625,1.0,0.234375
1695651511820,0.10205078,-0.007385254,-0.9697876,0.03125,0.90625,0.09375
1695651511860,0.09375,-0.003479004,-0.973938,0.015625,1.03125,0.09375
1695651511900,0.1003418,-0.0095825195,-0.9710083,-0.09375,0.921875,0.140625
1695651511940,0.09692383,-0.010070801,-0.9714966,0.015625,0.90625,0.21875
1695651511980,0.10205078,-0.0095825195,-0.9697876,-0.046875,0.703125,0.1875
1695651512020,0.100097656,-0.008117676,-0.96832275,0.0,0.921875,0.140625
1695651512060,0.091796875,-0.008850098,-0.9717407,0.0,0.90625,0.125
1695651512100,0.099121094,-0.008117676,-0.96661377,0.0625,1.015625,0.078125
1695651512140,0.099121094,-0.012756348,-0.9663696,0.046875,0.796875,0.1875
1695651512180,0.09716797,-0.012023926,-0.96881104,-0.171875,0.9375,0.21875
1695651512220,0.107177734,-0.010070801,-0.97052,-0.125,0.96875,0.171875
1695651512260,0.09399414,-0.010559082,-0.97320557,-0.140625,0.96875,0.015625
1695651512300,0.10107422,-0.012268066,-0.9656372,0.078125,0.984375,0.140625
1695651512340,0.1015625,-0.0076293945,-0.9751587,0.0625,0.84375,0.234375
1695651512380,0.099365234,-0.011047363,-0.9680786,-0.078125,0.859375,0.203125
1695651512420,0.10083008,-0.011047363,-0.97076416,-0.046875,0.828125,0.265625
1695651512460,0.10205078,-0.012268066,-0.96954346,-0.140625,0.796875,0.25
1695651512500,0.09716797,-0.013977051,-0.9680786,0.125,1.15625,0.140625
1695651512540,0.09838867,-0.013000488,-0.9702759,-0.078125,0.890625,0.203125
1695651512580,0.1003418,-0.00982666,-0.9729614,-0.0625,0.96875,0.09375
1695651512620,0.09350586,-0.013244629,-0.96954346,0.15625,1.046875,0.109375
1695651512660,0.100097656,-0.0068969727,-0.97076416,0.046875,0.921875,0.09375
1695651512700,0.099365234,-0.009094238,-0.96954346,-0.109375,1.015625,0.078125
1695651512740,0.10620117,-0.0076293945,-0.97125244,0.21875,0.90625,0.21875
1695651512780,0.103271484,-0.012756348,-0.96588135,0.03125,0.953125,0.125
1695651512820,0.099121094,-0.0154418945,-0.9714966,-0.03125,0.828125,0.21875
1695651512860,0.095458984,-0.00592041,-0.97052,-0.046875,0.9375,0.078125
1695651512900,0.100097656,-0.010314941,-0.9717407,-0.03125,0.984375,0.078125
1695651512940,0.09814453,-0.010559082,-0.972229,0.203125,1.046875,0.078125
1695651512980,0.095214844,-0.0064086914,-0.9673462,0.078125,1.125,0.140625
1695651513020,0.100097656,-0.0056762695,-0.9619751,-0.015625,1.046875,0.078125
1695651513060,0.091796875,-0.0049438477,-0.96759033,-0.03125,0.953125,0.125
1695651513100,0.10107422,-0.006652832,-0.9692993,0.03125,1.125,0.125
1695651513140,0.0949707,-0.0049438477,-0.96539307,0.0625,1.140625,0.234375
1695651513180,0.096191406,-0.010314941,-0.9702759,0.125,1.078125,0.15625
1695651513220,0.099853516,-0.013000488,-0.972229,0.265625,1.046875,0.21875
1695651513260,0.099609375,-0.0022583008,-0.9741821,0.1875,1.078125,0.28125
1695651513300,0.09375,-0.006652832,-0.9680786,0.078125,1.015625,0.203125
1695651513340,0.0949707,-0.009094238,-0.9741821,0.0,0.90625,0.140625
1695651513380,0.09643555,-0.006164551,-0.9651489,0.078125,1.0,-0.0625
1695651513420,0.10253906,-0.0044555664,-0.9717407,0.09375,1.15625,0.09375
1695651513460,0.09814453,-0.009094238,-0.975647,0.140625,1.0625,0.0625
1695651513500,0.10229492,-0.007873535,-0.96881104,0.15625,1.1875,0.234375
1695651513540,0.09326172,-0.0025024414,-0.97052,0.171875,0.875,0.125
1695651513580,0.09472656,-0.012023926,-0.9651489,0.078125,0.953125,0.03125
1695651513620,0.0949707,-0.00982666,-0.9661255,0.0625,0.90625,0.140625
1695651513660,0.096191406,-0.0064086914,-0.9690552,0.140625,1.140625,0.078125
1695651513700,0.096191406,-0.007873535,-0.9690552,0.015625,0.96875,0.15625
1695651513740,0.095214844,-0.010803223,-0.9661255,0.0625,0.984375,0.03125
1695651513780,0.099853516,-0.009338379,-0.97052,0.171875,0.921875,0.0625
1695651513820,0.09716797,-0.012756348,-0.9763794,0.15625,1.234375,-0.015625
1695651513860,0.09350586,-0.007385254,-0.96588135,0.203125,1.015625,0.15625
1695651513900,0.09667969,-0.0064086914,-0.9697876,0.0625,1.03125,0.140625
1695651513940,0.095947266,-0.0049438477,-0.9714966,0.109375,1.15625,0.1875
1695651513980,0.095458984,-0.0095825195,-0.97198486,0.1875,1.1875,0.125
1695651514020,0.09423828,-0.0071411133,-0.973938,0.109375,1.25,0.203125
1695651514060,0.09448242,-0.008361816,-0.973938,0.046875,1.078125,0.078125
1695651514100,0.10107422,-0.003967285,-0.9685669,0.125,1.203125,0.25
1695651514140,0.10424805,-0.007873535,-0.97052,0.046875,0.84375,0.09375
1695651514180,0.0949707,-0.008605957,-0.9710083,0.078125,1.125,0.125
1695651514220,0.09667969,-0.010070801,-0.9644165,0.125,1.015625,0.1875
1695651514260,0.099365234,-0.0025024414,-0.9661255,0.015625,1.03125,0.1875
1695651514300,0.09667969,-0.0071411133,-0.9673462,0.09375,0.921875,0.234375
1695651514340,0.09423828,-0.002746582,-0.97076416,0.109375,0.953125,0.09375
1695651514380,0.09667969,-0.002746582,-0.9636841,-0.109375,0.984375,0.078125
1695651514420,0.091552734,-0.00592041,-0.9734497,0.15625,0.984375,0.140625
1695651514460,0.095947266,-0.0056762695,-0.97052,-0.03125,0.875,0.109375
1695651514500,0.096191406,-0.0051879883,-0.9697876,-0.09375,0.890625,0.046875
1695651514540,0.096191406,-0.007385254,-0.97369385,-0.03125,0.875,0.125
1695651514580,0.09741211,-0.008605957,-0.9692993,-0.125,0.984375,0.21875
1695651514620,0.10107422,-0.002746582,-0.96832275,-0.25,1.09375,0.09375
1695651514660,0.10205078,-0.011047363,-0.9710083,-0.125,1.015625,0.140625
1695651514700,0.0949707,-0.00592041,-0.96710205,-0.1875,0.984375,0.171875
1695651514740,0.096191406,-0.0044555664,-0.9710083,0.046875,1.0625,0.046875
1695651514780,0.09716797,0.003112793,-0.96881104,0.125,0.984375,0.046875
1695651514820,0.09741211,-0.007385254,-0.96954346,-0.03125,0.875,0.1875
1695651514860,0.10131836,-0.006652832,-0.9668579,-0.0625,0.96875,0.234375
1695651514900,0.09790039,-0.0037231445,-0.9685669,-0.125,1.0625,0.140625
1695651514940,0.09375,-0.00982666,-0.973938,-0.078125,0.9375,0.25
1695651514980,0.09765625,-0.007873535,-0.9680786,-0.078125,1.0,0.28125
1695651515020,0.09472656,-0.011047363,-0.97198486,-0.015625,1.0,0.046875
1695651515060,0.09887695,-0.005432129,-0.9663696,-0.125,0.953125,-0.015625
1695651515100,0.09716797,-0.00592041,-0.96832275,0.03125,1.03125,0.1875
1695651515140,0.09790039,-0.0037231445,-0.9727173,-0.046875,0.828125,0.140625
1695651515180,0.099609375,-0.0056762695,-0.97369385,-0.078125,0.9375,0.171875
1695651515220,0.09301758,-0.0068969727,-0.9673462,-0.171875,0.875,0.15625
1695651515260,0.099365234,-0.0037231445,-0.97198486,-0.171875,0.984375,0.1875
1695651515300,0.095458984,-0.0044555664,-0.97247314,-0.03125,1.0625,0.125
1695651515340,0.099121094,-0.007873535,-0.97125244,0.03125,1.03125,0.125
1695651515380,0.09814453,-0.0044555664,-0.9702759,-0.171875,1.015625,0.09375
1695651515420,0.09643555,-0.0076293945,-0.9678345,-0.0625,1.0,-0.015625
1695651515460,0.095214844,-0.004699707,-0.9741821,-0.234375,0.921875,0.15625
1695651515500,0.09667969,-0.0056762695,-0.973938,0.0,1.0,0.265625
1695651515540,0.09716797,-0.007385254,-0.9692993,-0.03125,1.09375,0.15625
1695651515580,0.10253906,-0.011047363,-0.97052,0.0,0.859375,0.21875
1695651515620,0.09301758,-0.012268066,-0.9663696,-0.0625,0.921875,0.078125
1695651515660,0.09326172,-0.0064086914,-0.9727173,-0.140625,0.890625,0.078125
1695651515700,0.09667969,-0.00982666,-0.9668579,-0.015625,0.84375,0.171875
1695651515740,0.099121094,-0.006652832,-0.9690552,-0.0625,0.921875,0.203125
1695651515780,0.10131836,-0.012023926,-0.96759033,-0.046875,0.90625,0.21875
1695651515820,0.09667969,-0.011779785,-0.9685669,-0.03125,0.890625,0.140625
1695651515860,0.09399414,-0.0071411133,-0.9678345,0.0,1.078125,0.171875
1695651515900,0.08984375,-0.0051879883,-0.972229,-0.015625,0.921875,0.140625
1695651515940,0.096191406,-0.0051879883,-0.9734497,0.09375,0.90625,0.25
1695651515980,0.099365234,-0.009094238,-0.97198486,-0.046875,0.875,0.296875
1695651516020,0.095947266,-0.0037231445,-0.9673462,-0.09375,0.765625,0.171875
1695651516060,0.09838867,-0.011047363,-0.9685669,-0.109375,0.765625,0.109375
1695651516100,0.09790039,-0.01373291,-0.97052,-0.09375,1.046875,0.234375
1695651516140,0.095947266,-0.0134887695,-0.9678345,0.09375,0.921875,0.15625
1695651516180,0.09301758,-0.010070801,-0.96710205,-0.078125,1.046875,0.265625
1695651516220,0.09887695,-0.010070801,-0.96539307,-0.109375,0.859375,0.140625
1695651516260,0.095214844,-0.011779785,-0.973938,-0.0625,0.890625,0.265625
1695651516300,0.091308594,-0.005432129,-0.9680786,-0.0625,0.96875,0.203125
1695651516340,0.09765625,-0.0064086914,-0.9690552,-0.015625,1.015625,0.25
1695651516380,0.099121094,-0.0029907227,-0.9727173,0.046875,0.921875,0.21875
1695651516420,0.09765625,0.001159668,-0.96295166,-0.03125,0.921875,0.109375
1695651516460,0.092041016,-0.011291504,-0.97442627,-0.015625,1.0,0.234375
1695651516500,0.09790039,-0.0017700195,-0.9627075,-0.171875,0.96875,0.09375
1695651516540,0.099121094,-0.010314941,-0.9685669,-0.03125,0.96875,0.125
1695651516580,0.10083008,-0.010559082,-0.9685669,-0.046875,1.03125,0.109375
1695651516620,0.09692383,-0.01763916,-0.9678345,-0.078125,0.875,0.21875
1695651516660,0.096191406,-0.006652832,-0.9649048,-0.03125,0.890625,0.140625
1695651516700,0.09277344,-0.013977051,-0.96710205,0.046875,0.96875,0.109375
1695651516740,0.099853516,-0.01373291,-0.96759033,0.015625,1.078125,0.25
1695651516780,0.09643555,-0.006652832,-0.97125244,-0.25,0.90625,0.265625
1695651516820,0.104003906,-0.015930176,-0.97052,-0.078125,0.890625,0.109375
1695651516860,0.10253906,-0.00982666,-0.9734497,-0.15625,0.953125,0.109375
1695651516900,0.095458984,-0.0056762695,-0.9649048,0.109375,0.921875,0.078125
1695651516940,0.10058594,-0.0071411133,-0.96539307,0.15625,0.953125,0.125
1695651516980,0.09887695,-0.011291504,-0.9717407,-0.0625,0.90625,0.046875
1695651517020,0.09301758,-0.0076293945,-0.97076416,-0.046875,0.875,0.203125
1695651517060,0.096191406,-0.010070801,-0.9697876,-0.171875,1.078125,0.25
1695651517100,0.099853516,-0.010559082,-0.97247314,-0.109375,1.15625,0.078125
1695651517140,0.100097656,-0.013977051,-0.9678345,0.03125,0.890625,0.140625
1695651517180,0.10058594,-0.012512207,-0.9678345,0.015625,1.046875,0.078125
1695651517220,0.10229492,-0.011047363,-0.97320557,0.078125,0.96875,0.21875
1695651517260,0.10131836,-0.006652832,-0.9741821,-0.09375,0.921875,0.109375
1695651517300,0.09887695,-0.007873535,-0.96710205,-0.046875,0.890625,0.015625
1695651517340,0.09667969,-0.009338379,-0.9729614,-0.078125,0.921875,0.15625
1695651517380,0.09790039,-0.0115356445,-0.96832275,-0.15625,1.078125,0.078125
1695651517420,0.09863281,-0.010070801,-0.9668579,0.0625,1.03125,0.21875
1695651517460,0.10449219,-0.011779785,-0.9690552,0.21875,0.984375,0.109375
1695651517500,0.099609375,-0.010559082,-0.97125244,0.125,0.9375,0.203125
1695651517540,0.099121094,-0.00030517578,-0.9636841,0.078125,1.109375,0.109375
