timestamp,accel_x,accel_y,accel_z,gyro_x,gyro_y,gyro_z,mag_x,mag_y,mag_z,ind
1696237254888,-0.3935547,-0.84472656,0.3564453,0.1875,-0.5625,-0.0625,0.0,0.0,0.0,16
1696237254928,-0.3955078,-0.8388672,0.3466797,0.375,-0.4375,0.0,0.0,0.0,0.0,17
1696237254968,-0.4033203,-0.8486328,0.3544922,0.0,0.21875,0.125,0.0,0.0,0.0,18
1696237255008,-0.3935547,-0.85058594,0.33984375,-0.78125,-0.09375,0.0625,0.0,0.0,0.0,19
1696237255048,-0.3935547,-0.84375,0.3466797,0.5625,0.46875,-0.3125,0.0,0.0,0.0,20
1696237255088,-0.39648438,-0.8457031,0.3544922,0.375,-0.09375,0.0,0.0,0.0,0.0,21
1696237255128,-0.39746094,-0.8417969,0.35742188,0.0625,0.09375,-0.0625,0.0,0.0,0.0,22
1696237255168,-0.3955078,-0.84375,0.36132812,0.3125,-0.03125,0.0,0.0,0.0,0.0,23
1696237255208,-0.40039062,-0.83691406,0.35058594,0.125,-0.09375,-0.125,0.0,0.0,0.0,24
1696237255248,-0.38964844,-0.84472656,0.34179688,0.0,-0.09375,0.0,0.0,0.0,0.0,25
1696237255288,-0.3984375,-0.84765625,0.35546875,0.0,0.09375,0.125,-34.9375,-60.5625,-42.0625,26
1696237255328,-0.3984375,-0.8359375,0.33398438,0.0625,0.03125,0.0,0.0,0.0,0.0,27
1696237255368,-0.39257812,-0.84375,0.3408203,0.25,-0.09375,-0.125,0.0,0.0,0.0,28
1696237255408,-0.39257812,-0.84277344,0.3623047,0.375,-0.03125,0.0625,0.0,0.0,0.0,29
1696237255448,-0.40234375,-0.8486328,0.35742188,0.3125,0.09375,0.125,0.0,0.0,0.0,30
1696237255488,-0.39648438,-0.8378906,0.3515625,0.3125,-0.03125,0.0625,0.0,0.0,0.0,31
1696237255528,-0.39160156,-0.8359375,0.34570312,0.0,-0.03125,-0.0625,0.0,0.0,0.0,32
1696237255568,-0.40527344,-0.83203125,0.35742188,0.3125,0.15625,0.0625,0.0,0.0,0.0,33
1696237255608,-0.38964844,-0.85546875,0.36816406,-0.90625,-0.3125,0.375,0.0,0.0,0.0,34
1696237255648,-0.39746094,-0.8359375,0.3515625,-0.1875,-0.5,-0.125,0.0,0.0,0.0,35
1696237255688,-0.39648438,-0.84472656,0.36523438,0.0,-0.5625,0.0,0.0,0.0,0.0,36
1696237255728,-0.38476562,-0.84375,0.35546875,-0.71875,0.15625,0.0,0.0,0.0,0.0,37
1696237255768,-0.4013672,-0.84277344,0.35253906,0.5,0.28125,0.0,-33.75,-60.875,-43.6875,38
1696237255808,-0.40039062,-0.84472656,0.33984375,0.5,0.09375,-0.0625,0.0,0.0,0.0,39
1696237255848,-0.39453125,-0.83203125,0.34570312,0.4375,0.15625,-0.0625,0.0,0.0,0.0,40
1696237255888,-0.38964844,-0.8408203,0.36035156,0.0625,-0.4375,0.25,0.0,0.0,0.0,41
1696237255928,-0.3935547,-0.8515625,0.35058594,0.25,-0.09375,0.125,0.0,0.0,0.0,42
1696237255968,-0.39257812,-0.84765625,0.34960938,0.25,0.09375,-0.0625,0.0,0.0,0.0,43
1696237256008,-0.38867188,-0.8457031,0.34472656,0.0625,0.03125,-0.0625,0.0,0.0,0.0,44
1696237256048,-0.4013672,-0.84277344,0.3623047,0.0625,0.15625,0.0625,0.0,0.0,0.0,45
1696237256088,-0.39160156,-0.8486328,0.3515625,0.1875,0.03125,0.125,0.0,0.0,0.0,46
1696237256128,-0.38867188,-0.84277344,0.34375,-0.0625,0.03125,-0.1875,0.0,0.0,0.0,47
1696237256168,-0.3857422,-0.8466797,0.34472656,0.25,0.03125,0.0,0.0,0.0,0.0,48
1696237256208,-0.39648438,-0.83496094,0.36523438,0.1875,0.03125,0.375,0.0,0.0,0.0,49
1696237256248,-0.38964844,-0.8486328,0.34277344,-0.71875,0.09375,0.1875,0.0,0.0,0.0,50
1696237256288,-0.39648438,-0.8330078,0.35058594,0.4375,-0.03125,-0.125,-33.75,-59.0625,-43.4375,51
1696237256328,-0.38964844,-0.8417969,0.35253906,0.0,-0.09375,0.0625,0.0,0.0,0.0,52
1696237256368,-0.39453125,-0.83203125,0.35253906,0.0625,0.09375,0.0625,0.0,0.0,0.0,53
1696237256408,-0.40039062,-0.8496094,0.34765625,0.0625,-0.1875,0.125,0.0,0.0,0.0,54
1696237256448,-0.39160156,-0.8378906,0.3359375,0.0625,0.09375,-0.0625,0.0,0.0,0.0,55
1696237256488,-0.4013672,-0.8496094,0.34570312,0.0,0.15625,0.0,0.0,0.0,0.0,56
1696237256528,-0.3984375,-0.84277344,0.34375,-0.25,-0.09375,0.125,0.0,0.0,0.0,57
1696237256568,-0.39746094,-0.83496094,0.35351562,0.09375,0.03125,-0.0625,0.0,0.0,0.0,58
1696237256608,-0.3984375,-0.85058594,0.3486328,-0.09375,-0.15625,0.0625,0.0,0.0,0.0,59
1696237256648,-0.39648438,-0.84765625,0.34179688,-0.03125,-0.21875,0.125,0.0,0.0,0.0,60
1696237256688,-0.390625,-0.8388672,0.35058594,0.15625,-0.4375,0.3125,0.0,0.0,0.0,61
1696237256728,-0.39746094,-0.84375,0.35351562,0.21875,-0.03125,0.0,0.0,0.0,0.0,62
1696237256768,-0.39160156,-0.8408203,0.3544922,0.28125,0.03125,-0.125,-33.4375,-60.5625,-42.6875,63
1696237256808,-0.3984375,-0.83496094,0.35351562,-0.15625,0.40625,0.0,0.0,0.0,0.0,64
1696237256848,-0.3935547,-0.8574219,0.3564453,-1.3125,0.28125,0.3125,0.0,0.0,0.0,65
1696237256888,-0.38476562,-0.8457031,0.3544922,-0.5,-0.09375,-0.125,0.0,0.0,0.0,66
1696237256928,-0.38867188,-0.8388672,0.36523438,0.46875,-0.21875,0.0,0.0,0.0,0.0,67
1696237256968,-0.39746094,-0.84472656,0.3564453,-0.21875,0.15625,0.0625,0.0,0.0,0.0,68
1696237257008,-0.39746094,-0.8378906,0.35058594,0.28125,0.03125,0.125,0.0,0.0,0.0,69
1696237257048,-0.39746094,-0.8466797,0.34277344,0.46875,-0.25,0.0625,0.0,0.0,0.0,70
1696237257088,-0.4013672,-0.8330078,0.35351562,0.09375,0.03125,0.0625,0.0,0.0,0.0,71
1696237257128,-0.40820312,-0.8408203,0.3486328,-0.09375,-0.15625,-0.0625,0.0,0.0,0.0,72
1696237257168,-0.40039062,-0.8388672,0.32910156,-0.09375,-0.09375,0.0625,0.0,0.0,0.0,73
1696237257208,-0.3857422,-0.8330078,0.3515625,0.09375,0.21875,-0.125,0.0,0.0,0.0,74
1696237257248,-0.39648438,-0.8466797,0.34960938,-0.09375,-0.21875,0.125,0.0,0.0,0.0,75
1696237257288,-0.39160156,-0.84375,0.34960938,0.03125,-0.09375,0.0,-33.75,-61.1875,-44.1875,76
1696237257328,-0.40039062,-0.82714844,0.34472656,-0.03125,-0.09375,0.0625,0.0,0.0,0.0,77
1696237257368,-0.38964844,-0.8408203,0.34570312,-0.28125,0.09375,-0.1875,0.0,0.0,0.0,78
1696237257408,-0.38378906,-0.8359375,0.34570312,-0.03125,0.15625,-0.0625,0.0,0.0,0.0,79
1696237257448,-0.3955078,-0.85253906,0.34570312,-0.15625,0.03125,0.25,0.0,0.0,0.0,80
1696237257488,-0.38671875,-0.8417969,0.35058594,-0.4375,0.03125,-0.125,0.0,0.0,0.0,81
1696237257528,-0.3935547,-0.8388672,0.34765625,0.78125,-0.09375,-0.3125,0.0,0.0,0.0,82
1696237257568,-0.39648438,-0.8339844,0.34472656,-0.03125,0.15625,0.0,0.0,0.0,0.0,83
1696237257608,-0.4033203,-0.8417969,0.359375,-0.28125,0.15625,0.0625,0.0,0.0,0.0,84
1696237257648,-0.39160156,-0.83496094,0.3515625,-0.375,0.03125,0.0625,0.0,0.0,0.0,85
1696237257688,-0.39648438,-0.8330078,0.34765625,-0.09375,0.03125,-0.0625,0.0,0.0,0.0,86
1696237257728,-0.3935547,-0.85546875,0.35253906,-0.09375,-0.15625,0.125,0.0,0.0,0.0,87
1696237257768,-0.3955078,-0.8486328,0.34960938,0.65625,-0.3125,-0.1875,-35.25,-60.125,-43.6875,88
1696237257808,-0.39746094,-0.83984375,0.35351562,0.21875,-0.25,-0.0625,0.0,0.0,0.0,89
1696237257848,-0.390625,-0.83691406,0.35058594,0.34375,0.03125,-0.0625,0.0,0.0,0.0,90
1696237257888,-0.3955078,-0.8388672,0.3486328,0.03125,-0.15625,-0.0625,0.0,0.0,0.0,91
1696237257928,-0.39453125,-0.8417969,0.35058594,0.09375,-0.03125,0.0,0.0,0.0,0.0,92
1696237257968,-0.40527344,-0.83984375,0.3564453,-0.09375,-0.21875,-0.125,0.0,0.0,0.0,93
1696237258008,-0.39257812,-0.8408203,0.36035156,-0.09375,-0.09375,-0.125,0.0,0.0,0.0,94
1696237258048,-0.40234375,-0.83691406,0.3564453,-0.03125,0.21875,0.0625,0.0,0.0,0.0,95
1696237258088,-0.38671875,-0.8417969,0.3310547,-0.9375,-0.5,0.1875,0.0,0.0,0.0,96
1696237258128,-0.40234375,-0.8310547,0.34570312,0.40625,-0.09375,-0.25,0.0,0.0,0.0,97
1696237258168,-0.39160156,-0.84472656,0.3486328,-0.09375,-0.09375,-0.1875,0.0,0.0,0.0,98
1696237258208,-0.39160156,-0.8339844,0.34960938,0.21875,0.09375,-0.125,0.0,0.0,0.0,99
1696237258248,-0.39746094,-0.8417969,0.36035156,0.40625,-0.03125,0.1875,0.0,0.0,0.0,100
1696237258288,-0.40234375,-0.84375,0.35839844,0.03125,-0.03125,-0.1875,-33.75,-60.125,-43.6875,101
1696237258328,-0.39257812,-0.8457031,0.34765625,-0.21875,0.03125,0.0625,0.0,0.0,0.0,102
1696237258368,-0.3984375,-0.8417969,0.33789062,-0.375,-0.25,-0.0625,0.0,0.0,0.0,103
1696237258408,-0.39941406,-0.8388672,0.3486328,-0.09375,-0.25,0.0625,0.0,0.0,0.0,104
1696237258448,-0.39257812,-0.84765625,0.34765625,0.03125,-0.09375,0.0,0.0,0.0,0.0,105
1696237258488,-0.40429688,-0.8339844,0.36132812,0.09375,-0.03125,0.0625,0.0,0.0,0.0,106
1696237258528,-0.38867188,-0.8417969,0.34375,0.15625,0.03125,-0.0625,0.0,0.0,0.0,107
1696237258568,-0.40234375,-0.8359375,0.3466797,0.03125,-0.09375,-0.0625,0.0,0.0,0.0,108
1696237258608,-0.40039062,-0.8388672,0.34960938,-0.09375,-0.3125,-0.0625,0.0,0.0,0.0,109
1696237258648,-0.38671875,-0.8417969,0.34960938,-0.34375,0.28125,-0.125,0.0,0.0,0.0,110
1696237258688,-0.4013672,-0.83691406,0.35839844,-0.09375,0.28125,-0.0625,0.0,0.0,0.0,111
1696237258728,-0.39453125,-0.8466797,0.35839844,-0.5625,-0.25,0.0625,0.0,0.0,0.0,112
1696237258768,-0.3955078,-0.8378906,0.34375,0.53125,0.03125,-0.1875,-34.5,-60.5625,-43.6875,113
1696237258808,-0.3955078,-0.8378906,0.34960938,-0.5625,-0.21875,0.0,0.0,0.0,0.0,114
1696237258848,-0.39257812,-0.84375,0.34375,0.15625,-0.21875,-0.0625,0.0,0.0,0.0,115
1696237258888,-0.38964844,-0.84375,0.34765625,0.40625,-0.25,0.125,0.0,0.0,0.0,116
1696237258928,-0.39648438,-0.8408203,0.34960938,0.09375,0.09375,-0.3125,0.0,0.0,0.0,117
1696237258968,-0.39941406,-0.8408203,0.35058594,0.21875,0.03125,0.0625,0.0,0.0,0.0,118
1696237259008,-0.390625,-0.82714844,0.36035156,-0.34375,-0.15625,-0.125,0.0,0.0,0.0,119
1696237259048,-0.390625,-0.84765625,0.3564453,-0.03125,-0.03125,0.0,0.0,0.0,0.0,120
1696237259088,-0.3857422,-0.84375,0.3515625,-0.03125,-0.15625,-0.0625,0.0,0.0,0.0,121
1696237259128,-0.3935547,-0.8417969,0.35253906,0.21875,0.15625,0.0625,0.0,0.0,0.0,122
1696237259168,-0.38867188,-0.83691406,0.359375,0.03125,0.15625,0.0,0.0,0.0,0.0,123
1696237259208,-0.40039062,-0.8515625,0.34570312,0.21875,0.09375,0.09375,0.0,0.0,0.0,124
1696237259248,-0.3984375,-0.8388672,0.34472656,-0.03125,-0.03125,-0.03125,0.0,0.0,0.0,125
1696237259288,-0.3984375,-0.83984375,0.33789062,-0.09375,-0.15625,-0.09375,-34.9375,-60.125,-43.6875,126
1696237259328,-0.39746094,-0.8378906,0.3466797,0.15625,0.03125,-0.03125,0.0,0.0,0.0,127
1696237259368,-0.3984375,-0.8564453,0.3544922,-0.1875,0.03125,0.25,0.0,0.0,0.0,128
1696237259408,-0.3935547,-0.84765625,0.3642578,-0.625,-0.09375,-0.03125,0.0,0.0,0.0,129
1696237259448,-0.39160156,-0.8486328,0.34960938,0.09375,-0.03125,-0.09375,0.0,0.0,0.0,130
1696237259488,-0.39257812,-0.84472656,0.34277344,-0.03125,0.1875,0.03125,0.0,0.0,0.0,131
1696237259528,-0.39257812,-0.8339844,0.35351562,0.46875,-0.03125,-0.03125,0.0,0.0,0.0,132
1696237259568,-0.38964844,-0.8330078,0.35253906,0.09375,-0.03125,0.09375,0.0,0.0,0.0,133
1696237259608,-0.4013672,-0.82714844,0.35253906,-0.15625,0.1875,-0.09375,0.0,0.0,0.0,134
1696237259648,-0.39648438,-0.8466797,0.36132812,-0.25,-0.28125,0.15625,0.0,0.0,0.0,135
1696237259688,-0.39648438,-0.8388672,0.35058594,-0.15625,0.09375,0.03125,0.0,0.0,0.0,136
1696237259728,-0.39257812,-0.84472656,0.35546875,-0.15625,-0.03125,0.03125,0.0,0.0,0.0,137
1696237259768,-0.3935547,-0.84472656,0.34472656,0.15625,-0.09375,0.03125,-35.125,-61.4375,-43.875,138
1696237259808,-0.40429688,-0.83691406,0.36132812,0.34375,0.09375,0.09375,0.0,0.0,0.0,139
1696237259848,-0.39648438,-0.84277344,0.35742188,-0.09375,-0.09375,0.03125,0.0,0.0,0.0,140
1696237259888,-0.40234375,-0.83691406,0.34179688,0.03125,0.03125,0.21875,0.0,0.0,0.0,141
1696237259928,-0.39257812,-0.83691406,0.3671875,-0.09375,0.03125,0.25,0.0,0.0,0.0,142
1696237259968,-0.3876953,-0.8457031,0.35351562,-0.09375,-0.03125,-0.03125,0.0,0.0,0.0,143
1696237260008,-0.3955078,-0.83496094,0.36132812,0.03125,0.1875,0.15625,0.0,0.0,0.0,144
1696237260048,-0.39941406,-0.83496094,0.34375,-0.1875,0.375,0.21875,0.0,0.0,0.0,145
1696237260088,-0.38671875,-0.8496094,0.3515625,-1.1875,-0.03125,0.09375,0.0,0.0,0.0,146
1696237260128,-0.40039062,-0.8388672,0.34960938,0.34375,0.15625,-0.03125,0.0,0.0,0.0,147
1696237260168,-0.38867188,-0.8457031,0.34960938,-0.09375,-0.03125,0.03125,0.0,0.0,0.0,148
1696237260208,-0.3935547,-0.8417969,0.34179688,-0.09375,0.03125,0.09375,0.0,0.0,0.0,149
1696237260248,-0.3984375,-0.8359375,0.34960938,0.53125,-0.03125,0.03125,0.0,0.0,0.0,150
1696237260288,-0.40039062,-0.83984375,0.3544922,0.03125,0.03125,0.03125,-35.25,-61.1875,-44.4375,151
1696237260328,-0.38867188,-0.8359375,0.359375,-0.09375,-0.03125,0.03125,0.0,0.0,0.0,152
1696237260368,-0.390625,-0.82910156,0.34277344,-0.15625,-0.09375,-0.03125,0.0,0.0,0.0,153
1696237260408,-0.38183594,-0.8388672,0.36621094,-0.15625,-0.03125,-0.03125,0.0,0.0,0.0,154
1696237260448,-0.39453125,-0.83691406,0.35839844,-0.09375,-0.15625,-0.03125,0.0,0.0,0.0,155
1696237260488,-0.3935547,-0.8359375,0.3486328,0.03125,0.03125,0.03125,0.0,0.0,0.0,156
1696237260528,-0.39160156,-0.8417969,0.359375,0.09375,0.1875,0.09375,0.0,0.0,0.0,157
1696237260568,-0.40234375,-0.8457031,0.359375,0.34375,-0.03125,-0.09375,0.0,0.0,0.0,158
1696237260608,-0.40527344,-0.83984375,0.35058594,0.09375,-0.09375,0.03125,0.0,0.0,0.0,159
1696237260648,-0.375,-0.8408203,0.3564453,-0.03125,0.03125,-0.21875,0.0,0.0,0.0,160
1696237260688,-0.39746094,-0.8339844,0.35351562,-0.09375,0.25,0.03125,0.0,0.0,0.0,161
1696237260728,-0.39453125,-0.8544922,0.35058594,-0.8125,0.03125,0.15625,0.0,0.0,0.0,162
1696237260768,-0.39453125,-0.8330078,0.34960938,0.03125,0.1875,-0.21875,-35.875,-61.0,-43.5625,163
1696237260808,-0.38671875,-0.84472656,0.3642578,0.15625,-0.28125,-0.21875,0.0,0.0,0.0,164
1696237260848,-0.4013672,-0.8330078,0.35839844,0.15625,0.25,0.03125,0.0,0.0,0.0,165
1696237260888,-0.40039062,-0.8388672,0.3701172,0.28125,-0.03125,0.09375,0.0,0.0,0.0,166
1696237260928,-0.390625,-0.8378906,0.3544922,-0.03125,-0.09375,0.03125,0.0,0.0,0.0,167
1696237260968,-0.40234375,-0.8300781,0.35546875,0.15625,0.09375,0.03125,0.0,0.0,0.0,168
1696237261008,-0.39941406,-0.8378906,0.36035156,-0.25,-0.15625,-0.03125,0.0,0.0,0.0,169
1696237261048,-0.3935547,-0.84277344,0.35839844,-0.03125,0.09375,0.03125,0.0,0.0,0.0,170
1696237261088,-0.40039062,-0.84765625,0.36523438,0.15625,0.03125,-0.03125,0.0,0.0,0.0,171
1696237261128,-0.3935547,-0.84277344,0.35742188,0.09375,-0.09375,-0.15625,0.0,0.0,0.0,172
1696237261168,-0.3935547,-0.84375,0.3515625,-0.03125,-0.09375,0.15625,0.0,0.0,0.0,173
1696237261208,-0.39453125,-0.8417969,0.34960938,0.09375,0.15625,0.03125,0.0,0.0,0.0,174
1696237261248,-0.40039062,-0.8388672,0.36328125,0.03125,-0.09375,0.03125,0.0,0.0,0.0,175
1696237261288,-0.39648438,-0.84375,0.3486328,0.21875,-0.15625,0.03125,-34.5,-60.5625,-44.4375,176
1696237261328,-0.39257812,-0.84277344,0.36523438,-0.09375,-0.03125,-0.03125,0.0,0.0,0.0,177
1696237261368,-0.3935547,-0.8359375,0.35351562,0.15625,0.15625,-0.03125,0.0,0.0,0.0,178
1696237261408,-0.39746094,-0.84765625,0.34179688,-0.375,0.15625,0.21875,0.0,0.0,0.0,179
1696237261448,-0.38867188,-0.8408203,0.3486328,-0.625,-0.03125,-0.03125,0.0,0.0,0.0,180
1696237261488,-0.38867188,-0.8378906,0.36035156,-0.09375,-0.03125,-0.09375,0.0,0.0,0.0,181
1696237261528,-0.39257812,-0.83496094,0.3564453,-0.03125,0.25,0.03125,0.0,0.0,0.0,182
1696237261568,-0.39160156,-0.8417969,0.34765625,0.15625,-0.03125,0.09375,0.0,0.0,0.0,183
1696237261608,-0.40234375,-0.8388672,0.36523438,-0.03125,-0.21875,0.03125,0.0,0.0,0.0,184
1696237261648,-0.39453125,-0.8388672,0.35351562,0.09375,0.09375,-0.09375,0.0,0.0,0.0,185
1696237261688,-0.38964844,-0.83496094,0.36523438,-0.15625,-0.15625,0.03125,0.0,0.0,0.0,186
1696237261728,-0.39453125,-0.8457031,0.35742188,-0.09375,0.03125,-0.21875,0.0,0.0,0.0,187
1696237261768,-0.38671875,-0.84375,0.34472656,-0.03125,0.03125,-0.09375,-33.625,-60.6875,-42.8125,188
1696237261808,-0.3857422,-0.83691406,0.3486328,0.09375,-0.09375,0.03125,0.0,0.0,0.0,189
1696237261848,-0.39746094,-0.8388672,0.35253906,0.09375,0.09375,0.09375,0.0,0.0,0.0,190
1696237261888,-0.39453125,-0.8466797,0.3544922,-0.15625,0.03125,0.03125,0.0,0.0,0.0,191
1696237261928,-0.3857422,-0.84277344,0.35351562,0.15625,0.25,-0.03125,0.0,0.0,0.0,192
1696237261968,-0.39648438,-0.8359375,0.3564453,0.09375,-0.15625,0.25,0.0,0.0,0.0,193
1696237262008,-0.40234375,-0.8310547,0.34765625,-0.03125,-0.09375,0.03125,0.0,0.0,0.0,194
1696237262048,-0.3876953,-0.828125,0.35742188,-0.09375,0.03125,-0.03125,0.0,0.0,0.0,195
1696237262088,-0.3955078,-0.8457031,0.35351562,-0.09375,0.1875,0.03125,0.0,0.0,0.0,196
1696237262128,-0.4013672,-0.84277344,0.359375,-0.25,0.3125,0.15625,0.0,0.0,0.0,197
1696237262168,-0.39160156,-0.84277344,0.35742188,-1.125,-0.03125,0.03125,0.0,0.0,0.0,198
1696237262208,-0.39746094,-0.8535156,0.3642578,0.28125,0.09375,-0.21875,0.0,0.0,0.0,199
1696237262248,-0.39453125,-0.84765625,0.36035156,-0.03125,0.1875,-0.03125,0.0,0.0,0.0,200
1696237262288,-0.40039062,-0.8359375,0.36132812,0.59375,-0.03125,0.09375,-34.9375,-60.5625,-44.4375,201
1696237262328,-0.39453125,-0.8496094,0.35058594,0.28125,-0.21875,0.03125,0.0,0.0,0.0,202
1696237262368,-0.39257812,-0.8378906,0.34570312,-0.15625,-0.09375,-0.15625,0.0,0.0,0.0,203
1696237262408,-0.39257812,-0.84277344,0.3564453,-0.03125,-0.03125,0.03125,0.0,0.0,0.0,204
1696237262448,-0.40039062,-0.8457031,0.35546875,-0.375,0.03125,-0.03125,0.0,0.0,0.0,205
1696237262488,-0.3935547,-0.8388672,0.34472656,-0.03125,0.15625,0.03125,0.0,0.0,0.0,206
1696237262528,-0.39453125,-0.83691406,0.35058594,0.21875,0.03125,-0.09375,0.0,0.0,0.0,207
1696237262568,-0.3876953,-0.8378906,0.35546875,0.09375,0.15625,0.15625,0.0,0.0,0.0,208
1696237262608,-0.39160156,-0.84277344,0.3408203,-0.09375,0.03125,-0.09375,0.0,0.0,0.0,209
1696237262648,-0.40429688,-0.8408203,0.34570312,0.21875,-0.15625,0.09375,0.0,0.0,0.0,210
1696237262688,-0.39257812,-0.8417969,0.35351562,0.78125,-0.84375,0.03125,0.0,0.0,0.0,211
1696237262728,-0.40039062,-0.8408203,0.35351562,0.84375,-0.59375,0.09375,0.0,0.0,0.0,212
1696237262768,-0.39257812,-0.8466797,0.35839844,-0.03125,0.15625,-0.21875,-33.125,-60.5625,-44.75,213
1696237262808,-0.390625,-0.8388672,0.3623047,0.15625,0.15625,-0.03125,0.0,0.0,0.0,214
1696237262848,-0.40234375,-0.8310547,0.35742188,-0.03125,0.5,0.25,0.0,0.0,0.0,215
1696237262888,-0.39160156,-0.84765625,0.33984375,-1.4375,0.25,0.25,0.0,0.0,0.0,216
1696237262928,-0.39257812,-0.8388672,0.35058594,-0.1875,0.15625,0.03125,0.0,0.0,0.0,217
1696237262968,-0.390625,-0.8466797,0.36621094,-0.1875,0.09375,0.03125,0.0,0.0,0.0,218
1696237263008,-0.38964844,-0.84277344,0.34570312,0.21875,0.15625,-0.03125,0.0,0.0,0.0,219
1696237263048,-0.39746094,-0.8457031,0.34277344,0.15625,0.03125,0.09375,0.0,0.0,0.0,220
1696237263088,-0.3935547,-0.8408203,0.3564453,0.46875,-0.09375,-0.28125,0.0,0.0,0.0,221
1696237263128,-0.40234375,-0.8408203,0.3515625,-0.09375,-0.03125,0.21875,0.0,0.0,0.0,222
1696237263168,-0.38671875,-0.83984375,0.36621094,-0.3125,-0.03125,-0.15625,0.0,0.0,0.0,223
1696237263208,-0.38964844,-0.8359375,0.36328125,-0.09375,-0.09375,-0.03125,0.0,0.0,0.0,224
1696237263248,-0.40039062,-0.8378906,0.3544922,0.65625,-0.03125,-0.03125,0.0,0.0,0.0,225
1696237263288,-0.39257812,-0.8496094,0.3623047,-0.03125,0.09375,0.09375,-34.5,-59.8125,-43.6875,226
1696237263328,-0.40429688,-0.83496094,0.34960938,-0.03125,0.09375,-0.09375,0.0,0.0,0.0,227
1696237263368,-0.3935547,-0.83496094,0.3515625,-0.1875,-0.15625,-0.03125,0.0,0.0,0.0,228
1696237263408,-0.39453125,-0.8408203,0.36035156,0.03125,-0.03125,0.03125,0.0,0.0,0.0,229
1696237263448,-0.39941406,-0.8486328,0.34960938,-0.09375,-0.09375,0.03125,0.0,0.0,0.0,230
1696237263488,-0.39160156,-0.8417969,0.35839844,-0.03125,0.03125,-0.09375,0.0,0.0,0.0,231
1696237263528,-0.390625,-0.83496094,0.35351562,0.21875,0.03125,0.15625,0.0,0.0,0.0,232
1696237263568,-0.38183594,-0.8496094,0.3564453,-0.625,0.09375,0.15625,0.0,0.0,0.0,233
1696237263608,-0.3935547,-0.8378906,0.36132812,-0.03125,0.375,-0.34375,0.0,0.0,0.0,234
1696237263648,-0.39746094,-0.8359375,0.3515625,-0.375,0.15625,-0.09375,0.0,0.0,0.0,235
1696237263688,-0.38964844,-0.8359375,0.35253906,-0.03125,0.09375,-0.21875,0.0,0.0,0.0,236
1696237263728,-0.39257812,-0.8359375,0.35253906,0.21875,-0.34375,-0.03125,0.0,0.0,0.0,237
1696237263768,-0.3857422,-0.83496094,0.35742188,0.09375,-0.03125,-0.28125,-33.625,-60.6875,-44.3125,238
1696237263808,-0.39453125,-0.8466797,0.35839844,0.15625,0.03125,0.09375,0.0,0.0,0.0,239
1696237263848,-0.39453125,-0.84472656,0.3486328,-0.15625,-0.09375,-0.09375,0.0,0.0,0.0,240
1696237263888,-0.3935547,-0.8300781,0.3515625,-0.09375,-0.03125,0.09375,0.0,0.0,0.0,241
1696237263928,-0.39160156,-0.8388672,0.35742188,-0.3125,-0.03125,0.03125,0.0,0.0,0.0,242
1696237263968,-0.3955078,-0.8359375,0.34960938,-0.15625,0.15625,0.03125,0.0,0.0,0.0,243
1696237264008,-0.3876953,-0.84375,0.3486328,-0.09375,0.03125,0.03125,0.0,0.0,0.0,244
1696237264048,-0.38867188,-0.8339844,0.34472656,0.09375,0.15625,0.09375,0.0,0.0,0.0,245
1696237264088,-0.40039062,-0.8330078,0.36621094,0.09375,-0.15625,0.09375,0.0,0.0,0.0,246
1696237264128,-0.40527344,-0.8339844,0.35351562,0.15625,-0.09375,-0.03125,0.0,0.0,0.0,247
1696237264168,-0.38671875,-0.84472656,0.3623047,-0.03125,0.15625,-0.09375,0.0,0.0,0.0,248
1696237264208,-0.3935547,-0.8330078,0.3623047,-0.375,0.75,0.03125,0.0,0.0,0.0,249
1696237264248,-0.40625,-0.8417969,0.35546875,-0.625,0.375,0.21875,0.0,0.0,0.0,250
1696237264288,-0.38671875,-0.84472656,0.34570312,-1.0625,-0.09375,0.09375,-34.5,-59.8125,-42.6875,251
1696237264328,-0.3955078,-0.84277344,0.35253906,0.28125,0.03125,-0.15625,0.0,0.0,0.0,252
1696237264368,-0.39453125,-0.84765625,0.34960938,0.21875,0.09375,-0.03125,0.0,0.0,0.0,253
1696237264408,-0.39648438,-0.84472656,0.36328125,0.46875,0.03125,0.09375,0.0,0.0,0.0,254
1696237264448,-0.40234375,-0.8378906,0.36035156,0.15625,-0.09375,0.09375,0.0,0.0,0.0,255
1696237264488,-0.38964844,-0.83496094,0.35839844,-0.1875,0.09375,-0.03125,0.0,0.0,0.0,256
1696237264528,-0.390625,-0.8417969,0.35253906,-0.6875,-0.03125,0.15625,0.0,0.0,0.0,257
1696237264568,-0.3935547,-0.8378906,0.34179688,-0.03125,-0.03125,-0.03125,0.0,0.0,0.0,258
1696237264608,-0.39160156,-0.84472656,0.3544922,0.34375,-0.09375,0.03125,0.0,0.0,0.0,259
1696237264648,-0.3935547,-0.8417969,0.36132812,0.15625,0.03125,-0.03125,0.0,0.0,0.0,260
1696237264688,-0.39746094,-0.8417969,0.3544922,-0.09375,0.03125,0.03125,0.0,0.0,0.0,261
1696237264728,-0.39257812,-0.83984375,0.3564453,-0.15625,0.09375,0.09375,0.0,0.0,0.0,262
1696237264768,-0.39453125,-0.8339844,0.35546875,-0.03125,0.03125,0.03125,-34.0625,-59.9375,-43.875,263
1696237264808,-0.3935547,-0.84277344,0.3466797,-0.375,0.1875,0.15625,0.0,0.0,0.0,264
1696237264848,-0.39160156,-0.83984375,0.3564453,-0.375,-0.21875,-0.03125,0.0,0.0,0.0,265
1696237264888,-0.3984375,-0.84472656,0.35253906,0.21875,-0.15625,-0.03125,0.0,0.0,0.0,266
1696237264928,-0.3857422,-0.84277344,0.359375,0.40625,0.09375,-0.03125,0.0,0.0,0.0,267
1696237264968,-0.40429688,-0.8359375,0.34277344,0.03125,0.09375,0.03125,0.0,0.0,0.0,268
1696237265008,-0.390625,-0.8378906,0.3642578,-0.9375,0.1875,-0.09375,0.0,0.0,0.0,269
1696237265048,-0.38867188,-0.8330078,0.36328125,0.09375,0.03125,-0.34375,0.0,0.0,0.0,270
1696237265088,-0.390625,-0.8466797,0.3623047,-0.25,0.15625,-0.03125,0.0,0.0,0.0,271
1696237265128,-0.39453125,-0.8310547,0.3564453,-0.1875,0.03125,-0.09375,0.0,0.0,0.0,272
1696237265168,-0.3984375,-0.8457031,0.3564453,0.34375,-0.28125,0.15625,0.0,0.0,0.0,273
1696237265208,-0.40039062,-0.84375,0.35546875,0.03125,0.03125,-0.21875,0.0,0.0,0.0,274
1696237265248,-0.3935547,-0.84765625,0.35839844,0.28125,-0.09375,-0.15625,0.0,0.0,0.0,275
1696237265288,-0.4091797,-0.84375,0.3544922,0.28125,0.09375,-0.21875,-34.1875,-60.125,-43.125,276
1696237265328,-0.390625,-0.8466797,0.3515625,-0.03125,0.1875,-0.09375,0.0,0.0,0.0,277
1696237265368,-0.38964844,-0.84277344,0.3544922,-0.1875,-0.21875,-0.09375,0.0,0.0,0.0,278
1696237265408,-0.39648438,-0.8408203,0.3544922,-0.1875,-0.09375,0.09375,0.0,0.0,0.0,279
1696237265448,-0.39648438,-0.8466797,0.34472656,0.09375,-0.09375,-0.03125,0.0,0.0,0.0,280
1696237265488,-0.3984375,-0.8417969,0.34570312,-0.15625,0.03125,-0.03125,0.0,0.0,0.0,281
1696237265528,-0.3984375,-0.8378906,0.359375,0.28125,0.09375,-0.09375,0.0,0.0,0.0,282
1696237265568,-0.3955078,-0.8535156,0.359375,0.21875,0.03125,-0.21875,0.0,0.0,0.0,283
1696237265608,-0.39257812,-0.8466797,0.35839844,0.15625,0.15625,-0.21875,0.0,0.0,0.0,284
1696237265648,-0.38671875,-0.8388672,0.36328125,0.03125,0.03125,-0.15625,0.0,0.0,0.0,285
1696237265688,-0.4033203,-0.84375,0.3466797,-0.1875,0.25,0.15625,0.0,0.0,0.0,286
1696237265728,-0.38378906,-0.8466797,0.34570312,-0.875,-0.03125,0.03125,0.0,0.0,0.0,287
1696237265768,-0.38867188,-0.8378906,0.3486328,0.09375,-0.15625,-0.09375,-33.625,-59.9375,-44.625,288
1696237265808,-0.38476562,-0.8388672,0.35839844,-0.3125,-0.15625,-0.03125,0.0,0.0,0.0,289
1696237265848,-0.38476562,-0.8417969,0.35351562,-0.25,-0.09375,0.09375,0.0,0.0,0.0,290
1696237265888,-0.39453125,-0.8466797,0.37304688,0.28125,-0.09375,-0.03125,0.0,0.0,0.0,291
1696237265928,-0.39648438,-0.8408203,0.34765625,0.46875,0.09375,-0.34375,0.0,0.0,0.0,292
1696237265968,-0.3935547,-0.8378906,0.3486328,0.34375,-0.03125,-0.03125,0.0,0.0,0.0,293
1696237266008,-0.390625,-0.84277344,0.36132812,-0.09375,-0.03125,-0.15625,0.0,0.0,0.0,294
1696237266048,-0.39746094,-0.84277344,0.33398438,-0.03125,-0.03125,-0.09375,0.0,0.0,0.0,295
1696237266088,-0.39257812,-0.84472656,0.34960938,-0.15625,-0.15625,0.03125,0.0,0.0,0.0,296
1696237266128,-0.3876953,-0.8388672,0.35253906,-0.15625,0.15625,-0.15625,0.0,0.0,0.0,297
1696237266168,-0.39160156,-0.8408203,0.35351562,-0.03125,0.09375,-0.09375,0.0,0.0,0.0,298
1696237266208,-0.39257812,-0.84375,0.36132812,-0.03125,0.25,-0.03125,0.0,0.0,0.0,299
1696237266248,-0.3984375,-0.8496094,0.34960938,0.03125,-0.15625,-0.15625,0.0,0.0,0.0,300
1696237266288,-0.39746094,-0.84375,0.36328125,0.21875,-0.09375,0.21875,-35.5625,-61.625,-43.125,301
1696237266328,-0.39941406,-0.83984375,0.35839844,0.28125,-0.03125,-0.09375,0.0,0.0,0.0,302
1696237266368,-0.3935547,-0.83496094,0.3623047,0.03125,0.15625,-0.15625,0.0,0.0,0.0,303
1696237266408,-0.3955078,-0.8359375,0.36523438,0.09375,0.15625,-0.03125,0.0,0.0,0.0,304
1696237266448,-0.3984375,-0.8378906,0.3544922,-0.4375,0.15625,0.25,0.0,0.0,0.0,305
1696237266488,-0.39257812,-0.84277344,0.35058594,-0.75,-0.03125,-0.09375,0.0,0.0,0.0,306
1696237266528,-0.3857422,-0.83691406,0.35253906,-0.09375,0.03125,-0.03125,0.0,0.0,0.0,307
1696237266568,-0.3857422,-0.84375,0.34570312,-0.1875,0.15625,-0.09375,0.0,0.0,0.0,308
1696237266608,-0.39648438,-0.8339844,0.33984375,0.09375,0.15625,-0.09375,0.0,0.0,0.0,309
1696237266648,-0.39941406,-0.84277344,0.34765625,0.09375,-0.15625,-0.03125,0.0,0.0,0.0,310
1696237266688,-0.3935547,-0.84277344,0.36035156,0.03125,0.09375,-0.15625,0.0,0.0,0.0,311
1696237266728,-0.3955078,-0.8408203,0.3544922,-0.03125,0.09375,0.03125,0.0,0.0,0.0,312
1696237266768,-0.38867188,-0.84277344,0.3515625,-0.09375,-0.03125,-0.09375,-36.0,-58.3125,-42.6875,313
1696237266808,-0.39257812,-0.83691406,0.36816406,-0.03125,-0.09375,-0.15625,0.0,0.0,0.0,314
1696237266848,-0.3857422,-0.84472656,0.35253906,-0.09375,-0.09375,-0.09375,0.0,0.0,0.0,315
1696237266888,-0.40527344,-0.83984375,0.3642578,-0.03125,0.1875,-0.03125,0.0,0.0,0.0,316
1696237266928,-0.3984375,-0.8457031,0.36035156,-0.09375,0.03125,-0.03125,0.0,0.0,0.0,317
1696237266968,-0.39257812,-0.84277344,0.36328125,0.28125,-0.21875,-0.09375,0.0,0.0,0.0,318
1696237267008,-0.39648438,-0.83496094,0.36328125,0.21875,-0.28125,-0.03125,0.0,0.0,0.0,319
1696237267048,-0.39160156,-0.8310547,0.35839844,-0.03125,0.3125,-0.09375,0.0,0.0,0.0,320
1696237267088,-0.39453125,-0.83496094,0.3515625,-0.15625,0.09375,-0.09375,0.0,0.0,0.0,321
1696237267128,-0.40039062,-0.8388672,0.3642578,-0.03125,0.1875,0.21875,0.0,0.0,0.0,322
1696237267168,-0.4111328,-0.84375,0.33789062,-0.6875,0.03125,0.21875,0.0,0.0,0.0,323
1696237267208,-0.39453125,-0.83691406,0.34375,-0.8125,-0.09375,-0.03125,0.0,0.0,0.0,324
1696237267248,-0.38671875,-0.84277344,0.3466797,0.53125,-0.21875,-0.09375,0.0,0.0,0.0,325
1696237267288,-0.39746094,-0.8330078,0.3515625,0.21875,0.1875,-0.03125,-34.0625,-58.9375,-44.625,326
1696237267328,-0.390625,-0.83203125,0.34765625,0.09375,0.03125,0.09375,0.0,0.0,0.0,327
1696237267368,-0.3955078,-0.83496094,0.35839844,-0.09375,-0.03125,-0.03125,0.0,0.0,0.0,328
1696237267408,-0.39648438,-0.8486328,0.35253906,-0.1875,0.03125,-0.15625,0.0,0.0,0.0,329
1696237267448,-0.39453125,-0.8417969,0.36816406,-0.5,-0.21875,0.15625,0.0,0.0,0.0,330
1696237267488,-0.39257812,-0.8457031,0.35546875,-0.375,0.15625,-0.09375,0.0,0.0,0.0,331
1696237267528,-0.39648438,-0.85058594,0.36328125,-0.3125,0.15625,-0.09375,0.0,0.0,0.0,332
1696237267568,-0.40429688,-0.8388672,0.34765625,-0.09375,-0.03125,-0.09375,0.0,0.0,0.0,333
1696237267608,-0.40039062,-0.8408203,0.36132812,0.65625,0.03125,0.15625,0.0,0.0,0.0,334
1696237267648,-0.39648438,-0.8359375,0.34570312,0.15625,-0.09375,-0.15625,0.0,0.0,0.0,335
1696237267688,-0.39257812,-0.83496094,0.3515625,0.15625,-0.09375,0.15625,0.0,0.0,0.0,336
1696237267728,-0.39453125,-0.8408203,0.36328125,0.09375,-0.21875,0.21875,0.0,0.0,0.0,337
1696237267768,-0.3955078,-0.84375,0.35839844,-0.3125,0.15625,0.09375,-33.625,-58.4375,-43.25,338
1696237267808,-0.3955078,-0.84277344,0.35546875,-0.3125,0.25,-0.40625,0.0,0.0,0.0,339
1696237267848,-0.39941406,-0.8388672,0.34472656,-0.09375,0.375,-0.15625,0.0,0.0,0.0,340
1696237267888,-0.39453125,-0.8544922,0.3544922,-0.375,0.09375,0.09375,0.0,0.0,0.0,341
1696237267928,-0.38476562,-0.8251953,0.35058594,-0.09375,0.15625,-0.21875,0.0,0.0,0.0,342
1696237267968,-0.38671875,-0.8378906,0.35839844,0.34375,-0.15625,-0.03125,0.0,0.0,0.0,343
1696237268008,-0.39257812,-0.83496094,0.3466797,0.15625,0.1875,0.03125,0.0,0.0,0.0,344
1696237268048,-0.39453125,-0.84277344,0.35253906,0.09375,0.03125,0.03125,0.0,0.0,0.0,345
1696237268088,-0.39746094,-0.8466797,0.36035156,-0.09375,-0.09375,-0.15625,0.0,0.0,0.0,346
1696237268128,-0.40234375,-0.8408203,0.3564453,0.03125,-0.21875,-0.28125,0.0,0.0,0.0,347
1696237268168,-0.38867188,-0.8496094,0.34765625,0.21875,-0.34375,-0.21875,0.0,0.0,0.0,348
1696237268208,-0.3955078,-0.8417969,0.35058594,0.15625,-0.03125,-0.15625,0.0,0.0,0.0,349
1696237268248,-0.38476562,-0.84277344,0.359375,0.46875,-0.03125,-0.15625,0.0,0.0,0.0,350
1696237268288,-0.39941406,-0.8330078,0.36523438,0.03125,0.03125,0.03125,-35.5625,-60.125,-43.125,351
1696237268328,-0.3955078,-0.84375,0.36132812,-0.03125,0.1875,0.03125,0.0,0.0,0.0,352
1696237268368,-0.3955078,-0.83691406,0.35839844,-0.3125,0.375,-0.03125,0.0,0.0,0.0,353
1696237268408,-0.39257812,-0.84277344,0.34765625,-0.5,0.03125,-0.09375,0.0,0.0,0.0,354
1696237268448,-0.39160156,-0.83496094,0.3486328,-0.03125,-0.03125,-0.09375,0.0,0.0,0.0,355
1696237268488,-0.39746094,-0.8378906,0.35839844,-0.15625,-0.09375,-0.03125,0.0,0.0,0.0,356
1696237268528,-0.39257812,-0.8466797,0.35839844,-0.03125,0.3125,-0.15625,0.0,0.0,0.0,357
1696237268568,-0.4033203,-0.83691406,0.3701172,0.34375,0.5625,0.03125,0.0,0.0,0.0,358
1696237268608,-0.39257812,-0.85058594,0.34472656,-0.9375,-0.03125,0.21875,0.0,0.0,0.0,359
1696237268648,-0.39746094,-0.8339844,0.35351562,0.34375,-0.15625,-0.40625,0.0,0.0,0.0,360
1696237268688,-0.390625,-0.8408203,0.34960938,0.03125,-0.40625,0.09375,0.0,0.0,0.0,361
1696237268728,-0.39746094,-0.8417969,0.34960938,-0.15625,0.03125,-0.09375,0.0,0.0,0.0,362
1696237268768,-0.390625,-0.8408203,0.3642578,0.46875,0.15625,-0.09375,-32.375,-60.875,-43.6875,363
1696237268808,-0.3955078,-0.8378906,0.3466797,-0.03125,0.09375,-0.15625,0.0,0.0,0.0,364
1696237268848,-0.4013672,-0.8300781,0.35546875,0.09375,0.15625,-0.09375,0.0,0.0,0.0,365
1696237268888,-0.38964844,-0.8486328,0.3515625,-0.09375,-0.21875,0.03125,0.0,0.0,0.0,366
1696237268928,-0.3935547,-0.8408203,0.36328125,0.03125,0.09375,-0.09375,0.0,0.0,0.0,367
1696237268968,-0.39453125,-0.84277344,0.35742188,0.15625,0.03125,-0.03125,0.0,0.0,0.0,368
1696237269008,-0.39160156,-0.83496094,0.3466797,-0.09375,0.09375,0.03125,0.0,0.0,0.0,369
1696237269048,-0.39160156,-0.8408203,0.34570312,-0.03125,0.03125,-0.09375,0.0,0.0,0.0,370
1696237269088,-0.40820312,-0.8388672,0.35839844,0.21875,0.09375,-0.03125,0.0,0.0,0.0,371
1696237269128,-0.40234375,-0.84277344,0.3544922,-0.15625,0.03125,-0.03125,0.0,0.0,0.0,372
1696237269168,-0.39257812,-0.83496094,0.34472656,0.09375,-0.15625,-0.21875,0.0,0.0,0.0,373
1696237269208,-0.38964844,-0.8388672,0.3564453,-0.09375,-0.03125,-0.15625,0.0,0.0,0.0,374
1696237269248,-0.38867188,-0.84375,0.3671875,0.03125,0.09375,0.03125,0.0,0.0,0.0,375
1696237269288,-0.39746094,-0.8310547,0.34765625,0.46875,0.375,0.03125,-36.625,-59.9375,-44.3125,376
1696237269328,-0.40527344,-0.8388672,0.3515625,-0.6875,-0.09375,0.25,0.0,0.0,0.0,377
1696237269368,-0.40429688,-0.83203125,0.35253906,0.15625,0.09375,-0.21875,0.0,0.0,0.0,378
1696237269408,-0.3828125,-0.84472656,0.359375,-0.09375,0.03125,-0.28125,0.0,0.0,0.0,379
1696237269448,-0.39257812,-0.83691406,0.3671875,0.15625,0.09375,-0.15625,0.0,0.0,0.0,380
1696237269488,-0.39160156,-0.83691406,0.3564453,0.15625,-0.03125,0.09375,0.0,0.0,0.0,381
1696237269528,-0.3798828,-0.8359375,0.36621094,-0.15625,-0.15625,-0.21875,0.0,0.0,0.0,382
1696237269568,-0.40429688,-0.8408203,0.36132812,0.03125,0.03125,0.15625,0.0,0.0,0.0,383
1696237269608,-0.3935547,-0.8388672,0.3486328,-0.3125,-0.03125,0.15625,0.0,0.0,0.0,384
1696237269648,-0.39746094,-0.8417969,0.3515625,-0.1875,0.09375,-0.03125,0.0,0.0,0.0,385
1696237269688,-0.3935547,-0.8496094,0.36523438,0.15625,-0.09375,0.09375,0.0,0.0,0.0,386
1696237269728,-0.39257812,-0.8535156,0.34960938,0.09375,0.09375,-0.03125,0.0,0.0,0.0,387
1696237269768,-0.39648438,-0.8232422,0.35058594,0.03125,0.03125,0.03125,-33.75,-60.125,-43.125,388
1696237269808,-0.3857422,-0.82714844,0.35351562,-0.25,0.03125,-0.03125,0.0,0.0,0.0,389
1696237269848,-0.3876953,-0.8417969,0.36914062,0.09375,0.09375,-0.03125,0.0,0.0,0.0,390
1696237269888,-0.40039062,-0.83496094,0.36328125,0.03125,0.03125,0.09375,0.0,0.0,0.0,391
1696237269928,-0.38867188,-0.83496094,0.3544922,-0.03125,0.1875,-0.15625,0.0,0.0,0.0,392
1696237269968,-0.3935547,-0.8388672,0.36621094,0.09375,0.03125,0.03125,0.0,0.0,0.0,393
1696237270008,-0.40722656,-0.83496094,0.35839844,-0.03125,0.1875,0.21875,0.0,0.0,0.0,394
1696237270048,-0.39746094,-0.84765625,0.35742188,-1.375,-0.09375,0.15625,0.0,0.0,0.0,395
1696237270088,-0.39453125,-0.83691406,0.3564453,0.03125,0.03125,-0.15625,0.0,0.0,0.0,396
1696237270128,-0.38476562,-0.8466797,0.35351562,0.28125,0.15625,-0.03125,0.0,0.0,0.0,397
1696237270168,-0.39257812,-0.83691406,0.36328125,-0.03125,0.25,-0.03125,0.0,0.0,0.0,398
1696237270208,-0.39941406,-0.8388672,0.34472656,0.15625,0.1875,0.09375,0.0,0.0,0.0,399
1696237270248,-0.38476562,-0.84472656,0.36914062,-0.3125,-0.15625,-0.03125,0.0,0.0,0.0,400
1696237270288,-0.3935547,-0.83496094,0.35253906,0.28125,0.09375,0.03125,-35.5625,-60.875,-43.6875,401
1696237270328,-0.40039062,-0.8417969,0.35742188,-0.09375,-0.15625,0.03125,0.0,0.0,0.0,402
1696237270368,-0.39160156,-0.8339844,0.35742188,-0.03125,0.3125,-0.15625,0.0,0.0,0.0,403
1696237270408,-0.40234375,-0.8417969,0.34765625,-0.03125,-0.09375,0.25,0.0,0.0,0.0,404
1696237270448,-0.40429688,-0.8388672,0.3544922,-0.15625,0.03125,0.03125,0.0,0.0,0.0,405
1696237270488,-0.39746094,-0.83496094,0.34960938,-0.375,0.03125,0.09375,0.0,0.0,0.0,406
1696237270528,-0.40234375,-0.8330078,0.36523438,0.09375,-0.09375,-0.03125,0.0,0.0,0.0,407
1696237270568,-0.39257812,-0.8339844,0.34960938,0.15625,0.09375,-0.09375,0.0,0.0,0.0,408
1696237270608,-0.3935547,-0.8330078,0.35253906,0.28125,0.09375,-0.21875,0.0,0.0,0.0,409
1696237270648,-0.40039062,-0.8339844,0.35253906,-0.03125,0.09375,-0.15625,0.0,0.0,0.0,410
1696237270688,-0.38964844,-0.8466797,0.359375,-0.09375,0.25,-0.15625,0.0,0.0,0.0,411
1696237270728,-0.4111328,-0.8300781,0.35742188,0.09375,0.15625,-0.09375,0.0,0.0,0.0,412
1696237270768,-0.39648438,-0.8544922,0.3623047,-0.75,-0.21875,0.09375,-34.5,-60.5625,-44.75,413
1696237270808,-0.3955078,-0.8261719,0.3515625,0.40625,0.1875,-0.40625,0.0,0.0,0.0,414
1696237270848,-0.39257812,-0.84375,0.36328125,0.09375,0.09375,-0.09375,0.0,0.0,0.0,415
1696237270888,-0.38671875,-0.8339844,0.34277344,-0.03125,0.3125,-0.21875,0.0,0.0,0.0,416
1696237270928,-0.4091797,-0.8486328,0.36523438,-0.09375,0.03125,0.09375,0.0,0.0,0.0,417
1696237270968,-0.40234375,-0.84375,0.3515625,-0.09375,0.03125,-0.15625,0.0,0.0,0.0,418
1696237271008,-0.39648438,-0.8457031,0.3623047,-0.03125,0.03125,-0.15625,0.0,0.0,0.0,419
1696237271048,-0.39746094,-0.84375,0.3515625,0.09375,0.03125,-0.09375,0.0,0.0,0.0,420
1696237271088,-0.3984375,-0.8408203,0.3515625,0.28125,-0.15625,-0.15625,0.0,0.0,0.0,421
1696237271128,-0.4033203,-0.8378906,0.36328125,0.53125,0.03125,-0.09375,0.0,0.0,0.0,422
1696237271168,-0.39746094,-0.8300781,0.36328125,0.09375,0.03125,-0.21875,0.0,0.0,0.0,423
1696237271208,-0.39160156,-0.83203125,0.35058594,-0.25,0.1875,-0.09375,0.0,0.0,0.0,424
1696237271248,-0.39160156,-0.83984375,0.34277344,-0.03125,0.25,0.03125,0.0,0.0,0.0,425
1696237271288,-0.39941406,-0.83691406,0.35351562,0.09375,-0.03125,0.03125,-31.625,-60.5625,-43.125,426
1696237271328,-0.40039062,-0.8339844,0.34570312,-0.09375,-0.34375,0.03125,0.0,0.0,0.0,427
1696237271368,-0.40429688,-0.8417969,0.3544922,0.21875,-0.46875,-0.21875,0.0,0.0,0.0,428
1696237271408,-0.3876953,-0.84277344,0.3623047,-0.09375,-0.09375,-0.34375,0.0,0.0,0.0,429
1696237271448,-0.40039062,-0.828125,0.3671875,0.09375,0.625,-0.09375,0.0,0.0,0.0,430
1696237271488,-0.39648438,-0.8535156,0.3564453,-0.875,0.25,0.25,0.0,0.0,0.0,431
1696237271528,-0.39746094,-0.83691406,0.3544922,-0.1875,-0.09375,-0.21875,0.0,0.0,0.0,432
1696237271568,-0.39648438,-0.8457031,0.35546875,-0.09375,-0.21875,0.15625,0.0,0.0,0.0,433
1696237271608,-0.39941406,-0.84375,0.3623047,-0.25,0.25,-0.15625,0.0,0.0,0.0,434
1696237271648,-0.40039062,-0.8378906,0.36132812,0.03125,0.3125,-0.03125,0.0,0.0,0.0,435
1696237271688,-0.38671875,-0.8408203,0.3564453,-0.03125,0.09375,-0.21875,0.0,0.0,0.0,436
1696237271728,-0.39746094,-0.8359375,0.35253906,0.03125,-0.09375,-0.21875,0.0,0.0,0.0,437
1696237271768,-0.38867188,-0.84375,0.34570312,-0.03125,0.03125,0.03125,-34.625,-61.0,-42.8125,438
1696237271808,-0.3935547,-0.8388672,0.3544922,-0.09375,-0.03125,-0.09375,0.0,0.0,0.0,439
1696237271848,-0.3955078,-0.83984375,0.35253906,0.28125,0.09375,-0.09375,0.0,0.0,0.0,440
1696237271888,-0.40625,-0.83496094,0.34960938,-0.03125,-0.03125,-0.09375,0.0,0.0,0.0,441
1696237271928,-0.40234375,-0.84277344,0.3486328,0.21875,0.03125,-0.03125,0.0,0.0,0.0,442
1696237271968,-0.39648438,-0.8466797,0.36132812,-0.15625,-0.09375,-0.15625,0.0,0.0,0.0,443
1696237272008,-0.4033203,-0.8378906,0.35742188,-0.03125,0.09375,-0.15625,0.0,0.0,0.0,444
1696237272048,-0.3935547,-0.84277344,0.34765625,-0.25,-0.03125,-0.15625,0.0,0.0,0.0,445
1696237272088,-0.38867188,-0.8359375,0.36328125,0.40625,0.09375,-0.03125,0.0,0.0,0.0,446
1696237272128,-0.40625,-0.83203125,0.36035156,-0.03125,0.03125,0.03125,0.0,0.0,0.0,447
1696237272168,-0.38085938,-0.8496094,0.35742188,-0.3125,-0.03125,-0.09375,0.0,0.0,0.0,448
1696237272208,-0.40429688,-0.8300781,0.35253906,-0.1875,0.25,0.09375,0.0,0.0,0.0,449
1696237272248,-0.3955078,-0.8496094,0.36328125,-0.75,-0.03125,0.25,0.0,0.0,0.0,450
1696237272288,-0.39648438,-0.8378906,0.34472656,-0.09375,-0.15625,-0.03125,-33.4375,-59.8125,-42.0625,451
1696237272328,-0.38964844,-0.8408203,0.36132812,0.09375,-0.03125,0.03125,0.0,0.0,0.0,452
1696237272368,-0.39453125,-0.8408203,0.35351562,0.03125,0.375,0.09375,0.0,0.0,0.0,453
1696237272408,-0.39648438,-0.84277344,0.35742188,-0.03125,0.03125,0.15625,0.0,0.0,0.0,454
1696237272448,-0.40527344,-0.8417969,0.3515625,-0.03125,0.09375,-0.03125,0.0,0.0,0.0,455
1696237272488,-0.4033203,-0.8330078,0.3544922,-0.15625,-0.03125,0.03125,0.0,0.0,0.0,456
1696237272528,-0.4013672,-0.8457031,0.3671875,-0.375,-0.03125,0.09375,0.0,0.0,0.0,457
1696237272568,-0.39160156,-0.84472656,0.35351562,-0.09375,0.03125,-0.28125,0.0,0.0,0.0,458
1696237272608,-0.39746094,-0.83984375,0.34960938,0.21875,-0.15625,0.03125,0.0,0.0,0.0,459
1696237272648,-0.39160156,-0.8330078,0.359375,-0.3125,0.09375,-0.03125,0.0,0.0,0.0,460
1696237272688,-0.3984375,-0.8261719,0.35058594,-0.1875,0.15625,0.15625,0.0,0.0,0.0,461
1696237272728,-0.39257812,-0.84375,0.35839844,-0.5,0.3125,0.09375,0.0,0.0,0.0,462
1696237272768,-0.3984375,-0.84277344,0.35253906,-0.09375,-0.28125,0.09375,-34.625,-60.25,-42.5,463
1696237272808,-0.39257812,-0.8457031,0.3544922,0.15625,-0.15625,0.09375,0.0,0.0,0.0,464
1696237272848,-0.39941406,-0.84375,0.3623047,0.15625,0.1875,-0.03125,0.0,0.0,0.0,465
1696237272888,-0.38085938,-0.8457031,0.36328125,0.09375,0.03125,-0.21875,0.0,0.0,0.0,466
1696237272928,-0.40527344,-0.82421875,0.36523438,-0.03125,0.3125,0.15625,0.0,0.0,0.0,467
1696237272968,-0.40625,-0.83203125,0.35742188,-0.75,0.5,-0.03125,0.0,0.0,0.0,468
1696237273008,-0.38378906,-0.8466797,0.34570312,-1.25,-0.34375,0.15625,0.0,0.0,0.0,469
1696237273048,-0.3935547,-0.8339844,0.3486328,0.78125,-0.03125,-0.03125,0.0,0.0,0.0,470
1696237273088,-0.38964844,-0.83691406,0.3544922,0.15625,0.25,0.03125,0.0,0.0,0.0,471
1696237273128,-0.4033203,-0.8261719,0.35058594,-0.03125,0.3125,-0.21875,0.0,0.0,0.0,472
1696237273168,-0.40429688,-0.83984375,0.35058594,-0.03125,0.09375,0.09375,0.0,0.0,0.0,473
1696237273208,-0.40527344,-0.84277344,0.35058594,-0.25,-0.09375,-0.28125,0.0,0.0,0.0,474
1696237273248,-0.4013672,-0.83691406,0.35253906,-0.09375,-0.28125,-0.15625,0.0,0.0,0.0,475
1696237273288,-0.39746094,-0.84277344,0.35058594,-0.09375,0.1875,-0.34375,-33.3125,-61.0,-44.625,476
1696237273328,-0.3935547,-0.8359375,0.34960938,0.09375,0.1875,-0.28125,0.0,0.0,0.0,477
1696237273368,-0.39453125,-0.8330078,0.34765625,0.21875,-0.09375,-0.15625,0.0,0.0,0.0,478
1696237273408,-0.39160156,-0.8417969,0.35351562,-0.03125,0.03125,-0.09375,0.0,0.0,0.0,479
1696237273448,-0.3955078,-0.84277344,0.36035156,-0.09375,-0.03125,-0.03125,0.0,0.0,0.0,480
1696237273488,-0.39746094,-0.84472656,0.3486328,-0.09375,0.3125,-0.09375,0.0,0.0,0.0,481
1696237273528,-0.40527344,-0.8408203,0.35253906,0.03125,0.09375,-0.03125,0.0,0.0,0.0,482
1696237273568,-0.3935547,-0.8408203,0.38183594,-0.09375,-0.15625,-0.09375,0.0,0.0,0.0,483
1696237273608,-0.39941406,-0.8310547,0.3544922,-0.09375,-0.03125,-0.21875,0.0,0.0,0.0,484
1696237273648,-0.3876953,-0.8330078,0.35351562,-0.1875,0.03125,-0.09375,0.0,0.0,0.0,485
1696237273688,-0.39941406,-0.83691406,0.359375,-0.3125,0.15625,-0.09375,0.0,0.0,0.0,486
1696237273728,-0.390625,-0.83984375,0.3466797,-0.625,-0.03125,0.03125,0.0,0.0,0.0,487
1696237273768,-0.39257812,-0.828125,0.3623047,0.65625,-0.03125,-0.34375,-33.125,-60.5625,-43.4375,488
1696237273808,-0.40039062,-0.828125,0.35546875,-0.09375,-0.03125,-0.15625,0.0,0.0,0.0,489
1696237273848,-0.39648438,-0.8408203,0.3544922,0.03125,-0.09375,0.09375,0.0,0.0,0.0,490
1696237273888,-0.40429688,-0.83984375,0.35253906,-0.09375,-0.09375,0.21875,0.0,0.0,0.0,491
1696237273928,-0.4013672,-0.83203125,0.34960938,-0.3125,-0.03125,-0.15625,0.0,0.0,0.0,492
1696237273968,-0.3935547,-0.8408203,0.35742188,-0.09375,-0.09375,-0.21875,0.0,0.0,0.0,493
1696237274008,-0.40625,-0.84472656,0.36132812,-0.1875,0.09375,-0.03125,0.0,0.0,0.0,494
1696237274048,-0.3955078,-0.84472656,0.3642578,-0.625,0.1875,-0.21875,0.0,0.0,0.0,495
1696237274088,-0.39746094,-0.84472656,0.34570312,0.34375,-0.03125,-0.09375,0.0,0.0,0.0,496
1696237274128,-0.38378906,-0.83691406,0.35351562,0.46875,-0.40625,-0.03125,0.0,0.0,0.0,497
1696237274168,-0.4013672,-0.8330078,0.36132812,-0.03125,-0.09375,-0.03125,0.0,0.0,0.0,498
1696237274208,-0.3935547,-0.8359375,0.3486328,0.03125,0.15625,-0.03125,0.0,0.0,0.0,499
1696237274248,-0.39648438,-0.8310547,0.36132812,-0.1875,0.3125,-0.03125,0.0,0.0,0.0,500
1696237274288,-0.38671875,-0.8378906,0.36621094,-0.03125,0.15625,-0.09375,-34.0625,-60.6875,-42.8125,501
1696237274328,-0.4033203,-0.8330078,0.36132812,-0.1875,-0.09375,0.03125,0.0,0.0,0.0,502
1696237274368,-0.39746094,-0.84277344,0.359375,-0.15625,0.09375,-0.21875,0.0,0.0,0.0,503
1696237274408,-0.3955078,-0.83691406,0.3642578,0.03125,-0.09375,0.03125,0.0,0.0,0.0,504
1696237274448,-0.39257812,-0.84765625,0.35839844,0.09375,0.15625,0.15625,0.0,0.0,0.0,505
1696237274488,-0.4013672,-0.8408203,0.35351562,-0.15625,-0.03125,-0.09375,0.0,0.0,0.0,506
1696237274528,-0.390625,-0.8359375,0.36523438,-0.03125,-0.09375,0.03125,0.0,0.0,0.0,507
1696237274568,-0.39453125,-0.8408203,0.35351562,-0.1875,0.25,-0.15625,0.0,0.0,0.0,508
1696237274608,-0.39648438,-0.8417969,0.35351562,-0.09375,-0.03125,-0.09375,0.0,0.0,0.0,509
1696237274648,-0.40234375,-0.8339844,0.36132812,-0.03125,-0.21875,0.15625,0.0,0.0,0.0,510
1696237274688,-0.390625,-0.8378906,0.359375,0.21875,0.15625,-0.09375,0.0,0.0,0.0,511
1696237274728,-0.39746094,-0.8417969,0.359375,-0.03125,0.1875,-0.03125,0.0,0.0,0.0,512
1696237274768,-0.40039062,-0.8339844,0.359375,-0.3125,0.1875,-0.09375,-34.9375,-60.125,-43.4375,513
1696237274808,-0.40234375,-0.8388672,0.35351562,-0.15625,0.09375,0.03125,0.0,0.0,0.0,514
1696237274848,-0.3984375,-0.8417969,0.34960938,-0.25,-0.34375,0.09375,0.0,0.0,0.0,515
1696237274888,-0.38964844,-0.84375,0.3564453,-0.15625,0.1875,0.09375,0.0,0.0,0.0,516
1696237274928,-0.39648438,-0.83203125,0.36328125,-0.1875,0.09375,0.03125,0.0,0.0,0.0,517
1696237274968,-0.4033203,-0.8378906,0.34765625,0.15625,0.09375,0.03125,0.0,0.0,0.0,518
1696237275008,-0.39453125,-0.8408203,0.36621094,-0.15625,0.03125,-0.09375,0.0,0.0,0.0,519
1696237275048,-0.39160156,-0.83984375,0.35058594,-0.4375,0.15625,0.09375,0.0,0.0,0.0,520
1696237275088,-0.39746094,-0.83691406,0.35839844,0.03125,-0.28125,-0.03125,0.0,0.0,0.0,521
1696237275128,-0.3984375,-0.8408203,0.35253906,-0.03125,-0.09375,-0.03125,0.0,0.0,0.0,522
1696237275168,-0.39160156,-0.83691406,0.36816406,-0.15625,0.375,0.09375,0.0,0.0,0.0,523
1696237275208,-0.40429688,-0.83691406,0.36621094,-0.375,0.25,0.09375,0.0,0.0,0.0,524
1696237275248,-0.38476562,-0.85253906,0.35058594,-1.0,-0.15625,0.3125,0.0,0.0,0.0,525
1696237275288,-0.3935547,-0.8378906,0.3564453,0.21875,0.15625,-0.09375,-35.125,-59.1875,-43.5625,526
1696237275328,-0.39257812,-0.8486328,0.3515625,-0.1875,-0.09375,0.03125,0.0,0.0,0.0,527
1696237275368,-0.40039062,-0.8388672,0.34960938,0.15625,0.03125,0.03125,0.0,0.0,0.0,528
1696237275408,-0.40039062,-0.8388672,0.36914062,0.28125,0.09375,0.15625,0.0,0.0,0.0,529
1696237275448,-0.4013672,-0.8457031,0.3564453,-0.25,-0.15625,-0.09375,0.0,0.0,0.0,530
1696237275488,-0.3984375,-0.8388672,0.3671875,0.03125,0.09375,-0.03125,0.0,0.0,0.0,531
1696237275528,-0.39453125,-0.8466797,0.35351562,-0.4375,-0.03125,-0.15625,0.0,0.0,0.0,532
1696237275568,-0.39160156,-0.83496094,0.359375,-0.09375,0.3125,-0.21875,0.0,0.0,0.0,533
1696237275608,-0.3984375,-0.8515625,0.36035156,-0.09375,-0.15625,-0.09375,0.0,0.0,0.0,534
1696237275648,-0.40234375,-0.8378906,0.36621094,-0.03125,-0.09375,0.03125,0.0,0.0,0.0,535
1696237275688,-0.4033203,-0.84375,0.3466797,-0.03125,-0.15625,-0.03125,0.0,0.0,0.0,536
1696237275728,-0.39257812,-0.8466797,0.36523438,-0.09375,-0.03125,-0.09375,0.0,0.0,0.0,537
1696237275768,-0.39453125,-0.84277344,0.35742188,0.03125,0.09375,-0.09375,-34.5,-60.875,-43.4375,538
1696237275808,-0.3935547,-0.83496094,0.3671875,0.03125,0.09375,-0.09375,0.0,0.0,0.0,539
1696237275848,-0.3955078,-0.8330078,0.3544922,-0.15625,-0.09375,-0.15625,0.0,0.0,0.0,540
1696237275888,-0.3935547,-0.84472656,0.3671875,-0.03125,0.09375,-0.21875,0.0,0.0,0.0,541
1696237275928,-0.39941406,-0.83203125,0.36035156,0.0625,0.375,-0.21875,0.0,0.0,0.0,542
1696237275968,-0.39941406,-0.84375,0.3623047,-0.46875,-0.09375,0.21875,0.0,0.0,0.0,543
1696237276008,-0.3955078,-0.8261719,0.37304688,0.3125,0.21875,-0.25,0.0,0.0,0.0,544
1696237276048,-0.3984375,-0.8378906,0.3701172,-0.125,-0.09375,-0.15625,0.0,0.0,0.0,545
1696237276088,-0.40234375,-0.8359375,0.35253906,-0.1875,0.21875,-0.09375,0.0,0.0,0.0,546
1696237276128,-0.3984375,-0.8378906,0.36132812,0.1875,-0.21875,-0.09375,0.0,0.0,0.0,547
1696237276168,-0.39453125,-0.83984375,0.35253906,0.1875,-0.34375,-0.03125,0.0,0.0,0.0,548
1696237276208,-0.39746094,-0.8359375,0.34472656,0.4375,-0.15625,-0.09375,0.0,0.0,0.0,549
1696237276248,-0.3935547,-0.8378906,0.36132812,0.0,-0.03125,-0.09375,-34.0625,-60.25,-44.625,550
1696237276288,-0.39453125,-0.84277344,0.35351562,-0.125,0.21875,-0.09375,0.0,0.0,0.0,551
1696237276328,-0.39648438,-0.83984375,0.3544922,0.125,-0.28125,-0.09375,0.0,0.0,0.0,552
1696237276368,-0.3935547,-0.8330078,0.34960938,-0.1875,-0.28125,-0.09375,0.0,0.0,0.0,553
1696237276408,-0.3955078,-0.8359375,0.35839844,-0.1875,-0.03125,-0.09375,0.0,0.0,0.0,554
1696237276448,-0.39160156,-0.8300781,0.34570312,-0.125,-0.03125,-0.21875,0.0,0.0,0.0,555
1696237276488,-0.39160156,-0.8408203,0.35546875,0.25,0.09375,0.09375,0.0,0.0,0.0,556
1696237276528,-0.40234375,-0.8457031,0.3564453,0.1875,-0.15625,-0.03125,0.0,0.0,0.0,557
1696237276568,-0.3935547,-0.8330078,0.3671875,-0.125,-0.09375,-0.09375,0.0,0.0,0.0,558
1696237276608,-0.38867188,-0.83203125,0.34765625,-0.25,-0.09375,-0.09375,0.0,0.0,0.0,559
1696237276648,-0.40429688,-0.8388672,0.35253906,0.0625,-0.09375,0.03125,0.0,0.0,0.0,560
1696237276688,-0.40429688,-0.84277344,0.36328125,-0.125,0.21875,0.09375,0.0,0.0,0.0,561
1696237276728,-0.39257812,-0.8417969,0.36035156,-0.46875,-0.03125,0.09375,0.0,0.0,0.0,562
1696237276768,-0.39257812,-0.83203125,0.35742188,0.1875,0.28125,-0.21875,-35.5625,-59.375,-42.375,563
1696237276808,-0.38964844,-0.8466797,0.3564453,-0.25,0.15625,-0.09375,0.0,0.0,0.0,564
1696237276848,-0.39257812,-0.84375,0.34472656,0.125,-0.15625,-0.15625,0.0,0.0,0.0,565
1696237276888,-0.40039062,-0.8388672,0.3720703,0.5625,-0.03125,-0.03125,0.0,0.0,0.0,566
1696237276928,-0.39453125,-0.83984375,0.3623047,-0.40625,-0.03125,-0.3125,0.0,0.0,0.0,567
1696237276968,-0.4013672,-0.8330078,0.3486328,0.125,0.03125,0.03125,0.0,0.0,0.0,568
1696237277008,-0.3955078,-0.8496094,0.34765625,-0.34375,-0.03125,-0.03125,0.0,0.0,0.0,569
1696237277048,-0.39746094,-0.83691406,0.359375,-0.28125,-0.09375,-0.21875,0.0,0.0,0.0,570
1696237277088,-0.3984375,-0.8417969,0.35351562,0.25,-0.15625,0.03125,0.0,0.0,0.0,571
1696237277128,-0.39160156,-0.83984375,0.3564453,0.0,-0.03125,-0.03125,0.0,0.0,0.0,572
1696237277168,-0.3984375,-0.8417969,0.34375,0.0625,-0.09375,0.03125,0.0,0.0,0.0,573
1696237277208,-0.39160156,-0.8388672,0.3642578,-0.0625,-0.03125,0.09375,0.0,0.0,0.0,574
1696237277248,-0.39160156,-0.8359375,0.35351562,0.0,-0.21875,0.03125,-34.9375,-59.8125,-44.1875,575
1696237277288,-0.3857422,-0.8388672,0.35253906,0.0,-0.15625,-0.09375,0.0,0.0,0.0,576
1696237277328,-0.39648438,-0.84277344,0.34765625,0.0625,-0.21875,-0.03125,0.0,0.0,0.0,577
1696237277368,-0.3876953,-0.8330078,0.36035156,0.125,-0.15625,-0.09375,0.0,0.0,0.0,578
1696237277408,-0.39941406,-0.8378906,0.3544922,0.0625,0.03125,0.09375,0.0,0.0,0.0,579
1696237277448,-0.4033203,-0.8466797,0.36816406,-0.25,0.09375,0.28125,0.0,0.0,0.0,580
1696237277488,-0.39453125,-0.8486328,0.3466797,-1.03125,-0.21875,0.03125,0.0,0.0,0.0,581
1696237277528,-0.390625,-0.84375,0.35839844,0.25,-0.03125,-0.09375,0.0,0.0,0.0,582
1696237277568,-0.3857422,-0.84277344,0.359375,-0.25,0.375,0.09375,0.0,0.0,0.0,583
1696237277608,-0.3955078,-0.8251953,0.34960938,0.125,0.21875,-0.03125,0.0,0.0,0.0,584
1696237277648,-0.3984375,-0.84277344,0.3564453,-0.125,-0.09375,0.09375,0.0,0.0,0.0,585
1696237277688,-0.40527344,-0.8300781,0.35742188,-0.28125,0.09375,-0.15625,0.0,0.0,0.0,586
1696237277728,-0.38867188,-0.8339844,0.3564453,0.0,-0.40625,0.15625,0.0,0.0,0.0,587
1696237277768,-0.39941406,-0.8408203,0.3486328,-0.25,-0.28125,0.03125,-33.4375,-58.75,-44.1875,588
1696237277808,-0.3984375,-0.8417969,0.3623047,0.0,-0.09375,0.09375,0.0,0.0,0.0,589
1696237277848,-0.4033203,-0.8339844,0.35253906,0.1875,-0.28125,-0.03125,0.0,0.0,0.0,590
1696237277888,-0.3935547,-0.83496094,0.35742188,-0.34375,0.21875,-0.03125,0.0,0.0,0.0,591
1696237277928,-0.4033203,-0.8417969,0.3388672,-0.25,-0.28125,-0.03125,0.0,0.0,0.0,592
1696237277968,-0.39648438,-0.8330078,0.3486328,0.125,-0.09375,0.09375,0.0,0.0,0.0,593
1696237278008,-0.3955078,-0.8378906,0.36328125,0.25,-0.09375,-0.03125,0.0,0.0,0.0,594
1696237278048,-0.4013672,-0.83203125,0.36132812,0.1875,-0.09375,-0.09375,0.0,0.0,0.0,595
1696237278088,-0.3876953,-0.8359375,0.36328125,0.0,0.15625,-0.15625,0.0,0.0,0.0,596
1696237278128,-0.40234375,-0.83203125,0.3544922,-0.125,0.15625,0.03125,0.0,0.0,0.0,597
1696237278168,-0.40234375,-0.83691406,0.359375,-0.65625,-0.15625,0.15625,0.0,0.0,0.0,598
1696237278208,-0.40429688,-0.8388672,0.36132812,-0.34375,-0.21875,-0.25,0.0,0.0,0.0,599
1696237278248,-0.39648438,-0.84375,0.36132812,0.625,-0.15625,-0.25,-35.125,-60.25,-43.25,600
1696237278288,-0.4013672,-0.8408203,0.36132812,0.625,0.3125,-0.15625,0.0,0.0,0.0,601
1696237278328,-0.3984375,-0.8359375,0.3642578,0.3125,0.09375,-0.15625,0.0,0.0,0.0,602
1696237278368,-0.39648438,-0.83203125,0.3564453,-0.1875,-0.28125,-0.15625,0.0,0.0,0.0,603
1696237278408,-0.40234375,-0.8339844,0.3623047,-0.34375,-0.03125,-0.15625,0.0,0.0,0.0,604
1696237278448,-0.3955078,-0.84765625,0.3564453,-0.53125,0.21875,-0.15625,0.0,0.0,0.0,605
1696237278488,-0.39160156,-0.84277344,0.3486328,-0.34375,0.15625,-0.15625,0.0,0.0,0.0,606
1696237278528,-0.38671875,-0.8408203,0.34570312,0.6875,-0.40625,-0.15625,0.0,0.0,0.0,607
1696237278568,-0.39257812,-0.8388672,0.34277344,0.8125,-0.65625,0.03125,0.0,0.0,0.0,608
1696237278608,-0.39941406,-0.8330078,0.3486328,0.25,-0.34375,-0.03125,0.0,0.0,0.0,609
1696237278648,-0.39257812,-0.8261719,0.3486328,0.0,0.09375,-0.15625,0.0,0.0,0.0,610
1696237278688,-0.39746094,-0.83984375,0.36621094,-0.125,0.21875,-0.09375,0.0,0.0,0.0,611
1696237278728,-0.3935547,-0.8408203,0.3466797,-0.28125,-0.09375,-0.09375,0.0,0.0,0.0,612
1696237278768,-0.3955078,-0.84472656,0.35742188,-0.125,0.09375,-0.15625,-34.1875,-60.5625,-44.1875,613
1696237278808,-0.38183594,-0.8388672,0.3623047,-0.25,0.21875,-0.15625,0.0,0.0,0.0,614
1696237278848,-0.40234375,-0.8417969,0.3544922,-0.0625,0.21875,-0.15625,0.0,0.0,0.0,615
1696237278888,-0.39257812,-0.8417969,0.34960938,-0.59375,-0.28125,0.09375,0.0,0.0,0.0,616
1696237278928,-0.3935547,-0.8310547,0.35839844,0.5625,0.03125,-0.21875,0.0,0.0,0.0,617
1696237278968,-0.40039062,-0.8378906,0.36621094,0.0625,-0.34375,-0.15625,0.0,0.0,0.0,618
1696237279008,-0.38867188,-0.8388672,0.35351562,0.0,0.15625,-0.15625,0.0,0.0,0.0,619
1696237279048,-0.4013672,-0.8359375,0.35742188,0.125,-0.03125,-0.09375,0.0,0.0,0.0,620
1696237279088,-0.39648438,-0.83691406,0.3486328,-0.125,-0.21875,-0.09375,0.0,0.0,0.0,621
1696237279128,-0.3984375,-0.8408203,0.359375,0.375,-0.09375,-0.21875,0.0,0.0,0.0,622
1696237279168,-0.39257812,-0.828125,0.36328125,0.3125,-0.21875,0.03125,0.0,0.0,0.0,623
1696237279208,-0.39746094,-0.83203125,0.3486328,0.0625,0.21875,-0.15625,0.0,0.0,0.0,624
1696237279248,-0.3984375,-0.8378906,0.35839844,0.25,-0.09375,-0.03125,-33.125,-59.375,-44.75,625
1696237279288,-0.39648438,-0.84472656,0.359375,-0.125,-0.15625,0.03125,0.0,0.0,0.0,626
1696237279328,-0.3876953,-0.8417969,0.3564453,0.0625,0.15625,-0.15625,0.0,0.0,0.0,627
1696237279368,-0.38964844,-0.84277344,0.3623047,-0.0625,-0.09375,-0.03125,0.0,0.0,0.0,628
1696237279408,-0.39648438,-0.8388672,0.34960938,0.125,0.09375,-0.09375,0.0,0.0,0.0,629
1696237279448,-0.39160156,-0.83984375,0.3642578,0.0,-0.15625,0.09375,0.0,0.0,0.0,630
1696237279488,-0.39746094,-0.8339844,0.34960938,-0.0625,-0.40625,-0.3125,0.0,0.0,0.0,631
1696237279528,-0.38867188,-0.83203125,0.36132812,0.125,-0.09375,-0.03125,0.0,0.0,0.0,632
1696237279568,-0.4111328,-0.8300781,0.35742188,0.4375,0.6875,-0.09375,0.0,0.0,0.0,633
1696237279608,-0.38378906,-0.8466797,0.3779297,-0.65625,-0.09375,-0.03125,0.0,0.0,0.0,634
1696237279648,-0.40039062,-0.8339844,0.36035156,0.3125,0.21875,-0.09375,0.0,0.0,0.0,635
1696237279688,-0.39453125,-0.8339844,0.359375,-0.46875,0.03125,-0.03125,0.0,0.0,0.0,636
1696237279728,-0.3984375,-0.83691406,0.36328125,-0.40625,0.15625,-0.21875,0.0,0.0,0.0,637
1696237279768,-0.39257812,-0.83203125,0.34570312,0.625,-0.34375,0.09375,-34.5,-59.375,-43.6875,638
1696237279808,-0.39257812,-0.8417969,0.35253906,0.375,-0.28125,-0.03125,0.0,0.0,0.0,639
1696237279848,-0.3876953,-0.82714844,0.36523438,0.5625,-0.28125,-0.09375,0.0,0.0,0.0,640
1696237279888,-0.3876953,-0.84472656,0.359375,0.1875,-0.15625,0.03125,0.0,0.0,0.0,641
1696237279928,-0.390625,-0.8408203,0.3544922,-0.0625,0.4375,-0.15625,0.0,0.0,0.0,642
1696237279968,-0.40039062,-0.8339844,0.35839844,-0.25,-0.09375,0.09375,0.0,0.0,0.0,643
1696237280008,-0.39160156,-0.8457031,0.3564453,-0.28125,-0.03125,0.03125,0.0,0.0,0.0,644
1696237280048,-0.3955078,-0.8359375,0.36035156,-0.0625,0.03125,0.03125,0.0,0.0,0.0,645
1696237280088,-0.39746094,-0.8388672,0.34960938,-0.0625,-0.34375,-0.15625,0.0,0.0,0.0,646
1696237280128,-0.4013672,-0.8457031,0.3642578,0.5625,0.09375,0.03125,0.0,0.0,0.0,647
1696237280168,-0.39453125,-0.83496094,0.359375,0.0625,-0.21875,-0.03125,0.0,0.0,0.0,648
1696237280208,-0.3984375,-0.8339844,0.36035156,0.1875,-0.03125,0.03125,0.0,0.0,0.0,649
1696237280248,-0.3935547,-0.8388672,0.35253906,0.0,0.03125,0.03125,-35.125,-61.0,-43.5625,650
1696237280288,-0.38964844,-0.84277344,0.3642578,0.0625,0.09375,0.03125,0.0,0.0,0.0,651
1696237280328,-0.39941406,-0.8388672,0.35742188,-0.34375,-0.03125,0.09375,0.0,0.0,0.0,652
1696237280368,-0.39257812,-0.85058594,0.36132812,-0.53125,-0.21875,0.15625,0.0,0.0,0.0,653
1696237280408,-0.390625,-0.8378906,0.3515625,0.375,0.21875,-0.15625,0.0,0.0,0.0,654
1696237280448,-0.3984375,-0.8388672,0.3564453,0.0,0.4375,-0.03125,0.0,0.0,0.0,655
1696237280488,-0.39746094,-0.83203125,0.35839844,0.125,-0.03125,0.15625,0.0,0.0,0.0,656
1696237280528,-0.40039062,-0.84472656,0.36035156,0.1875,-0.21875,0.03125,0.0,0.0,0.0,657
1696237280568,-0.40039062,-0.8300781,0.34570312,0.0,-0.09375,-0.09375,0.0,0.0,0.0,658
1696237280608,-0.39941406,-0.8300781,0.34765625,-0.0625,0.09375,-0.09375,0.0,0.0,0.0,659
1696237280648,-0.3935547,-0.8378906,0.36035156,-0.0625,0.15625,-0.03125,0.0,0.0,0.0,660
1696237280688,-0.40039062,-0.8339844,0.3408203,0.0,-0.03125,-0.15625,0.0,0.0,0.0,661
1696237280728,-0.39453125,-0.8486328,0.3466797,0.125,-0.40625,-0.09375,0.0,0.0,0.0,662
1696237280768,-0.39257812,-0.83984375,0.3564453,0.3125,-0.21875,-0.09375,-34.5,-60.125,-44.1875,663
1696237280808,-0.39941406,-0.83203125,0.359375,0.25,-0.03125,-0.15625,0.0,0.0,0.0,664
1696237280848,-0.4033203,-0.8378906,0.3623047,0.0625,0.28125,-0.09375,0.0,0.0,0.0,665
1696237280888,-0.39453125,-0.82714844,0.36328125,-0.0625,0.15625,-0.21875,0.0,0.0,0.0,666
1696237280928,-0.39453125,-0.8339844,0.3466797,0.0,-0.21875,0.03125,0.0,0.0,0.0,667
1696237280968,-0.39257812,-0.8457031,0.36132812,0.1875,-0.21875,-0.21875,0.0,0.0,0.0,668
1696237281008,-0.39453125,-0.8359375,0.34179688,0.3125,-0.09375,-0.15625,0.0,0.0,0.0,669
1696237281048,-0.39160156,-0.8378906,0.35351562,0.125,0.09375,-0.15625,0.0,0.0,0.0,670
1696237281088,-0.39648438,-0.82910156,0.35839844,0.375,0.21875,-0.15625,0.0,0.0,0.0,671
1696237281128,-0.4033203,-0.8457031,0.36621094,-0.46875,-0.03125,0.21875,0.0,0.0,0.0,672
1696237281168,-0.38964844,-0.84472656,0.35351562,-0.65625,0.03125,-0.21875,0.0,0.0,0.0,673
1696237281208,-0.39648438,-0.8339844,0.34570312,0.0,-0.21875,-0.21875,0.0,0.0,0.0,674
1696237281248,-0.39453125,-0.8544922,0.36621094,0.4375,0.09375,-0.21875,-34.5,-59.0625,-42.375,675
1696237281288,-0.4033203,-0.8408203,0.3564453,0.625,0.09375,0.09375,0.0,0.0,0.0,676
1696237281328,-0.39160156,-0.84277344,0.3642578,0.0625,-0.28125,-0.09375,0.0,0.0,0.0,677
1696237281368,-0.3935547,-0.83496094,0.35253906,0.125,0.15625,-0.03125,0.0,0.0,0.0,678
1696237281408,-0.39453125,-0.8388672,0.3564453,-0.1875,-0.03125,-0.09375,0.0,0.0,0.0,679
1696237281448,-0.3984375,-0.83984375,0.3466797,0.0,0.03125,-0.15625,0.0,0.0,0.0,680
1696237281488,-0.3955078,-0.8339844,0.3466797,0.125,-0.03125,0.03125,0.0,0.0,0.0,681
1696237281528,-0.3857422,-0.8300781,0.35253906,0.0,-0.46875,-0.21875,0.0,0.0,0.0,682
1696237281568,-0.3984375,-0.84277344,0.35839844,0.3125,-0.21875,0.03125,0.0,0.0,0.0,683
1696237281608,-0.40039062,-0.8378906,0.36621094,0.125,-0.03125,-0.03125,0.0,0.0,0.0,684
1696237281648,-0.3935547,-0.83691406,0.36621094,0.0,0.21875,0.03125,0.0,0.0,0.0,685
1696237281688,-0.39746094,-0.82910156,0.35742188,0.0,-0.03125,-0.03125,0.0,0.0,0.0,686
1696237281728,-0.3955078,-0.8408203,0.36132812,0.25,0.15625,-0.15625,0.0,0.0,0.0,687
1696237281768,-0.3955078,-0.8359375,0.3544922,0.0,-0.28125,-0.09375,-33.3125,-59.9375,-43.875,688
1696237281808,-0.3935547,-0.8300781,0.35839844,0.0,-0.09375,0.03125,0.0,0.0,0.0,689
1696237281848,-0.39648438,-0.8310547,0.3642578,0.0,-0.03125,-0.21875,0.0,0.0,0.0,690
1696237281888,-0.39160156,-0.8388672,0.35839844,0.1875,0.03125,-0.09375,0.0,0.0,0.0,691
1696237281928,-0.41210938,-0.82910156,0.36035156,0.4375,0.03125,0.03125,0.0,0.0,0.0,692
1696237281968,-0.39453125,-0.8417969,0.359375,-0.90625,-0.15625,0.21875,0.0,0.0,0.0,693
1696237282008,-0.4013672,-0.83203125,0.35351562,0.375,0.09375,-0.21875,0.0,0.0,0.0,694
1696237282048,-0.3935547,-0.8388672,0.359375,-0.1875,0.03125,-0.15625,0.0,0.0,0.0,695
1696237282088,-0.39257812,-0.84375,0.3486328,0.25,0.15625,-0.21875,0.0,0.0,0.0,696
1696237282128,-0.39746094,-0.8486328,0.359375,0.0625,-0.15625,-0.03125,0.0,0.0,0.0,697
1696237282168,-0.38867188,-0.8359375,0.3544922,0.0,-0.09375,-0.15625,0.0,0.0,0.0,698
1696237282208,-0.39160156,-0.8359375,0.3623047,0.375,-0.03125,-0.15625,0.0,0.0,0.0,699
1696237282248,-0.3935547,-0.83984375,0.35742188,0.0,0.03125,0.03125,-34.9375,-59.375,-43.6875,700
1696237282288,-0.39160156,-0.8359375,0.36132812,-0.28125,0.15625,-0.15625,0.0,0.0,0.0,701
1696237282328,-0.4013672,-0.84277344,0.359375,0.1875,-0.09375,0.03125,0.0,0.0,0.0,702
1696237282368,-0.39746094,-0.8408203,0.359375,-0.0625,-0.09375,0.03125,0.0,0.0,0.0,703
1696237282408,-0.390625,-0.84375,0.3701172,0.125,-0.03125,-0.15625,0.0,0.0,0.0,704
1696237282448,-0.39257812,-0.8378906,0.35058594,0.3125,0.03125,0.03125,0.0,0.0,0.0,705
1696237282488,-0.3935547,-0.8417969,0.3701172,0.1875,0.09375,-0.03125,0.0,0.0,0.0,706
1696237282528,-0.40625,-0.8457031,0.34960938,0.125,-0.21875,0.15625,0.0,0.0,0.0,707
1696237282568,-0.3935547,-0.8466797,0.36914062,-0.125,-0.15625,0.03125,0.0,0.0,0.0,708
1696237282608,-0.3935547,-0.84277344,0.36035156,-0.28125,-0.09375,0.03125,0.0,0.0,0.0,709
1696237282648,-0.39453125,-0.83691406,0.35839844,0.0625,0.09375,-0.03125,0.0,0.0,0.0,710
1696237282688,-0.39941406,-0.8457031,0.3701172,0.1875,-0.03125,-0.09375,0.0,0.0,0.0,711
1696237282728,-0.3984375,-0.8378906,0.35742188,0.1875,-0.03125,0.09375,0.0,0.0,0.0,712
1696237282768,-0.3935547,-0.828125,0.37109375,0.0,-0.15625,0.09375,-35.125,-59.9375,-42.5,713
1696237282808,-0.3935547,-0.84472656,0.36816406,0.0625,-0.09375,0.09375,0.0,0.0,0.0,714
1696237282848,-0.390625,-0.83496094,0.35351562,0.0,0.03125,0.03125,0.0,0.0,0.0,715
1696237282888,-0.38964844,-0.8408203,0.36816406,-0.125,-0.09375,-0.03125,0.0,0.0,0.0,716
1696237282928,-0.3955078,-0.8378906,0.35546875,0.1875,0.03125,-0.09375,0.0,0.0,0.0,717
1696237282968,-0.3955078,-0.8339844,0.36523438,0.25,0.09375,0.03125,0.0,0.0,0.0,718
1696237283008,-0.40039062,-0.8339844,0.35058594,-0.25,-0.09375,0.15625,0.0,0.0,0.0,719
1696237283048,-0.39257812,-0.8378906,0.3515625,-0.46875,-0.40625,0.15625,0.0,0.0,0.0,720
1696237283088,-0.3876953,-0.8359375,0.3564453,0.5,-0.15625,-0.09375,0.0,0.0,0.0,721
1696237283128,-0.39453125,-0.8330078,0.3701172,-0.125,0.15625,-0.03125,0.0,0.0,0.0,722
1696237283168,-0.39648438,-0.83691406,0.35351562,0.25,0.21875,0.03125,0.0,0.0,0.0,723
1696237283208,-0.3955078,-0.83691406,0.35351562,0.0625,0.15625,-0.09375,0.0,0.0,0.0,724
1696237283248,-0.3935547,-0.8300781,0.36132812,-0.25,-0.03125,-0.09375,-35.25,-59.8125,-42.6875,725
1696237283288,-0.39453125,-0.8457031,0.35546875,-0.40625,0.03125,-0.15625,0.0,0.0,0.0,726
1696237283328,-0.4013672,-0.83691406,0.3486328,-0.34375,-0.09375,-0.15625,0.0,0.0,0.0,727
1696237283368,-0.3955078,-0.8378906,0.359375,0.375,0.3125,-0.09375,0.0,0.0,0.0,728
1696237283408,-0.39648438,-0.8388672,0.3515625,0.4375,-0.09375,-0.09375,0.0,0.0,0.0,729
1696237283448,-0.3955078,-0.8378906,0.35839844,0.25,-0.03125,-0.09375,0.0,0.0,0.0,730
1696237283488,-0.39453125,-0.8466797,0.3564453,0.3125,-0.40625,-0.03125,0.0,0.0,0.0,731
1696237283528,-0.3984375,-0.83984375,0.3642578,0.3125,-0.21875,0.09375,0.0,0.0,0.0,732
1696237283568,-0.4013672,-0.8330078,0.35058594,0.0625,-0.21875,-0.15625,0.0,0.0,0.0,733
1696237283608,-0.3984375,-0.83691406,0.359375,-0.125,-0.03125,-0.15625,0.0,0.0,0.0,734
1696237283648,-0.39160156,-0.83984375,0.36621094,0.0,0.15625,-0.15625,0.0,0.0,0.0,735
1696237283688,-0.3876953,-0.83496094,0.35742188,-0.125,0.15625,-0.09375,0.0,0.0,0.0,736
1696237283728,-0.39746094,-0.8378906,0.35351562,-0.0625,-0.21875,-0.03125,0.0,0.0,0.0,737
1696237283768,-0.3935547,-0.8359375,0.35351562,-0.0625,-0.09375,0.03125,-34.9375,-59.375,-43.125,738
1696237283808,-0.3876953,-0.8417969,0.37109375,-0.0625,-0.15625,-0.09375,0.0,0.0,0.0,739
1696237283848,-0.39453125,-0.83691406,0.3564453,0.375,0.15625,0.09375,0.0,0.0,0.0,740
1696237283888,-0.4033203,-0.83496094,0.3623047,0.0625,-0.03125,0.15625,0.0,0.0,0.0,741
1696237283928,-0.38867188,-0.8388672,0.3486328,-0.34375,-0.21875,0.09375,0.0,0.0,0.0,742
1696237283968,-0.39746094,-0.8408203,0.3564453,0.1875,-0.09375,-0.09375,0.0,0.0,0.0,743
1696237284008,-0.38867188,-0.8417969,0.36132812,0.0,0.03125,-0.09375,0.0,0.0,0.0,744
1696237284048,-0.38867188,-0.83496094,0.3623047,0.0625,0.03125,-0.15625,0.0,0.0,0.0,745
1696237284088,-0.40722656,-0.8486328,0.35253906,0.0,-0.09375,0.03125,0.0,0.0,0.0,746
1696237284128,-0.3984375,-0.84472656,0.34765625,-0.25,0.09375,-0.15625,0.0,0.0,0.0,747
1696237284168,-0.39941406,-0.8417969,0.36621094,0.0625,0.15625,-0.15625,0.0,0.0,0.0,748
1696237284208,-0.39648438,-0.84472656,0.3564453,0.0625,0.21875,-0.15625,0.0,0.0,0.0,749
1696237284248,-0.39746094,-0.83496094,0.36328125,0.0,-0.03125,-0.09375,-34.0625,-59.9375,-44.3125,750
1696237284288,-0.39746094,-0.8417969,0.35546875,0.375,-0.34375,-0.09375,0.0,0.0,0.0,751
1696237284328,-0.39648438,-0.8388672,0.36035156,0.0,-0.34375,0.15625,0.0,0.0,0.0,752
1696237284368,-0.40625,-0.8417969,0.36914062,0.125,-0.21875,0.03125,0.0,0.0,0.0,753
1696237284408,-0.39941406,-0.83984375,0.35351562,-0.0625,0.09375,-0.03125,0.0,0.0,0.0,754
1696237284448,-0.3984375,-0.83691406,0.35253906,0.0,-0.09375,0.03125,0.0,0.0,0.0,755
1696237284488,-0.39453125,-0.8466797,0.375,0.625,-0.15625,-0.15625,0.0,0.0,0.0,756
1696237284528,-0.40234375,-0.84375,0.36132812,0.5,-0.03125,-0.15625,0.0,0.0,0.0,757
1696237284568,-0.3955078,-0.8388672,0.3544922,0.25,-0.15625,-0.03125,0.0,0.0,0.0,758
1696237284608,-0.40234375,-0.8339844,0.359375,-0.28125,0.09375,0.09375,0.0,0.0,0.0,759
1696237284648,-0.38964844,-0.8339844,0.3486328,-0.28125,-0.34375,-0.09375,0.0,0.0,0.0,760
1696237284688,-0.38964844,-0.8251953,0.3564453,-0.1875,0.15625,0.21875,0.0,0.0,0.0,761
1696237284728,-0.39648438,-0.8330078,0.36328125,0.1875,0.15625,0.03125,0.0,0.0,0.0,762
1696237284768,-0.39257812,-0.8457031,0.36035156,-0.1875,-0.09375,0.21875,-33.625,-59.9375,-43.25,763
1696237284808,-0.39257812,-0.8378906,0.36523438,0.5625,0.15625,-0.3125,0.0,0.0,0.0,764
1696237284848,-0.3984375,-0.8310547,0.35058594,-0.1875,-0.09375,0.03125,0.0,0.0,0.0,765
1696237284888,-0.40234375,-0.8466797,0.36621094,-0.1875,0.21875,0.03125,0.0,0.0,0.0,766
1696237284928,-0.40039062,-0.8417969,0.3544922,0.0,-0.03125,0.09375,0.0,0.0,0.0,767
1696237284968,-0.39941406,-0.8378906,0.36132812,0.25,0.15625,-0.21875,0.0,0.0,0.0,768
1696237285008,-0.39648438,-0.8339844,0.36914062,0.375,-0.03125,-0.03125,0.0,0.0,0.0,769
1696237285048,-0.38867188,-0.8310547,0.3544922,0.0,-0.09375,-0.21875,0.0,0.0,0.0,770
1696237285088,-0.39160156,-0.8408203,0.36328125,0.125,0.03125,-0.03125,0.0,0.0,0.0,771
1696237285128,-0.39746094,-0.8330078,0.36132812,0.0,-0.09375,0.03125,0.0,0.0,0.0,772
1696237285168,-0.38964844,-0.85058594,0.35058594,-0.34375,0.21875,0.03125,0.0,0.0,0.0,773
1696237285208,-0.39453125,-0.828125,0.3515625,0.0625,0.09375,0.15625,0.0,0.0,0.0,774
1696237285248,-0.39941406,-0.84375,0.36132812,-0.0625,-0.15625,-0.09375,-32.875,-59.9375,-42.5,775
