,timestamp,accel_x,accel_y,accel_z,gyro_x,gyro_y,gyro_z
0,1695992918967,0.7849121,0.048034668,0.7003784,2.28125,-6.53125,-0.109375
1,1695992919007,0.7714844,0.027038574,0.715271,2.328125,-7.265625,0.859375
2,1695992919047,0.75756836,0.04168701,0.6991577,-0.546875,-5.71875,1.375
3,1695992919087,0.77001953,0.059265137,0.69281006,-0.6875,-6.625,1.515625
4,1695992919127,0.7351074,0.070251465,0.69158936,-0.46875,-8.375,0.84375
5,1695992919167,0.6958008,0.062683105,0.7040405,-0.078125,-6.21875,0.546875
6,1695992919207,0.6953125,0.0602417,0.7328491,-0.640625,-2.671875,-0.875
7,1695992919247,0.7050781,0.06072998,0.74798584,-0.25,-0.890625,-1.0
8,1695992919287,0.71777344,0.050720215,0.7457886,0.03125,-0.671875,0.71875
9,1695992919327,0.7158203,0.062438965,0.74261475,-1.390625,0.78125,1.703125
10,1695992919367,0.7426758,0.058044434,0.7523804,-0.546875,4.203125,1.703125
11,1695992919407,0.7453613,0.07147217,0.7411499,-0.890625,3.8125,2.21875
12,1695992919447,0.7338867,0.06414795,0.7267456,-0.421875,4.640625,2.40625
13,1695992919487,0.7302246,0.06903076,0.73480225,-0.53125,5.390625,1.140625
14,1695992919527,0.73779297,0.077819824,0.6950073,-3.078125,5.140625,-0.75
15,1695992919567,0.7277832,0.050476074,0.7040405,-1.296875,5.625,-0.515625
16,1695992919607,0.74853516,0.04144287,0.68182373,-2.84375,4.828125,-1.46875
17,1695992919647,0.7602539,0.0692749,0.67181396,-3.546875,4.453125,-1.03125
18,1695992919687,0.78393555,0.09197998,0.67962646,-2.359375,3.9375,-0.578125
19,1695992919727,0.78149414,0.089782715,0.69744873,0.140625,3.234375,0.5625
20,1695992919767,0.75439453,0.08319092,0.66448975,-0.875,1.9375,0.90625
21,1695992919807,0.7548828,0.08734131,0.6720581,0.6875,1.265625,0.453125
22,1695992919847,0.75512695,0.082458496,0.68499756,1.984375,2.109375,0.015625
23,1695992919887,0.7595215,0.070251465,0.66619873,0.75,1.421875,0.1875
24,1695992919927,0.7709961,0.07293701,0.6923218,1.25,1.390625,0.90625
25,1695992919967,0.7685547,0.06317139,0.67523193,1.28125,2.09375,0.484375
26,1695992920007,0.77368164,0.062438965,0.69403076,2.078125,0.921875,0.609375
27,1695992920047,0.7775879,0.08514404,0.7062378,1.15625,1.875,-0.171875
28,1695992920087,0.7553711,0.08416748,0.6676636,-0.46875,1.015625,0.234375
29,1695992920127,0.7578125,0.059265137,0.68914795,1.125,-1.109375,0.421875
30,1695992920167,0.7470703,0.06097412,0.67840576,0.015625,-0.578125,-0.125
31,1695992920207,0.74780273,0.07562256,0.67645264,1.46875,-0.25,-0.15625
32,1695992920247,0.7475586,0.07977295,0.67352295,2.703125,-3.0625,-0.03125
33,1695992920287,0.7451172,0.086364746,0.697937,6.65625,-6.53125,0.890625
34,1695992920327,0.7702637,0.07513428,0.70892334,10.140625,-7.375,5.453125
35,1695992920367,0.75268555,0.030944824,0.7313843,4.125,-12.640625,7.21875
36,1695992920407,0.7155762,0.026306152,0.7057495,-0.578125,-9.578125,4.09375
37,1695992920447,0.7375488,0.06536865,0.74798584,-3.078125,-2.796875,4.1875
38,1695992920487,0.7180176,0.08709717,0.74432373,-0.140625,-2.234375,2.140625
39,1695992920527,0.7336426,0.08148193,0.7272339,-3.265625,4.765625,0.484375
40,1695992920567,0.7128906,0.043640137,0.76898193,0.84375,1.96875,2.078125
41,1695992920607,0.701416,0.055358887,0.7821655,-5.234375,3.609375,-0.75
42,1695992920647,0.75756836,0.08148193,0.7160034,-5.484375,1.515625,-3.546875
43,1695992920687,0.7307129,0.113708496,0.6967163,0.03125,2.3125,0.484375
44,1695992920727,0.71313477,0.07220459,0.7262573,3.4375,0.71875,0.984375
45,1695992920767,0.7175293,0.039489746,0.7367554,2.125,1.28125,-0.40625
46,1695992920807,0.73828125,0.09710693,0.7321167,1.3125,-0.5625,-0.203125
47,1695992920847,0.71240234,0.09588623,0.71014404,-0.046875,-1.171875,1.484375
48,1695992920887,0.73291016,0.07537842,0.7640991,2.140625,1.1875,0.125
49,1695992920927,0.6538086,0.036315918,0.7423706,-0.96875,-0.90625,0.609375
50,1695992920967,0.7426758,0.09320068,0.7560425,-1.578125,2.3125,-2.234375
51,1695992921007,0.7504883,0.08880615,0.730896,0.8125,1.796875,0.046875
52,1695992921047,0.7194824,0.07489014,0.74383545,2.46875,-0.390625,2.84375
53,1695992921087,0.7026367,0.027526855,0.74798584,0.671875,1.125,1.515625
54,1695992921127,0.7319336,0.06781006,0.7350464,-2.390625,-0.25,-0.421875
55,1695992921167,0.71777344,0.08050537,0.72576904,-2.078125,-1.640625,1.078125
56,1695992921207,0.7236328,0.078552246,0.6898804,-2.71875,-0.03125,-0.984375
57,1695992921247,0.7336426,0.10736084,0.6906128,-5.421875,2.875,-2.984375
58,1695992921287,0.6977539,0.049743652,0.7694702,0.09375,4.734375,-0.125
59,1695992921327,0.73339844,0.030212402,0.7550659,-3.171875,5.78125,-1.375
60,1695992921367,0.7824707,0.09539795,0.7387085,-6.0,5.0,-3.09375
61,1695992921407,0.7421875,0.090026855,0.72088623,-3.609375,3.0625,-2.828125
62,1695992921447,0.71655273,0.09075928,0.71209717,-1.25,3.125,-2.171875
63,1695992921487,0.72314453,0.06854248,0.7079468,0.28125,3.015625,-1.734375
64,1695992921527,0.73461914,0.062438965,0.7062378,-0.734375,3.15625,-1.34375
65,1695992921567,0.7495117,0.0848999,0.7086792,-0.234375,2.40625,-0.53125
66,1695992921607,0.7421875,0.07147217,0.7081909,-0.203125,0.3125,0.3125
67,1695992921647,0.7385254,0.08856201,0.7086792,0.15625,0.515625,-0.0625
68,1695992921687,0.75756836,0.093933105,0.66448975,9.140625,2.359375,6.34375
69,1695992921727,0.86206055,0.070251465,0.71917725,8.90625,-7.1875,12.109375
70,1695992921767,0.6672363,0.066101074,0.72991943,5.515625,-19.890625,8.828125
71,1695992921807,0.6767578,0.10736084,0.7770386,4.390625,-7.984375,8.25
72,1695992921847,0.69506836,0.070739746,0.7946167,3.875,-6.09375,6.859375
73,1695992921887,0.71655273,0.06732178,0.7592163,-0.34375,-3.5625,1.859375
74,1695992921927,0.6916504,0.08294678,0.77215576,-1.53125,-5.34375,1.125
75,1695992921967,0.6533203,0.113464355,0.7809448,-3.453125,1.71875,-1.859375
76,1695992922007,0.6677246,0.043151855,0.8126831,-4.8125,3.15625,-2.0
77,1695992922047,0.68359375,0.046325684,0.8036499,-7.25,6.53125,-6.046875
78,1695992922087,0.7998047,0.15985107,0.74090576,-7.234375,9.890625,-6.515625
79,1695992922127,0.72558594,0.11785889,0.7001343,-4.96875,7.5,-4.734375
80,1695992922167,0.6816406,0.08465576,0.7338257,-2.671875,4.28125,-4.78125
81,1695992922207,0.67700195,0.0770874,0.7404175,-0.6875,2.140625,-4.78125
82,1695992922247,0.71606445,0.090026855,0.7411499,-1.28125,4.21875,-2.765625
83,1695992922287,0.7241211,0.11175537,0.7094116,-2.03125,3.90625,-1.625
84,1695992922327,0.7158203,0.0993042,0.70892334,0.203125,2.6875,-2.046875
85,1695992922367,0.704834,0.082458496,0.7313843,0.046875,1.75,-2.046875
86,1695992922407,0.73095703,0.08026123,0.73773193,-1.25,4.890625,-0.046875
87,1695992922447,0.74780273,0.08465576,0.74334717,2.09375,4.65625,-0.28125
88,1695992922487,0.7626953,0.085876465,0.74920654,1.359375,3.21875,0.875
89,1695992922527,0.7573242,0.06439209,0.7033081,-0.5,1.5,0.84375
90,1695992922567,0.72875977,0.08880615,0.74261475,2.71875,2.078125,2.71875
91,1695992922607,0.7265625,0.05657959,0.71087646,3.875,2.828125,3.59375
92,1695992922647,0.7480469,0.06341553,0.71258545,4.703125,2.0625,3.796875
93,1695992922687,0.7644043,0.073913574,0.699646,3.671875,1.140625,4.6875
94,1695992922727,0.7224121,0.074401855,0.71990967,1.3125,-0.078125,3.625
95,1695992922767,0.7368164,0.08148193,0.71502686,0.375,-0.234375,4.296875
96,1695992922807,0.74194336,0.08831787,0.70721436,-0.90625,-1.640625,1.953125
97,1695992922847,0.72387695,0.11883545,0.7362671,-0.203125,-2.734375,2.171875
98,1695992922887,0.73535156,0.05609131,0.45281982,28.0625,-17.890625,12.296875
99,1695992922927,0.8227539,0.15814209,0.74823,6.609375,1.140625,9.703125
100,1695992922967,0.6665039,0.097595215,0.81903076,9.84375,-2.296875,9.109375
101,1695992923007,0.7050781,-0.049621582,0.7987671,3.8125,3.046875,6.65625
102,1695992923047,0.6386719,0.020690918,0.76361084,-5.5,5.15625,-5.640625
103,1695992923087,0.6906738,0.16497803,0.6959839,-5.890625,3.484375,-6.40625
104,1695992923127,0.8198242,0.07562256,0.68914795,-3.484375,5.84375,1.125
105,1695992923167,0.7246094,0.04827881,0.7711792,2.015625,-5.421875,0.796875
106,1695992923207,0.6960449,0.12567139,0.7116089,-1.453125,-0.078125,-2.640625
107,1695992923247,0.71313477,0.08319092,0.7616577,-0.5625,2.171875,-3.890625
108,1695992923287,0.7312012,0.050231934,0.7362671,-0.40625,0.984375,-5.875
109,1695992923327,0.73461914,0.059753418,0.7352905,-3.46875,-0.5,-7.484375
110,1695992923367,0.68115234,0.061706543,0.7260132,-7.9375,4.453125,-6.65625
111,1695992923407,0.6826172,0.081726074,0.7296753,-9.015625,8.890625,-5.546875
112,1695992923447,0.7199707,0.08343506,0.7140503,-11.3125,14.40625,-4.8125
113,1695992923487,0.76586914,0.10247803,0.6803589,-10.375,12.640625,-4.53125
114,1695992923527,0.7644043,0.10443115,0.68670654,-6.21875,11.984375,-4.421875
115,1695992923567,0.8017578,0.09588623,0.68426514,-2.890625,9.046875,-2.625
116,1695992923607,0.80029297,0.09222412,0.7015991,-1.109375,6.84375,-1.0
117,1695992923647,0.7895508,0.06976318,0.699646,-0.65625,6.125,-0.484375
118,1695992923687,0.7956543,0.078308105,0.65667725,-0.234375,4.484375,0.75
119,1695992923727,0.779541,0.07366943,0.64105225,-0.78125,3.125,0.421875
120,1695992923767,0.7800293,0.07757568,0.65008545,-1.140625,3.421875,0.0625
121,1695992923807,0.79052734,0.07318115,0.6415405,-3.5,5.3125,-0.6875
122,1695992923847,0.7836914,0.08734131,0.60150146,-2.84375,4.8125,-0.25
123,1695992923887,0.76416016,0.09613037,0.62713623,-0.453125,4.875,1.171875
124,1695992923927,0.8430176,0.11932373,0.5980835,0.28125,3.640625,2.40625
125,1695992923967,0.82714844,0.11956787,0.61224365,6.28125,1.53125,4.34375
126,1695992924007,0.7746582,0.090026855,0.6593628,10.046875,-4.234375,3.5625
127,1695992924047,0.78100586,0.08856201,0.65179443,7.953125,-6.875,4.703125
128,1695992924087,0.83496094,0.0680542,0.6449585,6.046875,-2.46875,6.3125
129,1695992924127,0.7780762,0.078308105,0.6515503,4.0625,-5.53125,3.59375
130,1695992924167,0.7597656,0.08050537,0.6508179,2.9375,-2.84375,2.265625
131,1695992924207,0.7675781,0.078308105,0.6622925,1.875,-2.78125,2.75
132,1695992924247,0.76538086,0.089538574,0.6918335,0.640625,-6.8125,3.03125
133,1695992924287,0.7883301,0.08465576,0.63446045,-3.734375,-2.40625,3.5625
134,1695992924327,0.77978516,0.05291748,0.68304443,0.640625,-2.171875,2.21875
135,1695992924367,0.765625,0.1161499,0.6925659,-3.140625,0.546875,-1.015625
136,1695992924407,0.7565918,0.11541748,0.65911865,-2.65625,-1.328125,-2.1875
137,1695992924447,0.7619629,0.11956787,0.63983154,-2.078125,1.46875,-0.234375
138,1695992924487,0.7307129,0.09661865,0.70428467,3.671875,-2.765625,1.125
139,1695992924527,0.69677734,0.07513428,0.6329956,8.046875,-6.0625,1.421875
140,1695992924567,0.8083496,0.11932373,0.6744995,2.78125,2.890625,3.078125
141,1695992924607,0.7392578,0.086120605,0.77337646,11.140625,-6.75,4.390625
142,1695992924647,0.70581055,0.04046631,0.73553467,0.96875,2.1875,-0.09375
143,1695992924687,0.78344727,0.09661865,0.7145386,-5.3125,0.421875,-3.90625
144,1695992924727,0.66503906,0.13104248,0.63812256,-0.1875,-1.078125,3.4375
145,1695992924767,0.8000488,0.12249756,0.69866943,0.3125,2.96875,0.9375
146,1695992924807,0.70214844,0.10760498,0.6820679,1.421875,-4.140625,-0.671875
147,1695992924847,0.7375488,0.074645996,0.7081909,0.15625,4.53125,-2.078125
148,1695992924887,0.75927734,0.053894043,0.7062378,-1.296875,3.21875,-2.671875
149,1695992924927,0.7570801,0.054382324,0.70526123,-3.390625,2.09375,-5.84375
150,1695992924967,0.6982422,0.07635498,0.71551514,-1.859375,1.234375,-8.0625
151,1695992925007,0.74121094,0.094177246,0.69329834,-4.21875,5.453125,-5.0
152,1695992925047,0.7648926,0.08734131,0.68743896,-4.078125,5.828125,-3.390625
153,1695992925087,0.7873535,0.08123779,0.7057495,-3.84375,5.9375,-4.421875
154,1695992925127,0.796875,0.070251465,0.69329834,-5.75,5.21875,-3.703125
155,1695992925167,0.7937012,0.070739746,0.67230225,-4.375,4.171875,-2.359375
156,1695992925207,0.76708984,0.066345215,0.67401123,-3.421875,2.140625,-2.0625
157,1695992925247,0.7524414,0.061462402,0.67596436,-2.609375,3.46875,-2.171875
158,1695992925287,0.78222656,0.05706787,0.6610718,-3.21875,3.9375,-2.09375
159,1695992925327,0.7800293,0.07244873,0.652771,-3.03125,2.09375,-1.875
160,1695992925367,0.7841797,0.085876465,0.64520264,-2.21875,1.65625,-1.1875
161,1695992925407,0.78515625,0.073913574,0.64715576,-1.46875,1.046875,-1.21875
162,1695992925447,0.79345703,0.07342529,0.67474365,-1.375,1.09375,-1.453125
163,1695992925487,0.78686523,0.07611084,0.6671753,-1.375,0.140625,0.359375
164,1695992925527,0.7854004,0.07098389,0.6642456,-0.5,-1.203125,0.921875
165,1695992925567,0.76953125,0.07196045,0.6664429,-0.234375,-0.796875,0.484375
166,1695992925607,0.7729492,0.06561279,0.670105,0.5625,-0.5625,0.375
167,1695992925647,0.7714844,0.066589355,0.6635132,0.28125,0.234375,0.53125
168,1695992925687,0.76953125,0.07098389,0.6744995,0.265625,0.546875,0.75
169,1695992925727,0.7602539,0.07244873,0.66864014,0.640625,0.515625,1.015625
170,1695992925767,0.7758789,0.0602417,0.6659546,0.578125,0.75,1.484375
171,1695992925807,0.78393555,0.08538818,0.6845093,1.515625,0.984375,0.859375
172,1695992925847,0.77978516,0.07293701,0.6491089,-0.046875,0.5,0.78125
173,1695992925887,0.7570801,0.05633545,0.67523193,1.234375,-0.046875,0.859375
174,1695992925927,0.7739258,0.054870605,0.6820679,0.5625,0.96875,0.359375
175,1695992925967,0.77001953,0.06317139,0.668396,-0.515625,1.125,0.546875
176,1695992926007,0.77905273,0.082458496,0.6659546,-0.578125,0.828125,0.6875
177,1695992926047,0.76708984,0.07342529,0.70184326,0.3125,-0.5,1.625
178,1695992926087,0.78515625,0.07562256,0.69744873,1.65625,-3.25,4.890625
179,1695992926127,0.7746582,0.07611084,0.66156006,1.484375,-3.625,7.890625
180,1695992926167,0.7692871,0.08734131,0.6732788,-0.265625,-5.5,5.921875
181,1695992926207,0.75634766,0.028747559,0.50897217,25.828125,-12.1875,13.65625
182,1695992926247,0.8046875,0.14251709,0.78826904,5.140625,-1.453125,7.1875
183,1695992926287,0.61279297,0.15447998,0.71380615,9.453125,-0.671875,4.578125
184,1695992926327,0.71069336,0.020690918,0.78656006,2.8125,10.90625,4.453125
185,1695992926367,0.76049805,0.038269043,0.727478,-0.15625,2.0625,-4.46875
186,1695992926407,0.75878906,0.12689209,0.6869507,-3.625,0.09375,-6.390625
187,1695992926447,0.6777344,0.08807373,0.696228,0.015625,0.953125,-6.203125
188,1695992926487,0.7692871,0.05316162,0.6989136,-5.0,4.34375,0.65625
189,1695992926527,0.7631836,0.09173584,0.680603,-3.109375,2.15625,-3.546875
190,1695992926567,0.7661133,0.08343506,0.6847534,-4.3125,3.328125,-4.8125
191,1695992926607,0.7219238,0.078308105,0.6871948,-7.515625,5.140625,-5.140625
192,1695992926647,0.7331543,0.073913574,0.67767334,-9.53125,8.078125,-6.890625
193,1695992926687,0.7475586,0.08416748,0.69036865,-8.9375,8.03125,-8.40625
194,1695992926727,0.7866211,0.0758667,0.6810913,-6.75,7.578125,-5.171875
195,1695992926767,0.7885742,0.08099365,0.6390991,-2.65625,6.46875,-0.484375
196,1695992926807,0.8149414,0.09246826,0.6498413,-1.78125,5.140625,-0.484375
197,1695992926847,0.80810547,0.07733154,0.65789795,0.109375,4.296875,-0.171875
198,1695992926887,0.79907227,0.070495605,0.6491089,0.875,2.9375,1.0
199,1695992926927,0.7980957,0.08148193,0.6539917,1.34375,3.390625,0.5
200,1695992926967,0.7976074,0.08441162,0.63934326,0.765625,1.4375,0.203125
201,1695992927007,0.7841797,0.06732178,0.6264038,-0.796875,0.5625,0.078125
202,1695992927047,0.79174805,0.06072998,0.6251831,-1.453125,0.28125,-0.421875
203,1695992927087,0.79589844,0.07318115,0.63079834,-1.96875,0.25,-0.53125
204,1695992927127,0.7866211,0.06903076,0.6359253,-1.5,0.09375,-0.5625
205,1695992927167,0.8063965,0.08514404,0.6515503,-2.40625,1.046875,-1.1875
206,1695992927207,0.8054199,0.07757568,0.6141968,-2.421875,-0.171875,-1.078125
207,1695992927247,0.78515625,0.074401855,0.6647339,-0.265625,0.015625,-0.09375
208,1695992927287,0.7871094,0.0758667,0.6364136,-0.078125,-0.390625,0.0
209,1695992927327,0.79003906,0.08734131,0.6366577,0.34375,0.015625,0.171875
210,1695992927367,0.78271484,0.08880615,0.64105225,2.890625,-1.03125,0.4375
211,1695992927407,0.7753906,0.09197998,0.6586304,7.6875,-0.515625,2.078125
212,1695992927447,0.8178711,0.028503418,0.6576538,10.265625,-0.25,5.71875
213,1695992927487,0.8054199,0.06072998,0.6630249,8.875,-5.84375,4.46875
214,1695992927527,0.7438965,0.07537842,0.67718506,6.03125,-6.515625,3.9375
215,1695992927567,0.79296875,0.06512451,0.66986084,4.34375,-3.40625,5.546875
216,1695992927607,0.76831055,0.06512451,0.68182373,4.734375,-6.3125,5.421875
217,1695992927647,0.7219238,0.07904053,0.67230225,3.859375,-4.40625,4.296875
218,1695992927687,0.70703125,0.06756592,0.5265503,21.671875,-11.09375,9.09375
219,1695992927727,0.8520508,0.10076904,0.7037964,6.828125,-3.59375,11.71875
220,1695992927767,0.7390137,0.14056396,0.7958374,13.5625,-12.3125,6.5625
221,1695992927807,0.5859375,-0.03765869,0.79486084,3.5625,4.78125,8.609375
222,1695992927847,0.66625977,0.009460449,0.76483154,-5.90625,3.109375,-3.671875
223,1695992927887,0.72680664,0.14300537,0.72406006,-5.015625,1.21875,-7.203125
224,1695992927927,0.77685547,0.07318115,0.6532593,1.5625,4.875,-2.140625
225,1695992927967,0.7536621,0.039001465,0.71551514,1.484375,0.375,2.484375
226,1695992928007,0.7294922,0.085632324,0.7374878,0.3125,-2.265625,-2.5
227,1695992928047,0.74243164,0.09979248,0.71868896,-3.390625,-0.1875,1.28125
228,1695992928087,0.71240234,0.073913574,0.6737671,0.90625,-6.125,2.3125
229,1695992928127,0.78759766,0.035095215,0.64886475,6.125,1.40625,10.34375
230,1695992928167,0.75756836,0.121032715,0.8356323,9.8125,-5.921875,5.3125
231,1695992928207,0.6213379,-0.0017700195,0.82806396,0.03125,11.0,6.125
232,1695992928247,0.65722656,0.0004272461,0.7543335,-12.796875,5.734375,-5.046875
233,1695992928287,0.6442871,0.17596436,0.7723999,-4.09375,2.84375,-10.65625
234,1695992928327,0.8195801,0.059265137,0.6442261,-3.78125,8.15625,2.09375
235,1695992928367,0.76293945,0.06707764,0.7189331,3.578125,-1.546875,1.828125
236,1695992928407,0.7392578,0.082458496,0.70965576,1.515625,-1.859375,-2.046875
237,1695992928447,0.7336426,0.034362793,0.7250366,-1.015625,1.078125,-3.09375
238,1695992928487,0.7416992,0.07196045,0.72210693,-1.890625,1.78125,-1.90625
239,1695992928527,0.7414551,0.053894043,0.72991943,-2.546875,-0.671875,-3.25
240,1695992928567,0.7060547,0.051940918,0.7177124,-4.015625,0.4375,-4.3125
241,1695992928607,0.7158203,0.07269287,0.69744873,-6.140625,3.421875,-3.09375
242,1695992928647,0.74560547,0.0836792,0.70892334,-6.40625,5.140625,-3.453125
243,1695992928687,0.76831055,0.093444824,0.71868896,-3.703125,3.125,-2.390625
244,1695992928727,0.76171875,0.07220459,0.7040405,-0.5625,1.828125,0.25
245,1695992928767,0.76660156,0.08758545,0.7079468,0.765625,1.078125,1.828125
246,1695992928807,0.7441406,0.070495605,0.70355225,3.28125,-0.390625,4.203125
247,1695992928847,0.734375,0.07733154,0.6918335,1.671875,-3.1875,4.90625
248,1695992928887,0.7348633,0.08660889,0.7267456,-0.921875,-0.4375,4.578125
249,1695992928927,0.71069336,0.081726074,0.6430054,5.296875,-6.640625,5.828125
250,1695992928967,0.82299805,0.11541748,0.7184448,1.21875,5.515625,4.71875
251,1695992929007,0.73657227,0.06488037,0.78826904,6.65625,-2.84375,5.234375
252,1695992929047,0.6867676,-0.0049438477,0.76678467,0.71875,2.203125,2.90625
253,1695992929087,0.7092285,0.077819824,0.7626343,-1.9375,-3.453125,-1.71875
254,1695992929127,0.6804199,0.109802246,0.6769409,1.578125,-0.140625,-2.671875
255,1695992929167,0.76000977,0.09442139,0.7196655,0.703125,-0.546875,1.140625
256,1695992929207,0.70410156,0.08905029,0.74823,0.1875,-2.765625,1.5
257,1695992929247,0.7023926,0.08319092,0.7416382,-0.59375,-0.640625,1.328125
258,1695992929287,0.6989746,0.08709717,0.670105,-3.734375,-4.859375,2.015625
259,1695992929327,0.7438965,0.11199951,0.7074585,-6.5625,9.140625,4.671875
260,1695992929367,0.78222656,0.1305542,0.8644409,4.59375,2.296875,2.6875
261,1695992929407,0.64453125,0.042907715,0.805603,1.625,11.734375,3.421875
262,1695992929447,0.69970703,0.05609131,0.74993896,-4.125,4.90625,-1.265625
263,1695992929487,0.72314453,0.09173584,0.74212646,-1.65625,1.765625,-9.125
264,1695992929527,0.6484375,0.030944824,0.6845093,-6.515625,1.890625,-12.640625
265,1695992929567,0.70581055,0.048034668,0.67523193,-12.109375,9.59375,-11.890625
266,1695992929607,0.77197266,0.11541748,0.6478882,-11.90625,10.34375,-8.71875
267,1695992929647,0.763916,0.12860107,0.6268921,-9.0,12.703125,-6.5
268,1695992929687,0.76782227,0.121520996,0.6618042,-6.25,14.296875,-5.8125
269,1695992929727,0.80688477,0.09979248,0.68133545,-4.59375,11.609375,-6.4375
270,1695992929767,0.8078613,0.07952881,0.6727905,-4.828125,9.921875,-3.75
271,1695992929807,0.8046875,0.082214355,0.6635132,-2.75,6.875,-3.109375
272,1695992929847,0.7976074,0.062927246,0.638855,-1.09375,5.296875,-1.515625
273,1695992929887,0.8000488,0.0692749,0.62713623,-1.53125,4.375,0.03125
274,1695992929927,0.82666016,0.06561279,0.6220093,-2.09375,4.953125,-0.6875
275,1695992929967,0.8273926,0.054382324,0.6259155,-2.03125,4.6875,0.125
276,1695992930007,0.8222656,0.06707764,0.62176514,-1.328125,3.34375,0.765625
277,1695992930047,0.8083496,0.07147217,0.59490967,-0.875,1.984375,0.421875
278,1695992930087,0.8215332,0.08416748,0.6078491,-1.390625,2.046875,-0.28125
279,1695992930127,0.81274414,0.073913574,0.60687256,-0.6875,0.609375,-0.203125
280,1695992930167,0.80908203,0.08270264,0.6054077,-2.625,2.34375,-0.78125
281,1695992930207,0.8234863,0.08148193,0.5775757,-3.03125,2.53125,-0.6875
282,1695992930247,0.8232422,0.08050537,0.6325073,-0.953125,1.359375,-0.4375
283,1695992930287,0.8273926,0.06903076,0.602478,-2.34375,0.125,-0.65625
284,1695992930327,0.8076172,0.07513428,0.586853,-3.015625,-0.15625,-0.78125
285,1695992930367,0.8066406,0.09124756,0.60369873,-2.1875,-1.34375,-0.6875
286,1695992930407,0.7763672,0.09515381,0.6173706,-2.265625,-2.203125,0.203125
287,1695992930447,0.82910156,0.11151123,0.6017456,4.828125,-2.640625,4.90625
288,1695992930487,0.81103516,0.109313965,0.61590576,11.921875,-4.078125,7.578125
289,1695992930527,0.8063965,0.08734131,0.6173706,14.125,-8.625,7.53125
290,1695992930567,0.7963867,0.044128418,0.6305542,8.734375,-5.90625,9.25
291,1695992930607,0.7861328,0.066101074,0.6557007,2.96875,-9.921875,7.625
292,1695992930647,0.732666,0.08660889,0.52020264,12.09375,-20.609375,7.953125
293,1695992930687,0.84887695,0.14007568,0.73065186,2.578125,-4.3125,6.296875
294,1695992930727,0.7536621,0.14520264,0.71429443,8.171875,-10.671875,6.734375
295,1695992930767,0.65112305,0.06512451,0.7489624,3.53125,4.265625,6.046875
296,1695992930807,0.7336426,-0.015197754,0.78118896,-5.953125,5.609375,-2.328125
297,1695992930847,0.7614746,0.078063965,0.75701904,-10.46875,5.015625,-4.890625
298,1695992930887,0.7416992,0.14227295,0.6461792,-9.140625,5.625,-10.28125
299,1695992930927,0.8071289,0.07928467,0.62713623,-3.71875,3.5625,-4.125
300,1695992930967,0.7397461,0.06536865,0.6571655,-0.859375,1.921875,-2.890625
301,1695992931007,0.74487305,0.073913574,0.6791382,-4.71875,5.265625,-7.140625
302,1695992931047,0.7832031,0.07342529,0.64959717,-9.78125,7.484375,-7.671875
303,1695992931087,0.7753906,0.10467529,0.64471436,-9.71875,8.3125,-7.125
304,1695992931127,0.8034668,0.08880615,0.65960693,-6.34375,6.21875,-6.859375
305,1695992931167,0.8017578,0.09320068,0.66326904,-6.359375,4.625,-5.875
306,1695992931207,0.7766113,0.097351074,0.64959717,-4.390625,4.0,-2.75
307,1695992931247,0.8137207,0.081726074,0.652771,-1.828125,6.046875,-1.65625
308,1695992931287,0.83447266,0.06854248,0.6203003,-1.109375,3.234375,-1.28125
309,1695992931327,0.8222656,0.07122803,0.60614014,-0.328125,1.859375,0.609375
310,1695992931367,0.80859375,0.08026123,0.61346436,0.75,0.53125,1.421875
311,1695992931407,0.79174805,0.08123779,0.61883545,0.8125,-0.171875,0.859375
312,1695992931447,0.81811523,0.1071167,0.5988159,5.65625,0.046875,2.5
313,1695992931487,0.8186035,0.08880615,0.61468506,12.265625,-2.59375,6.703125
314,1695992931527,0.8015137,0.07318115,0.59490967,15.265625,-11.640625,5.9375
315,1695992931567,0.7663574,0.09222412,0.68255615,13.40625,-11.828125,5.265625
316,1695992931607,0.7668457,0.058044434,0.6581421,8.0,-11.875,9.0
317,1695992931647,0.7536621,0.058776855,0.7015991,13.5,-18.921875,10.53125
318,1695992931687,0.7426758,0.08685303,0.6845093,8.75,-7.0,10.671875
319,1695992931727,0.75756836,0.11590576,0.8024292,10.78125,-4.1875,7.046875
320,1695992931767,0.65771484,-0.04425049,0.78167725,4.5625,0.921875,5.765625
321,1695992931807,0.7248535,0.070495605,0.77459717,-6.171875,-0.234375,-2.84375
322,1695992931847,0.7207031,0.13616943,0.6664429,-2.546875,-0.453125,-2.9375
323,1695992931887,0.7553711,0.04901123,0.7423706,-0.703125,2.046875,2.296875
324,1695992931927,0.65356445,0.04168701,0.82611084,5.46875,-7.78125,1.78125
325,1695992931967,0.6225586,0.07098389,0.6539917,9.296875,-9.71875,3.78125
326,1695992932007,0.6635742,0.06048584,0.6305542,8.359375,7.53125,9.875
327,1695992932047,0.96728516,0.1720581,0.79803467,7.0625,4.859375,2.25
328,1695992932087,0.75561523,0.0014038086,0.80340576,-3.15625,10.875,2.265625
329,1695992932127,0.6940918,0.005065918,0.7362671,-12.828125,9.921875,-3.765625
330,1695992932167,0.6713867,0.11785889,0.68865967,-12.6875,7.515625,-8.96875
331,1695992932207,0.6779785,0.030456543,0.6522827,-6.421875,2.65625,-7.484375
332,1695992932247,0.7453613,0.039733887,0.6688843,-9.453125,11.171875,-4.953125
333,1695992932287,0.8034668,0.073913574,0.6264038,-9.890625,5.234375,-2.796875
334,1695992932327,0.7976074,0.11126709,0.6420288,-9.265625,7.546875,-9.109375
335,1695992932367,0.8208008,0.074401855,0.69036865,-6.5,6.640625,-5.96875
336,1695992932407,0.8269043,0.05267334,0.6942749,-6.421875,4.515625,-5.625
337,1695992932447,0.81103516,0.089782715,0.66937256,-6.953125,3.1875,-2.984375
338,1695992932487,0.78344727,0.11175537,0.6576538,-1.453125,1.859375,-0.03125
339,1695992932527,0.8000488,0.08148193,0.6432495,0.984375,-1.078125,2.5625
340,1695992932567,0.80493164,0.07293701,0.63397217,0.890625,-2.578125,2.40625
341,1695992932607,0.8654785,0.13421631,0.63861084,3.390625,-6.875,4.046875
342,1695992932647,0.8989258,0.113220215,0.6400757,10.0625,-14.90625,10.546875
343,1695992932687,0.78100586,0.08929443,0.66448975,12.078125,-22.265625,10.828125
344,1695992932727,0.6411133,0.06439209,0.6793823,9.015625,-20.5,3.046875
345,1695992932767,0.65649414,0.043884277,0.732605,4.765625,-12.53125,0.453125
346,1695992932807,0.6972656,0.054382324,0.7567749,7.0,-12.359375,4.28125
347,1695992932847,0.6772461,0.06561279,0.7682495,5.796875,-13.59375,5.6875
348,1695992932887,0.64208984,0.06854248,0.8595581,3.25,-12.671875,2.3125
349,1695992932927,0.7006836,0.07635498,0.840271,0.875,-15.109375,6.0
350,1695992932967,0.564209,0.026306152,0.83807373,-0.5625,-13.96875,6.1875
351,1695992933007,0.5957031,0.070739746,0.84661865,-0.3125,-10.84375,1.46875
352,1695992933047,0.6201172,0.0758667,0.77874756,9.375,-10.515625,5.75
353,1695992933087,0.53344727,0.11248779,0.89715576,1.640625,2.8125,-0.328125
354,1695992933127,0.5192871,0.053649902,0.96014404,3.046875,9.09375,2.984375
355,1695992933167,0.58935547,-0.043762207,0.93182373,-3.984375,5.59375,-1.84375
356,1695992933207,0.60595703,0.06121826,0.9039917,-6.171875,4.671875,-8.71875
357,1695992933247,0.52197266,0.050964355,0.8456421,-5.296875,5.375,-10.421875
358,1695992933287,0.53686523,0.09564209,0.854187,-9.09375,13.1875,-5.4375
359,1695992933327,0.670166,0.06317139,0.83270264,-8.875,18.625,1.609375
360,1695992933367,0.72265625,0.08660889,0.789978,-6.359375,16.609375,-5.453125
361,1695992933407,0.69970703,0.11151123,0.7453003,-7.09375,13.25,-4.0
362,1695992933447,0.6804199,0.08856201,0.72943115,-4.8125,12.71875,-3.84375
363,1695992933487,0.6916504,0.07635498,0.72161865,-6.171875,14.59375,-5.828125
364,1695992933527,0.68725586,0.07562256,0.72772217,-7.328125,15.890625,-8.125
365,1695992933567,0.7158203,0.09246826,0.7260132,-4.828125,14.890625,-7.171875
366,1695992933607,0.7558594,0.093688965,0.6898804,-3.78125,13.96875,-2.203125
367,1695992933647,0.7961426,0.09613037,0.684021,-0.859375,12.328125,-2.65625
368,1695992933687,0.81347656,0.070739746,0.68084717,1.734375,8.625,-2.53125
369,1695992933727,0.78881836,0.051452637,0.67767334,2.125,5.84375,-0.625
370,1695992933767,0.79833984,0.05218506,0.66571045,0.84375,5.53125,-0.734375
371,1695992933807,0.80371094,0.06341553,0.62005615,-2.65625,6.75,-1.296875
372,1695992933847,0.76416016,0.074401855,0.6630249,-2.453125,5.390625,-0.078125
373,1695992933887,0.76464844,0.055847168,0.6593628,-3.203125,5.1875,0.25
374,1695992933927,0.80322266,0.07244873,0.6508179,-3.734375,5.640625,-1.15625
375,1695992933967,0.8010254,0.08856201,0.6276245,-2.5625,3.765625,-0.59375
376,1695992934007,0.81152344,0.09100342,0.63446045,1.5625,1.25,1.53125
377,1695992934047,0.80078125,0.07098389,0.64837646,6.59375,-2.78125,4.03125
378,1695992934087,0.7788086,0.024597168,0.62664795,2.359375,-2.171875,6.484375
379,1695992934127,0.7780762,0.08782959,0.67962646,1.421875,-3.703125,6.0625
380,1695992934167,0.734375,0.09246826,0.6911011,2.65625,-2.859375,4.171875
381,1695992934207,0.7609863,0.08807373,0.6884155,4.1875,-1.625,4.78125
382,1695992934247,0.7939453,0.10076904,0.62249756,3.375,-0.375,7.75
383,1695992934287,0.80615234,0.11956787,0.62835693,2.8125,-0.78125,6.328125
384,1695992934327,0.70751953,0.07635498,0.6364136,6.859375,-5.15625,5.25
385,1695992934367,0.8334961,0.08001709,0.58465576,8.953125,5.796875,7.421875
386,1695992934407,0.8894043,0.2020874,0.71258545,2.3125,8.078125,2.3125
387,1695992934447,0.7597656,0.08807373,0.78167725,6.609375,13.71875,3.3125
388,1695992934487,0.8688965,-0.074035645,0.79364014,-4.03125,3.8125,-0.890625
389,1695992934527,0.7692871,-0.012756348,0.6889038,-15.140625,1.359375,-8.484375
390,1695992934567,0.60717773,0.13519287,0.65960693,-18.265625,-1.546875,-11.234375
391,1695992934607,0.93481445,0.109069824,0.56414795,-9.546875,10.484375,1.296875
392,1695992934647,0.85595703,0.08709717,0.61053467,-1.9375,-4.53125,-1.34375
393,1695992934687,0.7788086,0.1383667,0.5787964,-2.578125,-5.828125,-2.9375
394,1695992934727,0.7602539,0.13153076,0.59954834,-2.375,-3.203125,2.09375
395,1695992934767,0.74243164,0.13787842,0.6207886,-1.6875,-0.84375,-0.59375
396,1695992934807,0.8430176,0.101989746,0.6347046,-4.25,-3.34375,-1.484375
397,1695992934847,0.84399414,0.117126465,0.5968628,2.0,-12.4375,2.484375
398,1695992934887,0.7819824,0.10321045,0.59710693,1.796875,-3.078125,4.09375
399,1695992934927,0.77612305,0.15130615,0.69525146,8.71875,-13.390625,3.25
400,1695992934967,0.717041,0.055114746,0.7633667,6.171875,4.453125,1.875
401,1695992935007,0.69799805,0.04046631,0.7055054,-1.40625,-1.71875,-4.09375
402,1695992935047,0.7939453,0.09222412,0.7223511,-6.296875,0.40625,-11.140625
403,1695992935087,0.6953125,0.06561279,0.699646,-3.578125,-5.640625,-11.28125
404,1695992935127,0.6821289,0.044128418,0.66741943,-3.953125,-5.734375,-8.671875
405,1695992935167,0.66748047,0.11639404,0.6930542,-4.5625,0.953125,-10.046875
406,1695992935207,0.73095703,0.09295654,0.68426514,-6.875,13.25,-6.984375
407,1695992935247,0.76831055,0.06781006,0.70111084,-1.96875,11.8125,-5.734375
408,1695992935287,0.7783203,0.043395996,0.68426514,-1.4375,11.171875,-5.765625
409,1695992935327,0.8232422,0.03363037,0.6664429,-2.46875,9.609375,-4.5
410,1695992935367,0.795166,0.06829834,0.69281006,-3.40625,6.921875,-1.421875
411,1695992935407,0.7770996,0.066345215,0.6810913,-0.484375,3.21875,-0.078125
412,1695992935447,0.76586914,0.022644043,0.65911865,-2.0625,4.203125,0.171875
413,1695992935487,0.8083496,0.028015137,0.6276245,-6.578125,5.40625,1.859375
414,1695992935527,0.8120117,0.07928467,0.57244873,-8.59375,2.109375,4.328125
415,1695992935567,0.8046875,0.066833496,0.62908936,-2.59375,4.28125,0.609375
416,1695992935607,0.765625,0.04095459,0.65789795,-1.828125,1.53125,0.03125
417,1695992935647,0.74316406,0.054870605,0.649353,-5.359375,3.890625,1.578125
418,1695992935687,0.82836914,0.07659912,0.6293335,-0.25,4.359375,1.171875
419,1695992935727,0.83203125,0.08782959,0.58709717,1.484375,-0.890625,0.078125
420,1695992935767,0.8391113,0.097839355,0.63079834,0.515625,-0.53125,-0.640625
421,1695992935807,0.8173828,0.059509277,0.64398193,-0.046875,-3.125,3.5625
422,1695992935847,0.810791,0.08294678,0.63690186,0.578125,0.25,5.390625
423,1695992935887,0.7976074,0.109558105,0.6400757,3.34375,-0.296875,5.65625
424,1695992935927,0.7844238,0.13006592,0.6364136,5.109375,-1.5,4.96875
425,1695992935967,0.79785156,0.10369873,0.66204834,9.984375,1.171875,5.9375
426,1695992936007,0.798584,0.105895996,0.6351929,9.265625,0.421875,6.671875
427,1695992936047,0.74902344,0.10736084,0.59124756,11.640625,-6.0625,3.171875
428,1695992936087,0.74072266,0.07952881,0.38787842,32.515625,-18.828125,10.0
429,1695992936127,1.1796875,0.1642456,0.88446045,-5.28125,-1.703125,4.5
430,1695992936167,0.6269531,0.13543701,0.7626343,5.890625,-11.421875,10.046875
431,1695992936207,0.5876465,-0.03375244,0.7868042,-6.140625,3.046875,-2.296875
432,1695992936247,0.67285156,-0.097961426,0.69085693,-17.703125,9.578125,-15.21875
433,1695992936287,0.78564453,0.14691162,0.67059326,-22.28125,9.921875,-18.125
434,1695992936327,0.79833984,0.11151123,0.6593628,-14.203125,4.890625,-12.390625
435,1695992936367,0.7910156,0.043395996,0.62542725,-8.765625,4.046875,-1.109375
436,1695992936407,0.7495117,0.061706543,0.61712646,-6.8125,10.140625,-6.9375
437,1695992936447,0.8195801,0.046813965,0.6708374,-9.109375,7.328125,-11.515625
438,1695992936487,0.8630371,0.050476074,0.7003784,-10.203125,4.859375,-8.859375
439,1695992936527,0.8161621,0.10760498,0.6347046,-8.25,3.15625,-2.15625
440,1695992936567,0.81689453,0.09637451,0.59124756,0.15625,3.90625,1.15625
441,1695992936607,0.80737305,0.078308105,0.5897827,3.125,-0.0625,1.421875
442,1695992936647,0.77075195,0.066833496,0.59588623,2.71875,-0.578125,1.609375
443,1695992936687,0.7907715,0.07513428,0.62005615,3.0,0.359375,1.296875
444,1695992936727,0.80688477,0.06463623,0.6390991,1.9375,0.59375,0.71875
445,1695992936767,0.796875,0.066589355,0.6293335,1.53125,-0.171875,0.46875
446,1695992936807,0.77856445,0.07220459,0.62713623,-1.4375,1.203125,-0.53125
447,1695992936847,0.78393555,0.07098389,0.5946655,-1.828125,0.875,-1.0625
448,1695992936887,0.8220215,0.078552246,0.6473999,-0.78125,0.984375,-0.640625
449,1695992936927,0.79345703,0.042419434,0.6449585,0.484375,-1.1875,-0.140625
450,1695992936967,0.78637695,0.041931152,0.6430054,0.671875,0.015625,-0.328125
451,1695992937007,0.79003906,0.07904053,0.63812256,5.234375,0.03125,1.828125
452,1695992937047,0.83374023,0.05609131,0.64837646,9.28125,-4.1875,7.15625
453,1695992937087,0.8041992,0.07122803,0.66522217,10.28125,-11.453125,8.5
454,1695992937127,0.78027344,0.032409668,0.6547241,1.53125,-11.28125,6.96875
455,1695992937167,0.7145996,0.101989746,0.6691284,-1.453125,-8.125,3.859375
456,1695992937207,0.7155762,0.09490967,0.6598511,-3.40625,-7.828125,2.265625
457,1695992937247,0.7114258,0.05731201,0.63031006,1.359375,-17.90625,2.71875
458,1695992937287,0.83740234,0.09075928,0.7062378,-0.4375,1.765625,2.046875
459,1695992937327,0.75097656,0.11419678,0.75213623,5.734375,-0.796875,2.75
460,1695992937367,0.66430664,0.0067749023,0.7404175,-0.25,6.21875,1.265625
461,1695992937407,0.8120117,0.062194824,0.7255249,-4.8125,7.703125,-4.046875
462,1695992937447,0.7741699,0.14569092,0.69158936,2.15625,4.0,-0.78125
463,1695992937487,0.7651367,0.08929443,0.6720581,5.90625,2.09375,1.265625
464,1695992937527,0.7470703,0.028259277,0.6781616,6.171875,1.90625,1.34375
465,1695992937567,0.7338867,0.045837402,0.71307373,3.75,0.265625,-0.703125
466,1695992937607,0.78808594,0.059265137,0.68499756,-1.3125,1.078125,0.453125
467,1695992937647,0.7607422,0.055358887,0.7081909,0.3125,-0.921875,0.5625
468,1695992937687,0.7504883,0.055847168,0.69647217,1.265625,-1.265625,0.96875
469,1695992937727,0.75634766,0.07147217,0.69866943,0.203125,-2.0,0.125
470,1695992937767,0.7585449,0.09295654,0.70599365,-4.421875,-4.125,1.234375
471,1695992937807,0.75219727,0.0770874,0.6100464,-6.3125,-4.203125,2.109375
472,1695992937847,0.76831055,0.14227295,0.7079468,-2.265625,1.046875,-0.140625
473,1695992937887,0.68530273,0.025817871,0.7472534,-1.578125,3.421875,2.25
474,1695992937927,0.7565918,0.03387451,0.72454834,-7.03125,6.578125,-0.421875
475,1695992937967,0.78466797,0.11785889,0.7123413,-8.28125,7.40625,-3.03125
476,1695992938007,0.73168945,0.11029053,0.6598511,-3.625,3.90625,-3.53125
477,1695992938047,0.69799805,0.06536865,0.6618042,-2.953125,4.421875,-7.84375
478,1695992938087,0.73217773,0.06463623,0.6884155,-4.171875,7.921875,-9.265625
479,1695992938127,0.7871094,0.085632324,0.6625366,-4.28125,8.234375,-5.4375
480,1695992938167,0.7741699,0.066589355,0.65789795,-5.078125,7.9375,-3.84375
481,1695992938207,0.8117676,0.05706787,0.6774292,-6.671875,9.015625,-4.703125
482,1695992938247,0.80566406,0.07098389,0.67352295,-4.09375,7.59375,-2.734375
483,1695992938287,0.7976074,0.08905029,0.6679077,-1.0625,6.40625,-0.5625
484,1695992938327,0.8288574,0.07318115,0.6329956,-0.921875,4.4375,-0.90625
485,1695992938367,0.82592773,0.08441162,0.5770874,-1.625,2.5,0.0
486,1695992938407,0.7709961,0.08831787,0.60736084,-1.171875,2.9375,0.65625
487,1695992938447,0.795166,0.0602417,0.6195679,0.53125,2.8125,0.5
488,1695992938487,0.798584,0.04486084,0.59539795,-0.1875,-0.234375,0.0
489,1695992938527,0.796875,0.0848999,0.6156616,4.5625,-1.96875,3.671875
490,1695992938567,0.8535156,0.07122803,0.6366577,10.8125,-2.828125,6.359375
491,1695992938607,0.8039551,0.08074951,0.6469116,8.84375,-7.890625,6.046875
492,1695992938647,0.82714844,0.050476074,0.59906006,-0.390625,-0.796875,6.0625
493,1695992938687,0.9099121,0.109313965,0.6246948,-0.78125,-5.546875,5.15625
494,1695992938727,0.6520996,0.121032715,0.5668335,7.1875,-19.0625,10.25
495,1695992938767,0.72924805,0.18499756,0.6828003,2.421875,1.765625,7.390625
496,1695992938807,0.71191406,0.06585693,0.758728,3.015625,2.6875,3.375
497,1695992938847,0.74438477,-0.012268066,0.7872925,3.34375,2.234375,2.546875
498,1695992938887,0.6945801,0.07904053,0.72943115,1.90625,-0.96875,-0.90625
499,1695992938927,0.7548828,0.14227295,0.6378784,6.15625,2.234375,-3.5
500,1695992938967,0.8251953,0.04437256,0.6605835,3.5,3.140625,0.0625
501,1695992939007,0.8227539,0.013366699,0.70306396,0.265625,-1.78125,-2.40625
502,1695992939047,0.81518555,0.019470215,0.6259155,2.9375,2.515625,-3.03125
503,1695992939087,0.92700195,0.19891357,0.5927124,7.609375,0.453125,5.515625
504,1695992939127,0.77978516,0.22259521,0.6461792,4.359375,-6.921875,16.578125
505,1695992939167,0.5834961,0.10443115,0.7369995,13.953125,-6.765625,5.453125
506,1695992939207,0.6604004,0.0099487305,0.7538452,10.359375,9.8125,2.953125
507,1695992939247,0.7067871,-0.004699707,0.7633667,0.984375,0.140625,0.921875
508,1695992939287,0.7141113,0.097595215,0.66571045,-5.78125,-2.234375,-3.484375
509,1695992939327,0.71875,0.05706787,0.6486206,-7.875,8.796875,-9.265625
510,1695992939367,0.82788086,-0.006652832,0.70526123,-3.703125,10.03125,-10.8125
511,1695992939407,0.89282227,0.0211792,0.72039795,-6.90625,2.34375,-6.71875
512,1695992939447,0.8129883,0.046569824,0.6757202,-6.96875,-0.953125,-3.8125
513,1695992939487,0.7385254,0.046813965,0.6622925,-8.21875,2.96875,-5.578125
514,1695992939527,0.77734375,0.046081543,0.65179443,-10.375,8.0,-5.34375
515,1695992939567,0.8144531,0.073913574,0.6400757,-8.46875,5.765625,-2.5
516,1695992939607,0.81030273,0.0927124,0.6161499,-2.609375,3.453125,1.546875
517,1695992939647,0.7705078,0.09588623,0.6156616,1.46875,0.171875,1.859375
518,1695992939687,0.7441406,0.090026855,0.64886475,3.359375,-1.671875,0.21875
519,1695992939727,0.80078125,0.08831787,0.65374756,5.0625,-2.34375,2.09375
520,1695992939767,0.83154297,0.09124756,0.6364136,9.796875,-3.234375,5.40625
521,1695992939807,0.84716797,0.046325684,0.6376343,8.203125,-1.671875,7.078125
522,1695992939847,0.82299805,0.020935059,0.6403198,8.40625,-1.90625,4.109375
523,1695992939887,0.7890625,0.031188965,0.6618042,3.84375,-1.59375,2.34375
524,1695992939927,0.74853516,0.06317139,0.71014404,5.109375,-3.921875,2.859375
525,1695992939967,0.7302246,0.051696777,0.6942749,3.125,-3.671875,2.140625
526,1695992940007,0.7578125,0.058288574,0.6642456,2.109375,-2.703125,2.265625
527,1695992940047,0.73168945,0.09222412,0.6742554,3.546875,-3.59375,2.546875
528,1695992940087,0.77246094,0.062927246,0.46136475,16.703125,-8.921875,4.796875
529,1695992940127,0.8803711,0.06512451,0.71673584,-3.609375,6.6875,9.875
530,1695992940167,0.71972656,0.13421631,0.7518921,9.90625,-16.59375,5.34375
531,1695992940207,0.67285156,-0.00079345703,0.7987671,3.6875,3.46875,5.59375
532,1695992940247,0.63134766,-0.06402588,0.7670288,-6.78125,1.609375,-2.421875
533,1695992940287,0.7524414,0.08807373,0.7379761,-6.171875,2.265625,-5.9375
534,1695992940327,0.6447754,0.0211792,0.7067261,-5.328125,0.5,-9.875
535,1695992940367,0.7023926,0.035827637,0.71429443,-8.234375,7.71875,-10.84375
536,1695992940407,0.7416992,0.051940918,0.6893921,-11.78125,12.171875,-10.046875
537,1695992940447,0.80688477,0.082458496,0.6466675,-14.3125,16.78125,-9.1875
538,1695992940487,0.8378906,0.06463623,0.66326904,-11.15625,12.828125,-8.453125
539,1695992940527,0.8742676,0.05633545,0.6508179,-9.875,10.21875,-6.046875
540,1695992940567,0.8198242,0.06072998,0.649353,-5.015625,4.03125,-0.890625
541,1695992940607,0.810791,0.05999756,0.6547241,-4.078125,4.4375,-0.046875
542,1695992940647,0.7841797,0.04876709,0.66326904,-2.5625,1.53125,-0.40625
543,1695992940687,0.77368164,0.02142334,0.619812,-4.953125,0.9375,-2.578125
544,1695992940727,0.7429199,0.057800293,0.61639404,-4.296875,1.5,-2.390625
545,1695992940767,0.8273926,0.11102295,0.6244507,-0.734375,3.328125,2.28125
546,1695992940807,0.8232422,0.06390381,0.6088257,6.21875,0.984375,4.53125
547,1695992940847,0.77612305,0.062438965,0.60491943,11.09375,-9.703125,2.90625
548,1695992940887,0.74902344,0.05999756,0.64349365,7.109375,-8.5625,1.625
549,1695992940927,0.8256836,0.090270996,0.6859741,8.015625,-3.515625,4.65625
550,1695992940967,0.77075195,0.016540527,0.6742554,10.25,-7.921875,8.453125
551,1695992941007,0.71191406,0.06585693,0.6022339,17.34375,-9.859375,8.15625
552,1695992941047,0.8029785,0.0836792,0.47357178,21.609375,-14.578125,19.296875
553,1695992941087,0.8911133,0.06903076,0.7863159,4.765625,2.46875,8.15625
554,1695992941127,0.71850586,0.0289917,0.78045654,6.140625,-8.4375,3.921875
555,1695992941167,0.7426758,-0.07086182,0.75994873,-4.15625,-0.359375,-3.359375
556,1695992941207,0.68896484,0.03778076,0.73236084,-9.46875,0.921875,-6.421875
557,1695992941247,0.6804199,0.015563965,0.7145386,-10.0,-1.765625,-8.96875
558,1695992941287,0.6340332,0.026062012,0.7008667,-17.65625,11.15625,-11.390625
559,1695992941327,0.72875977,0.04949951,0.6918335,-16.609375,16.359375,-10.578125
560,1695992941367,0.7944336,0.08734131,0.67840576,-14.0,19.78125,-11.1875
561,1695992941407,0.86206055,0.07196045,0.6547241,-12.296875,17.296875,-10.3125
562,1695992941447,0.90649414,0.07977295,0.64593506,-4.546875,5.296875,-4.40625
563,1695992941487,0.79003906,0.061950684,0.6264038,0.265625,4.078125,1.546875
564,1695992941527,0.7717285,0.011169434,0.6166382,-0.390625,6.78125,1.71875
565,1695992941567,0.8071289,0.061950684,0.60687256,-3.359375,6.359375,0.96875
566,1695992941607,0.765625,0.08343506,0.6005249,-0.46875,2.46875,1.984375
567,1695992941647,0.76708984,0.06585693,0.5866089,1.203125,1.15625,1.21875
568,1695992941687,0.8195801,0.086364746,0.58465576,4.65625,0.453125,3.09375
569,1695992941727,0.8120117,0.07489014,0.61468506,9.546875,-1.6875,5.9375
570,1695992941767,0.84765625,0.04510498,0.63031006,10.0,-6.8125,4.984375
571,1695992941807,0.7751465,0.042419434,0.6715698,5.953125,-6.953125,5.4375
572,1695992941847,0.69628906,0.057800293,0.71380615,9.859375,-9.46875,6.125
573,1695992941887,0.76464844,0.038024902,0.651062,9.796875,-5.34375,7.765625
574,1695992941927,0.83618164,0.07928467,0.6342163,8.328125,-1.421875,5.5
575,1695992941967,0.87231445,0.050476074,0.60150146,2.71875,-0.765625,2.0625
576,1695992942007,0.77197266,0.015075684,0.5219116,3.40625,-10.0,0.171875
577,1695992942047,0.8989258,0.051452637,0.670105,1.8125,3.984375,8.078125
578,1695992942087,0.8708496,0.18621826,0.6989136,9.0,-10.53125,10.734375
579,1695992942127,0.638916,-0.019836426,0.7457886,4.34375,9.15625,6.125
580,1695992942167,0.7475586,-0.00079345703,0.75823975,-9.34375,6.015625,-2.078125
581,1695992942207,0.7272949,0.04534912,0.7069702,-9.46875,3.671875,-6.953125
582,1695992942247,0.70458984,0.077819824,0.68670654,-10.375,3.828125,-10.296875
583,1695992942287,0.73339844,0.04119873,0.62957764,-10.421875,6.859375,-9.46875
584,1695992942327,0.7624512,0.05218506,0.6498413,-11.125,10.96875,-10.875
585,1695992942367,0.8400879,0.06414795,0.63275146,-10.515625,14.75,-10.4375
586,1695992942407,0.87524414,0.07513428,0.6195679,-7.71875,8.625,-6.796875
587,1695992942447,0.84399414,0.07562256,0.62298584,-5.90625,4.078125,-3.046875
588,1695992942487,0.82177734,0.050231934,0.6207886,-4.015625,3.609375,-0.546875
589,1695992942527,0.81225586,0.06439209,0.633728,-2.140625,1.578125,1.234375
590,1695992942567,0.7614746,0.038757324,0.6112671,-1.09375,1.375,1.953125
591,1695992942607,0.77612305,0.0524292,0.607605,-1.53125,1.9375,-0.421875
592,1695992942647,0.7944336,0.07366943,0.58587646,-3.234375,0.8125,-1.90625
593,1695992942687,0.81274414,0.07147217,0.60491943,0.234375,-1.5625,-0.765625
594,1695992942727,0.8244629,0.058288574,0.6071167,3.1875,-1.25,-0.34375
595,1695992942767,0.8208008,0.05657959,0.6156616,6.078125,-1.65625,1.09375
596,1695992942807,0.826416,0.050476074,0.65838623,6.296875,-4.0,3.984375
597,1695992942847,0.82055664,0.023132324,0.6149292,4.96875,-3.921875,6.421875
598,1695992942887,0.7949219,0.08294678,0.64276123,3.4375,-1.515625,4.484375
599,1695992942927,0.7832031,0.07293701,0.64105225,4.875,-1.53125,4.171875
600,1695992942967,0.7668457,0.028747559,0.6403198,3.078125,-0.140625,3.109375
601,1695992943007,0.83203125,0.035583496,0.6310425,-0.125,0.65625,-0.203125
602,1695992943047,0.8198242,0.059020996,0.6347046,-1.203125,-1.421875,0.328125
603,1695992943087,0.79003906,0.061462402,0.63397217,-0.171875,-3.265625,1.765625
604,1695992943127,0.7805176,0.039978027,0.6412964,-1.25,-1.46875,0.984375
605,1695992943167,0.79248047,0.07098389,0.65252686,-1.796875,-1.84375,0.1875
606,1695992943207,0.77734375,0.06829834,0.6559448,0.625,-1.75,2.5
607,1695992943247,0.77978516,0.066345215,0.6515503,1.984375,-2.09375,3.6875
608,1695992943287,0.78686523,0.0770874,0.65252686,3.625,-4.484375,4.296875
609,1695992943327,0.7727051,0.054626465,0.6569214,0.921875,-3.25,3.640625
610,1695992943367,0.7458496,0.08441162,0.6466675,7.0625,-12.9375,4.4375
611,1695992943407,0.8210449,0.04925537,0.63739014,6.484375,-4.21875,8.109375
612,1695992943447,0.8120117,0.19769287,0.7357788,4.734375,-8.375,4.5625
613,1695992943487,0.6533203,0.08270264,0.7719116,7.3125,4.703125,7.828125
614,1695992943527,0.68969727,-0.07989502,0.76483154,-1.0625,2.359375,1.03125
615,1695992943567,0.7055664,0.07318115,0.74871826,-5.65625,0.78125,-4.390625
616,1695992943607,0.66796875,0.12322998,0.6403198,3.3125,-2.796875,-6.453125
617,1695992943647,0.8828125,0.047790527,0.6124878,-2.796875,9.78125,5.5625
618,1695992943687,0.78686523,0.06756592,0.6923218,2.453125,-7.515625,0.265625
619,1695992943727,0.77246094,0.078552246,0.61273193,0.625,-1.4375,1.4375
620,1695992943767,0.7363281,0.19696045,0.7628784,-3.203125,4.34375,-1.234375
621,1695992943807,0.69970703,0.03363037,0.7267456,-1.34375,6.71875,2.8125
622,1695992943847,0.73535156,0.021911621,0.7699585,-1.203125,2.3125,-0.203125
623,1695992943887,0.6479492,0.04925537,0.7272339,-3.65625,-1.296875,-2.140625
624,1695992943927,0.64697266,0.043151855,0.71307373,-5.234375,2.484375,-6.28125
625,1695992943967,0.7062988,0.042907715,0.6937866,-6.328125,10.6875,-10.328125
626,1695992944007,0.8063965,0.07684326,0.68426514,-10.15625,16.078125,-13.046875
627,1695992944047,0.85595703,0.070251465,0.6552124,-13.953125,15.75,-10.734375
628,1695992944087,0.8779297,0.03753662,0.61932373,-9.765625,12.75,-8.21875
629,1695992944127,0.8779297,0.06951904,0.6234741,-6.421875,8.71875,-4.953125
630,1695992944167,0.83203125,0.07366943,0.6210327,-3.8125,3.921875,0.21875
631,1695992944207,0.8093262,0.07147217,0.60369873,-2.921875,3.203125,1.71875
632,1695992944247,0.7697754,0.042175293,0.6022339,-2.875,1.703125,-0.5625
633,1695992944287,0.79418945,0.046813965,0.56829834,-5.859375,1.984375,-2.5
634,1695992944327,0.8208008,0.077819824,0.6022339,-4.40625,1.796875,-1.9375
635,1695992944367,0.83447266,0.07684326,0.6010132,-2.5,0.484375,-1.1875
636,1695992944407,0.8461914,0.066101074,0.60443115,-1.703125,-0.3125,-0.46875
637,1695992944447,0.8293457,0.097351074,0.6132202,0.90625,-2.328125,-0.21875
638,1695992944487,0.79248047,0.10003662,0.607605,3.703125,-2.75,0.75
639,1695992944527,0.7832031,0.08660889,0.63397217,5.03125,-3.671875,1.125
640,1695992944567,0.77197266,0.061950684,0.6535034,8.453125,-6.125,2.359375
641,1695992944607,0.80322266,0.047790527,0.66033936,15.640625,-9.640625,7.859375
642,1695992944647,0.7753906,0.020935059,0.62298584,13.890625,-6.640625,12.078125
643,1695992944687,0.8088379,0.06732178,0.5741577,6.0,0.53125,10.03125
644,1695992944727,0.90283203,0.08343506,0.5421753,-9.515625,1.296875,4.609375
645,1695992944767,0.82299805,0.12054443,0.7316284,2.734375,-14.5625,7.234375
646,1695992944807,0.6623535,0.012878418,0.70477295,0.578125,-1.765625,1.1875
647,1695992944847,0.7224121,0.03387451,0.7103882,-0.796875,-0.15625,-0.859375
648,1695992944887,0.73168945,-0.013977051,0.79364014,-6.34375,2.765625,-1.625
649,1695992944927,0.7355957,0.03338623,0.7086792,-6.734375,-2.40625,-5.078125
650,1695992944967,0.7648926,0.2020874,0.5895386,0.21875,2.5625,-7.34375
651,1695992945007,0.8762207,0.12591553,0.6264038,3.0,1.375,6.265625
652,1695992945047,0.79248047,0.11175537,0.5985718,4.015625,-4.75,4.84375
653,1695992945087,0.826416,0.12225342,0.6630249,4.046875,-5.53125,5.59375
654,1695992945127,0.65185547,0.11566162,0.7182007,9.921875,-12.46875,7.59375
655,1695992945167,0.7895508,0.09295654,0.7741089,-0.4375,9.046875,3.984375
656,1695992945207,0.623291,0.0036010742,0.75408936,3.78125,-9.046875,2.90625
657,1695992945247,0.71655273,0.040222168,0.79608154,-1.65625,-1.96875,1.96875
658,1695992945287,0.6760254,-0.0068969727,0.70892334,-4.390625,-2.203125,-1.359375
659,1695992945327,0.77197266,0.09613037,0.64593506,-5.375,1.140625,-11.546875
660,1695992945367,0.7841797,0.07513428,0.6444702,-11.296875,0.390625,-8.453125
661,1695992945407,0.7138672,0.062927246,0.6847534,-7.703125,9.421875,-10.625
662,1695992945447,0.763916,0.054382324,0.6832886,-13.40625,16.03125,-10.65625
663,1695992945487,0.7734375,0.09051514,0.74505615,-9.390625,14.125,-8.5
664,1695992945527,0.8125,0.097351074,0.69207764,-6.03125,10.953125,-4.359375
665,1695992945567,0.8144531,0.0993042,0.7074585,-4.203125,7.703125,-0.765625
666,1695992945607,0.7937012,0.066101074,0.6762085,-5.171875,3.65625,-0.53125
667,1695992945647,0.7819824,0.081726074,0.6376343,-4.109375,3.90625,-0.046875
668,1695992945687,0.779541,0.09075928,0.62615967,0.40625,2.203125,1.125
669,1695992945727,0.7739258,0.07513428,0.62493896,0.265625,1.6875,0.890625
670,1695992945767,0.80029297,0.08001709,0.6222534,1.078125,0.953125,1.0625
671,1695992945807,0.7890625,0.07244873,0.6156616,1.8125,-1.125,1.09375
672,1695992945847,0.77246094,0.074645996,0.6071167,2.203125,-0.953125,0.96875
673,1695992945887,0.7878418,0.09466553,0.6325073,3.375,-1.90625,-0.078125
674,1695992945927,0.77905273,0.09173584,0.6535034,5.03125,-3.15625,1.1875
675,1695992945967,0.80029297,0.08416748,0.6432495,11.421875,-4.21875,6.0625
676,1695992946007,0.83447266,0.054870605,0.67962646,11.0,-10.34375,10.03125
677,1695992946047,0.73706055,0.06903076,0.71014404,8.625,-12.21875,6.328125
678,1695992946087,0.7385254,0.08001709,0.7028198,4.328125,-2.546875,6.109375
679,1695992946127,0.7626953,0.04925537,0.6508179,3.578125,-10.1875,6.640625
680,1695992946167,0.7961426,0.062683105,0.63323975,10.140625,-14.140625,8.90625
681,1695992946207,0.7619629,0.199646,0.74017334,5.734375,-0.6875,4.578125
682,1695992946247,0.6401367,0.057800293,0.8324585,7.65625,12.1875,8.25
683,1695992946287,0.7487793,-0.026184082,0.80999756,-4.5,5.546875,3.96875
684,1695992946327,0.6945801,0.061950684,0.7614136,-4.59375,3.59375,-1.765625
685,1695992946367,0.68310547,0.113708496,0.7172241,-1.046875,1.734375,-3.5
686,1695992946407,0.7294922,0.0993042,0.6508179,-3.03125,4.84375,-1.234375
687,1695992946447,0.82470703,0.0602417,0.6984253,-3.296875,2.203125,0.421875
688,1695992946487,0.7524414,0.08026123,0.68548584,-1.25,0.0625,-3.90625
689,1695992946527,0.8244629,0.077819824,0.67767334,-1.46875,0.46875,-3.3125
690,1695992946567,0.78881836,0.09881592,0.6703491,-1.796875,0.8125,0.359375
691,1695992946607,0.7397461,0.09320068,0.6793823,0.25,-1.65625,1.59375
692,1695992946647,0.73095703,0.08905029,0.71795654,0.3125,-0.984375,0.734375
693,1695992946687,0.7219238,0.09979248,0.74798584,2.171875,-3.5625,3.15625
694,1695992946727,0.7182617,0.08880615,0.6325073,19.171875,-10.390625,9.421875
695,1695992946767,0.79663086,0.12054443,0.6935425,3.03125,6.125,13.90625
696,1695992946807,0.7561035,0.22259521,0.80511475,13.390625,-10.875,7.390625
697,1695992946847,0.6574707,-0.013977051,0.78656006,1.328125,7.234375,7.578125
698,1695992946887,0.6152344,-0.039611816,0.762146,-6.21875,3.09375,-5.265625
699,1695992946927,0.7385254,0.12298584,0.7628784,-8.8125,3.21875,-7.59375
700,1695992946967,0.63500977,0.054626465,0.7313843,-6.96875,-2.59375,-8.46875
701,1695992947007,0.6945801,0.0289917,0.73553467,-6.8125,4.125,-6.421875
702,1695992947047,0.7519531,0.061950684,0.73724365,-4.203125,2.5,-4.265625
703,1695992947087,0.75561523,0.06707764,0.70721436,-5.21875,5.109375,-5.21875
704,1695992947127,0.8430176,0.055358887,0.69329834,-8.84375,2.328125,-9.328125
705,1695992947167,0.80126953,0.093688965,0.68865967,-9.890625,-1.03125,-8.109375
706,1695992947207,0.74072266,0.10418701,0.7182007,-7.6875,-2.484375,-4.296875
707,1695992947247,0.7060547,0.109558105,0.72088623,-5.40625,-2.890625,-2.3125
708,1695992947287,0.6906738,0.11029053,0.7086792,-4.203125,-2.578125,-0.53125
709,1695992947327,0.69091797,0.11468506,0.7062378,-1.34375,-0.78125,0.265625
710,1695992947367,0.7036133,0.10076904,0.7338257,2.21875,-0.765625,-0.78125
711,1695992947407,0.7355957,0.08050537,0.72772217,2.375,0.734375,-0.75
712,1695992947447,0.7529297,0.08343506,0.7267456,3.625,-0.0625,0.484375
713,1695992947487,0.7507324,0.059020996,0.70355225,2.90625,0.328125,0.6875
714,1695992947527,0.7409668,0.073913574,0.7538452,3.203125,1.25,1.046875
715,1695992947567,0.73095703,0.05682373,0.7296753,0.234375,2.0,1.390625
716,1695992947607,0.70166016,0.07122803,0.7489624,1.5,1.265625,1.484375
717,1695992947647,0.69262695,0.045837402,0.744812,1.390625,0.40625,1.40625
718,1695992947687,0.7092285,0.062194824,0.7526245,0.171875,1.015625,-0.328125
719,1695992947727,0.7416992,0.06976318,0.7238159,-1.375,2.25,0.75
720,1695992947767,0.74975586,0.093933105,0.7284546,-1.046875,0.609375,1.484375
721,1695992947807,0.7312012,0.081726074,0.7189331,1.6875,-0.578125,4.4375
722,1695992947847,0.74487305,0.112976074,0.71429443,3.515625,3.34375,7.5
723,1695992947887,0.74902344,0.0770874,0.73065186,4.671875,1.296875,8.59375
724,1695992947927,0.73583984,0.08001709,0.5829468,-5.46875,-3.859375,3.8125
725,1695992947967,0.8137207,0.11126709,0.637146,-6.859375,2.375,1.234375
726,1695992948007,0.67529297,0.17034912,0.77264404,-7.359375,-0.484375,-0.828125
727,1695992948047,0.6623535,0.11785889,0.76361084,10.71875,9.015625,6.34375
728,1695992948087,0.6970215,0.055603027,0.8390503,6.890625,7.4375,9.75
729,1695992948127,0.6833496,0.03753662,0.7836304,4.71875,8.1875,-2.203125
730,1695992948167,0.7512207,0.09051514,0.7711792,6.953125,-0.875,-4.4375
731,1695992948207,0.6730957,0.022644043,0.696228,0.703125,-4.359375,-6.265625
732,1695992948247,0.72558594,0.07342529,0.70892334,-7.3125,3.421875,-7.078125
733,1695992948287,0.7565918,0.08856201,0.6727905,-12.046875,11.625,-9.046875
734,1695992948327,0.7817383,0.086364746,0.68255615,-12.8125,14.296875,-9.59375
735,1695992948367,0.8125,0.05633545,0.6637573,-10.453125,10.484375,-9.765625
736,1695992948407,0.7998047,0.086120605,0.6276245,-6.8125,6.453125,-4.984375
737,1695992948447,0.7980957,0.109069824,0.6522827,-5.203125,4.453125,-1.9375
738,1695992948487,0.7949219,0.0848999,0.66082764,-5.375,0.5,-1.4375
739,1695992948527,0.77075195,0.057800293,0.6630249,-4.1875,-1.078125,-2.28125
740,1695992948567,0.74560547,0.090270996,0.67181396,-4.015625,-1.375,-3.40625
741,1695992948607,0.748291,0.11102295,0.66741943,-1.78125,-0.71875,-1.375
742,1695992948647,0.75512695,0.101501465,0.66082764,0.5625,-0.546875,-0.109375
743,1695992948687,0.7883301,0.11029053,0.6586304,6.265625,-0.703125,1.484375
744,1695992948727,0.81689453,0.08929443,0.6559448,12.9375,-2.21875,6.296875
745,1695992948767,0.8017578,0.04925537,0.67108154,8.9375,-7.125,7.453125
746,1695992948807,0.76708984,0.038269043,0.71502686,6.390625,-5.609375,6.765625
747,1695992948847,0.72558594,0.050720215,0.71087646,4.5625,-5.0,1.21875
748,1695992948887,0.7290039,0.050720215,0.70526123,0.90625,-3.1875,1.8125
749,1695992948927,0.7866211,0.06561279,0.73846436,3.1875,-2.65625,3.109375
750,1695992948967,0.74560547,0.08099365,0.7037964,-0.984375,-6.578125,3.703125
751,1695992949007,0.7548828,0.086120605,0.6102905,12.359375,-16.359375,5.765625
752,1695992949047,0.8376465,0.2074585,0.7284546,10.359375,-4.953125,9.421875
753,1695992949087,0.6052246,0.09197998,0.78704834,16.40625,-7.625,13.1875
754,1695992949127,0.55444336,-0.011779785,0.7904663,9.421875,0.0625,11.671875
755,1695992949167,0.56933594,0.027526855,0.8143921,2.09375,1.21875,0.015625
756,1695992949207,0.65771484,0.07952881,0.805603,3.5625,0.703125,-0.0625
757,1695992949247,0.75439453,0.04046631,0.71868896,1.359375,0.484375,-0.765625
758,1695992949287,0.7895508,0.022644043,0.75897217,-2.640625,2.796875,1.359375
759,1695992949327,0.8137207,0.09881592,0.6430054,10.65625,-9.609375,-2.25
