,timestamp,accel_x,accel_y,accel_z,gyro_x,gyro_y,gyro_z,mag_x,mag_y,mag_z
0,1695991918800,-0.30664062,0.93359375,0.16308594,0.125,-0.0625,-0.375,0.0,0.0,0.0
1,1695991918860,-0.2998047,0.9433594,0.13671875,0.1875,0.3125,-0.1875,0.0,0.0,0.0
2,1695991918889,-0.3076172,0.9423828,0.14550781,0.71875,0.1875,0.03125,4.375,8.5625,-9.3125
3,1695991918919,-0.3017578,0.9453125,0.13671875,-0.0625,-0.125,0.15625,0.0,0.0,0.0
4,1695991918979,-0.30859375,0.9453125,0.14648438,0.0625,-0.3125,-0.1875,0.0,0.0,0.0
5,1695991919010,-0.30664062,0.9375,0.13476562,-0.4375,0.1875,0.09375,0.0,0.0,0.0
6,1695991919039,-0.3095703,0.93652344,0.15527344,-0.3125,-0.1875,0.46875,0.0,0.0,0.0
7,1695991919099,-0.30371094,0.9433594,0.15917969,-0.375,-0.3125,0.53125,0.0,0.0,0.0
8,1695991919130,-0.3046875,0.9433594,0.13964844,-0.96875,-0.59375,0.53125,0.0,0.0,0.0
9,1695991919160,-0.3076172,0.94921875,0.1484375,-0.625,-0.46875,0.53125,0.0,0.0,0.0
10,1695991919249,-0.31054688,0.9511719,0.12792969,-0.90625,-0.65625,0.40625,0.0,0.0,0.0
11,1695991919251,-0.30078125,0.9453125,0.15234375,-0.0625,-0.34375,0.28125,0.0,0.0,0.0
12,1695991919281,-0.3095703,0.93066406,0.16308594,-0.625,-0.1875,0.65625,0.0,0.0,0.0
13,1695991919341,-0.30273438,0.9375,0.14648438,-0.5625,-0.40625,0.46875,0.0,0.0,0.0
14,1695991919372,-0.3095703,0.9433594,0.140625,-0.3125,-0.25,0.34375,3.875,8.5625,-8.75
15,1695991919401,-0.30371094,0.9394531,0.140625,0.0625,-0.46875,0.21875,0.0,0.0,0.0
16,1695991919461,-0.3046875,0.9375,0.15820312,-0.3125,-0.40625,0.09375,0.0,0.0,0.0
17,1695991919491,-0.3017578,0.9511719,0.15429688,-0.6875,-0.53125,0.34375,0.0,0.0,0.0
18,1695991919520,-0.30078125,0.93652344,0.15917969,-0.5625,-0.40625,0.34375,0.0,0.0,0.0
19,1695991919584,-0.30664062,0.9423828,0.14257812,-0.4375,-0.65625,0.46875,0.0,0.0,0.0
20,1695991919611,-0.3017578,0.95410156,0.14550781,-0.84375,-0.34375,0.40625,0.0,0.0,0.0
21,1695991919641,-0.2998047,0.9375,0.14550781,-0.1875,-0.34375,0.40625,0.0,0.0,0.0
22,1695991919701,-0.31152344,0.9501953,0.12988281,-0.375,-0.40625,0.46875,0.0,0.0,0.0
23,1695991919732,-0.2998047,0.9482422,0.15820312,-0.375,-0.59375,-0.0625,0.0,0.0,0.0
24,1695991919761,-0.3076172,0.9345703,0.15039062,-0.5,0.0,0.21875,0.0,0.0,0.0
25,1695991919820,-0.3017578,0.9453125,0.15136719,0.3125,0.25,0.34375,0.0,0.0,0.0
26,1695991919850,-0.30566406,0.94433594,0.15039062,0.0625,-0.3125,0.28125,0.0,0.0,0.0
27,1695991919880,-0.2998047,0.9550781,0.15136719,-0.375,-0.40625,0.0,3.0,8.25,-8.125
28,1695991919940,-0.29785156,0.9423828,0.15527344,-1.15625,-0.84375,0.78125,0.0,0.0,0.0
29,1695991919972,-0.2998047,0.9423828,0.15039062,-0.75,-0.34375,0.84375,0.0,0.0,0.0
30,1695991920000,-0.31054688,0.9433594,0.15625,-1.03125,-0.46875,0.28125,0.0,0.0,0.0
31,1695991920061,-0.3173828,0.9326172,0.15625,-0.75,-0.3125,0.03125,0.0,0.0,0.0
32,1695991920091,-0.30371094,0.93066406,0.15527344,-0.125,-0.1875,0.0,0.0,0.0,0.0
33,1695991920121,-0.296875,0.95410156,0.16113281,-0.1875,-0.1875,0.03125,0.0,0.0,0.0
34,1695991920180,-0.3017578,0.9375,0.14453125,-0.0625,-0.125,0.0,0.0,0.0,0.0
35,1695991920210,-0.30566406,0.9423828,0.16796875,-0.125,-0.1875,0.15625,0.0,0.0,0.0
36,1695991920241,-0.296875,0.94140625,0.16308594,0.5,0.3125,-0.0625,0.0,0.0,0.0
37,1695991920301,-0.29785156,0.9482422,0.14648438,0.125,0.0625,-0.0625,0.0,0.0,0.0
38,1695991920331,-0.30566406,0.94628906,0.15625,0.25,-0.125,0.0,0.0,0.0,0.0
39,1695991920362,-0.2998047,0.9375,0.15039062,-0.5,-0.25,0.09375,3.4375,6.9375,-8.125
40,1695991920421,-0.3046875,0.94140625,0.14746094,-0.3125,-0.46875,0.28125,0.0,0.0,0.0
41,1695991920452,-0.3017578,0.94921875,0.1640625,-0.3125,-0.125,0.09375,0.0,0.0,0.0
42,1695991920482,-0.29882812,0.9511719,0.15332031,-0.625,0.625,0.34375,0.0,0.0,0.0
43,1695991920542,-0.29882812,0.9453125,0.17382812,-0.0625,0.3125,0.40625,0.0,0.0,0.0
44,1695991920571,-0.30371094,0.9423828,0.15039062,-0.0625,-0.3125,0.0,0.0,0.0,0.0
45,1695991920603,-0.29589844,0.9375,0.1484375,-0.1875,-0.40625,-0.1875,0.0,0.0,0.0
46,1695991920661,-0.3017578,0.93066406,0.14648438,-0.0625,-0.3125,0.15625,0.0,0.0,0.0
47,1695991920691,-0.30273438,0.9511719,0.15722656,-0.125,-0.125,0.28125,0.0,0.0,0.0
48,1695991920721,-0.3017578,0.94140625,0.15136719,-0.0625,-0.1875,-0.0625,0.0,0.0,0.0
49,1695991920781,-0.29882812,0.9375,0.15527344,-0.25,-0.125,0.15625,0.0,0.0,0.0
50,1695991920812,-0.3046875,0.9326172,0.14941406,-0.25,-0.25,0.21875,0.0,0.0,0.0
51,1695991920872,-0.30566406,0.9482422,0.17480469,0.0,-0.125,0.0,0.0,0.0,0.0
52,1695991920901,-0.3046875,0.94921875,0.14648438,-0.0625,-0.25,0.03125,4.5,9.0,-6.75
53,1695991920932,-0.29785156,0.9394531,0.15234375,-0.5625,0.125,0.0,0.0,0.0,0.0
54,1695991920961,-0.29882812,0.9472656,0.1640625,-0.6875,-0.125,0.03125,0.0,0.0,0.0
55,1695991921021,-0.2919922,0.95410156,0.16601562,-0.5,-0.3125,0.21875,0.0,0.0,0.0
56,1695991921051,-0.3017578,0.9375,0.16308594,-0.5,-0.40625,0.09375,0.0,0.0,0.0
57,1695991921081,-0.3046875,0.9345703,0.17382812,-0.25,-0.25,0.21875,0.0,0.0,0.0
58,1695991921141,-0.30273438,0.94140625,0.1640625,-0.6875,-0.34375,0.15625,0.0,0.0,0.0
59,1695991921172,-0.29882812,0.9482422,0.15722656,-0.1875,-0.25,0.09375,0.0,0.0,0.0
60,1695991921204,-0.2890625,0.93847656,0.171875,-0.0625,-0.46875,0.03125,0.0,0.0,0.0
61,1695991921261,-0.29785156,0.93359375,0.17578125,-0.125,0.3125,0.0,0.0,0.0,0.0
62,1695991921291,-0.30273438,0.93652344,0.15917969,-0.0625,0.0,0.28125,0.0,0.0,0.0
63,1695991921323,-0.3046875,0.9345703,0.15625,0.5,-0.3125,0.03125,0.0,0.0,0.0
64,1695991921381,-0.29882812,0.9423828,0.16210938,-0.3125,-0.3125,-0.25,4.0625,9.0,-6.75
65,1695991921411,-0.29785156,0.9238281,0.16015625,-0.1875,-0.53125,0.0,0.0,0.0,0.0
66,1695991921440,-0.30273438,0.93652344,0.16113281,-0.25,-0.40625,0.09375,0.0,0.0,0.0
67,1695991921533,-0.31347656,0.94140625,0.16503906,-0.0625,-0.59375,0.34375,0.0,0.0,0.0
68,1695991921539,-0.2939453,0.94433594,0.17382812,-0.375,-0.3125,0.09375,0.0,0.0,0.0
69,1695991921561,-0.296875,0.94140625,0.16308594,-0.0625,-0.125,0.09375,0.0,0.0,0.0
70,1695991921621,-0.28320312,0.93359375,0.15527344,0.1875,-0.125,0.15625,0.0,0.0,0.0
71,1695991921654,-0.28710938,0.94433594,0.16601562,-0.4375,-0.1875,0.03125,0.0,0.0,0.0
72,1695991921712,-0.29589844,0.94433594,0.17089844,-0.0625,-0.125,-0.0625,0.0,0.0,0.0
73,1695991921741,-0.30566406,0.9375,0.17480469,0.4375,0.0,-0.0625,0.0,0.0,0.0
74,1695991921772,-0.3017578,0.9433594,0.14550781,0.0,-0.125,-0.0625,0.0,0.0,0.0
75,1695991921832,-0.29785156,0.9472656,0.16796875,0.0,-0.125,-0.0625,0.0,0.0,0.0
76,1695991921862,-0.30273438,0.93359375,0.14648438,0.0,-0.125,0.21875,0.0,0.0,0.0
77,1695991921892,-0.2998047,0.94433594,0.16699219,-0.0625,-0.125,0.0,3.625,7.0625,-8.25
78,1695991921953,-0.29882812,0.9345703,0.15722656,0.125,-0.1875,0.09375,0.0,0.0,0.0
79,1695991921981,-0.29589844,0.9394531,0.15136719,-0.25,0.0,-0.125,0.0,0.0,0.0
80,1695991922014,-0.3017578,0.94921875,0.16796875,0.0,-0.34375,-0.125,0.0,0.0,0.0
81,1695991922071,-0.3017578,0.95214844,0.171875,-0.1875,-0.125,-0.3125,0.0,0.0,0.0
82,1695991922102,-0.3017578,0.9472656,0.17089844,-0.375,-0.0625,0.09375,0.0,0.0,0.0
83,1695991922130,-0.296875,0.94140625,0.16796875,-0.4375,-0.0625,0.15625,0.0,0.0,0.0
84,1695991922191,-0.29589844,0.9316406,0.16992188,-0.25,-0.46875,0.40625,0.0,0.0,0.0
85,1695991922225,-0.2939453,0.95214844,0.15917969,-0.1875,-0.34375,-0.0625,0.0,0.0,0.0
86,1695991922261,-0.30371094,0.9423828,0.18066406,-0.375,-0.46875,0.03125,0.0,0.0,0.0
87,1695991922311,-0.2939453,0.9375,0.15234375,-0.25,-0.25,0.21875,0.0,0.0,0.0
88,1695991922340,-0.3046875,0.9404297,0.17285156,-0.5625,-0.53125,0.40625,0.0,0.0,0.0
89,1695991922371,-0.29785156,0.9326172,0.16992188,-0.25,-0.0625,0.28125,2.6875,9.3125,-6.5
90,1695991922431,-0.29882812,0.93847656,0.17773438,-0.0625,-0.0625,0.21875,0.0,0.0,0.0
91,1695991922461,-0.29101562,0.9423828,0.17578125,0.0625,0.25,0.15625,0.0,0.0,0.0
92,1695991922492,-0.30566406,0.94433594,0.15917969,-0.25,-0.25,-0.125,0.0,0.0,0.0
93,1695991922551,-0.296875,0.94140625,0.15527344,0.3125,0.0625,-0.0625,0.0,0.0,0.0
94,1695991922590,-0.29785156,0.9453125,0.16894531,0.3125,-0.0625,-0.25,0.0,0.0,0.0
95,1695991922617,-0.2919922,0.94140625,0.171875,0.0,-0.1875,-0.25,0.0,0.0,0.0
96,1695991922671,-0.29882812,0.9394531,0.18066406,0.25,0.0,0.03125,0.0,0.0,0.0
97,1695991922701,-0.29882812,0.9394531,0.16796875,-0.0625,-0.1875,0.15625,0.0,0.0,0.0
98,1695991922730,-0.296875,0.9404297,0.15917969,-0.1875,-0.25,0.09375,0.0,0.0,0.0
99,1695991922792,-0.30078125,0.9394531,0.15234375,0.0625,0.0625,0.15625,0.0,0.0,0.0
100,1695991922821,-0.2998047,0.95214844,0.16796875,0.0,-0.1875,0.15625,0.0,0.0,0.0
101,1695991922851,-0.30078125,0.9345703,0.16699219,-0.0625,-0.1875,0.03125,0.0,0.0,0.0
102,1695991922911,-0.296875,0.9375,0.15039062,0.0,-0.125,0.0,3.625,8.875,-8.0
103,1695991922941,-0.296875,0.93847656,0.16210938,-0.0625,-0.1875,0.21875,0.0,0.0,0.0
104,1695991922971,-0.2998047,0.93652344,0.15722656,-0.25,-0.3125,0.0,0.0,0.0,0.0
105,1695991923061,-0.30078125,0.9345703,0.15917969,-0.3125,-0.25,0.0,0.0,0.0,0.0
106,1695991923064,-0.3125,0.9423828,0.17285156,-0.125,-0.125,0.09375,0.0,0.0,0.0
107,1695991923091,-0.296875,0.9345703,0.16503906,-0.0625,0.0625,0.21875,0.0,0.0,0.0
108,1695991923181,-0.2890625,0.93652344,0.17578125,0.0,-0.25,0.53125,0.0,0.0,0.0
109,1695991923184,-0.2919922,0.9482422,0.16015625,0.0,0.0,-0.0625,0.0,0.0,0.0
110,1695991923212,-0.29589844,0.94628906,0.16601562,-0.125,-0.25,0.0,0.0,0.0,0.0
111,1695991923271,-0.30664062,0.9423828,0.16308594,0.0625,-0.0625,0.03125,0.0,0.0,0.0
112,1695991923302,-0.30078125,0.93652344,0.15722656,-0.0625,-0.40625,-0.25,0.0,0.0,0.0
113,1695991923332,-0.30078125,0.9296875,0.18164062,-0.0625,-0.3125,0.0,0.0,0.0,0.0
114,1695991923390,-0.3017578,0.9394531,0.17480469,-0.1875,-0.1875,0.28125,4.5,7.6875,-7.375
115,1695991923421,-0.2919922,0.94921875,0.15429688,-0.125,-0.125,0.15625,0.0,0.0,0.0
116,1695991923451,-0.2890625,0.9404297,0.15625,0.3125,0.0,0.09375,0.0,0.0,0.0
117,1695991923511,-0.2998047,0.9453125,0.16699219,-0.3125,-0.0625,0.09375,0.0,0.0,0.0
118,1695991923542,-0.29882812,0.94140625,0.17089844,-0.0625,-0.3125,-0.0625,0.0,0.0,0.0
119,1695991923571,-0.3017578,0.93359375,0.17089844,0.1875,-0.25,0.15625,0.0,0.0,0.0
120,1695991923632,-0.30273438,0.9394531,0.17089844,0.0,-0.125,0.0,0.0,0.0,0.0
121,1695991923662,-0.30273438,0.9355469,0.16308594,0.3125,0.0,0.03125,0.0,0.0,0.0
122,1695991923692,-0.30859375,0.9394531,0.16992188,0.125,0.1875,-0.0625,0.0,0.0,0.0
123,1695991923753,-0.30371094,0.9394531,0.15917969,0.3125,0.0,0.15625,0.0,0.0,0.0
124,1695991923810,-0.30566406,0.9404297,0.171875,0.25,-0.0625,-0.0625,0.0,0.0,0.0
125,1695991923815,-0.30078125,0.9404297,0.17285156,0.25,-0.1875,-0.25,0.0,0.0,0.0
126,1695991923871,-0.29882812,0.93652344,0.16992188,0.25,-0.1875,-0.0625,0.0,0.0,0.0
127,1695991923902,-0.29492188,0.9501953,0.17578125,-0.0625,-0.34375,-0.25,5.25,10.8125,-6.5
128,1695991923932,-0.30371094,0.93359375,0.14648438,-0.75,0.0,0.28125,0.0,0.0,0.0
129,1695991923991,-0.29882812,0.9277344,0.17089844,0.25,0.25,0.53125,0.0,0.0,0.0
130,1695991924022,-0.29882812,0.9404297,0.17089844,-0.125,-0.3125,0.21875,0.0,0.0,0.0
131,1695991924052,-0.3017578,0.9453125,0.16699219,0.1875,-0.1875,-0.25,0.0,0.0,0.0
132,1695991924111,-0.296875,0.9355469,0.16503906,-0.0625,-0.3125,0.0,0.0,0.0,0.0
133,1695991924141,-0.29882812,0.93359375,0.16796875,0.3125,-0.125,0.09375,0.0,0.0,0.0
134,1695991924172,-0.30371094,0.9394531,0.16113281,0.0625,-0.1875,-0.0625,0.0,0.0,0.0
135,1695991924232,-0.3076172,0.93652344,0.16699219,0.0,0.0,0.15625,0.0,0.0,0.0
136,1695991924261,-0.2998047,0.9296875,0.16992188,0.125,-0.125,-0.0625,0.0,0.0,0.0
137,1695991924291,-0.2939453,0.9404297,0.18066406,0.25,0.0,-0.125,0.0,0.0,0.0
138,1695991924353,-0.3017578,0.9404297,0.15527344,0.375,0.0,0.03125,0.0,0.0,0.0
139,1695991924382,-0.29589844,0.94433594,0.16503906,-0.3125,0.0,0.0,3.75,7.6875,-7.8125
140,1695991924411,-0.3095703,0.94140625,0.17285156,0.3125,-0.125,-0.0625,0.0,0.0,0.0
141,1695991924472,-0.30664062,0.9404297,0.15722656,-0.0625,-0.125,0.03125,0.0,0.0,0.0
142,1695991924501,-0.3017578,0.9277344,0.16015625,-0.3125,-0.125,0.03125,0.0,0.0,0.0
143,1695991924532,-0.30273438,0.9433594,0.16796875,0.0,0.0625,0.09375,0.0,0.0,0.0
144,1695991924591,-0.30078125,0.9345703,0.16601562,-0.375,-0.25,0.28125,0.0,0.0,0.0
145,1695991924621,-0.30273438,0.93652344,0.16503906,-0.3125,-0.1875,0.09375,0.0,0.0,0.0
146,1695991924653,-0.29101562,0.9433594,0.17089844,0.1875,-0.1875,0.03125,0.0,0.0,0.0
147,1695991924711,-0.3017578,0.93847656,0.17480469,-0.0625,0.0,-0.125,0.0,0.0,0.0
148,1695991924741,-0.29589844,0.94433594,0.16308594,-0.0625,0.125,0.15625,0.0,0.0,0.0
149,1695991924785,-0.3017578,0.9472656,0.16503906,0.1875,-0.0625,0.34375,0.0,0.0,0.0
150,1695991924838,-0.30664062,0.94140625,0.18652344,-0.125,-0.0625,-0.125,0.0,0.0,0.0
151,1695991924861,-0.3017578,0.9375,0.16894531,-0.125,-0.3125,0.09375,0.0,0.0,0.0
152,1695991924890,-0.3046875,0.9355469,0.16113281,-0.25,-0.25,0.09375,4.5,7.1875,-6.75
153,1695991924951,-0.29882812,0.9482422,0.16015625,-0.0625,-0.46875,0.0,0.0,0.0,0.0
154,1695991924980,-0.2998047,0.9404297,0.15039062,-0.125,-0.1875,-0.125,0.0,0.0,0.0
155,1695991925010,-0.29003906,0.93652344,0.17285156,0.1875,0.0,0.0,0.0,0.0,0.0
156,1695991925070,-0.30566406,0.9482422,0.17675781,0.375,-0.0625,0.34375,0.0,0.0,0.0
157,1695991925101,-0.30371094,0.9404297,0.18066406,-0.0625,-0.25,0.03125,0.0,0.0,0.0
158,1695991925131,-0.3017578,0.93652344,0.16796875,-0.5625,-0.53125,0.09375,0.0,0.0,0.0
159,1695991925192,-0.3046875,0.9355469,0.17089844,-0.1875,-0.1875,0.28125,0.0,0.0,0.0
160,1695991925222,-0.2939453,0.9355469,0.18261719,-0.3125,-0.40625,0.34375,0.0,0.0,0.0
161,1695991925254,-0.29101562,0.9394531,0.17578125,-0.125,-0.25,0.15625,0.0,0.0,0.0
162,1695991925341,-0.29296875,0.9453125,0.16601562,-0.375,-0.3125,0.09375,0.0,0.0,0.0
163,1695991925344,-0.29589844,0.94921875,0.17089844,-0.375,-0.59375,0.09375,0.0,0.0,0.0
164,1695991925375,-0.296875,0.9511719,0.18652344,-0.25,-0.3125,0.09375,2.5625,8.125,-8.75
165,1695991925431,-0.29882812,0.93359375,0.17480469,-0.75,0.3125,0.40625,0.0,0.0,0.0
166,1695991925461,-0.2919922,0.9423828,0.17578125,0.0625,0.125,0.53125,0.0,0.0,0.0
167,1695991925491,-0.29003906,0.9423828,0.16796875,-0.0625,-0.40625,0.03125,0.0,0.0,0.0
168,1695991925552,-0.29785156,0.9394531,0.15722656,-0.3125,-0.34375,0.03125,0.0,0.0,0.0
169,1695991925582,-0.30566406,0.9394531,0.16113281,-0.375,-0.34375,0.28125,0.0,0.0,0.0
170,1695991925611,-0.30273438,0.9404297,0.16503906,-0.75,-0.46875,0.15625,0.0,0.0,0.0
171,1695991925672,-0.30371094,0.93652344,0.16503906,-0.4375,-0.59375,0.46875,0.0,0.0,0.0
172,1695991925702,-0.29882812,0.9355469,0.17285156,-0.25,-0.25,0.34375,0.0,0.0,0.0
173,1695991925731,-0.30078125,0.94628906,0.18457031,-0.1875,-0.3125,0.15625,0.0,0.0,0.0
174,1695991925791,-0.2939453,0.94921875,0.16308594,0.125,-0.125,0.15625,0.0,0.0,0.0
175,1695991925822,-0.2998047,0.94628906,0.17578125,-0.5625,-0.59375,0.15625,0.0,0.0,0.0
176,1695991925851,-0.29492188,0.93359375,0.171875,-0.25,-0.25,-0.1875,0.0,0.0,0.0
177,1695991925912,-0.296875,0.94140625,0.17089844,0.0625,0.0625,-0.375,3.625,9.625,-5.875
178,1695991925941,-0.2939453,0.9472656,0.18164062,-0.375,0.125,-0.4375,0.0,0.0,0.0
179,1695991925971,-0.2998047,0.9355469,0.16113281,0.3125,0.3125,-0.0625,0.0,0.0,0.0
180,1695991926032,-0.3017578,0.9501953,0.16308594,-0.125,0.0,0.0625,0.0,0.0,0.0
181,1695991926091,-0.3076172,0.9433594,0.18945312,0.1875,0.375,-0.25,0.0,0.0,0.0
182,1695991926094,-0.29492188,0.9404297,0.18457031,0.1875,0.78125,0.125,0.0,0.0,0.0
183,1695991926154,-0.29101562,0.9511719,0.16601562,0.53125,0.40625,-0.0625,0.0,0.0,0.0
184,1695991926181,-0.29589844,0.9453125,0.16796875,0.25,0.0625,-0.5625,0.0,0.0,0.0
185,1695991926212,-0.2890625,0.9433594,0.17578125,0.25,0.125,-0.1875,0.0,0.0,0.0
186,1695991926272,-0.29003906,0.9355469,0.18164062,-0.1875,-0.0625,-0.125,0.0,0.0,0.0
187,1695991926302,-0.29589844,0.9394531,0.16796875,0.125,0.0625,0.0,0.0,0.0,0.0
188,1695991926331,-0.30273438,0.9326172,0.17871094,0.3125,0.0625,-0.25,0.0,0.0,0.0
189,1695991926392,-0.2861328,0.9345703,0.171875,0.1875,0.3125,-0.125,4.5,7.6875,-5.4375
190,1695991926422,-0.2939453,0.93359375,0.1796875,0.71875,0.25,-0.5,0.0,0.0,0.0
191,1695991926452,-0.2939453,0.94140625,0.16699219,0.375,0.46875,-0.1875,0.0,0.0,0.0
192,1695991926511,-0.30371094,0.9501953,0.18945312,0.1875,0.1875,-0.25,0.0,0.0,0.0
193,1695991926541,-0.29785156,0.9355469,0.18066406,0.53125,0.25,-0.5,0.0,0.0,0.0
194,1695991926570,-0.30273438,0.9472656,0.17578125,0.53125,0.25,-0.4375,0.0,0.0,0.0
195,1695991926631,-0.29882812,0.9404297,0.171875,0.4375,0.40625,-0.25,0.0,0.0,0.0
196,1695991926660,-0.30566406,0.9345703,0.16210938,-0.0625,0.125,0.0,0.0,0.0,0.0
197,1695991926691,-0.29785156,0.9423828,0.17871094,0.0625,0.0625,-0.125,0.0,0.0,0.0
198,1695991926751,-0.29882812,0.9404297,0.1796875,-0.125,0.46875,0.125,0.0,0.0,0.0
199,1695991926782,-0.29003906,0.9423828,0.18261719,0.65625,0.65625,-0.25,0.0,0.0,0.0
200,1695991926812,-0.2939453,0.9423828,0.171875,0.59375,0.0625,-0.1875,0.0,0.0,0.0
201,1695991926872,-0.30078125,0.94433594,0.16503906,0.4375,0.375,-0.4375,0.0,0.0,0.0
202,1695991926905,-0.2890625,0.94140625,0.16503906,-0.125,0.0625,-0.25,4.5,9.3125,-6.5
203,1695991926932,-0.296875,0.9482422,0.17285156,0.25,0.25,-0.1875,0.0,0.0,0.0
204,1695991926991,-0.29296875,0.94433594,0.18164062,0.3125,0.125,-0.0625,0.0,0.0,0.0
205,1695991927023,-0.3046875,0.93359375,0.17675781,0.1875,0.375,-0.25,0.0,0.0,0.0
206,1695991927053,-0.29785156,0.9375,0.171875,0.1875,0.3125,-0.1875,0.0,0.0,0.0
207,1695991927112,-0.29101562,0.94433594,0.16113281,0.65625,0.3125,-0.125,0.0,0.0,0.0
208,1695991927142,-0.29003906,0.9423828,0.16699219,0.375,0.3125,-0.25,0.0,0.0,0.0
209,1695991927172,-0.2939453,0.94433594,0.16796875,0.1875,0.25,-0.4375,0.0,0.0,0.0
210,1695991927232,-0.296875,0.9394531,0.18554688,0.65625,0.1875,-0.3125,0.0,0.0,0.0
211,1695991927262,-0.29101562,0.94140625,0.18261719,0.1875,0.375,-0.3125,0.0,0.0,0.0
212,1695991927295,-0.2998047,0.9355469,0.16699219,0.25,0.25,-0.25,0.0,0.0,0.0
213,1695991927350,-0.3017578,0.93652344,0.19042969,0.3125,0.25,-0.25,0.0,0.0,0.0
214,1695991927380,-0.2919922,0.9423828,0.16601562,0.1875,0.3125,-0.25,4.375,6.75,-7.25
215,1695991927410,-0.3046875,0.9404297,0.17675781,0.125,0.25,0.0625,0.0,0.0,0.0
216,1695991927472,-0.296875,0.9433594,0.17089844,0.125,0.3125,-0.1875,0.0,0.0,0.0
217,1695991927502,-0.29492188,0.9404297,0.19335938,0.1875,0.125,0.0,0.0,0.0,0.0
218,1695991927530,-0.28808594,0.9423828,0.16601562,0.375,0.3125,-0.25,0.0,0.0,0.0
219,1695991927620,-0.2998047,0.94921875,0.18457031,-0.25,0.0,0.0625,0.0,0.0,0.0
220,1695991927622,-0.30371094,0.94433594,0.17285156,-0.25,-0.0625,-0.0625,0.0,0.0,0.0
221,1695991927654,-0.29101562,0.9355469,0.18554688,0.0625,0.0,-0.0625,0.0,0.0,0.0
222,1695991927710,-0.3076172,0.93359375,0.18457031,0.1875,0.375,-0.125,0.0,0.0,0.0
223,1695991927742,-0.29101562,0.94433594,0.18554688,0.1875,0.40625,-0.0625,0.0,0.0,0.0
224,1695991927772,-0.29785156,0.9375,0.18554688,0.4375,0.375,-0.0625,0.0,0.0,0.0
225,1695991927831,-0.2939453,0.94140625,0.17480469,0.59375,0.3125,-0.1875,0.0,0.0,0.0
226,1695991927862,-0.30273438,0.9501953,0.18945312,0.0,0.25,-0.3125,0.0,0.0,0.0
227,1695991927891,-0.3017578,0.9423828,0.18261719,0.65625,0.1875,-0.5625,4.375,7.375,-6.9375
228,1695991927951,-0.29589844,0.9404297,0.17285156,0.59375,0.25,-0.3125,0.0,0.0,0.0
229,1695991927981,-0.2998047,0.9404297,0.17089844,0.1875,0.375,-0.25,0.0,0.0,0.0
230,1695991928011,-0.29003906,0.9423828,0.16894531,0.1875,0.25,-0.125,0.0,0.0,0.0
231,1695991928072,-0.29882812,0.9326172,0.16601562,0.4375,0.25,0.0625,0.0,0.0,0.0
232,1695991928101,-0.28515625,0.9472656,0.19238281,0.25,0.25,-0.3125,0.0,0.0,0.0
233,1695991928132,-0.29882812,0.9326172,0.18164062,0.25,0.53125,0.0625,0.0,0.0,0.0
234,1695991928192,-0.28515625,0.93652344,0.1796875,0.1875,0.40625,-0.0625,0.0,0.0,0.0
235,1695991928222,-0.28710938,0.9355469,0.16992188,0.125,0.0625,0.25,0.0,0.0,0.0
236,1695991928251,-0.2998047,0.93652344,0.171875,0.375,0.375,-0.375,0.0,0.0,0.0
237,1695991928312,-0.29492188,0.9433594,0.171875,0.125,0.1875,-0.1875,0.0,0.0,0.0
238,1695991928370,-0.29589844,0.94140625,0.1796875,0.0625,0.0625,0.1875,0.0,0.0,0.0
239,1695991928374,-0.28808594,0.9472656,0.17578125,-0.125,0.0625,0.25,5.875,6.4375,-5.75
240,1695991928431,-0.30078125,0.93652344,0.19042969,-0.5,0.25,-0.0625,0.0,0.0,0.0
241,1695991928462,-0.2939453,0.93359375,0.19238281,0.4375,0.46875,-0.125,0.0,0.0,0.0
242,1695991928491,-0.2939453,0.9345703,0.17675781,0.71875,0.53125,-0.4375,0.0,0.0,0.0
243,1695991928552,-0.28710938,0.9453125,0.16796875,0.65625,0.46875,-0.25,0.0,0.0,0.0
244,1695991928581,-0.29296875,0.9472656,0.19433594,-0.125,0.125,-0.25,0.0,0.0,0.0
245,1695991928612,-0.29003906,0.9404297,0.18359375,0.46875,0.25,-0.375,0.0,0.0,0.0
246,1695991928670,-0.2841797,0.9326172,0.19726562,0.46875,0.40625,-0.25,0.0,0.0,0.0
247,1695991928701,-0.28710938,0.9453125,0.18359375,0.1875,0.25,-0.1875,0.0,0.0,0.0
248,1695991928731,-0.2919922,0.9394531,0.19433594,0.0625,0.25,0.0625,0.0,0.0,0.0
249,1695991928792,-0.29101562,0.94140625,0.16601562,0.3125,0.1875,0.0625,0.0,0.0,0.0
250,1695991928822,-0.29492188,0.9423828,0.18359375,0.25,0.1875,-0.125,0.0,0.0,0.0
251,1695991928852,-0.29101562,0.93359375,0.18066406,-0.0625,0.59375,-0.0625,0.0,0.0,0.0
252,1695991928911,-0.296875,0.9394531,0.17578125,0.1875,0.40625,0.0,4.5,7.9375,-5.75
253,1695991928942,-0.29296875,0.93847656,0.17285156,0.375,0.1875,-0.3125,0.0,0.0,0.0
254,1695991928972,-0.29101562,0.9375,0.18652344,0.125,0.1875,-0.25,0.0,0.0,0.0
255,1695991929032,-0.29882812,0.93652344,0.17773438,0.3125,0.25,-0.1875,0.0,0.0,0.0
256,1695991929062,-0.29589844,0.94140625,0.18066406,0.3125,0.1875,-0.3125,0.0,0.0,0.0
257,1695991929092,-0.2939453,0.9326172,0.17089844,0.65625,0.3125,-0.1875,0.0,0.0,0.0
258,1695991929152,-0.29492188,0.93359375,0.17773438,0.25,0.46875,-0.1875,0.0,0.0,0.0
259,1695991929181,-0.28710938,0.9472656,0.17480469,0.3125,0.1875,0.0625,0.0,0.0,0.0
260,1695991929211,-0.28710938,0.9423828,0.19042969,0.375,0.46875,0.125,0.0,0.0,0.0
261,1695991929271,-0.2939453,0.9453125,0.17382812,-0.375,0.1875,0.1875,0.0,0.0,0.0
262,1695991929301,-0.296875,0.9355469,0.17773438,-0.1875,0.25,-0.125,0.0,0.0,0.0
263,1695991929331,-0.2861328,0.9345703,0.18652344,0.59375,0.53125,-0.375,0.0,0.0,0.0
264,1695991929392,-0.29492188,0.9404297,0.17480469,0.25,0.3125,-0.4375,4.0625,8.25,-6.0
265,1695991929421,-0.2919922,0.9394531,0.17089844,0.3125,0.375,-0.3125,0.0,0.0,0.0
266,1695991929452,-0.29785156,0.9423828,0.16796875,0.65625,0.3125,-0.1875,0.0,0.0,0.0
267,1695991929511,-0.2919922,0.94140625,0.17578125,0.375,0.40625,-0.1875,0.0,0.0,0.0
268,1695991929542,-0.2890625,0.9394531,0.18554688,0.0625,0.375,0.0,0.0,0.0,0.0
269,1695991929572,-0.2998047,0.9345703,0.17089844,0.375,0.46875,0.1875,0.0,0.0,0.0
270,1695991929631,-0.29589844,0.9404297,0.18164062,0.4375,0.3125,0.0,0.0,0.0,0.0
271,1695991929661,-0.2939453,0.9375,0.18066406,0.65625,0.25,-0.5,0.0,0.0,0.0
272,1695991929692,-0.28808594,0.9550781,0.18164062,0.0625,0.125,-0.125,0.0,0.0,0.0
273,1695991929752,-0.29785156,0.93652344,0.18945312,-0.375,0.125,0.0,0.0,0.0,0.0
274,1695991929782,-0.2919922,0.9375,0.17480469,0.46875,0.3125,-0.0625,0.0,0.0,0.0
275,1695991929815,-0.29589844,0.9433594,0.18359375,0.4375,0.53125,-0.0625,0.0,0.0,0.0
276,1695991929899,-0.28515625,0.9433594,0.16796875,0.25,0.375,-0.25,0.0,0.0,0.0
277,1695991929902,-0.2998047,0.9453125,0.17285156,0.46875,0.3125,-0.1875,4.0625,7.6875,-6.5
278,1695991929930,-0.29003906,0.9404297,0.18164062,0.375,0.1875,-0.125,0.0,0.0,0.0
279,1695991929993,-0.30078125,0.94433594,0.17480469,-0.3125,0.125,0.1875,0.0,0.0,0.0
280,1695991930021,-0.29589844,0.9404297,0.17089844,0.4375,0.25,-0.0625,0.0,0.0,0.0
281,1695991930053,-0.28320312,0.9404297,0.18261719,0.0,-0.125,-0.1875,0.0,0.0,0.0
282,1695991930112,-0.28808594,0.9326172,0.18261719,-0.125,0.125,-0.125,0.0,0.0,0.0
283,1695991930142,-0.3017578,0.9394531,0.17578125,0.125,0.125,-0.125,0.0,0.0,0.0
284,1695991930171,-0.2890625,0.9501953,0.1796875,0.3125,0.25,0.0,0.0,0.0,0.0
285,1695991930231,-0.30371094,0.93847656,0.20019531,0.1875,0.40625,0.0625,0.0,0.0,0.0
286,1695991930261,-0.29003906,0.9375,0.1875,0.1875,0.71875,0.0,0.0,0.0,0.0
287,1695991930293,-0.2919922,0.94921875,0.18554688,0.59375,0.53125,-0.125,0.0,0.0,0.0
288,1695991930350,-0.29296875,0.94433594,0.18554688,0.96875,0.40625,-0.65625,0.0,0.0,0.0
289,1695991930381,-0.28808594,0.93652344,0.1796875,0.0,0.0625,-0.1875,4.0625,8.25,-6.75
290,1695991930411,-0.3017578,0.9355469,0.17773438,-0.3125,-0.0625,0.0625,0.0,0.0,0.0
291,1695991930471,-0.296875,0.9404297,0.16894531,0.375,0.0625,0.0625,0.0,0.0,0.0
292,1695991930502,-0.29492188,0.93359375,0.17578125,0.0,0.3125,-0.0625,0.0,0.0,0.0
293,1695991930531,-0.2861328,0.94628906,0.18554688,0.3125,0.53125,-0.125,0.0,0.0,0.0
294,1695991930591,-0.29296875,0.9355469,0.1796875,0.4375,0.3125,-0.1875,0.0,0.0,0.0
295,1695991930652,-0.28320312,0.93652344,0.18066406,0.46875,0.1875,0.0625,0.0,0.0,0.0
296,1695991930657,-0.29785156,0.9472656,0.17675781,0.0625,0.25,0.125,0.0,0.0,0.0
297,1695991930712,-0.30078125,0.94433594,0.17578125,0.78125,0.40625,-0.25,0.0,0.0,0.0
298,1695991930744,-0.28515625,0.94140625,0.16796875,0.3125,0.375,-0.4375,0.0,0.0,0.0
299,1695991930771,-0.29492188,0.9580078,0.18652344,0.1875,0.25,-0.4375,0.0,0.0,0.0
300,1695991930832,-0.2919922,0.9296875,0.18554688,0.46875,0.25,-0.125,0.0,0.0,0.0
301,1695991930864,-0.29101562,0.94628906,0.17578125,0.0,0.125,0.0,0.0,0.0,0.0
302,1695991930892,-0.296875,0.9394531,0.18847656,0.375,0.40625,-0.0625,4.0625,7.9375,-8.125
303,1695991930952,-0.29003906,0.9326172,0.16015625,0.25,0.65625,-0.125,0.0,0.0,0.0
304,1695991930982,-0.29785156,0.9501953,0.17578125,0.90625,0.375,-0.25,0.0,0.0,0.0
305,1695991931011,-0.296875,0.9550781,0.16992188,0.53125,0.0,-0.65625,0.0,0.0,0.0
306,1695991931072,-0.29492188,0.9345703,0.16601562,0.25,-0.0625,0.0625,0.0,0.0,0.0
307,1695991931101,-0.29882812,0.9394531,0.16796875,-0.3125,-0.1875,0.375,0.0,0.0,0.0
308,1695991931131,-0.296875,0.9375,0.17089844,-0.3125,-0.375,0.125,0.0,0.0,0.0
309,1695991931193,-0.28320312,0.9394531,0.18164062,0.125,0.0625,0.25,0.0,0.0,0.0
310,1695991931222,-0.296875,0.93652344,0.18261719,-0.125,0.125,0.0625,0.0,0.0,0.0
311,1695991931252,-0.28808594,0.9453125,0.18847656,0.125,0.125,-0.1875,0.0,0.0,0.0
312,1695991931311,-0.28808594,0.9423828,0.18164062,0.59375,0.375,-0.125,0.0,0.0,0.0
313,1695991931342,-0.29101562,0.9394531,0.18554688,0.25,0.25,-0.4375,0.0,0.0,0.0
314,1695991931372,-0.296875,0.9423828,0.18066406,0.78125,0.25,-0.5,3.0,8.6875,-7.8125
315,1695991931432,-0.2939453,0.94433594,0.1875,0.78125,0.40625,-0.625,0.0,0.0,0.0
316,1695991931462,-0.29882812,0.9375,0.19140625,0.1875,0.125,-0.375,0.0,0.0,0.0
317,1695991931492,-0.2939453,0.9326172,0.18164062,0.1875,0.1875,-0.25,0.0,0.0,0.0
318,1695991931553,-0.29101562,0.93652344,0.16894531,0.25,0.0625,0.0625,0.0,0.0,0.0
319,1695991931582,-0.29296875,0.9453125,0.18554688,0.1875,0.3125,-0.1875,0.0,0.0,0.0
320,1695991931612,-0.2861328,0.9404297,0.18261719,-0.5,0.40625,0.0625,0.0,0.0,0.0
321,1695991931670,-0.29003906,0.9355469,0.17675781,0.375,0.53125,0.0,0.0,0.0,0.0
322,1695991931702,-0.28515625,0.9453125,0.17675781,0.59375,0.0625,-0.1875,0.0,0.0,0.0
323,1695991931731,-0.28808594,0.94140625,0.18261719,0.125,0.0,-0.4375,0.0,0.0,0.0
324,1695991931791,-0.2939453,0.94140625,0.18945312,-0.25,-0.1875,-0.0625,0.0,0.0,0.0
325,1695991931821,-0.2841797,0.9355469,0.19042969,0.125,0.125,-0.125,0.0,0.0,0.0
326,1695991931851,-0.3017578,0.9238281,0.17285156,0.125,-0.125,0.0,0.0,0.0,0.0
327,1695991931913,-0.2939453,0.9326172,0.1953125,0.125,0.375,-0.375,5.5625,7.9375,-7.0625
328,1695991931941,-0.29589844,0.9472656,0.18945312,0.4375,0.1875,-0.0625,0.0,0.0,0.0
329,1695991931973,-0.28320312,0.9433594,0.18261719,0.59375,0.25,-0.25,0.0,0.0,0.0
330,1695991932032,-0.29296875,0.94921875,0.18945312,0.4375,0.3125,-0.1875,0.0,0.0,0.0
331,1695991932061,-0.30078125,0.94433594,0.1796875,0.125,0.1875,-0.3125,0.0,0.0,0.0
332,1695991932091,-0.29785156,0.9394531,0.18066406,0.375,0.125,-0.3125,0.0,0.0,0.0
333,1695991932180,-0.2939453,0.9423828,0.17675781,0.125,0.1875,-0.25,0.0,0.0,0.0
334,1695991932184,-0.2939453,0.9394531,0.18652344,0.125,0.25,-0.25,0.0,0.0,0.0
335,1695991932212,-0.29296875,0.9423828,0.19140625,0.125,0.1875,-0.1875,0.0,0.0,0.0
336,1695991932272,-0.2939453,0.94433594,0.18359375,0.25,0.1875,0.0,0.0,0.0,0.0
337,1695991932301,-0.2890625,0.9326172,0.17578125,0.3125,0.1875,0.0,0.0,0.0,0.0
338,1695991932333,-0.2939453,0.94140625,0.18945312,0.1875,0.46875,0.0,0.0,0.0,0.0
339,1695991932391,-0.2919922,0.93359375,0.18457031,0.1875,0.53125,0.0,4.5,7.9375,-5.75
340,1695991932420,-0.29003906,0.95410156,0.18652344,0.3125,0.25,-0.125,0.0,0.0,0.0
341,1695991932450,-0.29003906,0.94433594,0.17675781,0.125,-0.0625,-0.3125,0.0,0.0,0.0
342,1695991932511,-0.29589844,0.9404297,0.18847656,0.0625,0.125,-0.3125,0.0,0.0,0.0
343,1695991932541,-0.29101562,0.93652344,0.1796875,0.4375,0.3125,0.0,0.0,0.0,0.0
344,1695991932571,-0.29101562,0.9453125,0.18945312,0.59375,0.25,-0.125,0.0,0.0,0.0
345,1695991932631,-0.29785156,0.94140625,0.17285156,0.1875,0.375,-0.125,0.0,0.0,0.0
346,1695991932662,-0.2841797,0.9423828,0.19042969,0.125,0.1875,-0.25,0.0,0.0,0.0
347,1695991932692,-0.29296875,0.94921875,0.18261719,0.84375,0.25,-0.3125,0.0,0.0,0.0
348,1695991932752,-0.29101562,0.9433594,0.18457031,0.25,0.25,-0.375,0.0,0.0,0.0
349,1695991932781,-0.29492188,0.94433594,0.19140625,0.59375,0.40625,-0.375,0.0,0.0,0.0
350,1695991932812,-0.296875,0.94921875,0.16894531,0.59375,0.1875,-0.25,0.0,0.0,0.0
351,1695991932871,-0.2890625,0.93066406,0.19042969,-0.125,0.0,-0.125,0.0,0.0,0.0
352,1695991932930,-0.29296875,0.9355469,0.18847656,0.3125,0.25,-0.25,4.0625,6.9375,-7.0625
353,1695991932936,-0.2998047,0.9355469,0.17285156,0.53125,0.3125,-0.0625,0.0,0.0,0.0
354,1695991932992,-0.28710938,0.94921875,0.19140625,0.125,0.125,-0.1875,0.0,0.0,0.0
355,1695991933021,-0.29589844,0.9394531,0.18261719,-0.1875,0.375,0.0625,0.0,0.0,0.0
356,1695991933051,-0.29003906,0.9326172,0.17675781,0.46875,0.53125,0.0625,0.0,0.0,0.0
357,1695991933111,-0.2890625,0.93359375,0.16992188,0.46875,0.3125,-0.125,0.0,0.0,0.0
358,1695991933142,-0.28710938,0.9453125,0.18261719,0.1875,0.0,-0.3125,0.0,0.0,0.0
359,1695991933172,-0.2939453,0.93652344,0.18359375,0.0625,0.0,-0.25,0.0,0.0,0.0
360,1695991933232,-0.29003906,0.9375,0.18457031,-0.1875,0.125,0.0625,0.0,0.0,0.0
361,1695991933261,-0.28320312,0.9375,0.18652344,0.3125,0.25,-0.25,0.0,0.0,0.0
362,1695991933292,-0.2919922,0.93652344,0.17382812,-0.0625,0.25,0.25,0.0,0.0,0.0
363,1695991933352,-0.28222656,0.9423828,0.17480469,0.1875,0.375,0.0,0.0,0.0,0.0
364,1695991933381,-0.28808594,0.9433594,0.19238281,0.53125,0.375,-0.125,3.625,6.75,-5.875
365,1695991933412,-0.29101562,0.9423828,0.19140625,0.4375,0.375,-0.3125,0.0,0.0,0.0
366,1695991933472,-0.296875,0.9453125,0.18652344,0.4375,0.25,-0.25,0.0,0.0,0.0
367,1695991933501,-0.29785156,0.9511719,0.18261719,0.59375,0.3125,-0.3125,0.0,0.0,0.0
368,1695991933531,-0.29003906,0.9404297,0.18261719,0.4375,0.25,-0.3125,0.0,0.0,0.0
369,1695991933591,-0.28710938,0.93066406,0.17675781,0.125,0.3125,-0.1875,0.0,0.0,0.0
370,1695991933621,-0.28515625,0.9375,0.1875,0.3125,0.125,-0.1875,0.0,0.0,0.0
371,1695991933651,-0.27929688,0.94140625,0.17285156,-0.0625,0.0625,0.0625,0.0,0.0,0.0
372,1695991933710,-0.2890625,0.9404297,0.19824219,-0.25,0.46875,0.0625,0.0,0.0,0.0
373,1695991933741,-0.29003906,0.92871094,0.19140625,0.375,0.53125,-0.0625,0.0,0.0,0.0
374,1695991933771,-0.2841797,0.9423828,0.17675781,0.3125,0.3125,-0.0625,0.0,0.0,0.0
375,1695991933833,-0.28710938,0.9501953,0.18457031,0.25,0.1875,-0.4375,0.0,0.0,0.0
376,1695991933861,-0.2841797,0.9355469,0.1875,0.125,0.0625,-0.0625,0.0,0.0,0.0
377,1695991933921,-0.2919922,0.9404297,0.19238281,0.0,0.0625,-0.125,4.0625,7.1875,-6.0
378,1695991933951,-0.29589844,0.9375,0.18066406,0.3125,0.0,-0.25,0.0,0.0,0.0
379,1695991933981,-0.2919922,0.9404297,0.18261719,-0.1875,0.3125,0.125,0.0,0.0,0.0
380,1695991934012,-0.29003906,0.9423828,0.20605469,0.0625,0.375,0.0,0.0,0.0,0.0
381,1695991934073,-0.28320312,0.94433594,0.20019531,0.46875,0.375,-0.1875,0.0,0.0,0.0
382,1695991934101,-0.2841797,0.94628906,0.18359375,0.0625,-0.0625,-0.125,0.0,0.0,0.0
383,1695991934163,-0.2919922,0.9433594,0.17675781,0.125,0.0625,0.125,0.0,0.0,0.0
384,1695991934192,-0.28515625,0.93066406,0.19628906,0.1875,0.1875,-0.1875,0.0,0.0,0.0
385,1695991934221,-0.29882812,0.94140625,0.19042969,0.0625,0.0625,-0.3125,0.0,0.0,0.0
386,1695991934281,-0.29003906,0.9433594,0.1953125,0.25,0.25,-0.0625,0.0,0.0,0.0
387,1695991934311,-0.2841797,0.9472656,0.18457031,0.0,0.125,-0.1875,0.0,0.0,0.0
388,1695991934341,-0.28515625,0.93359375,0.19140625,0.125,0.3125,-0.1875,0.0,0.0,0.0
389,1695991934401,-0.28320312,0.9423828,0.17285156,-0.6875,0.71875,0.125,5.6875,8.5625,-8.0
390,1695991934462,-0.29101562,0.9326172,0.19726562,0.46875,0.375,0.0625,0.0,0.0,0.0
391,1695991934465,-0.28808594,0.9501953,0.18554688,0.53125,0.25,-0.5625,0.0,0.0,0.0
392,1695991934522,-0.29003906,0.94433594,0.18554688,0.4375,0.0,-0.5,0.0,0.0,0.0
393,1695991934552,-0.29101562,0.9345703,0.18066406,-0.4375,-0.0625,0.0,0.0,0.0,0.0
394,1695991934581,-0.29296875,0.9404297,0.19335938,-0.125,0.0,0.1875,0.0,0.0,0.0
395,1695991934641,-0.30273438,0.9296875,0.18164062,-0.1875,0.0,0.25,0.0,0.0,0.0
396,1695991934672,-0.2841797,0.9355469,0.17773438,-0.125,0.1875,-0.125,0.0,0.0,0.0
397,1695991934701,-0.28222656,0.9423828,0.1875,0.1875,0.1875,-0.0625,0.0,0.0,0.0
398,1695991934761,-0.28808594,0.93847656,0.17285156,0.46875,0.1875,-0.25,0.0,0.0,0.0
399,1695991934792,-0.28808594,0.9423828,0.17089844,0.125,0.1875,-0.375,0.0,0.0,0.0
400,1695991934823,-0.29492188,0.9501953,0.19238281,0.375,0.125,-0.25,0.0,0.0,0.0
401,1695991934881,-0.28710938,0.9433594,0.18066406,0.375,0.1875,-0.5625,0.0,0.0,0.0
402,1695991934912,-0.29589844,0.9433594,0.18164062,0.0,0.0625,0.0,4.5,9.3125,-6.0
403,1695991934946,-0.29589844,0.9404297,0.16894531,0.3125,0.0625,-0.1875,0.0,0.0,0.0
404,1695991935001,-0.28027344,0.9472656,0.20019531,0.0625,0.0625,-0.1875,0.0,0.0,0.0
405,1695991935031,-0.29101562,0.9355469,0.1953125,-0.125,0.40625,0.0,0.0,0.0,0.0
406,1695991935059,-0.2939453,0.9345703,0.1796875,0.46875,0.53125,-0.0625,0.0,0.0,0.0
407,1695991935122,-0.28320312,0.9404297,0.17675781,0.59375,0.125,-0.25,0.0,0.0,0.0
408,1695991935149,-0.2890625,0.9501953,0.171875,0.375,-0.1875,-0.4375,0.0,0.0,0.0
409,1695991935213,-0.296875,0.9472656,0.19433594,-0.125,-0.0625,-0.0625,0.0,0.0,0.0
410,1695991935244,-0.2890625,0.93652344,0.17871094,-0.0625,-0.0625,-0.0625,0.0,0.0,0.0
411,1695991935272,-0.28710938,0.9423828,0.17480469,0.0625,0.0,-0.0625,0.0,0.0,0.0
412,1695991935302,-0.28808594,0.93652344,0.20605469,0.1875,0.3125,-0.25,0.0,0.0,0.0
413,1695991935361,-0.2890625,0.95410156,0.19628906,0.0,0.125,-0.1875,0.0,0.0,0.0
414,1695991935391,-0.2841797,0.93847656,0.19335938,0.4375,-0.0625,-0.0625,5.375,9.625,-5.875
415,1695991935423,-0.29101562,0.94140625,0.17675781,0.4375,0.125,-0.3125,0.0,0.0,0.0
416,1695991935481,-0.3017578,0.9433594,0.17871094,0.1875,0.375,-0.5,0.0,0.0,0.0
417,1695991935510,-0.30273438,0.94433594,0.1875,0.59375,0.375,-0.5625,0.0,0.0,0.0
418,1695991935542,-0.27929688,0.9423828,0.18164062,0.125,-0.0625,-0.25,0.0,0.0,0.0
419,1695991935631,-0.2939453,0.9375,0.18066406,0.3125,0.0625,-0.1875,0.0,0.0,0.0
420,1695991935634,-0.2919922,0.9501953,0.18945312,-0.0625,0.0,-0.3125,0.0,0.0,0.0
421,1695991935661,-0.28222656,0.9355469,0.19335938,0.125,0.125,-0.25,0.0,0.0,0.0
422,1695991935721,-0.28808594,0.93359375,0.18847656,-0.0625,0.3125,0.0625,0.0,0.0,0.0
423,1695991935752,-0.29785156,0.9423828,0.19726562,0.0625,0.375,-0.3125,0.0,0.0,0.0
424,1695991935781,-0.28808594,0.9404297,0.20019531,0.46875,0.25,-0.0625,0.0,0.0,0.0
425,1695991935843,-0.2763672,0.9433594,0.18652344,0.3125,0.0,-0.4375,0.0,0.0,0.0
426,1695991935872,-0.2890625,0.9355469,0.1875,-0.3125,-0.25,-0.3125,0.0,0.0,0.0
427,1695991935902,-0.28222656,0.94433594,0.18066406,-0.125,-0.0625,-0.3125,4.625,7.0625,-6.9375
428,1695991935962,-0.2919922,0.93359375,0.19824219,-0.0625,0.0,0.1875,0.0,0.0,0.0
429,1695991935992,-0.2890625,0.9326172,0.19140625,-0.4375,0.0625,-0.125,0.0,0.0,0.0
430,1695991936022,-0.296875,0.9404297,0.1796875,0.125,0.125,-0.0625,0.0,0.0,0.0
431,1695991936081,-0.28320312,0.93652344,0.18066406,0.46875,0.3125,-0.0625,0.0,0.0,0.0
432,1695991936112,-0.2890625,0.94140625,0.18066406,0.1875,0.125,-0.3125,0.0,0.0,0.0
433,1695991936140,-0.28808594,0.9472656,0.17578125,0.25,0.375,-0.375,0.0,0.0,0.0
434,1695991936201,-0.28125,0.9433594,0.18261719,0.4375,0.25,-0.375,0.0,0.0,0.0
435,1695991936233,-0.2939453,0.94140625,0.1875,0.0625,0.0625,-0.3125,0.0,0.0,0.0
436,1695991936261,-0.28808594,0.9345703,0.19042969,0.25,0.375,-0.125,0.0,0.0,0.0
437,1695991936320,-0.29492188,0.93847656,0.20117188,0.25,0.125,-0.25,0.0,0.0,0.0
438,1695991936352,-0.2890625,0.9404297,0.18164062,0.1875,0.125,-0.375,0.0,0.0,0.0
439,1695991936381,-0.28808594,0.9375,0.18554688,-0.0625,0.25,-0.0625,4.625,8.125,-9.0
440,1695991936441,-0.28320312,0.9375,0.2109375,0.3125,0.46875,-0.125,0.0,0.0,0.0
441,1695991936471,-0.29589844,0.9394531,0.16601562,0.1875,0.1875,0.0625,0.0,0.0,0.0
442,1695991936501,-0.2763672,0.94921875,0.19238281,0.125,0.125,-0.3125,0.0,0.0,0.0
443,1695991936562,-0.29101562,0.9423828,0.17675781,-0.1875,0.0625,-0.1875,0.0,0.0,0.0
444,1695991936592,-0.29101562,0.9423828,0.20019531,0.25,0.125,-0.1875,0.0,0.0,0.0
445,1695991936622,-0.2939453,0.9404297,0.18066406,0.0625,0.125,-0.1875,0.0,0.0,0.0
446,1695991936682,-0.2919922,0.93847656,0.18066406,0.0625,0.125,0.0,0.0,0.0,0.0
447,1695991936741,-0.2763672,0.9472656,0.19238281,0.0625,0.0625,0.0,0.0,0.0,0.0
448,1695991936744,-0.28320312,0.9433594,0.18066406,0.375,0.3125,-0.1875,0.0,0.0,0.0
449,1695991936801,-0.2841797,0.93652344,0.171875,0.59375,0.25,-0.25,0.0,0.0,0.0
450,1695991936831,-0.2890625,0.94140625,0.17578125,-0.1875,0.0625,-0.375,0.0,0.0,0.0
451,1695991936861,-0.2890625,0.94921875,0.19042969,0.53125,0.25,-0.25,0.0,0.0,0.0
452,1695991936921,-0.29101562,0.9433594,0.18554688,0.125,0.0625,-0.1875,4.375,8.125,-5.875
453,1695991936954,-0.29785156,0.9355469,0.17480469,-0.0625,0.0625,-0.25,0.0,0.0,0.0
454,1695991936980,-0.2890625,0.9375,0.1875,0.1875,0.3125,0.0,0.0,0.0,0.0
455,1695991937042,-0.28808594,0.9511719,0.17285156,0.1875,0.25,-0.125,0.0,0.0,0.0
456,1695991937072,-0.2939453,0.94921875,0.19042969,0.25,0.25,0.0,0.0,0.0,0.0
457,1695991937102,-0.28222656,0.93359375,0.19042969,0.0625,0.40625,-0.125,0.0,0.0,0.0
458,1695991937162,-0.28808594,0.9394531,0.17578125,0.375,0.25,0.25,0.0,0.0,0.0
459,1695991937192,-0.2890625,0.9423828,0.18261719,0.0625,0.125,-0.0625,0.0,0.0,0.0
460,1695991937223,-0.2939453,0.94628906,0.18652344,-0.1875,0.0,-0.125,0.0,0.0,0.0
461,1695991937282,-0.29492188,0.93847656,0.18652344,-0.1875,0.1875,-0.1875,0.0,0.0,0.0
462,1695991937312,-0.29785156,0.9453125,0.1953125,0.0625,0.125,-0.0625,0.0,0.0,0.0
463,1695991937341,-0.29296875,0.9404297,0.18945312,-0.0625,0.125,0.0,0.0,0.0,0.0
464,1695991937401,-0.29492188,0.9423828,0.18359375,0.125,0.3125,0.1875,4.9375,6.75,-7.25
465,1695991937430,-0.27734375,0.9375,0.18652344,0.46875,0.25,-0.375,0.0,0.0,0.0
466,1695991937490,-0.2939453,0.9375,0.1953125,0.46875,0.40625,-0.3125,0.0,0.0,0.0
467,1695991937523,-0.2841797,0.9404297,0.18652344,0.375,0.46875,-0.3125,0.0,0.0,0.0
468,1695991937550,-0.29589844,0.9394531,0.19140625,0.3125,0.09375,-0.0625,0.0,0.0,0.0
469,1695991937580,-0.29589844,0.9404297,0.17773438,-0.25,-0.15625,0.0,0.0,0.0,0.0
470,1695991937641,-0.2890625,0.94140625,0.17871094,-0.3125,0.03125,-0.125,0.0,0.0,0.0
471,1695991937671,-0.28808594,0.93359375,0.17578125,0.0625,0.09375,0.125,0.0,0.0,0.0
472,1695991937700,-0.27929688,0.9482422,0.1875,-0.125,-0.09375,0.1875,0.0,0.0,0.0
473,1695991937761,-0.2939453,0.9433594,0.203125,-0.125,-0.03125,-0.0625,0.0,0.0,0.0
474,1695991937792,-0.28125,0.9394531,0.17773438,-0.4375,0.28125,0.25,0.0,0.0,0.0
475,1695991937821,-0.28027344,0.9501953,0.18945312,0.0625,0.09375,0.3125,0.0,0.0,0.0
476,1695991937881,-0.28320312,0.94433594,0.17675781,0.1875,-0.03125,-0.375,3.875,6.75,-6.9375
477,1695991937911,-0.28320312,0.9404297,0.18066406,-0.0625,-0.15625,-0.0625,0.0,0.0,0.0
478,1695991937942,-0.29492188,0.9423828,0.18066406,-0.125,-0.21875,0.1875,0.0,0.0,0.0
479,1695991938001,-0.29589844,0.9355469,0.1875,0.0,0.03125,0.0,0.0,0.0,0.0
480,1695991938032,-0.2939453,0.9375,0.18652344,-0.375,-0.09375,0.125,0.0,0.0,0.0
481,1695991938061,-0.29101562,0.9433594,0.171875,0.0,0.15625,0.0,0.0,0.0,0.0
482,1695991938121,-0.28222656,0.9472656,0.19042969,0.25,0.21875,-0.125,0.0,0.0,0.0
483,1695991938151,-0.3017578,0.94140625,0.17773438,-0.0625,0.15625,0.0,0.0,0.0,0.0
484,1695991938181,-0.2841797,0.9404297,0.18652344,0.125,0.03125,-0.1875,0.0,0.0,0.0
485,1695991938242,-0.28710938,0.94921875,0.1796875,0.3125,0.09375,-0.1875,0.0,0.0,0.0
486,1695991938271,-0.27929688,0.9404297,0.18652344,0.0,-0.03125,-0.25,0.0,0.0,0.0
487,1695991938303,-0.2861328,0.9394531,0.20117188,-0.1875,-0.09375,-0.0625,0.0,0.0,0.0
488,1695991938361,-0.29101562,0.9472656,0.18457031,-0.0625,-0.28125,0.0625,0.0,0.0,0.0
489,1695991938392,-0.29003906,0.9472656,0.19042969,-0.375,-0.09375,0.0,3.75,9.3125,-6.75
490,1695991938421,-0.2841797,0.93359375,0.19726562,-0.84375,0.40625,0.375,0.0,0.0,0.0
491,1695991938482,-0.29003906,0.9375,0.1953125,0.0,0.5,0.1875,0.0,0.0,0.0
492,1695991938512,-0.28320312,0.9394531,0.20117188,0.375,-0.03125,-0.125,0.0,0.0,0.0
493,1695991938541,-0.28808594,0.9394531,0.18554688,0.0,-0.09375,-0.3125,0.0,0.0,0.0
494,1695991938601,-0.2841797,0.9375,0.18261719,-0.25,-0.15625,0.1875,0.0,0.0,0.0
495,1695991938631,-0.29003906,0.9433594,0.18261719,-0.0625,-0.15625,0.0,0.0,0.0,0.0
496,1695991938661,-0.28515625,0.9355469,0.18847656,0.125,-0.09375,0.0625,0.0,0.0,0.0
497,1695991938720,-0.29101562,0.9472656,0.17773438,-0.375,0.15625,0.0625,0.0,0.0,0.0
498,1695991938753,-0.29003906,0.9394531,0.16796875,-0.0625,-0.09375,0.1875,0.0,0.0,0.0
499,1695991938782,-0.28515625,0.94140625,0.18261719,0.3125,-0.03125,0.0,0.0,0.0,0.0
500,1695991938841,-0.2861328,0.9355469,0.1953125,-0.3125,-0.09375,-0.0625,0.0,0.0,0.0
501,1695991938871,-0.28808594,0.9394531,0.19335938,0.1875,-0.21875,-0.25,3.625,7.8125,-6.625
502,1695991938901,-0.28710938,0.9375,0.1953125,0.3125,-0.15625,-0.1875,0.0,0.0,0.0
503,1695991938960,-0.2919922,0.94140625,0.1875,0.0625,0.09375,-0.3125,0.0,0.0,0.0
504,1695991939020,-0.28808594,0.9404297,0.18164062,0.0,-0.21875,0.0,0.0,0.0,0.0
505,1695991939024,-0.28125,0.9404297,0.1953125,-0.25,-0.21875,0.0,0.0,0.0,0.0
506,1695991939082,-0.2861328,0.93652344,0.18945312,-0.5,0.15625,0.0625,0.0,0.0,0.0
507,1695991939113,-0.28808594,0.9345703,0.17285156,0.125,0.15625,0.0,0.0,0.0,0.0
508,1695991939142,-0.28125,0.9501953,0.17578125,0.4375,-0.09375,0.0,0.0,0.0,0.0
509,1695991939201,-0.28808594,0.95214844,0.18652344,0.4375,-0.21875,-0.4375,0.0,0.0,0.0
510,1695991939231,-0.2841797,0.95214844,0.18457031,-0.1875,-0.53125,-0.1875,0.0,0.0,0.0
511,1695991939262,-0.28710938,0.9394531,0.19335938,-0.0625,-0.15625,-0.0625,0.0,0.0,0.0
512,1695991939321,-0.28515625,0.94140625,0.19824219,-0.0625,-0.21875,-0.0625,0.0,0.0,0.0
513,1695991939351,-0.29101562,0.9345703,0.18945312,-0.3125,-0.03125,-0.0625,0.0,0.0,0.0
514,1695991939381,-0.28320312,0.9482422,0.19042969,-0.125,-0.09375,-0.0625,4.375,8.875,-5.875
515,1695991939441,-0.28027344,0.94921875,0.19335938,-0.0625,-0.03125,0.0625,0.0,0.0,0.0
516,1695991939471,-0.28027344,0.9453125,0.18945312,0.0625,0.03125,-0.125,0.0,0.0,0.0
517,1695991939502,-0.28808594,0.9404297,0.19140625,0.0,-0.03125,-0.375,0.0,0.0,0.0
518,1695991939561,-0.29785156,0.9394531,0.19140625,0.0,-0.03125,-0.3125,0.0,0.0,0.0
519,1695991939592,-0.28125,0.93359375,0.19140625,0.125,-0.03125,-0.25,0.0,0.0,0.0
520,1695991939622,-0.28320312,0.9482422,0.18164062,0.0625,-0.09375,0.0,0.0,0.0,0.0
521,1695991939682,-0.27734375,0.9482422,0.19726562,-0.25,-0.09375,-0.25,0.0,0.0,0.0
522,1695991939712,-0.28320312,0.9355469,0.19238281,-0.125,-0.09375,0.0625,0.0,0.0,0.0
523,1695991939772,-0.2890625,0.9423828,0.18066406,-0.25,0.03125,0.1875,0.0,0.0,0.0
524,1695991939801,-0.28320312,0.93847656,0.17480469,0.0,0.09375,0.25,0.0,0.0,0.0
525,1695991939833,-0.28125,0.94140625,0.1640625,0.1875,0.09375,-0.25,0.0,0.0,0.0
526,1695991939862,-0.28125,0.95214844,0.17089844,-0.0625,-0.21875,-0.125,3.125,8.125,-5.875
527,1695991939921,-0.28710938,0.9433594,0.18652344,-0.0625,-0.09375,-0.1875,0.0,0.0,0.0
528,1695991939952,-0.2861328,0.9316406,0.17871094,-0.0625,-0.28125,-0.125,0.0,0.0,0.0
529,1695991939981,-0.29003906,0.9345703,0.19726562,-0.3125,-0.21875,-0.25,0.0,0.0,0.0
530,1695991940041,-0.28710938,0.9404297,0.19726562,0.1875,-0.09375,0.0,0.0,0.0,0.0
531,1695991940070,-0.29101562,0.94433594,0.18066406,0.25,0.03125,-0.125,0.0,0.0,0.0
532,1695991940101,-0.28515625,0.9326172,0.20214844,-0.0625,0.09375,-0.125,0.0,0.0,0.0
533,1695991940160,-0.27734375,0.9404297,0.21289062,-0.0625,-0.03125,-0.1875,0.0,0.0,0.0
534,1695991940190,-0.29101562,0.9375,0.18066406,0.125,0.03125,-0.0625,0.0,0.0,0.0
535,1695991940221,-0.27929688,0.94433594,0.19726562,-0.125,-0.21875,-0.0625,0.0,0.0,0.0
536,1695991940281,-0.29785156,0.92578125,0.19433594,-0.0625,-0.03125,-0.375,0.0,0.0,0.0
537,1695991940311,-0.28515625,0.94921875,0.19726562,0.1875,-0.15625,-0.1875,0.0,0.0,0.0
538,1695991940342,-0.28222656,0.9433594,0.19628906,-0.375,-0.09375,-0.125,0.0,0.0,0.0
539,1695991940401,-0.2939453,0.9296875,0.19140625,-0.5625,-0.15625,0.1875,4.9375,7.375,-6.1875
540,1695991940432,-0.28320312,0.9404297,0.17871094,-0.25,-0.03125,0.375,0.0,0.0,0.0
541,1695991940462,-0.28320312,0.93652344,0.1953125,-0.25,-0.40625,0.0625,0.0,0.0,0.0
542,1695991940522,-0.28027344,0.9472656,0.1875,-0.0625,-0.21875,-0.1875,0.0,0.0,0.0
543,1695991940552,-0.2890625,0.94433594,0.19042969,-0.125,-0.15625,-0.25,0.0,0.0,0.0
544,1695991940582,-0.2890625,0.94433594,0.18554688,-0.0625,-0.09375,-0.125,0.0,0.0,0.0
545,1695991940643,-0.2783203,0.9404297,0.18554688,0.125,-0.03125,-0.125,0.0,0.0,0.0
546,1695991940672,-0.28710938,0.9355469,0.19726562,-0.1875,0.09375,0.125,0.0,0.0,0.0
547,1695991940701,-0.28027344,0.9345703,0.19726562,-0.0625,-0.03125,-0.125,0.0,0.0,0.0
548,1695991940762,-0.2841797,0.9453125,0.18945312,0.25,0.28125,-0.125,0.0,0.0,0.0
549,1695991940793,-0.2890625,0.9433594,0.1953125,0.25,0.21875,-0.1875,0.0,0.0,0.0
550,1695991940821,-0.29101562,0.9482422,0.18652344,-0.25,-0.09375,-0.1875,0.0,0.0,0.0
551,1695991940881,-0.28320312,0.9404297,0.17773438,0.1875,-0.09375,-0.0625,5.375,7.0625,-5.875
552,1695991940912,-0.29003906,0.93359375,0.18847656,-0.125,-0.03125,-0.0625,0.0,0.0,0.0
553,1695991940942,-0.28320312,0.9355469,0.19628906,-0.4375,-0.03125,-0.125,0.0,0.0,0.0
554,1695991941002,-0.28710938,0.9433594,0.18359375,-0.0625,-0.03125,0.0625,0.0,0.0,0.0
555,1695991941031,-0.27734375,0.9394531,0.1953125,-0.0625,-0.03125,0.125,0.0,0.0,0.0
556,1695991941061,-0.2890625,0.9326172,0.19042969,-0.25,0.21875,0.1875,0.0,0.0,0.0
557,1695991941121,-0.29003906,0.93847656,0.19140625,0.25,0.28125,0.125,0.0,0.0,0.0
558,1695991941152,-0.2861328,0.9375,0.20214844,0.4375,-0.03125,0.0,0.0,0.0,0.0
559,1695991941183,-0.28222656,0.9394531,0.20996094,0.0,0.03125,-0.25,0.0,0.0,0.0
560,1695991941242,-0.29003906,0.9355469,0.19140625,-0.125,-0.28125,-0.0625,0.0,0.0,0.0
561,1695991941301,-0.296875,0.9394531,0.1953125,0.0625,0.03125,0.0,0.0,0.0,0.0
562,1695991941305,-0.28808594,0.9345703,0.1953125,-0.0625,-0.21875,0.0,0.0,0.0,0.0
563,1695991941362,-0.2841797,0.94921875,0.18945312,-0.0625,0.34375,0.1875,0.0,0.0,0.0
564,1695991941391,-0.28027344,0.93652344,0.19433594,0.125,0.03125,0.125,5.5625,7.1875,-5.4375
565,1695991941421,-0.2890625,0.9433594,0.18457031,0.25,0.21875,-0.0625,0.0,0.0,0.0
566,1695991941480,-0.28125,0.9345703,0.1875,-0.0625,-0.09375,0.125,0.0,0.0,0.0
567,1695991941512,-0.2890625,0.94140625,0.19335938,0.125,-0.03125,-0.1875,0.0,0.0,0.0
568,1695991941541,-0.29003906,0.9394531,0.1875,-0.0625,-0.15625,0.0,0.0,0.0,0.0
569,1695991941600,-0.28125,0.9433594,0.18066406,-0.0625,-0.15625,-0.0625,0.0,0.0,0.0
570,1695991941632,-0.28515625,0.9404297,0.18847656,0.0,0.03125,-0.0625,0.0,0.0,0.0
571,1695991941661,-0.28222656,0.93847656,0.1875,-0.0625,0.09375,0.1875,0.0,0.0,0.0
572,1695991941722,-0.28027344,0.94921875,0.20410156,-0.0625,-0.28125,0.0625,0.0,0.0,0.0
573,1695991941752,-0.29296875,0.9423828,0.19628906,-0.59375,0.15625,0.1875,0.0,0.0,0.0
574,1695991941781,-0.28222656,0.92578125,0.19238281,0.0625,0.4375,0.375,0.0,0.0,0.0
575,1695991941841,-0.28710938,0.9423828,0.17285156,0.375,-0.09375,0.0,0.0,0.0,0.0
576,1695991941872,-0.28320312,0.9453125,0.18554688,0.0,0.03125,-0.375,4.9375,8.125,-6.625
577,1695991941900,-0.28222656,0.9296875,0.19433594,-0.3125,-0.34375,0.1875,0.0,0.0,0.0
578,1695991941962,-0.28808594,0.9423828,0.20117188,-0.0625,-0.28125,-0.0625,0.0,0.0,0.0
579,1695991941991,-0.29882812,0.9345703,0.17089844,0.125,-0.21875,-0.0625,0.0,0.0,0.0
580,1695991942051,-0.29492188,0.9394531,0.18554688,-0.1875,0.03125,-0.0625,0.0,0.0,0.0
581,1695991942081,-0.2861328,0.9433594,0.1953125,0.125,0.09375,-0.0625,0.0,0.0,0.0
582,1695991942111,-0.28222656,0.93359375,0.20214844,0.4375,0.09375,-0.0625,0.0,0.0,0.0
583,1695991942141,-0.27734375,0.9375,0.18457031,0.375,0.03125,-0.1875,0.0,0.0,0.0
584,1695991942202,-0.27734375,0.9375,0.18945312,0.3125,0.03125,-0.4375,0.0,0.0,0.0
585,1695991942232,-0.28710938,0.94140625,0.19628906,0.375,-0.09375,-0.375,0.0,0.0,0.0
586,1695991942262,-0.28515625,0.93066406,0.18359375,0.0,-0.03125,-0.375,0.0,0.0,0.0
587,1695991942322,-0.28808594,0.94628906,0.19726562,-0.0625,-0.03125,-0.1875,0.0,0.0,0.0
588,1695991942352,-0.2841797,0.9326172,0.19726562,0.4375,0.21875,-0.1875,0.0,0.0,0.0
589,1695991942382,-0.29003906,0.9511719,0.18554688,0.1875,-0.03125,0.125,4.625,8.5625,-6.625
590,1695991942440,-0.28125,0.9472656,0.17285156,-0.3125,-0.15625,0.0625,0.0,0.0,0.0
591,1695991942471,-0.29296875,0.9326172,0.203125,-0.4375,-0.03125,0.25,0.0,0.0,0.0
592,1695991942502,-0.2939453,0.9482422,0.18945312,-0.4375,0.09375,0.1875,0.0,0.0,0.0
593,1695991942561,-0.2841797,0.9423828,0.17089844,0.25,-0.15625,0.4375,0.0,0.0,0.0
594,1695991942590,-0.2841797,0.94433594,0.20214844,-0.0625,-0.03125,0.1875,0.0,0.0,0.0
595,1695991942621,-0.28710938,0.9453125,0.1796875,-0.90625,-0.59375,0.375,0.0,0.0,0.0
596,1695991942681,-0.2861328,0.9394531,0.17285156,-0.84375,-0.53125,0.71875,0.0,0.0,0.0
597,1695991942711,-0.28125,0.93652344,0.19238281,-0.65625,-0.46875,0.4375,0.0,0.0,0.0
598,1695991942741,-0.2919922,0.94140625,0.1875,-0.375,-0.09375,0.0,0.0,0.0,0.0
599,1695991942799,-0.28710938,0.9394531,0.20117188,0.3125,-0.03125,-0.125,0.0,0.0,0.0
600,1695991942829,-0.2734375,0.9433594,0.19824219,0.375,0.28125,-0.1875,0.0,0.0,0.0
601,1695991942859,-0.28125,0.9394531,0.19042969,0.25,0.28125,-0.21875,5.5625,7.1875,-7.0625
602,1695991942920,-0.2939453,0.93847656,0.203125,0.5625,0.34375,-0.59375,0.0,0.0,0.0
603,1695991942950,-0.28515625,0.9423828,0.18945312,0.78125,0.34375,-0.71875,0.0,0.0,0.0
604,1695991942980,-0.2939453,0.9453125,0.18945312,0.84375,0.03125,-0.65625,0.0,0.0,0.0
605,1695991943040,-0.27539062,0.94140625,0.19628906,0.3125,0.09375,-0.34375,0.0,0.0,0.0
606,1695991943070,-0.28710938,0.93652344,0.18164062,0.0625,0.15625,-0.0625,0.0,0.0,0.0
607,1695991943100,-0.27734375,0.93359375,0.16796875,-0.0625,-0.21875,0.375,0.0,0.0,0.0
608,1695991943160,-0.28515625,0.9423828,0.19726562,-0.65625,-0.21875,0.25,0.0,0.0,0.0
609,1695991943190,-0.2890625,0.94921875,0.17480469,-0.125,-0.28125,0.125,0.0,0.0,0.0
610,1695991943219,-0.28710938,0.9404297,0.18652344,0.0,-0.21875,-0.125,0.0,0.0,0.0
611,1695991943279,-0.27441406,0.9482422,0.20214844,0.25,0.15625,-0.53125,0.0,0.0,0.0
612,1695991943309,-0.29003906,0.9472656,0.20800781,0.0,0.625,-0.1875,0.0,0.0,0.0
613,1695991943339,-0.29296875,0.92871094,0.18164062,0.5625,0.46875,0.0,0.0,0.0,0.0
614,1695991943399,-0.2763672,0.9433594,0.18652344,0.625,0.15625,-0.34375,6.3125,7.1875,-8.125
615,1695991943430,-0.28515625,0.9404297,0.1953125,0.1875,-0.03125,-0.46875,0.0,0.0,0.0
616,1695991943459,-0.2861328,0.9375,0.18457031,-0.125,-0.15625,-0.28125,0.0,0.0,0.0
617,1695991943520,-0.28710938,0.9423828,0.18945312,0.0,0.03125,0.0,0.0,0.0,0.0
618,1695991943579,-0.28125,0.9433594,0.18261719,0.125,-0.15625,0.125,0.0,0.0,0.0
619,1695991943583,-0.27539062,0.9394531,0.1875,-0.5,0.09375,0.0,0.0,0.0,0.0
620,1695991943640,-0.27929688,0.94433594,0.19628906,-0.1875,-0.03125,-0.0625,0.0,0.0,0.0
621,1695991943671,-0.2841797,0.9423828,0.19238281,0.0625,-0.03125,-0.1875,0.0,0.0,0.0
622,1695991943700,-0.28808594,0.9423828,0.19433594,0.1875,0.03125,-0.1875,0.0,0.0,0.0
623,1695991943762,-0.28320312,0.9375,0.18261719,0.0,-0.03125,-0.34375,0.0,0.0,0.0
624,1695991943791,-0.28027344,0.94433594,0.19335938,0.1875,0.03125,-0.1875,0.0,0.0,0.0
625,1695991943821,-0.2890625,0.93847656,0.17773438,0.0625,-0.15625,-0.125,0.0,0.0,0.0
626,1695991943882,-0.28125,0.93847656,0.19238281,-0.125,0.03125,-0.1875,7.1875,8.125,-6.9375
627,1695991943911,-0.29101562,0.9375,0.18945312,-0.1875,-0.03125,-0.1875,0.0,0.0,0.0
628,1695991943941,-0.28808594,0.94140625,0.18554688,0.0625,0.09375,0.0,0.0,0.0,0.0
629,1695991944001,-0.27929688,0.9394531,0.19726562,-0.0625,-0.15625,-0.125,0.0,0.0,0.0
630,1695991944034,-0.28320312,0.9482422,0.1953125,0.0625,0.03125,-0.21875,0.0,0.0,0.0
631,1695991944061,-0.27539062,0.9394531,0.1796875,0.0625,0.15625,-0.21875,0.0,0.0,0.0
632,1695991944121,-0.28222656,0.94140625,0.19824219,0.1875,0.34375,-0.0625,0.0,0.0,0.0
633,1695991944154,-0.28710938,0.9326172,0.18652344,0.0625,0.15625,0.0625,0.0,0.0,0.0
634,1695991944182,-0.29101562,0.9433594,0.18066406,-0.125,-0.09375,0.0,0.0,0.0,0.0
635,1695991944241,-0.2939453,0.9423828,0.19335938,-0.375,-0.09375,-0.0625,0.0,0.0,0.0
636,1695991944272,-0.28515625,0.93359375,0.19238281,-0.25,0.03125,0.0,0.0,0.0,0.0
637,1695991944332,-0.27929688,0.9345703,0.18554688,0.0,-0.15625,0.0,0.0,0.0,0.0
638,1695991944362,-0.28320312,0.9267578,0.21191406,-0.25,-0.03125,0.0625,0.0,0.0,0.0
639,1695991944391,-0.27929688,0.9472656,0.20800781,0.0625,0.03125,0.0,5.25,6.9375,-5.4375
640,1695991944422,-0.28515625,0.94628906,0.18652344,0.4375,0.28125,-0.34375,0.0,0.0,0.0
641,1695991944481,-0.2841797,0.94433594,0.1875,0.0625,0.15625,-0.125,0.0,0.0,0.0
642,1695991944512,-0.27246094,0.9453125,0.18261719,-0.0625,-0.03125,-0.125,0.0,0.0,0.0
643,1695991944540,-0.28515625,0.94628906,0.1953125,0.0,0.03125,-0.125,0.0,0.0,0.0
644,1695991944601,-0.2841797,0.9433594,0.19824219,0.25,0.09375,0.0,0.0,0.0,0.0
645,1695991944630,-0.28710938,0.9453125,0.18164062,-0.375,0.03125,-0.0625,0.0,0.0,0.0
646,1695991944661,-0.28027344,0.94140625,0.19238281,0.25,0.15625,-0.125,0.0,0.0,0.0
647,1695991944722,-0.2919922,0.9423828,0.18554688,0.25,0.21875,0.0,0.0,0.0,0.0
648,1695991944752,-0.28320312,0.9423828,0.19238281,-0.1875,0.03125,-0.125,0.0,0.0,0.0
649,1695991944782,-0.28710938,0.9404297,0.19628906,0.0625,0.34375,0.0625,0.0,0.0,0.0
650,1695991944842,-0.29003906,0.93359375,0.20019531,-0.0625,0.46875,0.125,0.0,0.0,0.0
651,1695991944872,-0.2890625,0.9375,0.18164062,0.375,0.15625,0.3125,4.625,7.0625,-8.0
652,1695991944901,-0.28710938,0.94628906,0.1953125,0.3125,0.15625,-0.46875,0.0,0.0,0.0
653,1695991944961,-0.27734375,0.9355469,0.19824219,-0.375,-0.15625,-0.0625,0.0,0.0,0.0
654,1695991944999,-0.28222656,0.9472656,0.1953125,-0.125,-0.03125,0.125,0.0,0.0,0.0
655,1695991945025,-0.28320312,0.9423828,0.20898438,0.0,-0.15625,0.0625,0.0,0.0,0.0
656,1695991945082,-0.28320312,0.9394531,0.1796875,-0.125,0.28125,-0.1875,0.0,0.0,0.0
657,1695991945111,-0.28125,0.94433594,0.19335938,0.125,0.15625,-0.0625,0.0,0.0,0.0
658,1695991945141,-0.28027344,0.94140625,0.18164062,0.4375,0.34375,-0.0625,0.0,0.0,0.0
659,1695991945201,-0.28222656,0.9355469,0.18359375,0.1875,0.03125,-0.21875,0.0,0.0,0.0
660,1695991945230,-0.28222656,0.9394531,0.1953125,0.3125,0.09375,-0.53125,0.0,0.0,0.0
661,1695991945261,-0.28222656,0.9423828,0.18554688,0.65625,0.21875,-0.34375,0.0,0.0,0.0
662,1695991945321,-0.28222656,0.94921875,0.19921875,0.375,-0.09375,-0.28125,0.0,0.0,0.0
663,1695991945352,-0.29003906,0.9394531,0.19335938,0.1875,0.09375,-0.21875,0.0,0.0,0.0
664,1695991945381,-0.29101562,0.9316406,0.18652344,0.09375,0.0625,0.0625,3.4375,8.25,-5.4375
665,1695991945441,-0.28222656,0.94433594,0.19726562,-0.21875,-0.4375,0.0625,0.0,0.0,0.0
666,1695991945472,-0.2919922,0.9394531,0.19921875,-0.21875,-0.125,0.0,0.0,0.0,0.0
667,1695991945502,-0.28222656,0.9404297,0.17773438,-0.34375,0.28125,0.0625,0.0,0.0,0.0
668,1695991945561,-0.28320312,0.93847656,0.18457031,0.09375,0.125,0.0625,0.0,0.0,0.0
669,1695991945592,-0.28027344,0.94433594,0.19140625,0.59375,-0.125,-0.15625,0.0,0.0,0.0
670,1695991945623,-0.28125,0.9433594,0.19335938,-0.09375,-0.3125,-0.09375,0.0,0.0,0.0
671,1695991945681,-0.28027344,0.94433594,0.18164062,-0.5,-0.375,-0.09375,0.0,0.0,0.0
672,1695991945712,-0.28222656,0.9355469,0.19628906,0.34375,0.0,-0.09375,0.0,0.0,0.0
673,1695991945744,-0.296875,0.9404297,0.19628906,0.09375,-0.0625,-0.15625,0.0,0.0,0.0
674,1695991945802,-0.28515625,0.94921875,0.18457031,-0.4375,-0.25,-0.0625,0.0,0.0,0.0
675,1695991945861,-0.27929688,0.9482422,0.18652344,0.34375,0.125,0.0625,0.0,0.0,0.0
676,1695991945920,-0.28515625,0.9355469,0.18359375,0.40625,0.15625,-0.0625,5.375,6.3125,-4.8125
677,1695991945925,-0.2919922,0.94140625,0.19335938,-0.03125,0.0,-0.28125,0.0,0.0,0.0
678,1695991945952,-0.2919922,0.94433594,0.19824219,-0.15625,-0.25,-0.28125,0.0,0.0,0.0
679,1695991945981,-0.28125,0.94433594,0.19628906,0.28125,-0.0625,-0.21875,0.0,0.0,0.0
680,1695991946041,-0.29589844,0.9453125,0.18945312,-0.28125,-0.125,-0.09375,0.0,0.0,0.0
681,1695991946071,-0.28320312,0.9433594,0.18359375,-0.15625,0.0625,0.0625,0.0,0.0,0.0
682,1695991946100,-0.28222656,0.9472656,0.19824219,-0.03125,-0.25,0.25,0.0,0.0,0.0
683,1695991946160,-0.2763672,0.93652344,0.18945312,-0.34375,-0.1875,0.125,0.0,0.0,0.0
684,1695991946190,-0.2890625,0.9404297,0.20996094,-0.15625,0.0,-0.15625,0.0,0.0,0.0
685,1695991946224,-0.2763672,0.9433594,0.19433594,0.21875,0.28125,-0.09375,0.0,0.0,0.0
686,1695991946281,-0.28710938,0.9394531,0.16992188,0.59375,0.0,0.0,0.0,0.0,0.0
687,1695991946310,-0.28808594,0.9472656,0.1875,0.28125,0.0625,-0.46875,0.0,0.0,0.0
688,1695991946341,-0.27734375,0.93359375,0.18261719,-0.28125,-0.3125,-0.0625,0.0,0.0,0.0
689,1695991946402,-0.29101562,0.9433594,0.19628906,-0.34375,-0.0625,0.125,4.8125,7.6875,-6.5
690,1695991946432,-0.2841797,0.92578125,0.21191406,-0.15625,-0.25,0.0,0.0,0.0,0.0
691,1695991946460,-0.28320312,0.9296875,0.18847656,-0.4375,-0.25,0.0625,0.0,0.0,0.0
692,1695991946520,-0.28222656,0.9511719,0.20605469,-0.09375,-0.125,0.0,0.0,0.0,0.0
693,1695991946552,-0.28125,0.94140625,0.18457031,0.40625,0.0,-0.15625,0.0,0.0,0.0
694,1695991946612,-0.2841797,0.9433594,0.18945312,0.03125,0.125,-0.09375,0.0,0.0,0.0
695,1695991946642,-0.28027344,0.94140625,0.19042969,-0.28125,-0.0625,-0.40625,0.0,0.0,0.0
696,1695991946674,-0.28222656,0.9501953,0.18945312,0.21875,-0.125,-0.15625,0.0,0.0,0.0
697,1695991946732,-0.27929688,0.9453125,0.1953125,-0.03125,-0.125,-0.15625,0.0,0.0,0.0
698,1695991946762,-0.28710938,0.9472656,0.1953125,-0.5,-0.1875,-0.15625,0.0,0.0,0.0
699,1695991946792,-0.28808594,0.9375,0.1953125,-0.21875,-0.0625,0.1875,0.0,0.0,0.0
700,1695991946851,-0.27539062,0.9423828,0.19140625,-0.09375,-0.0625,0.125,0.0,0.0,0.0
701,1695991946882,-0.2861328,0.9472656,0.20703125,-0.15625,-0.0625,-0.09375,4.625,7.0625,-6.9375
702,1695991946911,-0.28808594,0.9394531,0.18945312,-0.4375,0.0,-0.0625,0.0,0.0,0.0
703,1695991946972,-0.28515625,0.93359375,0.20703125,0.21875,0.21875,0.25,0.0,0.0,0.0
704,1695991947002,-0.2890625,0.94140625,0.19824219,0.09375,0.0625,-0.09375,0.0,0.0,0.0
705,1695991947031,-0.2841797,0.9404297,0.19335938,-0.09375,-0.375,-0.28125,0.0,0.0,0.0
706,1695991947091,-0.28808594,0.9375,0.19726562,-0.21875,0.0,-0.09375,0.0,0.0,0.0
707,1695991947122,-0.28125,0.9404297,0.19140625,0.09375,0.0,0.0625,0.0,0.0,0.0
708,1695991947152,-0.2861328,0.93847656,0.18945312,-0.28125,-0.0625,0.1875,0.0,0.0,0.0
709,1695991947210,-0.2890625,0.9433594,0.20703125,-0.03125,0.0625,-0.0625,0.0,0.0,0.0
710,1695991947241,-0.28125,0.94433594,0.1953125,-0.03125,-0.0625,0.0,0.0,0.0,0.0
711,1695991947271,-0.28710938,0.9394531,0.19042969,-0.09375,0.0625,-0.15625,0.0,0.0,0.0
712,1695991947331,-0.28515625,0.94921875,0.18164062,-0.09375,0.0,-0.0625,0.0,0.0,0.0
713,1695991947361,-0.2861328,0.9394531,0.21679688,-0.15625,-0.125,-0.09375,0.0,0.0,0.0
714,1695991947392,-0.28515625,0.94921875,0.1953125,0.03125,0.0625,-0.09375,5.6875,8.875,-5.875
715,1695991947452,-0.29003906,0.9423828,0.19335938,-0.28125,-0.0625,-0.09375,0.0,0.0,0.0
716,1695991947482,-0.2919922,0.94140625,0.19921875,-0.09375,-0.0625,0.0,0.0,0.0,0.0
717,1695991947511,-0.28808594,0.9453125,0.17675781,0.21875,-0.0625,0.0625,0.0,0.0,0.0
718,1695991947571,-0.28125,0.9433594,0.1875,-0.09375,-0.125,0.0625,0.0,0.0,0.0
719,1695991947601,-0.2919922,0.9355469,0.19042969,-0.5,0.15625,0.1875,0.0,0.0,0.0
720,1695991947631,-0.2763672,0.93359375,0.18066406,-0.03125,0.15625,0.25,0.0,0.0,0.0
721,1695991947690,-0.28125,0.9345703,0.18457031,0.28125,-0.1875,0.125,0.0,0.0,0.0
722,1695991947720,-0.2939453,0.94140625,0.1875,-0.09375,-0.125,-0.40625,0.0,0.0,0.0
723,1695991947750,-0.28808594,0.9404297,0.18261719,-0.5625,-0.375,0.0,0.0,0.0,0.0
724,1695991947812,-0.28222656,0.93847656,0.18457031,-0.28125,-0.1875,0.1875,0.0,0.0,0.0
725,1695991947842,-0.2919922,0.9355469,0.18261719,-0.21875,-0.3125,0.3125,0.0,0.0,0.0
726,1695991947873,-0.28027344,0.93066406,0.18359375,-0.34375,0.15625,0.0625,5.5625,7.6875,-7.375
727,1695991947932,-0.28808594,0.9511719,0.20507812,-0.03125,0.0625,0.0625,0.0,0.0,0.0
728,1695991947961,-0.27148438,0.9472656,0.19238281,0.21875,0.125,-0.0625,0.0,0.0,0.0
729,1695991947992,-0.28808594,0.9355469,0.18261719,-0.03125,0.0,0.0,0.0,0.0,0.0
730,1695991948051,-0.2783203,0.9453125,0.18847656,-0.15625,0.0,-0.15625,0.0,0.0,0.0
731,1695991948081,-0.2763672,0.93652344,0.1875,0.09375,-0.0625,-0.09375,0.0,0.0,0.0
732,1695991948141,-0.2783203,0.94433594,0.19335938,-0.34375,-0.1875,0.0625,0.0,0.0,0.0
733,1695991948176,-0.28125,0.94628906,0.18457031,-0.28125,-0.0625,0.0625,0.0,0.0,0.0
734,1695991948202,-0.28125,0.94140625,0.17285156,-0.21875,-0.1875,0.125,0.0,0.0,0.0
735,1695991948232,-0.27539062,0.93847656,0.19921875,-0.21875,-0.125,-0.09375,0.0,0.0,0.0
736,1695991948321,-0.28320312,0.9453125,0.1875,-0.875,0.34375,0.25,0.0,0.0,0.0
737,1695991948325,-0.28710938,0.94140625,0.18554688,0.21875,0.15625,0.25,0.0,0.0,0.0
738,1695991948352,-0.29003906,0.9472656,0.19726562,0.09375,0.0,-0.40625,0.0,0.0,0.0
739,1695991948441,-0.2841797,0.9423828,0.20117188,-0.03125,-0.3125,-0.15625,4.8125,9.3125,-6.75
740,1695991948446,-0.28710938,0.93652344,0.18945312,-0.28125,-0.3125,0.0625,0.0,0.0,0.0
741,1695991948472,-0.28222656,0.9433594,0.19628906,-0.21875,-0.25,0.0625,0.0,0.0,0.0
742,1695991948532,-0.28808594,0.93652344,0.1953125,0.09375,0.0625,0.0625,0.0,0.0,0.0
743,1695991948561,-0.2763672,0.9375,0.203125,-0.09375,0.0,-0.0625,0.0,0.0,0.0
744,1695991948592,-0.27734375,0.9394531,0.19726562,-0.03125,-0.125,0.0,0.0,0.0,0.0
745,1695991948652,-0.27929688,0.9423828,0.18945312,0.21875,-0.1875,0.0,0.0,0.0,0.0
746,1695991948681,-0.28710938,0.93847656,0.20019531,-0.09375,-0.125,-0.15625,0.0,0.0,0.0
747,1695991948711,-0.29296875,0.9472656,0.18164062,0.03125,-0.1875,-0.28125,0.0,0.0,0.0
748,1695991948771,-0.28125,0.93847656,0.18652344,0.28125,-0.125,-0.21875,0.0,0.0,0.0
749,1695991948803,-0.2890625,0.9326172,0.20214844,0.03125,-0.0625,-0.21875,0.0,0.0,0.0
750,1695991948832,-0.28710938,0.94140625,0.18652344,-0.15625,-0.1875,0.125,0.0,0.0,0.0
751,1695991948892,-0.2763672,0.9423828,0.19433594,-0.15625,-0.25,-0.15625,3.875,6.3125,-5.25
752,1695991948923,-0.28222656,0.9423828,0.20507812,-0.09375,-0.0625,0.125,0.0,0.0,0.0
753,1695991948950,-0.27929688,0.9375,0.2109375,-0.40625,0.15625,0.0625,0.0,0.0,0.0
754,1695991949010,-0.28320312,0.9404297,0.18945312,0.09375,0.21875,-0.0625,0.0,0.0,0.0
755,1695991949042,-0.28125,0.9472656,0.19824219,0.59375,0.0,-0.34375,0.0,0.0,0.0
756,1695991949070,-0.27929688,0.9423828,0.19140625,-0.28125,-0.1875,-0.15625,0.0,0.0,0.0
757,1695991949132,-0.2890625,0.9277344,0.19726562,-0.28125,-0.25,-0.21875,0.0,0.0,0.0
758,1695991949161,-0.2763672,0.9375,0.19140625,0.09375,0.125,0.0625,0.0,0.0,0.0
759,1695991949191,-0.28515625,0.9345703,0.203125,-0.09375,-0.125,-0.0625,0.0,0.0,0.0
760,1695991949252,-0.28125,0.93847656,0.19726562,0.15625,0.0625,-0.0625,0.0,0.0,0.0
761,1695991949282,-0.2783203,0.9355469,0.20605469,0.28125,0.0,-0.09375,0.0,0.0,0.0
762,1695991949312,-0.27929688,0.9423828,0.21289062,0.0625,0.09375,0.09375,0.0,0.0,0.0
763,1695991949372,-0.28222656,0.9375,0.18945312,-0.1875,0.15625,0.09375,0.0,0.0,0.0
764,1695991949401,-0.27539062,0.9404297,0.19335938,0.0,0.21875,-0.09375,7.1875,7.0625,-7.25
765,1695991949433,-0.28808594,0.9423828,0.19628906,0.0625,0.0,-0.09375,0.0,0.0,0.0
766,1695991949492,-0.2890625,0.93066406,0.19824219,-0.53125,-0.1875,-0.15625,0.0,0.0,0.0
767,1695991949522,-0.28222656,0.9394531,0.19042969,0.0625,-0.1875,0.03125,0.0,0.0,0.0
768,1695991949555,-0.28222656,0.93652344,0.20019531,0.25,0.15625,-0.03125,0.0,0.0,0.0
769,1695991949612,-0.28320312,0.9404297,0.19335938,-0.0625,0.0,-0.03125,0.0,0.0,0.0
770,1695991949641,-0.27929688,0.9355469,0.1953125,-0.65625,0.46875,0.28125,0.0,0.0,0.0
771,1695991949671,-0.2763672,0.9472656,0.203125,0.125,0.28125,0.40625,0.0,0.0,0.0
772,1695991949730,-0.28125,0.9394531,0.19140625,0.125,0.0,-0.3125,0.0,0.0,0.0
773,1695991949762,-0.28320312,0.93847656,0.1953125,0.0625,0.0,-0.375,0.0,0.0,0.0
774,1695991949792,-0.29101562,0.93652344,0.1875,-0.28125,-0.25,-0.09375,0.0,0.0,0.0
775,1695991949851,-0.28515625,0.9394531,0.20019531,0.0,0.0625,0.28125,0.0,0.0,0.0
776,1695991949881,-0.28027344,0.93359375,0.19628906,-0.28125,-0.1875,0.34375,4.5,7.9375,-5.75
777,1695991949911,-0.26953125,0.93359375,0.19726562,-0.46875,0.0625,0.21875,0.0,0.0,0.0
778,1695991949974,-0.2763672,0.9404297,0.18457031,0.25,0.15625,0.15625,0.0,0.0,0.0
779,1695991950001,-0.26953125,0.9501953,0.18847656,0.3125,0.28125,-0.03125,0.0,0.0,0.0
780,1695991950031,-0.27734375,0.94433594,0.19335938,-0.0625,0.0,-0.03125,0.0,0.0,0.0
781,1695991950092,-0.2890625,0.9433594,0.19726562,-0.125,-0.0625,-0.25,0.0,0.0,0.0
782,1695991950122,-0.27734375,0.93652344,0.18261719,0.0625,0.0,0.03125,0.0,0.0,0.0
783,1695991950152,-0.28222656,0.92578125,0.20117188,-0.21875,0.0625,-0.03125,0.0,0.0,0.0
784,1695991950210,-0.2841797,0.93359375,0.19628906,-0.46875,0.0625,0.03125,0.0,0.0,0.0
785,1695991950240,-0.2861328,0.9345703,0.1953125,0.0,0.21875,0.21875,0.0,0.0,0.0
786,1695991950271,-0.28027344,0.93652344,0.19433594,-0.21875,-0.1875,0.21875,0.0,0.0,0.0
787,1695991950332,-0.28027344,0.9375,0.1953125,-0.21875,-0.0625,-0.09375,0.0,0.0,0.0
788,1695991950361,-0.28222656,0.9404297,0.19140625,-0.53125,0.40625,0.03125,0.0,0.0,0.0
789,1695991950420,-0.27929688,0.9345703,0.20507812,-0.0625,0.09375,0.21875,4.8125,9.0,-7.0625
