timestamp,accel_x,accel_y,accel_z,gyro_x,gyro_y,gyro_z,ind
1696297003990,0.4934082,-0.043273926,0.8895874,-0.140625,-0.203125,0.234375,0
1696297004030,0.50390625,-0.031066895,0.86883545,-0.28125,-0.234375,0.921875,1
1696297004070,0.5073242,-0.035461426,0.88983154,3.09375,-0.671875,1.765625,2
1696297004110,0.50341797,-0.047668457,0.9147339,3.59375,0.234375,1.875,3
1696297004150,0.4897461,-0.04937744,0.92767334,4.46875,0.21875,2.203125,4
1696297004190,0.4777832,-0.066223145,0.9467163,3.640625,-1.40625,0.984375,5
1696297004230,0.50390625,-0.059143066,0.8956909,-3.234375,-2.671875,-0.296875,6
1696297004270,0.4975586,-0.039611816,0.8829956,-2.9375,-0.234375,-0.375,7
1696297004310,0.50390625,-0.04058838,0.8912964,-2.15625,-0.421875,0.0625,8
1696297004350,0.5019531,-0.046447754,0.8973999,-0.765625,-1.15625,0.046875,9
1696297004390,0.49902344,-0.0491333,0.9064331,0.875,-1.46875,0.578125,10
1696297004430,0.5031738,-0.057678223,0.89056396,0.375,-0.78125,0.546875,11
1696297004470,0.49975586,-0.058654785,0.9052124,-0.734375,-0.875,0.390625,12
1696297004510,0.49731445,-0.046447754,0.91278076,0.015625,-0.828125,0.578125,13
1696297004550,0.49682617,-0.0491333,0.9003296,-1.53125,-1.625,0.09375,14
1696297004590,0.5007324,-0.039611816,0.8920288,-0.90625,-0.984375,0.28125,15
1696297004630,0.48999023,-0.054260254,0.901062,0.96875,-0.296875,0.53125,16
1696297004670,0.4951172,-0.0491333,0.91326904,0.890625,-0.140625,0.359375,17
1696297004710,0.5007324,-0.05987549,0.8966675,-0.84375,-0.4375,0.421875,18
1696297004750,0.49121094,-0.058410645,0.9093628,-1.421875,-1.140625,0.390625,19
1696297004790,0.5029297,-0.050598145,0.8908081,-1.546875,0.203125,-0.0625,20
1696297004830,0.5029297,-0.038635254,0.88079834,-1.03125,-0.34375,-0.078125,21
1696297004870,0.4946289,-0.04815674,0.90789795,0.390625,-0.3125,0.125,22
1696297004910,0.49926758,-0.04937744,0.9003296,-0.484375,-0.96875,0.078125,23
1696297004950,0.49902344,-0.046447754,0.8944702,-0.953125,-1.0625,0.046875,24
1696297004990,0.5024414,-0.04840088,0.8966675,0.09375,-1.140625,0.34375,25
1696297005030,0.50097656,-0.05206299,0.90374756,-1.984375,-1.796875,0.34375,26
1696297005070,0.5,-0.0491333,0.8961792,-1.375,-0.828125,0.25,27
1696297005110,0.4987793,-0.044006348,0.90179443,-0.1875,-0.8125,0.171875,28
1696297005150,0.49926758,-0.04156494,0.90496826,-0.03125,-0.9375,0.390625,29
1696297005190,0.4909668,-0.05303955,0.91156006,0.984375,-1.453125,0.40625,30
1696297005230,0.5078125,-0.05230713,0.88494873,-1.484375,-1.03125,0.25,31
1696297005270,0.5031738,-0.051086426,0.8961792,-0.78125,-0.625,0.296875,32
1696297005310,0.5,-0.057922363,0.9130249,-0.453125,-1.03125,0.15625,33
1696297005350,0.49951172,-0.050842285,0.89642334,-1.5625,-1.15625,-0.125,34
1696297005390,0.5073242,-0.051818848,0.8903198,-0.953125,-0.78125,0.4375,35
1696297005430,0.5,-0.047668457,0.8925171,-0.546875,-0.734375,0.328125,36
1696297005470,0.5004883,-0.04107666,0.9171753,0.546875,-0.34375,0.1875,37
1696297005510,0.5024414,-0.0491333,0.9008179,-1.484375,-1.171875,-0.203125,38
1696297005550,0.5041504,-0.0491333,0.8937378,-3.140625,-1.5,-0.21875,39
1696297005590,0.4987793,-0.0491333,0.8876343,-1.1875,0.328125,-0.390625,40
1696297005630,0.5097656,-0.04156494,0.89593506,-0.859375,-0.71875,-0.28125,41
1696297005670,0.49926758,-0.050109863,0.9100952,-0.203125,-0.765625,-0.25,42
1696297005710,0.5046387,-0.043273926,0.8915405,-0.671875,-1.0,-0.03125,43
1696297005750,0.50268555,-0.046447754,0.8998413,-0.984375,-0.84375,-0.1875,44
1696297005790,0.5,-0.044006348,0.90374756,-0.046875,-0.953125,-0.03125,45
1696297005830,0.49609375,-0.050842285,0.90960693,-1.09375,-1.546875,0.359375,46
1696297005870,0.49365234,-0.044006348,0.9369507,0.140625,-1.078125,0.46875,47
1696297005910,0.48291016,-0.0635376,0.93499756,-0.03125,-1.453125,-0.640625,48
1696297005950,0.5073242,-0.046691895,0.91522217,-3.671875,-1.4375,-1.15625,49
1696297005990,0.49951172,-0.032043457,0.8920288,-4.328125,-2.34375,-1.328125,50
1696297006030,0.49951172,-0.03302002,0.8878784,-3.046875,-0.796875,-1.4375,51
1696297006070,0.5007324,-0.03302002,0.88739014,-2.234375,-1.03125,-1.015625,52
1696297006110,0.49487305,-0.046691895,0.8822632,-1.96875,-1.28125,-0.328125,53
1696297006150,0.50146484,-0.04058838,0.87005615,-2.09375,-1.234375,0.078125,54
1696297006190,0.5046387,-0.03326416,0.85736084,-0.71875,-0.890625,0.59375,55
1696297006230,0.5161133,-0.034973145,0.8661499,1.171875,-1.296875,1.4375,56
1696297006270,0.4855957,-0.035461426,0.946228,6.078125,-0.109375,1.78125,57
1696297006310,0.49804688,-0.050354004,0.9371948,2.359375,-0.296875,0.578125,58
1696297006350,0.5007324,-0.04058838,0.8978882,-0.9375,-1.953125,-0.0625,59
1696297006390,0.5029297,-0.038879395,0.88812256,-1.671875,0.234375,-0.03125,60
1696297006430,0.49267578,-0.024230957,0.8998413,-1.34375,-0.046875,-0.046875,61
1696297006470,0.4921875,-0.039367676,0.9113159,0.0,-0.90625,0.203125,62
1696297006510,0.4958496,-0.047912598,0.89398193,-0.4375,-0.703125,0.109375,63
1696297006550,0.5012207,-0.054504395,0.8937378,-0.375,-0.890625,0.46875,64
1696297006590,0.49658203,-0.04034424,0.91156006,1.3125,-0.578125,0.75,65
1696297006630,0.4892578,-0.039367676,0.91986084,0.53125,-1.40625,0.609375,66
1696297006670,0.49804688,-0.04473877,0.918396,-0.109375,-1.546875,0.328125,67
1696297006710,0.5053711,-0.043273926,0.8912964,-1.734375,-0.65625,0.09375,68
1696297006750,0.49560547,-0.038635254,0.8949585,-0.375,-0.859375,0.234375,69
1696297006790,0.4987793,-0.047668457,0.90448,-0.34375,-0.515625,0.171875,70
1696297006830,0.49902344,-0.042053223,0.8908081,-0.8125,-0.71875,0.4375,71
1696297006870,0.50341797,-0.05328369,0.90448,0.09375,-0.609375,0.25,72
1696297006910,0.50146484,-0.047668457,0.8966675,-0.53125,-1.015625,0.25,73
1696297006950,0.5,-0.036193848,0.8925171,-0.6875,-1.328125,0.15625,74
1696297006990,0.49804688,-0.03668213,0.89886475,-0.1875,-0.75,0.34375,75
1696297007030,0.49804688,-0.042053223,0.885437,-0.828125,-0.71875,0.234375,76
1696297007070,0.48901367,-0.04547119,0.9118042,0.796875,-0.34375,0.109375,77
1696297007110,0.49975586,-0.05255127,0.89056396,-2.078125,-0.375,-0.1875,78
1696297007150,0.49926758,-0.055725098,0.9003296,-1.3125,-0.953125,0.125,79
1696297007190,0.49902344,-0.04547119,0.89959717,-0.4375,0.015625,0.1875,80
1696297007230,0.51123047,-0.043029785,0.89593506,-0.3125,-0.78125,0.109375,81
1696297007270,0.5029297,-0.039611816,0.9022827,-0.6875,-0.59375,0.0,82
1696297007310,0.49731445,-0.042053223,0.9022827,-0.4375,-0.4375,0.21875,83
1696297007350,0.49975586,-0.055725098,0.8903198,-0.640625,-0.8125,0.265625,84
1696297007390,0.5065918,-0.04864502,0.89959717,0.5625,-0.6875,0.5,85
1696297007430,0.49145508,-0.057678223,0.8981323,-0.34375,-1.59375,0.6875,86
1696297007470,0.5058594,-0.043762207,0.9022827,-1.078125,-0.953125,0.390625,87
1696297007510,0.49829102,-0.046447754,0.8908081,-0.390625,-0.78125,0.375,88
1696297007550,0.51049805,-0.0413208,0.89764404,-0.296875,-0.640625,0.421875,89
1696297007590,0.5151367,-0.053527832,0.8981323,-0.375,-0.171875,0.171875,181
1696297007630,0.5175781,-0.047668457,0.8981323,-0.359375,-0.734375,0.21875,182
1696297007670,0.5319824,-0.059387207,0.88397217,-1.125,-0.359375,0.15625,183
1696297007710,0.51782227,-0.043273926,0.87713623,-0.78125,-0.6875,0.328125,184
1696297007750,0.51000977,-0.053771973,0.8966675,-0.453125,-1.453125,0.515625,185
1696297007790,0.5239258,-0.055480957,0.8930054,-1.359375,-1.390625,-0.046875,186
1696297007830,0.5180664,-0.047424316,0.87371826,-1.046875,-0.03125,0.359375,187
1696297007870,0.5180664,-0.054504395,0.88983154,-0.484375,0.203125,0.0625,188
1696297007910,0.5229492,-0.04425049,0.8866577,0.0625,-0.078125,0.59375,189
1696297007950,0.5202637,-0.05987549,0.89056396,-0.203125,-0.125,0.421875,190
1696297007990,0.52319336,-0.05206299,0.8834839,-1.0,-1.046875,0.09375,191
1696297008030,0.52368164,-0.051818848,0.8739624,-1.0,-0.34375,0.359375,192
1696297008070,0.5180664,-0.051574707,0.8866577,-0.171875,-0.265625,0.609375,193
1696297008110,0.5241699,-0.05230713,0.8925171,-0.609375,-0.796875,0.28125,194
1696297008150,0.52734375,-0.042541504,0.8932495,0.546875,-0.375,0.375,195
1696297008190,0.51586914,-0.04815674,0.88201904,-1.046875,-0.25,0.25,196
1696297008230,0.5317383,-0.05279541,0.88323975,-0.234375,-0.640625,-0.015625,197
1696297008270,0.52001953,-0.051086426,0.8781128,-2.28125,-0.640625,-0.265625,198
1696297008310,0.51464844,-0.05596924,0.87835693,-0.234375,-0.171875,0.140625,199
1696297008350,0.5205078,-0.050598145,0.8969116,-0.71875,-1.75,-0.203125,200
1696297008390,0.53393555,-0.046691895,0.89715576,-1.78125,-0.09375,-1.015625,201
1696297008430,0.5192871,-0.039123535,0.87615967,-0.921875,-0.359375,-0.3125,202
1696297008470,0.517334,-0.05279541,0.88861084,-0.59375,-0.234375,0.03125,203
1696297008510,0.51586914,-0.050842285,0.8829956,-0.125,-0.71875,0.109375,204
1696297008550,0.52612305,-0.046203613,0.8666382,-1.84375,-1.328125,0.171875,205
1696297008590,0.52075195,-0.05255127,0.87323,-1.859375,-1.203125,0.25,206
1696297008630,0.5239258,-0.050354004,0.88323975,-0.046875,0.078125,0.578125,207
1696297008670,0.5239258,-0.047180176,0.8817749,-0.8125,-1.21875,-0.046875,208
1696297008710,0.52368164,-0.046936035,0.8817749,-0.375,-1.375,0.515625,209
1696297008750,0.52197266,-0.04107666,0.8810425,-0.484375,-1.75,0.359375,210
1696297008790,0.53686523,-0.04058838,0.88153076,-0.25,-1.078125,0.28125,211
1696297008830,0.52490234,-0.04815674,0.88983154,-0.078125,-1.390625,0.4375,212
1696297008870,0.52001953,-0.059387207,0.8978882,-0.421875,-2.5625,0.078125,213
1696297008910,0.51000977,-0.0491333,0.9125366,0.8125,-3.328125,-0.25,214
1696297008950,0.50439453,-0.049621582,0.94451904,2.734375,-4.21875,-0.40625,215
1696297008990,0.515625,-0.069885254,0.8920288,-2.703125,-3.484375,-1.796875,216
1696297009030,0.5205078,-0.03668213,0.8851929,-2.796875,-2.359375,-1.484375,217
1696297009070,0.4987793,-0.050842285,0.9003296,-1.859375,-0.515625,-1.265625,218
1696297009110,0.5031738,-0.062316895,0.8930054,-5.65625,-1.734375,-1.578125,219
1696297009150,0.50927734,-0.03741455,0.8710327,-6.828125,-1.28125,-1.53125,220
1696297009190,0.51171875,-0.031555176,0.8695679,-4.328125,-2.265625,-1.09375,221
1696297009230,0.513916,-0.043273926,0.90252686,-1.34375,-2.5,-1.015625,222
1696297009270,0.5041504,-0.0491333,0.8920288,-3.109375,-2.984375,-1.234375,223
1696297009310,0.5083008,-0.03668213,0.8842163,-4.203125,-3.0,-1.15625,224
1696297009350,0.50512695,-0.037902832,0.8800659,-3.765625,-2.125,-1.15625,225
1696297009390,0.5083008,-0.030578613,0.85076904,-2.921875,-1.03125,-0.046875,226
1696297009430,0.5078125,-0.023742676,0.8644409,0.28125,-0.390625,1.25,227
1696297009470,0.5085449,-0.023498535,0.8722534,3.109375,0.03125,2.1875,228
1696297009510,0.49243164,-0.043762207,0.92645264,7.828125,1.125,3.0,229
1696297009550,0.47924805,-0.058166504,0.96136475,4.8125,-1.1875,1.421875,230
1696297009590,0.5354004,-0.049865723,0.8859253,-3.0625,-2.53125,-0.625,231
1696297009630,0.5031738,-0.02545166,0.8851929,-0.734375,-0.53125,0.3125,232
1696297009670,0.4951172,-0.038879395,0.92645264,-0.671875,-0.6875,0.328125,233
1696297009710,0.5019531,-0.038146973,0.90545654,-0.09375,-0.625,0.40625,234
1696297009750,0.5073242,-0.050598145,0.87713623,-0.34375,-0.046875,0.484375,235
1696297009790,0.50805664,-0.04815674,0.8986206,1.21875,0.53125,0.3125,236
1696297009830,0.49487305,-0.055725098,0.9047241,-0.9375,-1.234375,0.359375,237
1696297009870,0.5073242,-0.04425049,0.90130615,-0.65625,-0.90625,0.0625,238
1696297009910,0.5097656,-0.039367676,0.8986206,-0.625,-1.28125,-0.203125,239
1696297009950,0.515625,-0.033996582,0.89715576,-0.5,-0.875,-0.109375,240
1696297009990,0.4963379,-0.041809082,0.9022827,-0.21875,-0.4375,0.265625,241
1696297010030,0.5004883,-0.051818848,0.89227295,-0.71875,-0.65625,0.28125,242
1696297010070,0.50805664,-0.047668457,0.902771,0.515625,-0.640625,0.390625,243
1696297010110,0.49829102,-0.045715332,0.90252686,-0.71875,-1.40625,0.4375,244
1696297010150,0.5085449,-0.049865723,0.8937378,-1.578125,-1.140625,0.15625,245
1696297010190,0.5109863,-0.042053223,0.8925171,-0.6875,-0.96875,0.390625,246
1696297010230,0.5036621,-0.039855957,0.8895874,-0.390625,-0.703125,-0.09375,247
1696297010270,0.50512695,-0.032287598,0.9047241,0.453125,-1.078125,0.484375,248
1696297010310,0.5048828,-0.044006348,0.88812256,-0.609375,-0.65625,0.21875,249
1696297010350,0.5048828,-0.046203613,0.9039917,-0.734375,-1.03125,0.625,250
1696297010390,0.50219727,-0.0491333,0.8978882,-0.046875,-0.828125,0.078125,251
1696297010430,0.501709,-0.049865723,0.8969116,0.203125,-0.71875,0.171875,252
1696297010470,0.5114746,-0.05255127,0.9064331,0.9375,-1.0,0.21875,253
1696297010510,0.50268555,-0.041809082,0.90667725,0.4375,-0.390625,0.109375,254
1696297010550,0.50341797,-0.044006348,0.89959717,-1.0625,-0.125,0.140625,255
1696297010590,0.5114746,-0.055236816,0.90301514,-1.78125,-0.21875,-0.078125,256
1696297010630,0.50634766,-0.049621582,0.8949585,-1.359375,0.03125,0.046875,257
1696297010670,0.5136719,-0.041809082,0.8876343,-1.34375,-0.078125,-0.109375,258
1696297010710,0.51171875,-0.043029785,0.89349365,-0.34375,-0.796875,-0.078125,259
1696297010750,0.5102539,-0.04473877,0.8978882,-0.609375,-0.6875,-0.171875,260
1696297010790,0.51660156,-0.046936035,0.8961792,-0.078125,-1.09375,0.140625,261
1696297010830,0.5083008,-0.045715332,0.9003296,0.671875,-1.0,0.171875,262
1696297010870,0.50341797,-0.050842285,0.89837646,-0.890625,-2.203125,0.234375,263
1696297010910,0.5078125,-0.040100098,0.8912964,-2.21875,-1.328125,0.34375,264
1696297010950,0.5029297,-0.0491333,0.89764404,-0.8125,-0.53125,0.1875,265
1696297010990,0.51708984,-0.03643799,0.8890991,-1.078125,-1.078125,-0.359375,266
1696297011030,0.5078125,-0.047668457,0.8998413,0.03125,-0.78125,0.328125,267
1696297011070,0.50756836,-0.047180176,0.8890991,-0.890625,-1.109375,0.359375,268
1696297011110,0.51464844,-0.042297363,0.899353,-0.59375,-0.796875,0.390625,269
1696297011150,0.5114746,-0.04449463,0.8944702,-0.609375,-1.046875,0.109375,270
1696297011190,0.50756836,-0.042053223,0.89105225,-0.6875,-0.875,0.09375,271
1696297011230,0.51220703,-0.04058838,0.9008179,0.1875,-0.421875,0.40625,272
1696297011270,0.5151367,-0.043762207,0.885437,-0.484375,-0.390625,0.328125,273
1696297011310,0.51000977,-0.051574707,0.9003296,0.546875,0.0,0.203125,274
1696297011350,0.5102539,-0.055725098,0.89886475,-1.140625,-0.5,0.265625,275
1696297011390,0.5124512,-0.049621582,0.8932495,-0.125,0.4375,0.125,276
1696297011430,0.5124512,-0.042053223,0.8895874,0.171875,0.625,-0.03125,277
1696297011470,0.51586914,-0.04888916,0.8961792,-0.171875,-0.21875,0.25,278
1696297011510,0.51171875,-0.04522705,0.8961792,-0.609375,-0.671875,0.265625,279
1696297011550,0.5119629,-0.051330566,0.88323975,-1.25,-0.875,0.28125,280
1696297011590,0.5151367,-0.046447754,0.88861084,-0.28125,-0.390625,0.375,281
1696297011630,0.5163574,-0.04498291,0.8944702,-0.59375,-2.109375,0.671875,282
1696297011670,0.51782227,-0.050354004,0.88739014,-2.140625,-1.453125,-0.140625,283
1696297011710,0.51416016,-0.038146973,0.8859253,-0.828125,-0.46875,0.203125,284
1696297011750,0.51293945,-0.045715332,0.8878784,-0.4375,-0.4375,0.140625,285
1696297011790,0.5131836,-0.034484863,0.89837646,0.0625,-0.828125,0.65625,286
1696297011830,0.5175781,-0.05328369,0.89056396,-0.703125,-0.875,0.234375,287
1696297011870,0.517334,-0.047912598,0.88568115,-0.34375,-0.09375,0.34375,288
1696297011910,0.51342773,-0.04937744,0.8998413,0.484375,-0.1875,0.609375,289
1696297011950,0.5168457,-0.051086426,0.8834839,-0.40625,-1.40625,0.8125,290
1696297011990,0.5214844,-0.04058838,0.887146,-0.640625,-1.046875,0.46875,291
1696297012030,0.5192871,-0.04547119,0.8866577,0.21875,-0.40625,0.453125,292
1696297012070,0.5161133,-0.044006348,0.8915405,-0.03125,0.890625,0.1875,293
1696297012110,0.5253906,-0.050598145,0.8878784,-0.078125,0.0625,0.0625,294
1696297012150,0.5119629,-0.054992676,0.89398193,-1.40625,-0.328125,-0.046875,295
1696297012190,0.52124023,-0.049621582,0.8890991,0.359375,0.296875,0.0,296
1696297012230,0.51464844,-0.036193848,0.9057007,0.96875,-1.140625,0.265625,297
1696297012270,0.5192871,-0.05670166,0.90496826,0.21875,-1.953125,0.25,298
1696297012310,0.5217285,-0.050842285,0.88323975,-1.671875,-1.984375,-0.5625,299
1696297012350,0.50512695,-0.055236816,0.8746948,-1.21875,-1.4375,0.015625,300
1696297012390,0.5246582,-0.04473877,0.8876343,-1.125,-0.40625,-0.640625,301
1696297012430,0.5097656,-0.055725098,0.8764038,-2.40625,-1.90625,-0.03125,302
1696297012470,0.53125,-0.05279541,0.8710327,-3.78125,0.65625,-0.953125,303
1696297012510,0.5197754,-0.040100098,0.8915405,-0.03125,-0.28125,0.296875,304
1696297012550,0.5258789,-0.049621582,0.885437,-1.078125,-1.890625,-0.640625,305
1696297012590,0.51904297,-0.0335083,0.89837646,-0.046875,-1.625,-0.34375,306
1696297012630,0.50683594,-0.059387207,0.9320679,1.546875,-1.234375,-0.390625,307
1696297012670,0.50390625,-0.07354736,0.94036865,-0.734375,-3.09375,-1.84375,308
1696297012710,0.52124023,-0.054260254,0.8883667,-7.203125,-6.78125,-3.0625,309
1696297012750,0.5192871,-0.012023926,0.8563843,-7.3125,-4.640625,-2.03125,310
1696297012790,0.50756836,-0.03375244,0.8751831,-4.078125,-0.515625,-0.78125,311
1696297012830,0.50268555,-0.041809082,0.88690186,-2.9375,-1.96875,-0.734375,312
1696297012870,0.5085449,-0.03375244,0.87493896,-1.6875,-2.53125,-0.546875,313
1696297012910,0.50512695,-0.04888916,0.852478,-1.875,-0.375,0.484375,314
1696297012950,0.50219727,-0.036193848,0.8500366,-0.5,-0.09375,1.46875,315
1696297012990,0.51538086,-0.030822754,0.88153076,3.484375,-0.046875,1.78125,316
1696297013030,0.4963379,-0.035217285,0.93963623,6.1875,-0.796875,2.265625,317
1696297013070,0.51953125,-0.04425049,0.92303467,2.671875,-1.453125,0.859375,318
1696297013110,0.50390625,-0.043762207,0.8920288,-1.0625,-1.21875,0.109375,319
1696297013150,0.51416016,-0.039367676,0.8915405,-1.234375,-0.75,0.0,320
1696297013190,0.5024414,-0.034240723,0.9003296,-0.4375,-0.625,0.1875,321
1696297013230,0.50683594,-0.042541504,0.8925171,-1.796875,-2.03125,0.21875,322
1696297013270,0.5090332,-0.045715332,0.8876343,0.265625,-1.1875,0.890625,323
1696297013310,0.49731445,-0.04815674,0.91156006,1.34375,-0.875,0.4375,324
1696297013350,0.51293945,-0.038146973,0.91326904,-0.328125,-1.5,0.078125,325
1696297013390,0.50268555,-0.03741455,0.9071655,0.390625,-1.484375,0.15625,326
1696297013430,0.50341797,-0.039367676,0.88201904,-2.453125,-0.5,-0.09375,327
1696297013470,0.5036621,-0.035949707,0.90960693,-0.625,-1.0625,0.1875,328
1696297013510,0.5048828,-0.039855957,0.8851929,-1.90625,-1.140625,-0.046875,329
1696297013550,0.5007324,-0.032287598,0.8878784,-0.5,-1.046875,0.46875,330
1696297013590,0.501709,-0.050598145,0.89349365,-0.578125,-1.125,0.5,331
1696297013630,0.5090332,-0.03741455,0.90960693,0.71875,-0.71875,0.09375,332
1696297013670,0.50097656,-0.039855957,0.8915405,-1.515625,-0.734375,0.265625,333
1696297013710,0.49975586,-0.03643799,0.91033936,-0.59375,-0.734375,0.09375,334
1696297013750,0.50268555,-0.038879395,0.88812256,-0.625,-0.3125,0.015625,335
1696297013790,0.5007324,-0.034484863,0.8937378,-0.140625,-0.625,0.03125,336
1696297013830,0.49951172,-0.04888916,0.9047241,0.046875,-0.734375,0.234375,337
1696297013870,0.5085449,-0.043518066,0.8876343,-1.25,-1.03125,0.078125,338
1696297013910,0.50561523,-0.051330566,0.8908081,-1.703125,-1.109375,0.015625,339
1696297013950,0.5083008,-0.039855957,0.90252686,0.15625,-0.84375,0.140625,340
1696297013990,0.50024414,-0.047180176,0.9008179,-1.015625,-1.34375,-0.078125,341
1696297014030,0.50561523,-0.038635254,0.8961792,-0.609375,-0.984375,0.484375,342
1696297014070,0.49658203,-0.043518066,0.9015503,-0.078125,-0.78125,0.3125,343
1696297014110,0.50439453,-0.0413208,0.9076538,-0.15625,-0.375,0.421875,344
1696297014150,0.5090332,-0.039855957,0.8986206,-0.359375,-0.828125,0.171875,345
1696297014190,0.5073242,-0.046447754,0.89056396,-0.921875,-0.609375,0.3125,346
1696297014230,0.50756836,-0.042541504,0.9039917,-0.140625,-0.21875,0.53125,347
1696297014270,0.5029297,-0.04498291,0.899353,-0.703125,-1.375,0.078125,348
1696297014310,0.5083008,-0.043518066,0.88616943,-0.859375,-1.21875,0.21875,349
1696297014350,0.5107422,-0.043029785,0.8890991,0.1875,-0.484375,0.453125,350
1696297014390,0.49829102,-0.035949707,0.9100952,1.296875,0.109375,0.515625,351
1696297014430,0.5041504,-0.04449463,0.8878784,-0.421875,-0.1875,0.15625,352
1696297014470,0.5,-0.050842285,0.9052124,-0.234375,-0.140625,0.125,353
1696297014510,0.5095215,-0.04840088,0.89959717,0.140625,0.40625,0.109375,354
1696297014550,0.5107422,-0.03765869,0.88812256,-0.6875,-0.484375,-0.1875,355
1696297014590,0.5192871,-0.039611816,0.90301514,0.328125,0.203125,0.171875,356
1696297014630,0.5085449,-0.04815674,0.8954468,-0.34375,-1.140625,0.109375,357
1696297014670,0.51831055,-0.043029785,0.8805542,-1.765625,-0.890625,-0.015625,358
1696297014710,0.51220703,-0.038635254,0.89276123,0.09375,-0.875,0.03125,359
1696297014750,0.5024414,-0.04547119,0.8956909,-0.53125,-2.0,0.546875,360
1696297014790,0.513916,-0.044006348,0.88934326,-1.984375,-1.1875,-0.015625,361
1696297014830,0.5090332,-0.03717041,0.89398193,-0.546875,-0.671875,0.421875,362
1696297014870,0.50561523,-0.04522705,0.9022827,0.453125,0.53125,0.375,363
1696297014910,0.50390625,-0.046691895,0.91204834,1.4375,-1.15625,0.703125,364
1696297014950,0.51464844,-0.05328369,0.87835693,-2.015625,-0.921875,0.09375,365
1696297014990,0.5124512,-0.040100098,0.8895874,-0.328125,-0.1875,0.578125,366
1696297015030,0.5061035,-0.050109863,0.88690186,-0.625,0.53125,0.453125,367
1696297015070,0.5229492,-0.046936035,0.89520264,-0.296875,-1.015625,0.390625,368
1696297015110,0.51220703,-0.049865723,0.8842163,-0.703125,-0.796875,0.203125,369
1696297015150,0.5161133,-0.0491333,0.87176514,-1.828125,-0.71875,0.4375,370
1696297015190,0.51708984,-0.043762207,0.90448,1.265625,0.625,0.328125,371
1696297015230,0.5131836,-0.051574707,0.88739014,-1.71875,-0.421875,0.421875,372
1696297015270,0.5185547,-0.047668457,0.88397217,-1.4375,0.40625,-0.078125,373
1696297015310,0.51123047,-0.047424316,0.8912964,0.796875,1.8125,0.015625,374
1696297015350,0.52001953,-0.046203613,0.8900757,-0.125,-0.703125,0.09375,375
1696297015390,0.5217285,-0.04864502,0.8969116,-0.484375,-0.796875,-0.0625,376
1696297015430,0.52075195,-0.04107666,0.885437,-1.40625,-0.953125,0.0625,377
1696297015470,0.5214844,-0.050109863,0.8915405,-0.859375,-0.390625,0.609375,378
1696297015510,0.5270996,-0.047912598,0.8949585,-0.09375,-0.65625,-0.015625,379
1696297015550,0.51586914,-0.054992676,0.887146,-1.1875,-1.140625,0.328125,380
1696297015590,0.52246094,-0.042785645,0.8746948,-1.109375,-0.359375,0.453125,381
1696297015630,0.51586914,-0.04449463,0.8912964,-0.15625,-0.21875,0.328125,382
1696297015670,0.5205078,-0.04107666,0.89178467,-0.125,-1.15625,0.171875,383
1696297015710,0.5214844,-0.04034424,0.8973999,-0.0625,-2.078125,0.515625,384
1696297015750,0.5234375,-0.043029785,0.89227295,-0.296875,-2.515625,-0.109375,385
1696297015790,0.51782227,-0.046447754,0.8788452,-1.828125,-2.6875,0.015625,386
1696297015830,0.5222168,-0.045959473,0.87127686,-1.8125,0.140625,0.109375,387
1696297015870,0.5095215,-0.046447754,0.8954468,-1.0,-1.1875,0.21875,388
1696297015910,0.5197754,-0.039855957,0.8859253,-1.265625,-1.40625,0.109375,389
1696297015950,0.5187988,-0.05303955,0.87835693,-1.875,-0.5625,0.015625,390
1696297015990,0.5239258,-0.03643799,0.89886475,1.0,-0.140625,0.0625,391
1696297016030,0.5095215,-0.04449463,0.88275146,-2.15625,-1.21875,0.40625,392
1696297016070,0.52563477,-0.04449463,0.87835693,-1.125,0.15625,0.265625,393
1696297016110,0.5319824,-0.035949707,0.89276123,-0.015625,0.703125,0.25,394
1696297016150,0.5227051,-0.03643799,0.88397217,-0.171875,-0.5625,0.15625,395
1696297016190,0.52441406,-0.038635254,0.888855,-0.40625,-0.21875,0.0625,396
1696297016230,0.52563477,-0.04107666,0.87957764,-0.3125,-0.203125,0.03125,397
1696297016270,0.517334,-0.046691895,0.8925171,0.546875,-0.78125,0.6875,398
1696297016310,0.5234375,-0.04547119,0.885437,-0.609375,-1.890625,0.0625,399
1696297016350,0.5192871,-0.038146973,0.8834839,-1.40625,-1.53125,0.125,400
1696297016390,0.5209961,-0.050842285,0.8864136,-0.828125,-0.75,0.203125,401
1696297016430,0.5180664,-0.042297363,0.89178467,-0.203125,-0.984375,-0.15625,402
1696297016470,0.52612305,-0.043518066,0.88275146,-0.40625,-1.875,-0.03125,403
1696297016510,0.52197266,-0.041809082,0.8829956,-0.640625,-0.78125,0.0625,404
1696297016550,0.513916,-0.04449463,0.8768921,-0.953125,-0.421875,0.09375,405
1696297016590,0.5192871,-0.040100098,0.8864136,-0.765625,-0.40625,0.328125,406
1696297016630,0.5251465,-0.049865723,0.885437,-1.234375,-1.109375,0.0625,407
1696297016670,0.52319336,-0.046691895,0.8956909,-1.09375,-1.25,-0.15625,408
1696297016710,0.517334,-0.046936035,0.8981323,-0.109375,-1.09375,0.03125,409
1696297016750,0.5229492,-0.040100098,0.8812866,-1.453125,-0.21875,-0.109375,410
1696297016790,0.52978516,-0.04425049,0.88861084,-0.265625,-0.90625,-0.1875,411
1696297016830,0.51831055,-0.051818848,0.8764038,-2.734375,0.09375,-0.109375,412
1696297016870,0.52563477,-0.046936035,0.8746948,-0.421875,0.4375,-0.09375,413
1696297016910,0.5292969,-0.039855957,0.9008179,0.0,-0.25,0.015625,414
1696297016950,0.52368164,-0.04107666,0.8842163,-1.09375,-0.90625,-0.0625,415
1696297016990,0.52978516,-0.035949707,0.88275146,-0.6875,-0.953125,0.171875,416
1696297017030,0.5266113,-0.042297363,0.87957764,-0.953125,-1.75,0.078125,417
1696297017070,0.52441406,-0.038879395,0.887146,0.015625,-1.46875,0.15625,418
1696297017110,0.5109863,-0.04888916,0.9081421,-0.28125,-3.296875,0.25,419
1696297017150,0.5151367,-0.047668457,0.88934326,-2.859375,-3.03125,-0.796875,420
1696297017190,0.5136719,-0.034973145,0.90179443,0.0,-2.078125,-0.078125,421
1696297017230,0.5109863,-0.049621582,0.89959717,-0.375,-3.21875,-0.640625,422
1696297017270,0.5227051,-0.042541504,0.8903198,-1.6875,-3.09375,-0.953125,423
1696297017310,0.51000977,-0.04498291,0.88690186,-2.265625,-1.5,-0.921875,424
1696297017350,0.50878906,-0.039367676,0.89349365,-2.453125,-1.84375,-0.875,425
1696297017390,0.50927734,-0.040100098,0.9008179,-2.296875,-2.109375,-1.125,426
1696297017430,0.5070801,-0.04473877,0.88568115,-3.546875,-3.203125,-1.3125,427
1696297017470,0.5070801,-0.030334473,0.8859253,-2.875,-2.6875,-0.796875,428
1696297017510,0.5048828,-0.042297363,0.8932495,-0.5,-1.71875,-0.703125,429
1696297017550,0.5078125,-0.027893066,0.9003296,-1.328125,-2.53125,-0.625,430
1696297017590,0.5078125,-0.046447754,0.9015503,-1.21875,-2.0625,-1.421875,431
1696297017630,0.49365234,-0.039855957,0.9122925,-2.453125,-2.296875,-1.296875,432
1696297017670,0.49682617,-0.041809082,0.883728,-5.140625,-1.96875,-1.421875,433
1696297017710,0.49438477,-0.006652832,0.88323975,-6.90625,-0.015625,-0.3125,434
1696297017750,0.5187988,-0.024230957,0.86834717,-5.59375,3.78125,-0.109375,435
1696297017790,0.51049805,0.0018920898,0.8707886,-1.828125,1.109375,0.890625,436
1696297017830,0.50805664,-0.014953613,0.87542725,0.4375,1.015625,1.3125,437
1696297017870,0.50390625,-0.024963379,0.9113159,5.28125,0.140625,1.796875,438
1696297017910,0.50268555,-0.03717041,0.9249878,1.265625,-1.953125,1.328125,439
1696297017950,0.5241699,-0.02154541,0.88079834,-0.953125,-1.71875,0.15625,440
1696297017990,0.5161133,-0.01373291,0.8942261,-0.234375,-1.46875,0.578125,441
1696297018030,0.5053711,-0.011779785,0.9035034,1.171875,-1.421875,0.359375,442
1696297018070,0.49902344,-0.018859863,0.9196167,3.75,-1.734375,0.84375,443
1696297018110,0.49975586,-0.043029785,0.9020386,0.578125,-1.34375,0.453125,444
1696297018150,0.5124512,-0.032043457,0.8866577,-0.3125,-1.5,0.296875,445
1696297018190,0.49804688,-0.032043457,0.90130615,-0.28125,-1.53125,-0.125,446
1696297018230,0.5119629,-0.02130127,0.9137573,0.484375,-1.375,0.0625,447
1696297018270,0.51000977,-0.030578613,0.888855,-0.625,-1.90625,-0.0625,448
1696297018310,0.50268555,-0.0256958,0.8949585,0.703125,-0.4375,0.59375,449
1696297018350,0.49951172,-0.033996582,0.8915405,-1.078125,-0.734375,0.484375,450
1696297018390,0.49658203,-0.042053223,0.8942261,0.234375,-0.546875,0.5625,451
1696297018430,0.49975586,-0.034973145,0.90545654,1.171875,0.390625,0.71875,452
1696297018470,0.5058594,-0.039367676,0.90448,0.515625,-0.8125,0.09375,453
1696297018510,0.5102539,-0.023986816,0.90740967,-0.296875,-0.578125,-0.09375,454
1696297018550,0.5048828,-0.0335083,0.89178467,-0.46875,-0.578125,-0.203125,455
1696297018590,0.51220703,-0.034973145,0.8864136,-0.875,-1.15625,0.109375,456
1696297018630,0.5109863,-0.03668213,0.8915405,-1.1875,-1.578125,0.328125,457
1696297018670,0.5007324,-0.04840088,0.9015503,-1.390625,-1.0625,0.15625,458
1696297018710,0.5058594,-0.033996582,0.8981323,-0.390625,-0.703125,0.46875,459
1696297018750,0.50146484,-0.035461426,0.8834839,-0.984375,-0.359375,0.203125,460
1696297018790,0.49975586,-0.03277588,0.8973999,0.796875,0.03125,0.640625,461
1696297018830,0.5107422,-0.035705566,0.90789795,1.453125,0.65625,0.53125,462
1696297018870,0.50219727,-0.04058838,0.90618896,0.78125,-0.546875,0.59375,463
1696297018910,0.5078125,-0.041809082,0.9052124,0.171875,-1.625,0.265625,464
1696297018950,0.51220703,-0.030822754,0.8805542,-1.734375,-1.78125,-0.09375,465
1696297018990,0.51416016,-0.031555176,0.8986206,-0.484375,-0.328125,0.0,466
1696297019030,0.5109863,-0.039123535,0.8817749,-1.421875,-0.46875,0.109375,467
1696297019070,0.5041504,-0.042297363,0.8966675,0.3125,-0.25,-0.015625,468
1696297019110,0.5029297,-0.046936035,0.88934326,-1.375,-0.890625,0.140625,469
1696297019150,0.51123047,-0.038879395,0.89886475,0.28125,0.09375,0.140625,470
1696297019190,0.5161133,-0.03741455,0.90374756,0.34375,-0.171875,0.203125,471
1696297019230,0.517334,-0.03375244,0.885437,-1.0,-0.1875,-0.171875,472
1696297019270,0.5187988,-0.038879395,0.8798218,-1.5625,0.015625,-0.046875,473
1696297019310,0.5114746,-0.040100098,0.8903198,0.1875,0.171875,0.5,474
1696297019350,0.50878906,-0.051818848,0.89764404,1.140625,-1.171875,0.734375,475
1696297019390,0.51464844,-0.050109863,0.89276123,-1.078125,-2.609375,0.40625,476
1696297019430,0.51123047,-0.042541504,0.8937378,-1.453125,-1.09375,0.0,477
1696297019470,0.5109863,-0.039855957,0.8937378,-0.296875,-0.15625,0.265625,478
1696297019510,0.51000977,-0.039367676,0.8920288,-0.828125,-0.8125,0.015625,479
1696297019550,0.51342773,-0.04034424,0.88031006,-0.375,-0.4375,0.15625,480
1696297019590,0.5136719,-0.039123535,0.8812866,-0.46875,-0.125,0.3125,481
1696297019630,0.5161133,-0.040100098,0.89178467,0.578125,0.578125,0.5625,482
1696297019670,0.5168457,-0.04498291,0.8998413,0.4375,-0.828125,0.546875,483
1696297019710,0.5187988,-0.043029785,0.8864136,-0.28125,-0.75,0.28125,484
1696297019750,0.5124512,-0.03741455,0.89227295,-0.734375,-0.953125,0.296875,485
1696297019790,0.5227051,-0.04107666,0.8695679,-1.796875,0.09375,0.0625,486
1696297019830,0.52734375,-0.038879395,0.89959717,0.609375,0.15625,0.0,487
1696297019870,0.51464844,-0.0491333,0.8812866,-1.734375,-0.421875,0.421875,488
1696297019910,0.52734375,-0.047180176,0.87420654,-1.15625,0.4375,-0.1875,489
1696297019950,0.51953125,-0.04156494,0.8876343,0.65625,1.390625,0.203125,490
1696297019990,0.5253906,-0.04156494,0.8915405,0.125,-1.15625,0.15625,491
1696297020030,0.53271484,-0.042785645,0.8864136,-1.265625,-0.890625,-0.4375,492
1696297020070,0.5214844,-0.038391113,0.87835693,-1.375,-0.28125,-0.09375,493
1696297020110,0.5148926,-0.047668457,0.88983154,-0.4375,-0.65625,0.5,494
1696297020150,0.53027344,-0.046936035,0.8890991,-0.5,-1.34375,0.109375,495
1696297020190,0.5202637,-0.046447754,0.88397217,-1.40625,-1.671875,0.203125,496
1696297020230,0.5227051,-0.04034424,0.88079834,-0.59375,0.328125,0.40625,497
1696297020270,0.5288086,-0.04840088,0.89349365,-0.15625,-0.265625,0.15625,498
1696297020310,0.5161133,-0.03668213,0.8842163,-0.21875,-0.921875,0.15625,499
1696297020350,0.5234375,-0.034973145,0.88446045,-0.109375,-0.984375,0.546875,500
1696297020390,0.52734375,-0.039855957,0.87249756,-0.71875,-0.875,0.234375,501
1696297020430,0.52368164,-0.046203613,0.8912964,-0.640625,-1.25,0.421875,502
1696297020470,0.52368164,-0.0491333,0.8776245,-1.359375,-0.09375,0.203125,503
1696297020510,0.52075195,-0.04156494,0.88616943,0.15625,-1.34375,0.109375,504
1696297020550,0.52978516,-0.045715332,0.8817749,0.328125,-0.625,0.234375,505
1696297020590,0.5229492,-0.039611816,0.8956909,0.53125,0.21875,0.21875,506
1696297020630,0.5324707,-0.0413208,0.88690186,-0.546875,-0.25,0.0,507
1696297020670,0.5209961,-0.047180176,0.8822632,-1.9375,0.3125,-0.328125,508
1696297020710,0.5251465,-0.043029785,0.8851929,0.5625,0.984375,0.234375,509
1696297020750,0.52685547,-0.041809082,0.8876343,0.109375,-0.625,0.3125,510
1696297020790,0.53686523,-0.045959473,0.88153076,-0.828125,-0.734375,0.046875,511
1696297020830,0.53466797,-0.041809082,0.8722534,-1.3125,-0.140625,0.4375,512
1696297020870,0.5358887,-0.051818848,0.8883667,-0.21875,-0.84375,0.15625,513
1696297020910,0.5341797,-0.04449463,0.88494873,-0.078125,-0.84375,-0.03125,514
1696297020950,0.5222168,-0.05230713,0.87908936,-0.953125,-2.359375,0.3125,515
1696297020990,0.53515625,-0.04473877,0.87054443,-1.703125,-1.859375,0.0625,516
1696297021030,0.5205078,-0.043762207,0.92718506,1.890625,-2.09375,0.0,517
1696297021070,0.49023438,-0.070129395,1.0272827,6.71875,-6.953125,-1.703125,518
1696297021110,0.51293945,-0.08428955,0.8756714,-8.40625,-5.578125,-4.375,519
1696297021150,0.5090332,-0.010070801,0.83929443,-9.359375,-6.03125,-3.734375,520
1696297021190,0.50878906,-0.026428223,0.8607788,-4.765625,0.53125,-1.34375,521
1696297021230,0.5107422,-0.04156494,0.8798218,-4.59375,-1.28125,-1.296875,522
1696297021270,0.51342773,-0.023254395,0.8571167,-5.28125,-3.390625,-0.5,523
1696297021310,0.50878906,-0.034484863,0.852478,-1.25,-0.84375,1.078125,524
1696297021350,0.5180664,-0.042785645,0.8265991,-1.484375,0.671875,1.546875,525
1696297021390,0.5061035,-0.02130127,0.90374756,6.1875,1.0,1.9375,526
1696297021430,0.5004883,-0.04937744,0.94573975,5.625,-1.125,1.75,527
1696297021470,0.5119629,-0.04498291,0.90448,-0.625,-2.171875,0.203125,528
1696297021510,0.517334,-0.022521973,0.8800659,-1.21875,-0.25,0.28125,529
1696297021550,0.5058594,-0.026184082,0.89276123,-0.90625,0.0625,0.078125,530
1696297021590,0.5124512,-0.031066895,0.9125366,-0.765625,-0.71875,0.0625,531
1696297021630,0.5102539,-0.04034424,0.88446045,-0.59375,-1.171875,0.375,532
1696297021670,0.49951172,-0.049621582,0.8966675,0.109375,-0.875,0.640625,533
1696297021710,0.5114746,-0.050354004,0.9035034,0.046875,-1.359375,0.125,534
1696297021750,0.5058594,-0.04058838,0.8966675,-1.125,-1.90625,-0.109375,535
1696297021790,0.5131836,-0.03253174,0.9015503,-0.515625,-0.9375,0.40625,536
1696297021830,0.5046387,-0.03253174,0.8944702,-0.671875,-0.828125,0.21875,537
1696297021870,0.50634766,-0.027160645,0.899353,0.28125,-0.34375,0.453125,538
1696297021910,0.501709,-0.038391113,0.9035034,1.34375,-0.09375,0.953125,539
1696297021950,0.5053711,-0.045959473,0.88079834,-1.5,-0.125,0.453125,540
1696297021990,0.5107422,-0.04473877,0.9015503,-0.234375,-0.046875,0.453125,541
1696297022030,0.5065918,-0.04864502,0.8986206,-0.640625,-0.984375,0.125,542
1696297022070,0.5095215,-0.042053223,0.8949585,-0.265625,-1.453125,-0.015625,543
1696297022110,0.5202637,-0.038391113,0.87493896,-1.109375,-1.046875,-0.015625,544
1696297022150,0.5097656,-0.03302002,0.90448,1.25,0.1875,0.203125,545
1696297022190,0.50390625,-0.03668213,0.888855,-0.71875,-0.578125,0.34375,546
1696297022230,0.5070801,-0.04425049,0.8915405,-1.515625,-0.59375,0.0,547
1696297022270,0.5053711,-0.04425049,0.8829956,-0.6875,0.984375,0.0,548
1696297022310,0.51831055,-0.039123535,0.88031006,-0.609375,0.328125,0.078125,549
1696297022350,0.5090332,-0.039367676,0.9076538,1.734375,0.78125,0.375,550
1696297022390,0.5180664,-0.046447754,0.8942261,-0.796875,-1.53125,-0.0625,551
1696297022430,0.52368164,-0.04107666,0.88323975,-1.140625,-1.15625,0.03125,552
1696297022470,0.5222168,-0.04156494,0.88934326,-0.140625,-0.109375,-0.078125,553
1696297022510,0.5073242,-0.04815674,0.899353,-0.96875,-1.265625,0.25,554
1696297022550,0.5097656,-0.04937744,0.89056396,-1.484375,-0.828125,0.359375,555
1696297022590,0.5126953,-0.040100098,0.89837646,0.203125,-0.4375,0.234375,556
1696297022630,0.51660156,-0.043762207,0.8890991,-0.390625,-0.546875,0.09375,557
1696297022670,0.5119629,-0.035461426,0.89715576,-0.34375,-0.65625,0.109375,558
1696297022710,0.51416016,-0.043518066,0.8817749,-0.703125,-0.109375,0.28125,559
1696297022750,0.517334,-0.038879395,0.8932495,0.078125,0.203125,0.6875,560
1696297022790,0.5131836,-0.051330566,0.8920288,-0.1875,-0.734375,0.65625,561
1696297022830,0.5209961,-0.043762207,0.8912964,-0.234375,-1.0,0.359375,562
1696297022870,0.5151367,-0.03765869,0.89593506,-0.015625,-0.296875,0.34375,563
1696297022910,0.51660156,-0.046447754,0.8788452,-1.734375,-0.65625,0.171875,564
1696297022950,0.52563477,-0.04058838,0.8956909,0.5,-0.34375,-0.125,565
1696297022990,0.5151367,-0.04864502,0.8822632,-1.125,-1.09375,0.28125,566
1696297023030,0.52685547,-0.042297363,0.8805542,0.140625,0.578125,-0.046875,567
1696297023070,0.5227051,-0.04522705,0.8890991,0.828125,0.734375,0.234375,568
1696297023110,0.52856445,-0.050109863,0.88568115,-0.5,-1.1875,-0.0625,569
1696297023150,0.52978516,-0.038391113,0.88323975,-1.0625,-0.1875,0.0,570
1696297023190,0.5288086,-0.046447754,0.88275146,-0.765625,-0.421875,0.453125,571
1696297023230,0.52368164,-0.0491333,0.88934326,-0.5625,-0.921875,0.390625,572
1696297023270,0.53027344,-0.04522705,0.883728,-0.859375,-2.0625,0.15625,573
1696297023310,0.52563477,-0.04449463,0.8883667,-0.859375,-1.25,0.0625,574
1696297023350,0.5246582,-0.042053223,0.8829956,-0.328125,0.15625,0.421875,575
1696297023390,0.51831055,-0.050354004,0.8937378,0.4375,-0.1875,0.46875,576
1696297023430,0.52856445,-0.043273926,0.88568115,-0.5625,-1.015625,0.140625,577
1696297023470,0.52734375,-0.0491333,0.8810425,-0.515625,-0.953125,0.265625,578
1696297023510,0.5283203,-0.04888916,0.87713623,-0.796875,-0.203125,0.34375,579
1696297023550,0.52685547,-0.04425049,0.8829956,-0.703125,-0.296875,0.484375,580
1696297023590,0.52856445,-0.051330566,0.883728,-0.015625,-0.9375,0.1875,581
1696297023630,0.52441406,-0.050354004,0.88323975,-0.03125,-1.0,0.53125,582
1696297023670,0.5288086,-0.04058838,0.8822632,0.109375,-0.421875,0.234375,583
1696297023710,0.52783203,-0.046447754,0.8759155,-0.6875,-0.25,0.21875,584
1696297023750,0.5361328,-0.05279541,0.88983154,2.015625,-0.734375,0.359375,585
1696297023790,0.52124023,-0.051086426,0.87786865,-1.171875,-0.703125,0.125,586
1696297023830,0.5336914,-0.05303955,0.8668823,-0.578125,0.9375,0.09375,587
1696297023870,0.5307617,-0.04864502,0.888855,0.28125,0.25,0.46875,588
1696297023910,0.52856445,-0.05206299,0.88323975,-0.734375,-0.4375,0.15625,589
1696297023950,0.5410156,-0.05645752,0.86883545,-2.03125,3.03125,-0.359375,590
1696297023990,0.5422363,-0.044006348,0.8859253,-0.453125,1.875,0.15625,591
1696297024030,0.53759766,-0.05328369,0.88031006,-0.3125,-0.5625,0.484375,592
1696297024070,0.5395508,-0.0569458,0.8800659,-0.65625,-1.1875,0.28125,593
1696297024110,0.5500488,-0.04937744,0.8668823,-1.109375,-0.828125,0.046875,594
1696297024150,0.54003906,-0.051330566,0.8781128,-0.28125,-0.484375,0.4375,595
1696297024190,0.53564453,-0.054504395,0.87957764,-0.34375,-0.578125,0.484375,596
1696297024230,0.5366211,-0.045959473,0.869812,-0.40625,-1.4375,0.203125,597
1696297024270,0.53344727,-0.046936035,0.87005615,-0.5625,-1.546875,0.171875,598
1696297024310,0.53930664,-0.051330566,0.8744507,-0.484375,-0.40625,0.0625,599
1696297024350,0.54052734,-0.042053223,0.8632202,-1.3125,-0.875,0.265625,600
1696297024390,0.54174805,-0.054504395,0.871521,-1.125,-0.140625,0.125,601
1696297024430,0.54296875,-0.04937744,0.8805542,-1.828125,1.609375,-0.8125,602
1696297024470,0.54125977,-0.043029785,0.8690796,-1.9375,2.046875,-0.1875,603
1696297024510,0.54467773,-0.044006348,0.8588257,-3.4375,-0.015625,-0.03125,604
1696297024550,0.5529785,-0.044006348,0.87323,-1.5,-0.25,-0.390625,605
1696297024590,0.54003906,-0.043762207,0.8566284,-2.890625,0.1875,-0.09375,606
1696297024630,0.55249023,-0.04522705,0.8644409,-2.1875,1.765625,-0.375,607
1696297024670,0.5612793,-0.036193848,0.87054443,-1.328125,-0.03125,-0.296875,608
1696297024710,0.5551758,-0.03741455,0.8720093,-0.796875,-1.375,-0.15625,609
1696297024750,0.55810547,-0.043029785,0.8649292,-0.90625,-1.96875,-0.125,610
1696297024790,0.5476074,-0.04498291,0.87786865,-0.09375,-3.8125,-0.375,611
1696297024830,0.5439453,-0.046203613,0.8834839,-0.6875,-6.3125,-0.359375,612
1696297024870,0.5385742,-0.043029785,0.88934326,-1.703125,-7.390625,-0.640625,613
1696297024910,0.52490234,-0.0413208,0.8890991,-2.40625,-6.125,-0.703125,614
1696297024950,0.53222656,-0.047180176,0.89642334,0.15625,-3.71875,-1.09375,615
1696297024990,0.5136719,-0.042053223,0.88934326,-2.0625,-3.078125,-1.09375,616
1696297025030,0.5119629,-0.039855957,0.8883667,-2.9375,-2.5,-0.59375,617
1696297025070,0.5119629,-0.039855957,0.8759155,-5.625,2.703125,-1.296875,618
1696297025110,0.5385742,-0.027160645,0.8776245,-6.15625,0.53125,-1.078125,619
1696297025150,0.52734375,-0.018859863,0.8756714,-6.390625,-0.765625,-0.46875,620
1696297025190,0.54174805,-0.019348145,0.8485718,-5.015625,-1.046875,-0.078125,621
1696297025230,0.5324707,-0.012268066,0.85076904,-1.328125,-2.765625,0.40625,622
1696297025270,0.53808594,-0.013977051,0.8356323,0.609375,-1.4375,1.125,623
1696297025310,0.5102539,-0.02960205,0.8842163,6.484375,-1.828125,2.3125,624
1696297025350,0.5136719,-0.042785645,0.95306396,7.0625,-2.203125,1.453125,625
1696297025390,0.5383301,-0.040100098,0.8720093,-3.640625,-3.65625,0.015625,626
1696297025430,0.5202637,-0.011779785,0.8800659,-1.21875,-1.234375,0.171875,627
1696297025470,0.5258789,-0.02130127,0.89959717,-0.78125,-0.65625,-0.15625,628
1696297025510,0.5258789,-0.02154541,0.8825073,-1.0625,-2.09375,-0.46875,629
1696297025550,0.51293945,-0.03717041,0.88153076,0.28125,-1.671875,0.09375,630
1696297025590,0.50927734,-0.03692627,0.8810425,0.125,-1.5625,0.203125,631
1696297025630,0.50683594,-0.035217285,0.89349365,0.4375,-2.0625,0.3125,632
1696297025670,0.51220703,-0.03326416,0.8847046,-1.125,-2.109375,0.171875,633
1696297025710,0.5214844,-0.032043457,0.88812256,-1.78125,-1.953125,0.203125,634
1696297025750,0.5185547,-0.025939941,0.8954468,-0.15625,-1.125,0.359375,635
1696297025790,0.5126953,-0.02520752,0.88934326,0.375,-0.609375,0.46875,636
1696297025830,0.5048828,-0.03375244,0.9022827,1.734375,-0.6875,1.015625,637
1696297025870,0.52563477,-0.04815674,0.8786011,-1.1875,-0.15625,0.109375,638
1696297025910,0.5192871,-0.03277588,0.8773804,-1.0625,-1.109375,0.53125,639
1696297025950,0.5107422,-0.042053223,0.88934326,-0.671875,-0.953125,0.359375,640
1696297025990,0.51464844,-0.031311035,0.88739014,0.328125,-1.125,0.359375,641
1696297026030,0.5097656,-0.035949707,0.89959717,2.3125,-0.59375,0.59375,642
1696297026070,0.52563477,-0.034240723,0.8878784,-0.09375,-0.984375,0.328125,643
1696297026110,0.5102539,-0.027648926,0.89471436,-0.265625,0.015625,-0.015625,644
1696297026150,0.51123047,-0.0413208,0.8991089,-1.3125,-1.125,0.046875,645
1696297026190,0.51953125,-0.041809082,0.89471436,-0.671875,-0.796875,-0.34375,646
1696297026230,0.5175781,-0.034729004,0.87615967,-0.328125,-0.546875,-0.0625,647
1696297026270,0.5234375,-0.03765869,0.8932495,-0.25,-1.625,0.078125,648
1696297026310,0.51904297,-0.038879395,0.8890991,-0.625,-0.53125,0.015625,649
1696297026350,0.5197754,-0.035217285,0.8793335,-0.84375,-1.15625,0.265625,650
1696297026390,0.5148926,-0.031066895,0.89642334,0.5625,-0.6875,0.859375,651
1696297026430,0.50512695,-0.044006348,0.902771,-0.109375,-1.34375,0.75,652
1696297026470,0.51660156,-0.037902832,0.8895874,-1.4375,-1.328125,0.265625,653
1696297026510,0.5136719,-0.04058838,0.887146,0.03125,-0.71875,0.34375,654
1696297026550,0.51708984,-0.038879395,0.8966675,-0.546875,-1.078125,0.046875,655
1696297026590,0.52124023,-0.03277588,0.8969116,-0.375,-1.40625,0.15625,656
1696297026630,0.52124023,-0.043518066,0.87127686,-1.578125,-0.90625,-0.1875,657
1696297026670,0.51464844,-0.038391113,0.88690186,-0.90625,-1.0,0.265625,658
1696297026710,0.51416016,-0.0413208,0.89642334,-0.515625,-1.15625,0.109375,659
1696297026750,0.5124512,-0.03668213,0.89471436,-0.671875,-1.6875,0.234375,660
1696297026790,0.5266113,-0.035949707,0.87908936,-0.265625,-1.5,0.28125,661
1696297026830,0.51416016,-0.030578613,0.8930054,0.109375,-0.34375,0.28125,662
1696297026870,0.5161133,-0.039123535,0.89227295,-0.546875,-0.25,0.109375,663
1696297026910,0.513916,-0.046203613,0.88079834,-1.75,-0.140625,0.015625,664
1696297026950,0.5185547,-0.04425049,0.885437,0.359375,0.84375,0.21875,665
1696297026990,0.51538086,-0.042297363,0.88739014,1.21875,0.28125,0.640625,666
1696297027030,0.5229492,-0.0413208,0.89837646,-0.171875,0.984375,0.53125,667
1696297027070,0.5258789,-0.039855957,0.89593506,0.21875,-0.03125,0.078125,668
1696297027110,0.5214844,-0.04473877,0.8825073,-0.546875,-1.8125,-0.1875,669
1696297027150,0.52368164,-0.044006348,0.88739014,0.0625,-1.46875,-0.125,670
1696297027190,0.51464844,-0.044006348,0.8895874,-1.25,-2.515625,0.375,671
1696297027230,0.5266113,-0.045959473,0.8912964,-1.0625,-1.765625,0.03125,672
1696297027270,0.515625,-0.04034424,0.8890991,-0.3125,-1.3125,0.296875,673
1696297027310,0.5180664,-0.03717041,0.89105225,-0.703125,-1.015625,0.203125,674
1696297027350,0.5192871,-0.03668213,0.8876343,-0.421875,-0.546875,0.234375,675
1696297027390,0.51660156,-0.04547119,0.887146,-1.046875,-0.734375,-0.125,676
1696297027430,0.5253906,-0.038391113,0.8851929,-0.5625,-0.421875,0.15625,677
1696297027470,0.52490234,-0.044006348,0.8912964,-0.25,-0.671875,0.203125,678
1696297027510,0.5163574,-0.047668457,0.8956909,-0.640625,-0.890625,0.34375,679
1696297027550,0.51538086,-0.042541504,0.8895874,-0.359375,-0.546875,0.484375,680
1696297027590,0.51953125,-0.047180176,0.8707886,-1.65625,-1.078125,0.34375,681
1696297027630,0.5234375,-0.04083252,0.89056396,1.21875,0.265625,0.140625,682
1696297027670,0.5161133,-0.049621582,0.8847046,-1.0625,-0.15625,0.484375,683
1696297027710,0.5222168,-0.03741455,0.8746948,-1.203125,-0.171875,-0.234375,684
1696297027750,0.53027344,-0.038879395,0.88568115,-0.4375,0.515625,-0.234375,685
1696297027790,0.52490234,-0.046203613,0.8812866,-0.421875,-0.40625,0.046875,686
1696297027830,0.5266113,-0.042053223,0.8878784,-0.390625,-0.625,0.0625,687
1696297027870,0.5317383,-0.043762207,0.88323975,-1.140625,-1.4375,-0.015625,688
1696297027910,0.51904297,-0.042053223,0.8810425,-0.734375,-1.09375,0.421875,689
1696297027950,0.5305176,-0.042541504,0.8942261,0.296875,-1.328125,0.015625,690
1696297027990,0.513916,-0.046691895,0.8883667,0.1875,-2.125,-0.484375,691
1696297028030,0.52856445,-0.04156494,0.8685913,-1.015625,-0.84375,0.140625,692
1696297028070,0.5229492,-0.042297363,0.8822632,-0.21875,-0.25,0.3125,693
1696297028110,0.5283203,-0.039611816,0.8878784,-0.25,-0.09375,0.359375,694
1696297028150,0.53027344,-0.04449463,0.885437,-0.546875,-0.875,0.328125,695
1696297028190,0.52905273,-0.043273926,0.87542725,-1.25,-0.75,0.125,696
1696297028230,0.5305176,-0.04498291,0.88201904,-0.59375,-0.828125,0.328125,697
1696297028270,0.5161133,-0.047180176,0.88323975,-1.203125,-0.984375,0.125,698
1696297028310,0.52490234,-0.038146973,0.8915405,-0.953125,-1.515625,-0.109375,699
1696297028350,0.52197266,-0.04107666,0.89276123,-0.140625,-1.0625,0.28125,700
1696297028390,0.5246582,-0.045715332,0.87493896,-1.5,-0.4375,-0.078125,701
1696297028430,0.5283203,-0.04034424,0.8932495,0.078125,-0.828125,0.0,702
1696297028470,0.51660156,-0.04840088,0.8817749,-1.515625,-1.171875,0.203125,703
1696297028510,0.5270996,-0.04034424,0.87542725,-0.421875,-0.296875,-0.171875,704
1696297028550,0.52563477,-0.0335083,0.89056396,0.328125,0.15625,0.375,705
1696297028590,0.5332031,-0.04840088,0.8739624,-0.671875,0.515625,0.203125,706
1696297028630,0.5283203,-0.034484863,0.8822632,-0.609375,-0.046875,0.609375,707
1696297028670,0.5283203,-0.049621582,0.88494873,-0.5625,-0.859375,0.25,708
1696297028710,0.52905273,-0.046936035,0.8788452,-0.828125,-1.78125,0.1875,709
1696297028750,0.5319824,-0.047180176,0.88446045,-1.1875,-1.96875,-0.015625,710
1696297028790,0.52685547,-0.047180176,0.8834839,-1.796875,-1.65625,-0.03125,711
1696297028830,0.5288086,-0.03326416,0.8961792,0.4375,-1.09375,0.109375,712
1696297028870,0.51342773,-0.04058838,0.934021,2.609375,-3.046875,-0.21875,713
1696297028910,0.517334,-0.06793213,0.93573,1.34375,-4.203125,-1.34375,714
1696297028950,0.52734375,-0.054016113,0.89276123,-4.4375,-4.859375,-2.796875,715
1696297028990,0.51708984,-0.0413208,0.8588257,-7.28125,-3.75,-2.5625,716
1696297029030,0.5126953,-0.03326416,0.87908936,-5.515625,-0.78125,-1.765625,717
1696297029070,0.50683594,-0.04083252,0.8890991,-4.96875,-2.21875,-1.484375,718
1696297029110,0.5058594,-0.039367676,0.87713623,-5.40625,-3.890625,-1.296875,719
1696297029150,0.5107422,-0.02911377,0.8883667,-2.25,-2.515625,-0.8125,720
1696297029190,0.50146484,-0.03375244,0.8915405,-2.25,-2.375,-0.90625,721
1696297029230,0.51708984,-0.024963379,0.90252686,-1.328125,-0.921875,-1.421875,722
1696297029270,0.50390625,-0.018859863,0.89886475,-2.9375,-1.140625,-1.3125,723
1696297029310,0.5029297,-0.027648926,0.88616943,-2.75,-1.609375,-0.9375,724
1696297029350,0.51538086,-0.015197754,0.8590698,-2.125,-0.359375,-0.203125,725
1696297029390,0.51831055,-0.01373291,0.8512573,-0.3125,0.46875,0.625,726
1696297029430,0.52490234,-0.020080566,0.8644409,2.34375,0.78125,1.578125,727
1696297029470,0.47631836,-0.04034424,0.9450073,7.984375,0.484375,2.5625,728
1696297029510,0.50561523,-0.066711426,0.9093628,0.359375,-2.796875,0.15625,729
1696297029550,0.5253906,-0.015930176,0.86517334,-2.34375,-2.453125,0.1875,730
1696297029590,0.50561523,-0.030334473,0.87542725,-1.34375,-0.578125,0.546875,731
1696297029630,0.50683594,-0.016662598,0.9359741,1.21875,-0.75,0.65625,732
1696297029670,0.5004883,-0.04547119,0.8978882,0.40625,-1.828125,0.109375,733
1696297029710,0.5131836,-0.038146973,0.87615967,-0.546875,-1.453125,0.46875,734
1696297029750,0.5,-0.04522705,0.89227295,1.09375,0.40625,0.625,735
1696297029790,0.50341797,-0.039367676,0.89959717,-0.5,-1.46875,0.265625,736
1696297029830,0.5073242,-0.035461426,0.89715576,-0.765625,-1.984375,0.109375,737
1696297029870,0.5073242,-0.041809082,0.8930054,-0.40625,-1.484375,0.484375,738
1696297029910,0.5136719,-0.037902832,0.8961792,1.015625,-0.4375,0.578125,739
1696297029950,0.5046387,-0.031555176,0.90374756,0.453125,-0.359375,0.625,740
1696297029990,0.5090332,-0.03643799,0.8949585,0.0625,0.125,0.671875,741
1696297030030,0.50146484,-0.046936035,0.8932495,-0.75,-0.140625,0.640625,742
1696297030070,0.50024414,-0.042785645,0.90423584,1.375,0.859375,0.46875,743
1696297030110,0.5114746,-0.042297363,0.91448975,0.796875,-1.40625,0.203125,744
1696297030150,0.51293945,-0.043029785,0.89471436,-1.0,-1.28125,-0.359375,745
1696297030190,0.5124512,-0.038879395,0.8903198,-1.59375,0.0625,-0.234375,746
1696297030230,0.5058594,-0.038391113,0.90252686,-0.71875,-0.515625,-0.46875,747
1696297030270,0.50927734,-0.037902832,0.901062,-1.09375,-0.578125,-0.453125,748
1696297030310,0.5078125,-0.036193848,0.8798218,-2.40625,-1.171875,-0.15625,749
1696297030350,0.5107422,-0.045715332,0.88275146,-1.53125,-0.65625,-0.109375,750
1696297030390,0.5041504,-0.037902832,0.89227295,-0.625,-0.875,-0.109375,751
1696297030430,0.5036621,-0.04425049,0.90545654,-0.109375,-1.015625,-0.0625,752
1696297030470,0.50878906,-0.04107666,0.9232788,0.0,-0.859375,-0.078125,753
1696297030510,0.50390625,-0.0413208,0.9081421,-2.5625,-0.421875,-0.640625,754
1696297030550,0.51342773,-0.04034424,0.90301514,-3.140625,-1.28125,-0.78125,755
1696297030590,0.51220703,-0.038879395,0.89178467,-4.171875,-2.203125,-1.328125,756
1696297030630,0.5131836,-0.019836426,0.87664795,-3.5625,-1.234375,-0.921875,757
1696297030670,0.51171875,-0.02911377,0.87176514,-1.46875,-0.71875,0.046875,758
1696297030710,0.50268555,-0.029846191,0.8903198,-0.328125,-0.65625,0.21875,759
1696297030750,0.5148926,-0.027648926,0.8624878,-1.34375,-0.53125,0.296875,760
1696297030790,0.5253906,-0.026184082,0.86053467,1.1875,-0.9375,1.21875,761
1696297030830,0.49658203,-0.044006348,0.9188843,6.140625,0.40625,1.796875,762
1696297030870,0.49829102,-0.046936035,0.9130249,2.515625,-1.0,0.765625,763
1696297030910,0.5185547,-0.03302002,0.9110718,0.375,-1.21875,0.265625,764
1696297030950,0.50927734,-0.034973145,0.8912964,-1.453125,-0.671875,-0.15625,765
1696297030990,0.50561523,-0.030578613,0.89227295,-1.3125,-0.1875,0.1875,766
1696297031030,0.5119629,-0.037902832,0.91156006,0.15625,-1.15625,0.1875,767
1696297031070,0.50390625,-0.04449463,0.8810425,-2.078125,-1.375,0.171875,768
1696297031110,0.51171875,-0.040100098,0.8937378,-0.859375,-1.0625,0.296875,769
1696297031150,0.5041504,-0.05230713,0.8890991,-0.609375,-1.046875,0.03125,770
1696297031190,0.51538086,-0.03253174,0.8859253,-0.6875,-1.28125,0.125,771
1696297031230,0.51220703,-0.027160645,0.902771,0.25,-1.125,0.4375,772
1696297031270,0.50756836,-0.039123535,0.8890991,-0.5,-0.640625,0.25,773
1696297031310,0.51171875,-0.031555176,0.8925171,-1.109375,-0.46875,0.40625,774
1696297031350,0.50024414,-0.03326416,0.89276123,-0.40625,-0.703125,0.40625,775
1696297031390,0.50268555,-0.041809082,0.89520264,-0.046875,-1.078125,0.421875,776
1696297031430,0.5131836,-0.03765869,0.8949585,0.140625,-0.875,0.203125,777
1696297031470,0.51293945,-0.035705566,0.8925171,-0.265625,-0.90625,0.375,778
1696297031510,0.52124023,-0.03668213,0.89056396,-0.125,-0.265625,-0.078125,779
1696297031550,0.50390625,-0.042053223,0.8986206,-0.953125,-1.03125,0.3125,780
1696297031590,0.51416016,-0.039367676,0.8966675,-0.078125,-0.296875,0.203125,781
1696297031630,0.5124512,-0.039123535,0.8932495,-0.515625,-0.421875,0.078125,782
1696297031670,0.50756836,-0.032043457,0.89105225,-0.5,-0.484375,-0.0625,783
1696297031710,0.5168457,-0.035705566,0.89642334,-0.25,-0.203125,0.078125,784
1696297031750,0.51342773,-0.04034424,0.8961792,0.046875,-0.5,0.25,785
1696297031790,0.5102539,-0.039367676,0.89593506,0.515625,-1.28125,0.46875,786
1696297031830,0.5097656,-0.040100098,0.88983154,-1.6875,-2.15625,0.34375,787
1696297031870,0.51293945,-0.04449463,0.8883667,-1.6875,-1.21875,0.28125,788
1696297031910,0.515625,-0.0413208,0.89593506,-0.578125,-0.53125,0.375,789
1696297031950,0.5095215,-0.04058838,0.89398193,-0.453125,-0.953125,0.4375,790
1696297031990,0.5109863,-0.033996582,0.899353,0.15625,-1.0625,0.484375,791
1696297032030,0.5136719,-0.042297363,0.899353,-0.6875,-0.734375,0.1875,792
1696297032070,0.51953125,-0.038879395,0.8915405,-0.75,-0.609375,0.0625,793
1696297032110,0.5151367,-0.035705566,0.89276123,-0.84375,-0.453125,0.015625,794
1696297032150,0.5148926,-0.04083252,0.88690186,-0.859375,-1.5,0.0,795
1696297032190,0.5114746,-0.042053223,0.89056396,-0.625,-0.921875,0.09375,796
1696297032230,0.5175781,-0.03643799,0.8866577,0.1875,-0.75,0.421875,797
1696297032270,0.5090332,-0.03717041,0.9081421,0.734375,-0.375,0.515625,798
1696297032310,0.51586914,-0.04815674,0.8895874,-0.625,-0.171875,0.109375,799
1696297032350,0.5119629,-0.049621582,0.8810425,-1.40625,0.171875,0.21875,800
1696297032390,0.51416016,-0.043762207,0.89398193,1.21875,1.625,0.4375,801
1696297032430,0.52124023,-0.04058838,0.90448,1.171875,-0.5625,0.390625,802
1696297032470,0.5214844,-0.037902832,0.8834839,-1.203125,-1.015625,0.0625,803
1696297032510,0.52246094,-0.038391113,0.8812866,-0.921875,-0.546875,0.09375,804
1696297032550,0.5131836,-0.03717041,0.8908081,-1.015625,-0.03125,0.015625,805
1696297032590,0.51782227,-0.04425049,0.8942261,0.265625,-0.828125,0.03125,806
1696297032630,0.5131836,-0.042053223,0.8829956,-1.421875,-2.609375,0.21875,807
1696297032670,0.51831055,-0.045715332,0.87908936,-1.25,-1.015625,0.03125,808
1696297032710,0.5136719,-0.041809082,0.89276123,-0.28125,-0.640625,0.1875,809
1696297032750,0.5097656,-0.04058838,0.8883667,-0.578125,-0.78125,0.0625,810
1696297032790,0.5180664,-0.037902832,0.89276123,-0.109375,-0.953125,0.421875,811
1696297032830,0.5229492,-0.043518066,0.8805542,-0.984375,-0.5625,0.328125,812
1696297032870,0.5283203,-0.034973145,0.88494873,0.15625,0.015625,0.5,813
1696297032910,0.51831055,-0.045715332,0.88739014,-0.234375,-0.296875,0.421875,814
1696297032950,0.5202637,-0.0413208,0.8847046,-0.609375,-0.578125,0.375,815
1696297032990,0.5180664,-0.035705566,0.89178467,0.171875,0.34375,0.53125,816
1696297033030,0.52734375,-0.05645752,0.87298584,-0.359375,-1.21875,0.3125,817
1696297033070,0.5205078,-0.031799316,0.88861084,0.71875,-0.203125,0.171875,818
1696297033110,0.5270996,-0.042053223,0.869812,-1.359375,0.03125,0.453125,819
1696297033150,0.5292969,-0.045715332,0.8817749,-1.90625,0.6875,-0.359375,820
1696297033190,0.5197754,-0.045959473,0.88812256,0.3125,1.5625,0.078125,821
1696297033230,0.529541,-0.039611816,0.8937378,0.078125,-0.390625,0.234375,822
1696297033270,0.5283203,-0.043029785,0.89276123,-0.484375,-0.703125,0.0625,823
1696297033310,0.5222168,-0.038146973,0.8817749,-0.765625,-0.78125,-0.046875,824
1696297033350,0.5305176,-0.046691895,0.8812866,-1.140625,-0.671875,0.21875,825
1696297033390,0.5319824,-0.042297363,0.89178467,0.625,-0.296875,0.078125,826
1696297033430,0.5275879,-0.04498291,0.88079834,-1.28125,-2.34375,0.3125,827
1696297033470,0.5292969,-0.0413208,0.85980225,-1.84375,-0.71875,0.34375,828
1696297033510,0.52734375,-0.04522705,0.8866577,0.09375,-0.375,0.5625,829
1696297033550,0.52905273,-0.03643799,0.8890991,-0.53125,-0.828125,0.3125,830
1696297033590,0.52441406,-0.046936035,0.8890991,0.125,-0.984375,0.359375,831
1696297033630,0.52978516,-0.04522705,0.8756714,-0.984375,-1.03125,-0.125,832
1696297033670,0.52368164,-0.04156494,0.89837646,0.515625,-1.1875,0.109375,833
1696297033710,0.5187988,-0.04815674,0.94866943,2.671875,-3.703125,-0.234375,834
1696297033750,0.5085449,-0.07354736,0.9418335,0.15625,-6.125,-1.890625,835
1696297033790,0.5131836,-0.053527832,0.87957764,-6.0625,-5.015625,-2.40625,836
1696297033830,0.5222168,-0.027648926,0.84954834,-7.375,-3.375,-1.875,837
1696297033870,0.5090332,-0.028625488,0.8793335,-4.015625,-0.484375,-0.921875,838
1696297033910,0.5136719,-0.04107666,0.8786011,-5.40625,-1.515625,-0.890625,839
1696297033950,0.51123047,-0.03692627,0.85858154,-3.796875,-1.640625,-0.375,840
1696297033990,0.50683594,-0.035461426,0.8563843,-1.15625,-0.0625,0.484375,841
1696297034030,0.5209961,-0.025939941,0.83587646,-1.28125,0.796875,0.796875,842
1696297034070,0.53686523,-0.019592285,0.88397217,3.703125,2.0625,1.359375,843
1696297034110,0.49121094,-0.035949707,0.9689331,8.25,-0.890625,1.859375,844
1696297034150,0.5214844,-0.062805176,0.899353,-1.328125,-3.203125,-0.265625,845
1696297034190,0.52685547,-0.010070801,0.86395264,-1.5,-0.234375,-0.09375,846
1696297034230,0.50024414,-0.03326416,0.89886475,-0.796875,-0.953125,0.65625,847
1696297034270,0.51049805,-0.034240723,0.9113159,-0.71875,-1.140625,0.203125,848
1696297034310,0.51049805,-0.047180176,0.88812256,-1.234375,-1.84375,0.03125,849
1696297034350,0.51342773,-0.034240723,0.8842163,-0.171875,-0.84375,0.28125,850
