timestamp,accel_x,accel_y,accel_z,gyro_x,gyro_y,gyro_z,sensor_type,activity_type,activity_code,subject_id,notes,recording_id
1664809428195,0.3474121,-0.91070557,0.06903076,-0.9375,-0.3125,-0.28125,Respeck,Sitting bent forward,4,s1998909,,Respeck_s1998909_Sitting bent forward_03-10-2022_16-04-13
1664809428235,0.3474121,-0.90631104,0.066833496,-0.5625,-0.3125,-0.234375,Respeck,Sitting bent forward,4,s1998909,,Respeck_s1998909_Sitting bent forward_03-10-2022_16-04-13
1664809428274,0.3479004,-0.9026489,0.07269287,-1.015625,-0.484375,-0.34375,Respeck,Sitting bent forward,4,s1998909,,Respeck_s1998909_Sitting bent forward_03-10-2022_16-04-13
1664809428316,0.35375977,-0.90167236,0.07366943,-0.890625,-0.484375,-0.203125,Respeck,Sitting bent forward,4,s1998909,,Respeck_s1998909_Sitting bent forward_03-10-2022_16-04-13
1664809428348,0.35839844,-0.9126587,0.07635498,-0.796875,0.109375,-0.375,Respeck,Sitting bent forward,4,s1998909,,Respeck_s1998909_Sitting bent forward_03-10-2022_16-04-13
1664809428396,0.3527832,-0.9026489,0.082458496,-1.1875,-0.28125,-0.5,Respeck,Sitting bent forward,4,s1998909,,Respeck_s1998909_Sitting bent forward_03-10-2022_16-04-13
1664809428428,0.3466797,-0.9085083,0.06781006,-0.34375,-0.40625,0.03125,Respeck,Sitting bent forward,4,s1998909,,Respeck_s1998909_Sitting bent forward_03-10-2022_16-04-13
1664809428475,0.34570312,-0.9104614,0.08465576,-1.5625,0.09375,-0.578125,Respeck,Sitting bent forward,4,s1998909,,Respeck_s1998909_Sitting bent forward_03-10-2022_16-04-13
1664809428509,0.34887695,-0.9011841,0.08758545,1.28125,-0.03125,0.140625,Respeck,Sitting bent forward,4,s1998909,,Respeck_s1998909_Sitting bent forward_03-10-2022_16-04-13
1664809428552,0.35717773,-0.9175415,0.070007324,-1.765625,0.078125,-0.546875,Respeck,Sitting bent forward,4,s1998909,,Respeck_s1998909_Sitting bent forward_03-10-2022_16-04-13
1664809428585,0.34545898,-0.90338135,0.09490967,-2.0,-0.65625,-0.765625,Respeck,Sitting bent forward,4,s1998909,,Respeck_s1998909_Sitting bent forward_03-10-2022_16-04-13
1664809428633,0.34204102,-0.90045166,0.08880615,-0.90625,0.15625,-0.453125,Respeck,Sitting bent forward,4,s1998909,,Respeck_s1998909_Sitting bent forward_03-10-2022_16-04-13
1664809428664,0.3466797,-0.90509033,0.07635498,-0.953125,0.109375,-0.1875,Respeck,Sitting bent forward,4,s1998909,,Respeck_s1998909_Sitting bent forward_03-10-2022_16-04-13
1664809428710,0.3461914,-0.911438,0.09222412,-1.203125,-0.421875,-0.203125,Respeck,Sitting bent forward,4,s1998909,,Respeck_s1998909_Sitting bent forward_03-10-2022_16-04-13
1664809428743,0.35766602,-0.9121704,0.089782715,1.296875,0.625,0.015625,Respeck,Sitting bent forward,4,s1998909,,Respeck_s1998909_Sitting bent forward_03-10-2022_16-04-13
1664809428787,0.34887695,-0.9014282,0.08392334,0.796875,0.46875,-0.25,Respeck,Sitting bent forward,4,s1998909,,Respeck_s1998909_Sitting bent forward_03-10-2022_16-04-13
1664809428822,0.35473633,-0.90509033,0.08294678,0.421875,-0.046875,-0.234375,Respeck,Sitting bent forward,4,s1998909,,Respeck_s1998909_Sitting bent forward_03-10-2022_16-04-13
1664809428869,0.3503418,-0.9077759,0.086364746,-0.265625,0.328125,-0.734375,Respeck,Sitting bent forward,4,s1998909,,Respeck_s1998909_Sitting bent forward_03-10-2022_16-04-13
1664809428900,0.35375977,-0.913147,0.08123779,0.53125,0.625,-0.53125,Respeck,Sitting bent forward,4,s1998909,,Respeck_s1998909_Sitting bent forward_03-10-2022_16-04-13
1664809428945,0.34423828,-0.90509033,0.086364746,-0.109375,0.140625,-0.53125,Respeck,Sitting bent forward,4,s1998909,,Respeck_s1998909_Sitting bent forward_03-10-2022_16-04-13
1664809428980,0.3474121,-0.9212036,0.089782715,-0.890625,0.171875,-0.640625,Respeck,Sitting bent forward,4,s1998909,,Respeck_s1998909_Sitting bent forward_03-10-2022_16-04-13
1664809429025,0.34423828,-0.90826416,0.081970215,0.203125,0.5,-0.078125,Respeck,Sitting bent forward,4,s1998909,,Respeck_s1998909_Sitting bent forward_03-10-2022_16-04-13
1664809429058,0.34594727,-0.9121704,0.08905029,-0.109375,0.125,0.015625,Respeck,Sitting bent forward,4,s1998909,,Respeck_s1998909_Sitting bent forward_03-10-2022_16-04-13
1664809429103,0.35302734,-0.90875244,0.08538818,0.21875,-0.078125,0.203125,Respeck,Sitting bent forward,4,s1998909,,Respeck_s1998909_Sitting bent forward_03-10-2022_16-04-13
1664809429136,0.3527832,-0.90875244,0.07904053,-0.203125,0.28125,0.046875,Respeck,Sitting bent forward,4,s1998909,,Respeck_s1998909_Sitting bent forward_03-10-2022_16-04-13
1664809429183,0.3461914,-0.9055786,0.0836792,-0.265625,-0.3125,-0.015625,Respeck,Sitting bent forward,4,s1998909,,Respeck_s1998909_Sitting bent forward_03-10-2022_16-04-13
1664809429216,0.35742188,-0.9043579,0.08905029,-0.375,0.171875,-0.109375,Respeck,Sitting bent forward,4,s1998909,,Respeck_s1998909_Sitting bent forward_03-10-2022_16-04-13
1664809429260,0.34301758,-0.9055786,0.08782959,0.0625,0.15625,0.078125,Respeck,Sitting bent forward,4,s1998909,,Respeck_s1998909_Sitting bent forward_03-10-2022_16-04-13
1664809429296,0.3479004,-0.90509033,0.08685303,-0.328125,-0.015625,-0.125,Respeck,Sitting bent forward,4,s1998909,,Respeck_s1998909_Sitting bent forward_03-10-2022_16-04-13
1664809429339,0.3486328,-0.9089966,0.09564209,-1.265625,0.3125,-0.3125,Respeck,Sitting bent forward,4,s1998909,,Respeck_s1998909_Sitting bent forward_03-10-2022_16-04-13
1664809429373,0.35131836,-0.90509033,0.09197998,1.578125,0.609375,0.015625,Respeck,Sitting bent forward,4,s1998909,,Respeck_s1998909_Sitting bent forward_03-10-2022_16-04-13
1664809429418,0.3569336,-0.9187622,0.070739746,-1.15625,0.59375,-0.734375,Respeck,Sitting bent forward,4,s1998909,,Respeck_s1998909_Sitting bent forward_03-10-2022_16-04-13
1664809429462,0.3544922,-0.90338135,0.09710693,-1.453125,-0.265625,-0.875,Respeck,Sitting bent forward,4,s1998909,,Respeck_s1998909_Sitting bent forward_03-10-2022_16-04-13
1664809429496,0.34326172,-0.9053345,0.093933105,-0.125,0.328125,-0.140625,Respeck,Sitting bent forward,4,s1998909,,Respeck_s1998909_Sitting bent forward_03-10-2022_16-04-13
1664809429575,0.3527832,-0.9104614,0.09100342,-0.765625,0.421875,0.0,Respeck,Sitting bent forward,4,s1998909,,Respeck_s1998909_Sitting bent forward_03-10-2022_16-04-13
1664809429577,0.3515625,-0.9038696,0.0914917,-0.234375,-0.09375,-0.296875,Respeck,Sitting bent forward,4,s1998909,,Respeck_s1998909_Sitting bent forward_03-10-2022_16-04-13
1664809429620,0.35424805,-0.90875244,0.08856201,0.546875,0.796875,-0.203125,Respeck,Sitting bent forward,4,s1998909,,Respeck_s1998909_Sitting bent forward_03-10-2022_16-04-13
1664809429653,0.3491211,-0.90460205,0.08807373,0.875,0.828125,0.03125,Respeck,Sitting bent forward,4,s1998909,,Respeck_s1998909_Sitting bent forward_03-10-2022_16-04-13
1664809429700,0.34594727,-0.9043579,0.09246826,0.546875,0.671875,-0.046875,Respeck,Sitting bent forward,4,s1998909,,Respeck_s1998909_Sitting bent forward_03-10-2022_16-04-13
1664809429732,0.35620117,-0.90289307,0.101745605,0.625,0.6875,-0.140625,Respeck,Sitting bent forward,4,s1998909,,Respeck_s1998909_Sitting bent forward_03-10-2022_16-04-13
1664809429778,0.35229492,-0.90875244,0.08856201,1.890625,0.453125,0.03125,Respeck,Sitting bent forward,4,s1998909,,Respeck_s1998909_Sitting bent forward_03-10-2022_16-04-13
1664809429811,0.35498047,-0.90167236,0.08905029,2.109375,1.671875,-0.546875,Respeck,Sitting bent forward,4,s1998909,,Respeck_s1998909_Sitting bent forward_03-10-2022_16-04-13
1664809429857,0.35229492,-0.9146118,0.0758667,1.546875,0.203125,-0.375,Respeck,Sitting bent forward,4,s1998909,,Respeck_s1998909_Sitting bent forward_03-10-2022_16-04-13
1664809429889,0.35058594,-0.90875244,0.07220459,0.921875,0.1875,-0.015625,Respeck,Sitting bent forward,4,s1998909,,Respeck_s1998909_Sitting bent forward_03-10-2022_16-04-13
1664809429934,0.35205078,-0.8994751,0.074157715,0.96875,0.171875,-0.09375,Respeck,Sitting bent forward,4,s1998909,,Respeck_s1998909_Sitting bent forward_03-10-2022_16-04-13
1664809429969,0.35107422,-0.9126587,0.07293701,0.78125,0.375,0.03125,Respeck,Sitting bent forward,4,s1998909,,Respeck_s1998909_Sitting bent forward_03-10-2022_16-04-13
1664809430014,0.35302734,-0.9072876,0.078063965,0.796875,0.328125,0.09375,Respeck,Sitting bent forward,4,s1998909,,Respeck_s1998909_Sitting bent forward_03-10-2022_16-04-13
1664809430049,0.35498047,-0.9055786,0.078063965,0.828125,0.546875,-0.328125,Respeck,Sitting bent forward,4,s1998909,,Respeck_s1998909_Sitting bent forward_03-10-2022_16-04-13
1664809430094,0.35595703,-0.9072876,0.07489014,1.71875,0.8125,-0.140625,Respeck,Sitting bent forward,4,s1998909,,Respeck_s1998909_Sitting bent forward_03-10-2022_16-04-13
1664809430126,0.35546875,-0.91290283,0.062683105,1.140625,0.734375,0.34375,Respeck,Sitting bent forward,4,s1998909,,Respeck_s1998909_Sitting bent forward_03-10-2022_16-04-13
1664809430172,0.35351562,-0.9092407,0.055358887,1.109375,-0.21875,0.65625,Respeck,Sitting bent forward,4,s1998909,,Respeck_s1998909_Sitting bent forward_03-10-2022_16-04-13
1664809430205,0.34887695,-0.9053345,0.08465576,-0.265625,0.453125,-0.390625,Respeck,Sitting bent forward,4,s1998909,,Respeck_s1998909_Sitting bent forward_03-10-2022_16-04-13
1664809430251,0.3623047,-0.90509033,0.06732178,2.828125,0.90625,0.15625,Respeck,Sitting bent forward,4,s1998909,,Respeck_s1998909_Sitting bent forward_03-10-2022_16-04-13
1664809430283,0.36450195,-0.92022705,0.03338623,-0.921875,0.625,-0.71875,Respeck,Sitting bent forward,4,s1998909,,Respeck_s1998909_Sitting bent forward_03-10-2022_16-04-13
1664809430330,0.3527832,-0.90216064,0.081726074,-1.328125,-0.34375,-0.90625,Respeck,Sitting bent forward,4,s1998909,,Respeck_s1998909_Sitting bent forward_03-10-2022_16-04-13
1664809430363,0.34033203,-0.9024048,0.07293701,0.640625,0.828125,-0.28125,Respeck,Sitting bent forward,4,s1998909,,Respeck_s1998909_Sitting bent forward_03-10-2022_16-04-13
1664809430408,0.35058594,-0.90948486,0.054382324,0.28125,0.21875,-0.171875,Respeck,Sitting bent forward,4,s1998909,,Respeck_s1998909_Sitting bent forward_03-10-2022_16-04-13
1664809430442,0.35473633,-0.90460205,0.06463623,-0.3125,-0.109375,-0.328125,Respeck,Sitting bent forward,4,s1998909,,Respeck_s1998909_Sitting bent forward_03-10-2022_16-04-13
1664809430487,0.35766602,-0.90704346,0.06732178,1.078125,0.625,0.0,Respeck,Sitting bent forward,4,s1998909,,Respeck_s1998909_Sitting bent forward_03-10-2022_16-04-13
1664809430520,0.3623047,-0.897522,0.06390381,0.8125,0.328125,-0.3125,Respeck,Sitting bent forward,4,s1998909,,Respeck_s1998909_Sitting bent forward_03-10-2022_16-04-13
1664809430564,0.35473633,-0.9126587,0.055603027,0.734375,0.3125,-0.296875,Respeck,Sitting bent forward,4,s1998909,,Respeck_s1998909_Sitting bent forward_03-10-2022_16-04-13
1664809430599,0.35595703,-0.9055786,0.06463623,0.078125,0.234375,-0.34375,Respeck,Sitting bent forward,4,s1998909,,Respeck_s1998909_Sitting bent forward_03-10-2022_16-04-13
1664809430644,0.34716797,-0.9072876,0.05706787,0.71875,0.09375,-0.09375,Respeck,Sitting bent forward,4,s1998909,,Respeck_s1998909_Sitting bent forward_03-10-2022_16-04-13
1664809430678,0.35766602,-0.91290283,0.057556152,-0.46875,-0.125,0.015625,Respeck,Sitting bent forward,4,s1998909,,Respeck_s1998909_Sitting bent forward_03-10-2022_16-04-13
1664809430724,0.3557129,-0.9048462,0.061462402,-1.390625,-0.625,-0.46875,Respeck,Sitting bent forward,4,s1998909,,Respeck_s1998909_Sitting bent forward_03-10-2022_16-04-13
1664809430756,0.3474121,-0.90753174,0.07147217,-1.1875,-0.359375,-0.328125,Respeck,Sitting bent forward,4,s1998909,,Respeck_s1998909_Sitting bent forward_03-10-2022_16-04-13
1664809430802,0.35839844,-0.9048462,0.070739746,-0.828125,-0.234375,-0.28125,Respeck,Sitting bent forward,4,s1998909,,Respeck_s1998909_Sitting bent forward_03-10-2022_16-04-13
1664809430847,0.36279297,-0.9077759,0.06341553,-1.09375,-0.65625,-0.46875,Respeck,Sitting bent forward,4,s1998909,,Respeck_s1998909_Sitting bent forward_03-10-2022_16-04-13
1664809430880,0.35375977,-0.9024048,0.07147217,-1.390625,-0.8125,-0.53125,Respeck,Sitting bent forward,4,s1998909,,Respeck_s1998909_Sitting bent forward_03-10-2022_16-04-13
1664809430927,0.35717773,-0.90216064,0.074401855,-0.734375,-0.171875,-0.5,Respeck,Sitting bent forward,4,s1998909,,Respeck_s1998909_Sitting bent forward_03-10-2022_16-04-13
1664809430959,0.3552246,-0.9116821,0.07489014,-0.515625,-0.09375,-0.46875,Respeck,Sitting bent forward,4,s1998909,,Respeck_s1998909_Sitting bent forward_03-10-2022_16-04-13
1664809431004,0.34594727,-0.9053345,0.07513428,-0.4375,-0.34375,-0.5625,Respeck,Sitting bent forward,4,s1998909,,Respeck_s1998909_Sitting bent forward_03-10-2022_16-04-13
1664809431038,0.3623047,-0.91290283,0.06854248,-1.4375,0.203125,-0.921875,Respeck,Sitting bent forward,4,s1998909,,Respeck_s1998909_Sitting bent forward_03-10-2022_16-04-13
1664809431083,0.3540039,-0.897522,0.08660889,-0.9375,0.28125,-1.109375,Respeck,Sitting bent forward,4,s1998909,,Respeck_s1998909_Sitting bent forward_03-10-2022_16-04-13
1664809431116,0.3540039,-0.9067993,0.066345215,-0.15625,0.09375,-0.875,Respeck,Sitting bent forward,4,s1998909,,Respeck_s1998909_Sitting bent forward_03-10-2022_16-04-13
1664809431161,0.34960938,-0.92022705,0.0680542,-3.5,-0.703125,-0.96875,Respeck,Sitting bent forward,4,s1998909,,Respeck_s1998909_Sitting bent forward_03-10-2022_16-04-13
1664809431196,0.3449707,-0.90167236,0.09613037,-2.15625,-0.953125,-0.84375,Respeck,Sitting bent forward,4,s1998909,,Respeck_s1998909_Sitting bent forward_03-10-2022_16-04-13
1664809431243,0.3408203,-0.90509033,0.08465576,-1.296875,-0.0625,-0.46875,Respeck,Sitting bent forward,4,s1998909,,Respeck_s1998909_Sitting bent forward_03-10-2022_16-04-13
1664809431274,0.34570312,-0.9060669,0.09051514,-2.0,-0.4375,-0.34375,Respeck,Sitting bent forward,4,s1998909,,Respeck_s1998909_Sitting bent forward_03-10-2022_16-04-13
1664809431318,0.35839844,-0.89727783,0.10028076,-0.34375,0.40625,-0.734375,Respeck,Sitting bent forward,4,s1998909,,Respeck_s1998909_Sitting bent forward_03-10-2022_16-04-13
1664809431353,0.34521484,-0.9168091,0.089782715,0.34375,1.046875,-0.859375,Respeck,Sitting bent forward,4,s1998909,,Respeck_s1998909_Sitting bent forward_03-10-2022_16-04-13
1664809431400,0.35302734,-0.90875244,0.08782959,1.453125,1.03125,-0.703125,Respeck,Sitting bent forward,4,s1998909,,Respeck_s1998909_Sitting bent forward_03-10-2022_16-04-13
1664809431432,0.33935547,-0.9109497,0.081970215,-0.734375,0.25,-1.25,Respeck,Sitting bent forward,4,s1998909,,Respeck_s1998909_Sitting bent forward_03-10-2022_16-04-13
1664809431477,0.34106445,-0.90753174,0.0914917,0.25,0.25,-0.21875,Respeck,Sitting bent forward,4,s1998909,,Respeck_s1998909_Sitting bent forward_03-10-2022_16-04-13
1664809431522,0.3527832,-0.9055786,0.089538574,1.1875,0.421875,-0.0625,Respeck,Sitting bent forward,4,s1998909,,Respeck_s1998909_Sitting bent forward_03-10-2022_16-04-13
1664809431557,0.3461914,-0.9089966,0.08416748,0.0625,0.453125,-0.4375,Respeck,Sitting bent forward,4,s1998909,,Respeck_s1998909_Sitting bent forward_03-10-2022_16-04-13
1664809431590,0.34399414,-0.9072876,0.08880615,0.4375,0.40625,-0.328125,Respeck,Sitting bent forward,4,s1998909,,Respeck_s1998909_Sitting bent forward_03-10-2022_16-04-13
1664809431635,0.34326172,-0.9109497,0.07489014,-0.09375,0.234375,-0.421875,Respeck,Sitting bent forward,4,s1998909,,Respeck_s1998909_Sitting bent forward_03-10-2022_16-04-13
1664809431667,0.34692383,-0.91241455,0.08148193,0.4375,0.4375,-0.140625,Respeck,Sitting bent forward,4,s1998909,,Respeck_s1998909_Sitting bent forward_03-10-2022_16-04-13
1664809431716,0.3486328,-0.9043579,0.082458496,-0.296875,0.34375,-0.515625,Respeck,Sitting bent forward,4,s1998909,,Respeck_s1998909_Sitting bent forward_03-10-2022_16-04-13
1664809431747,0.3479004,-0.9085083,0.08343506,-0.0625,0.265625,-0.375,Respeck,Sitting bent forward,4,s1998909,,Respeck_s1998909_Sitting bent forward_03-10-2022_16-04-13
1664809431791,0.34643555,-0.90948486,0.09613037,1.296875,1.046875,-0.3125,Respeck,Sitting bent forward,4,s1998909,,Respeck_s1998909_Sitting bent forward_03-10-2022_16-04-13
1664809431826,0.3491211,-0.9126587,0.078552246,0.671875,1.0625,-0.765625,Respeck,Sitting bent forward,4,s1998909,,Respeck_s1998909_Sitting bent forward_03-10-2022_16-04-13
1664809431873,0.34033203,-0.90997314,0.08123779,0.390625,0.671875,-0.125,Respeck,Sitting bent forward,4,s1998909,,Respeck_s1998909_Sitting bent forward_03-10-2022_16-04-13
1664809431904,0.34521484,-0.9121704,0.07171631,0.359375,0.15625,-0.234375,Respeck,Sitting bent forward,4,s1998909,,Respeck_s1998909_Sitting bent forward_03-10-2022_16-04-13
1664809431950,0.3413086,-0.9067993,0.08734131,-1.4375,0.53125,-0.5625,Respeck,Sitting bent forward,4,s1998909,,Respeck_s1998909_Sitting bent forward_03-10-2022_16-04-13
1664809431984,0.34765625,-0.911438,0.081970215,1.34375,0.765625,-0.265625,Respeck,Sitting bent forward,4,s1998909,,Respeck_s1998909_Sitting bent forward_03-10-2022_16-04-13
1664809432027,0.34814453,-0.9151001,0.05999756,-2.203125,-0.03125,-1.28125,Respeck,Sitting bent forward,4,s1998909,,Respeck_s1998909_Sitting bent forward_03-10-2022_16-04-13
1664809432061,0.34277344,-0.90338135,0.101745605,-1.25,-0.59375,-0.734375,Respeck,Sitting bent forward,4,s1998909,,Respeck_s1998909_Sitting bent forward_03-10-2022_16-04-13
1664809432109,0.3400879,-0.9170532,0.08758545,0.234375,0.625,-0.390625,Respeck,Sitting bent forward,4,s1998909,,Respeck_s1998909_Sitting bent forward_03-10-2022_16-04-13
1664809432152,0.34106445,-0.90411377,0.08514404,-0.515625,0.359375,-0.609375,Respeck,Sitting bent forward,4,s1998909,,Respeck_s1998909_Sitting bent forward_03-10-2022_16-04-13
1664809432186,0.33911133,-0.9067993,0.08538818,0.25,-0.390625,-0.25,Respeck,Sitting bent forward,4,s1998909,,Respeck_s1998909_Sitting bent forward_03-10-2022_16-04-13
1664809432265,0.34277344,-0.9151001,0.08538818,1.234375,0.578125,-0.09375,Respeck,Sitting bent forward,4,s1998909,,Respeck_s1998909_Sitting bent forward_03-10-2022_16-04-13
1664809432266,0.33862305,-0.9121704,0.09124756,1.984375,0.203125,0.203125,Respeck,Sitting bent forward,4,s1998909,,Respeck_s1998909_Sitting bent forward_03-10-2022_16-04-13
1664809432311,0.34326172,-0.9146118,0.0770874,0.28125,-0.140625,-0.28125,Respeck,Sitting bent forward,4,s1998909,,Respeck_s1998909_Sitting bent forward_03-10-2022_16-04-13
1664809432344,0.3322754,-0.9053345,0.09124756,0.359375,0.0625,-0.296875,Respeck,Sitting bent forward,4,s1998909,,Respeck_s1998909_Sitting bent forward_03-10-2022_16-04-13
1664809432388,0.34521484,-0.91656494,0.07342529,1.578125,0.078125,0.453125,Respeck,Sitting bent forward,4,s1998909,,Respeck_s1998909_Sitting bent forward_03-10-2022_16-04-13
1664809432423,0.35498047,-0.91192627,0.07244873,1.453125,-0.03125,0.34375,Respeck,Sitting bent forward,4,s1998909,,Respeck_s1998909_Sitting bent forward_03-10-2022_16-04-13
1664809432469,0.33911133,-0.9077759,0.07489014,1.046875,-0.515625,0.078125,Respeck,Sitting bent forward,4,s1998909,,Respeck_s1998909_Sitting bent forward_03-10-2022_16-04-13
1664809432499,0.359375,-0.9151001,0.070495605,1.65625,0.265625,0.015625,Respeck,Sitting bent forward,4,s1998909,,Respeck_s1998909_Sitting bent forward_03-10-2022_16-04-13
1664809432544,0.35839844,-0.90753174,0.06097412,0.578125,0.84375,-0.828125,Respeck,Sitting bent forward,4,s1998909,,Respeck_s1998909_Sitting bent forward_03-10-2022_16-04-13
1664809432579,0.35351562,-0.897522,0.070007324,0.46875,0.203125,-1.21875,Respeck,Sitting bent forward,4,s1998909,,Respeck_s1998909_Sitting bent forward_03-10-2022_16-04-13
1664809432624,0.34033203,-0.9031372,0.06976318,-0.640625,0.03125,-0.859375,Respeck,Sitting bent forward,4,s1998909,,Respeck_s1998909_Sitting bent forward_03-10-2022_16-04-13
1664809432658,0.34326172,-0.9089966,0.074157715,1.25,0.5625,-0.84375,Respeck,Sitting bent forward,4,s1998909,,Respeck_s1998909_Sitting bent forward_03-10-2022_16-04-13
1664809432702,0.3269043,-0.9138794,0.074401855,-0.5625,0.046875,-0.578125,Respeck,Sitting bent forward,4,s1998909,,Respeck_s1998909_Sitting bent forward_03-10-2022_16-04-13
1664809432736,0.33691406,-0.91363525,0.085876465,1.3125,-0.484375,0.515625,Respeck,Sitting bent forward,4,s1998909,,Respeck_s1998909_Sitting bent forward_03-10-2022_16-04-13
1664809432783,0.34106445,-0.91656494,0.059509277,2.0625,1.078125,0.671875,Respeck,Sitting bent forward,4,s1998909,,Respeck_s1998909_Sitting bent forward_03-10-2022_16-04-13
1664809432816,0.35107422,-0.9092407,0.06121826,0.328125,0.640625,-0.078125,Respeck,Sitting bent forward,4,s1998909,,Respeck_s1998909_Sitting bent forward_03-10-2022_16-04-13
1664809432859,0.34692383,-0.8936157,0.06732178,1.921875,0.640625,0.65625,Respeck,Sitting bent forward,4,s1998909,,Respeck_s1998909_Sitting bent forward_03-10-2022_16-04-13
1664809432895,0.3605957,-0.9326782,0.039001465,0.0,-0.015625,0.21875,Respeck,Sitting bent forward,4,s1998909,,Respeck_s1998909_Sitting bent forward_03-10-2022_16-04-13
1664809432940,0.34472656,-0.9155884,0.06390381,-0.921875,-0.03125,-0.234375,Respeck,Sitting bent forward,4,s1998909,,Respeck_s1998909_Sitting bent forward_03-10-2022_16-04-13
1664809432973,0.34765625,-0.897522,0.0758667,0.359375,0.3125,-0.328125,Respeck,Sitting bent forward,4,s1998909,,Respeck_s1998909_Sitting bent forward_03-10-2022_16-04-13
1664809433017,0.35375977,-0.9036255,0.0524292,-0.34375,0.125,-0.015625,Respeck,Sitting bent forward,4,s1998909,,Respeck_s1998909_Sitting bent forward_03-10-2022_16-04-13
1664809433051,0.34570312,-0.909729,0.066101074,-0.390625,-0.640625,-0.234375,Respeck,Sitting bent forward,4,s1998909,,Respeck_s1998909_Sitting bent forward_03-10-2022_16-04-13
1664809433096,0.35083008,-0.91241455,0.066345215,1.40625,0.8125,0.03125,Respeck,Sitting bent forward,4,s1998909,,Respeck_s1998909_Sitting bent forward_03-10-2022_16-04-13
1664809433130,0.34814453,-0.909729,0.058776855,0.421875,0.21875,-0.078125,Respeck,Sitting bent forward,4,s1998909,,Respeck_s1998909_Sitting bent forward_03-10-2022_16-04-13
1664809433176,0.35058594,-0.90753174,0.06512451,-0.421875,0.015625,-0.453125,Respeck,Sitting bent forward,4,s1998909,,Respeck_s1998909_Sitting bent forward_03-10-2022_16-04-13
1664809433208,0.3486328,-0.9155884,0.055358887,-0.5625,-0.1875,-0.609375,Respeck,Sitting bent forward,4,s1998909,,Respeck_s1998909_Sitting bent forward_03-10-2022_16-04-13
1664809433254,0.3466797,-0.90704346,0.06512451,-0.21875,0.234375,-0.453125,Respeck,Sitting bent forward,4,s1998909,,Respeck_s1998909_Sitting bent forward_03-10-2022_16-04-13
1664809433287,0.34326172,-0.90997314,0.06414795,-0.140625,0.1875,-0.46875,Respeck,Sitting bent forward,4,s1998909,,Respeck_s1998909_Sitting bent forward_03-10-2022_16-04-13
1664809433333,0.3425293,-0.9143677,0.059020996,-1.578125,-0.71875,-0.515625,Respeck,Sitting bent forward,4,s1998909,,Respeck_s1998909_Sitting bent forward_03-10-2022_16-04-13
1664809433366,0.34448242,-0.9146118,0.061462402,-1.65625,-0.953125,-0.15625,Respeck,Sitting bent forward,4,s1998909,,Respeck_s1998909_Sitting bent forward_03-10-2022_16-04-13
1664809433411,0.34277344,-0.9055786,0.06878662,-1.171875,-0.453125,-0.15625,Respeck,Sitting bent forward,4,s1998909,,Respeck_s1998909_Sitting bent forward_03-10-2022_16-04-13
1664809433446,0.35180664,-0.90802,0.07244873,-0.9375,-0.328125,-0.21875,Respeck,Sitting bent forward,4,s1998909,,Respeck_s1998909_Sitting bent forward_03-10-2022_16-04-13
1664809433490,0.35009766,-0.90411377,0.074401855,-0.984375,-0.125,-0.15625,Respeck,Sitting bent forward,4,s1998909,,Respeck_s1998909_Sitting bent forward_03-10-2022_16-04-13
1664809433536,0.35107422,-0.90704346,0.07879639,-0.75,0.09375,-0.40625,Respeck,Sitting bent forward,4,s1998909,,Respeck_s1998909_Sitting bent forward_03-10-2022_16-04-13
1664809433568,0.35083008,-0.9126587,0.08123779,-0.71875,0.5,-0.5625,Respeck,Sitting bent forward,4,s1998909,,Respeck_s1998909_Sitting bent forward_03-10-2022_16-04-13
1664809433614,0.34375,-0.9077759,0.07733154,0.1875,0.65625,-0.28125,Respeck,Sitting bent forward,4,s1998909,,Respeck_s1998909_Sitting bent forward_03-10-2022_16-04-13
1664809433647,0.34838867,-0.91070557,0.07757568,-1.078125,0.421875,-0.375,Respeck,Sitting bent forward,4,s1998909,,Respeck_s1998909_Sitting bent forward_03-10-2022_16-04-13
1664809433692,0.34838867,-0.90948486,0.081726074,-0.8125,1.109375,-1.03125,Respeck,Sitting bent forward,4,s1998909,,Respeck_s1998909_Sitting bent forward_03-10-2022_16-04-13
1664809433727,0.3461914,-0.9026489,0.07196045,0.75,0.53125,-0.484375,Respeck,Sitting bent forward,4,s1998909,,Respeck_s1998909_Sitting bent forward_03-10-2022_16-04-13
1664809433771,0.35351562,-0.9221802,0.06048584,-2.9375,-0.203125,-0.796875,Respeck,Sitting bent forward,4,s1998909,,Respeck_s1998909_Sitting bent forward_03-10-2022_16-04-13
1664809433806,0.33984375,-0.9116821,0.09661865,-2.109375,-0.1875,-1.1875,Respeck,Sitting bent forward,4,s1998909,,Respeck_s1998909_Sitting bent forward_03-10-2022_16-04-13
1664809433851,0.3395996,-0.90338135,0.09100342,-0.421875,0.40625,-0.609375,Respeck,Sitting bent forward,4,s1998909,,Respeck_s1998909_Sitting bent forward_03-10-2022_16-04-13
1664809433883,0.33911133,-0.9092407,0.078308105,-1.25,0.75,-0.734375,Respeck,Sitting bent forward,4,s1998909,,Respeck_s1998909_Sitting bent forward_03-10-2022_16-04-13
1664809433928,0.34423828,-0.91241455,0.08929443,-0.578125,0.390625,-0.4375,Respeck,Sitting bent forward,4,s1998909,,Respeck_s1998909_Sitting bent forward_03-10-2022_16-04-13
1664809433963,0.33911133,-0.9077759,0.085876465,0.9375,1.5,-0.578125,Respeck,Sitting bent forward,4,s1998909,,Respeck_s1998909_Sitting bent forward_03-10-2022_16-04-13
1664809434007,0.34179688,-0.9048462,0.08905029,0.703125,0.734375,-0.140625,Respeck,Sitting bent forward,4,s1998909,,Respeck_s1998909_Sitting bent forward_03-10-2022_16-04-13
1664809434041,0.34472656,-0.9116821,0.07489014,0.25,0.703125,-0.390625,Respeck,Sitting bent forward,4,s1998909,,Respeck_s1998909_Sitting bent forward_03-10-2022_16-04-13
1664809434089,0.34204102,-0.9048462,0.09051514,0.25,0.53125,-0.65625,Respeck,Sitting bent forward,4,s1998909,,Respeck_s1998909_Sitting bent forward_03-10-2022_16-04-13
1664809434121,0.34716797,-0.92071533,0.07122803,0.953125,0.78125,0.109375,Respeck,Sitting bent forward,4,s1998909,,Respeck_s1998909_Sitting bent forward_03-10-2022_16-04-13
1664809434167,0.3425293,-0.91290283,0.07952881,0.796875,0.796875,-0.265625,Respeck,Sitting bent forward,4,s1998909,,Respeck_s1998909_Sitting bent forward_03-10-2022_16-04-13
1664809434199,0.3388672,-0.91070557,0.07928467,-0.046875,0.15625,-0.125,Respeck,Sitting bent forward,4,s1998909,,Respeck_s1998909_Sitting bent forward_03-10-2022_16-04-13
1664809434243,0.34033203,-0.91192627,0.07489014,0.0,0.125,0.03125,Respeck,Sitting bent forward,4,s1998909,,Respeck_s1998909_Sitting bent forward_03-10-2022_16-04-13
1664809434278,0.34228516,-0.90875244,0.07562256,0.171875,0.390625,0.046875,Respeck,Sitting bent forward,4,s1998909,,Respeck_s1998909_Sitting bent forward_03-10-2022_16-04-13
1664809434326,0.34716797,-0.9038696,0.07513428,0.03125,0.03125,-0.015625,Respeck,Sitting bent forward,4,s1998909,,Respeck_s1998909_Sitting bent forward_03-10-2022_16-04-13
1664809434355,0.35205078,-0.9121704,0.08074951,-0.53125,-0.078125,-0.171875,Respeck,Sitting bent forward,4,s1998909,,Respeck_s1998909_Sitting bent forward_03-10-2022_16-04-13
1664809434401,0.34301758,-0.91363525,0.082214355,0.015625,-0.171875,-0.03125,Respeck,Sitting bent forward,4,s1998909,,Respeck_s1998909_Sitting bent forward_03-10-2022_16-04-13
1664809434437,0.34155273,-0.90704346,0.08270264,-0.09375,0.203125,0.03125,Respeck,Sitting bent forward,4,s1998909,,Respeck_s1998909_Sitting bent forward_03-10-2022_16-04-13
1664809434480,0.34106445,-0.9089966,0.08685303,0.078125,0.171875,-0.125,Respeck,Sitting bent forward,4,s1998909,,Respeck_s1998909_Sitting bent forward_03-10-2022_16-04-13
1664809434514,0.34448242,-0.9109497,0.0770874,-0.296875,-0.171875,0.046875,Respeck,Sitting bent forward,4,s1998909,,Respeck_s1998909_Sitting bent forward_03-10-2022_16-04-13
1664809434558,0.3408203,-0.9092407,0.08270264,-0.671875,0.53125,-0.46875,Respeck,Sitting bent forward,4,s1998909,,Respeck_s1998909_Sitting bent forward_03-10-2022_16-04-13
1664809434593,0.34814453,-0.9077759,0.07879639,1.5625,0.140625,-0.109375,Respeck,Sitting bent forward,4,s1998909,,Respeck_s1998909_Sitting bent forward_03-10-2022_16-04-13
1664809434641,0.34814453,-0.92022705,0.06829834,-1.875,-0.5,-0.40625,Respeck,Sitting bent forward,4,s1998909,,Respeck_s1998909_Sitting bent forward_03-10-2022_16-04-13
1664809434672,0.34301758,-0.9038696,0.09832764,-0.5,-0.796875,-0.671875,Respeck,Sitting bent forward,4,s1998909,,Respeck_s1998909_Sitting bent forward_03-10-2022_16-04-13
1664809434716,0.3371582,-0.9067993,0.085876465,0.796875,0.265625,0.0,Respeck,Sitting bent forward,4,s1998909,,Respeck_s1998909_Sitting bent forward_03-10-2022_16-04-13
1664809434753,0.3408203,-0.9077759,0.07122803,0.03125,-0.203125,0.15625,Respeck,Sitting bent forward,4,s1998909,,Respeck_s1998909_Sitting bent forward_03-10-2022_16-04-13
1664809434806,0.34057617,-0.90997314,0.08050537,0.453125,0.078125,-0.40625,Respeck,Sitting bent forward,4,s1998909,,Respeck_s1998909_Sitting bent forward_03-10-2022_16-04-13
1664809434829,0.3449707,-0.909729,0.07098389,1.0,0.09375,-0.015625,Respeck,Sitting bent forward,4,s1998909,,Respeck_s1998909_Sitting bent forward_03-10-2022_16-04-13
1664809434874,0.34375,-0.9055786,0.077819824,0.796875,-0.125,0.03125,Respeck,Sitting bent forward,4,s1998909,,Respeck_s1998909_Sitting bent forward_03-10-2022_16-04-13
1664809434919,0.34277344,-0.9116821,0.08465576,0.453125,0.09375,-0.28125,Respeck,Sitting bent forward,4,s1998909,,Respeck_s1998909_Sitting bent forward_03-10-2022_16-04-13
1664809434954,0.34301758,-0.9065552,0.0836792,0.515625,0.171875,-0.0625,Respeck,Sitting bent forward,4,s1998909,,Respeck_s1998909_Sitting bent forward_03-10-2022_16-04-13
1664809435000,0.3486328,-0.9104614,0.08148193,1.390625,-0.046875,0.328125,Respeck,Sitting bent forward,4,s1998909,,Respeck_s1998909_Sitting bent forward_03-10-2022_16-04-13
1664809435032,0.35058594,-0.90631104,0.07537842,0.984375,-0.0625,0.171875,Respeck,Sitting bent forward,4,s1998909,,Respeck_s1998909_Sitting bent forward_03-10-2022_16-04-13
1664809435076,0.35058594,-0.91192627,0.07366943,-0.046875,-0.265625,-0.21875,Respeck,Sitting bent forward,4,s1998909,,Respeck_s1998909_Sitting bent forward_03-10-2022_16-04-13
1664809435112,0.35058594,-0.9138794,0.066589355,0.8125,0.140625,-0.125,Respeck,Sitting bent forward,4,s1998909,,Respeck_s1998909_Sitting bent forward_03-10-2022_16-04-13
1664809435156,0.34545898,-0.9092407,0.07171631,0.671875,0.125,0.171875,Respeck,Sitting bent forward,4,s1998909,,Respeck_s1998909_Sitting bent forward_03-10-2022_16-04-13
1664809435190,0.35302734,-0.9121704,0.070251465,0.953125,0.140625,0.125,Respeck,Sitting bent forward,4,s1998909,,Respeck_s1998909_Sitting bent forward_03-10-2022_16-04-13
1664809435235,0.3515625,-0.90631104,0.0770874,0.640625,-0.015625,-0.203125,Respeck,Sitting bent forward,4,s1998909,,Respeck_s1998909_Sitting bent forward_03-10-2022_16-04-13
1664809435267,0.3491211,-0.9116821,0.07171631,0.703125,-0.046875,0.125,Respeck,Sitting bent forward,4,s1998909,,Respeck_s1998909_Sitting bent forward_03-10-2022_16-04-13
1664809435316,0.35302734,-0.90826416,0.06829834,1.328125,0.328125,0.171875,Respeck,Sitting bent forward,4,s1998909,,Respeck_s1998909_Sitting bent forward_03-10-2022_16-04-13
1664809435347,0.34472656,-0.9102173,0.06317139,0.84375,0.28125,-0.140625,Respeck,Sitting bent forward,4,s1998909,,Respeck_s1998909_Sitting bent forward_03-10-2022_16-04-13
1664809435392,0.34399414,-0.9067993,0.058776855,0.859375,-0.125,0.234375,Respeck,Sitting bent forward,4,s1998909,,Respeck_s1998909_Sitting bent forward_03-10-2022_16-04-13
1664809435426,0.36328125,-0.9158325,0.057556152,-0.53125,0.421875,-0.53125,Respeck,Sitting bent forward,4,s1998909,,Respeck_s1998909_Sitting bent forward_03-10-2022_16-04-13
1664809435472,0.34301758,-0.8948364,0.078552246,1.734375,0.375,-0.1875,Respeck,Sitting bent forward,4,s1998909,,Respeck_s1998909_Sitting bent forward_03-10-2022_16-04-13
1664809435504,0.35888672,-0.9241333,0.049987793,0.25,0.484375,-0.515625,Respeck,Sitting bent forward,4,s1998909,,Respeck_s1998909_Sitting bent forward_03-10-2022_16-04-13
1664809435550,0.34838867,-0.9158325,0.06512451,-1.0625,-0.5,-0.5625,Respeck,Sitting bent forward,4,s1998909,,Respeck_s1998909_Sitting bent forward_03-10-2022_16-04-13
1664809435583,0.34399414,-0.91290283,0.06951904,0.515625,0.125,-0.203125,Respeck,Sitting bent forward,4,s1998909,,Respeck_s1998909_Sitting bent forward_03-10-2022_16-04-13
1664809435628,0.3491211,-0.9077759,0.053894043,-0.671875,-0.34375,0.0,Respeck,Sitting bent forward,4,s1998909,,Respeck_s1998909_Sitting bent forward_03-10-2022_16-04-13
1664809435664,0.34570312,-0.9089966,0.06365967,-1.3125,-0.421875,-0.46875,Respeck,Sitting bent forward,4,s1998909,,Respeck_s1998909_Sitting bent forward_03-10-2022_16-04-13
1664809435707,0.34985352,-0.9089966,0.07562256,-0.171875,-0.09375,-0.078125,Respeck,Sitting bent forward,4,s1998909,,Respeck_s1998909_Sitting bent forward_03-10-2022_16-04-13
1664809435740,0.34960938,-0.909729,0.07220459,-0.375,-0.078125,-0.09375,Respeck,Sitting bent forward,4,s1998909,,Respeck_s1998909_Sitting bent forward_03-10-2022_16-04-13
1664809435786,0.34521484,-0.90582275,0.07293701,-0.25,0.171875,-0.28125,Respeck,Sitting bent forward,4,s1998909,,Respeck_s1998909_Sitting bent forward_03-10-2022_16-04-13
1664809435819,0.35302734,-0.90997314,0.06488037,-0.984375,-0.09375,-0.625,Respeck,Sitting bent forward,4,s1998909,,Respeck_s1998909_Sitting bent forward_03-10-2022_16-04-13
1664809435864,0.34985352,-0.9116821,0.0692749,-0.09375,-0.171875,0.078125,Respeck,Sitting bent forward,4,s1998909,,Respeck_s1998909_Sitting bent forward_03-10-2022_16-04-13
1664809435898,0.3479004,-0.90582275,0.06707764,0.078125,-0.09375,0.015625,Respeck,Sitting bent forward,4,s1998909,,Respeck_s1998909_Sitting bent forward_03-10-2022_16-04-13
1664809435943,0.3461914,-0.9116821,0.066589355,-1.0,-0.046875,-0.5625,Respeck,Sitting bent forward,4,s1998909,,Respeck_s1998909_Sitting bent forward_03-10-2022_16-04-13
1664809435977,0.3474121,-0.91119385,0.07122803,-0.703125,-0.28125,-0.125,Respeck,Sitting bent forward,4,s1998909,,Respeck_s1998909_Sitting bent forward_03-10-2022_16-04-13
1664809436022,0.3474121,-0.91070557,0.07171631,-0.640625,0.15625,-0.0625,Respeck,Sitting bent forward,4,s1998909,,Respeck_s1998909_Sitting bent forward_03-10-2022_16-04-13
1664809436057,0.34399414,-0.909729,0.07757568,-0.546875,-0.125,-0.078125,Respeck,Sitting bent forward,4,s1998909,,Respeck_s1998909_Sitting bent forward_03-10-2022_16-04-13
1664809436100,0.3449707,-0.90631104,0.070251465,-0.171875,-0.21875,0.125,Respeck,Sitting bent forward,4,s1998909,,Respeck_s1998909_Sitting bent forward_03-10-2022_16-04-13
1664809436135,0.3552246,-0.9089966,0.07733154,-0.015625,0.15625,0.15625,Respeck,Sitting bent forward,4,s1998909,,Respeck_s1998909_Sitting bent forward_03-10-2022_16-04-13
1664809436181,0.35375977,-0.9014282,0.07366943,-0.34375,0.109375,-0.125,Respeck,Sitting bent forward,4,s1998909,,Respeck_s1998909_Sitting bent forward_03-10-2022_16-04-13
1664809436213,0.3486328,-0.90093994,0.07147217,-0.1875,-0.15625,0.0625,Respeck,Sitting bent forward,4,s1998909,,Respeck_s1998909_Sitting bent forward_03-10-2022_16-04-13
1664809436258,0.35791016,-0.9168091,0.074157715,-1.671875,0.078125,-0.34375,Respeck,Sitting bent forward,4,s1998909,,Respeck_s1998909_Sitting bent forward_03-10-2022_16-04-13
1664809436306,0.34326172,-0.89068604,0.09539795,0.765625,0.421875,-0.265625,Respeck,Sitting bent forward,4,s1998909,,Respeck_s1998909_Sitting bent forward_03-10-2022_16-04-13
1664809436335,0.36401367,-0.91851807,0.062438965,-0.53125,0.703125,-0.859375,Respeck,Sitting bent forward,4,s1998909,,Respeck_s1998909_Sitting bent forward_03-10-2022_16-04-13
1664809436381,0.3449707,-0.9121704,0.07513428,-2.78125,-0.28125,-1.21875,Respeck,Sitting bent forward,4,s1998909,,Respeck_s1998909_Sitting bent forward_03-10-2022_16-04-13
1664809436415,0.3491211,-0.90411377,0.09124756,-0.46875,0.28125,-0.765625,Respeck,Sitting bent forward,4,s1998909,,Respeck_s1998909_Sitting bent forward_03-10-2022_16-04-13
1664809436460,0.3466797,-0.9053345,0.07684326,-0.328125,0.453125,-0.375,Respeck,Sitting bent forward,4,s1998909,,Respeck_s1998909_Sitting bent forward_03-10-2022_16-04-13
1664809436494,0.3486328,-0.90826416,0.08099365,-1.03125,0.3125,-0.875,Respeck,Sitting bent forward,4,s1998909,,Respeck_s1998909_Sitting bent forward_03-10-2022_16-04-13
1664809436540,0.34960938,-0.9014282,0.085876465,0.1875,0.734375,-0.796875,Respeck,Sitting bent forward,4,s1998909,,Respeck_s1998909_Sitting bent forward_03-10-2022_16-04-13
1664809436573,0.34985352,-0.9065552,0.08026123,0.0,0.578125,-0.46875,Respeck,Sitting bent forward,4,s1998909,,Respeck_s1998909_Sitting bent forward_03-10-2022_16-04-13
1664809436619,0.34838867,-0.90997314,0.08148193,0.375,0.71875,-0.5625,Respeck,Sitting bent forward,4,s1998909,,Respeck_s1998909_Sitting bent forward_03-10-2022_16-04-13
1664809436651,0.3400879,-0.9072876,0.08343506,-0.359375,0.765625,-0.71875,Respeck,Sitting bent forward,4,s1998909,,Respeck_s1998909_Sitting bent forward_03-10-2022_16-04-13
1664809436697,0.3479004,-0.9065552,0.08294678,0.515625,0.453125,-0.3125,Respeck,Sitting bent forward,4,s1998909,,Respeck_s1998909_Sitting bent forward_03-10-2022_16-04-13
1664809436730,0.34985352,-0.91192627,0.08441162,0.375,0.75,-0.34375,Respeck,Sitting bent forward,4,s1998909,,Respeck_s1998909_Sitting bent forward_03-10-2022_16-04-13
1664809436776,0.34985352,-0.9138794,0.08270264,0.125,0.515625,-0.59375,Respeck,Sitting bent forward,4,s1998909,,Respeck_s1998909_Sitting bent forward_03-10-2022_16-04-13
1664809436808,0.34814453,-0.90509033,0.07537842,0.421875,0.546875,-0.453125,Respeck,Sitting bent forward,4,s1998909,,Respeck_s1998909_Sitting bent forward_03-10-2022_16-04-13
1664809436854,0.34399414,-0.9077759,0.082214355,0.359375,0.328125,-0.34375,Respeck,Sitting bent forward,4,s1998909,,Respeck_s1998909_Sitting bent forward_03-10-2022_16-04-13
1664809436887,0.34326172,-0.91119385,0.07733154,0.21875,0.421875,-0.40625,Respeck,Sitting bent forward,4,s1998909,,Respeck_s1998909_Sitting bent forward_03-10-2022_16-04-13
1664809436933,0.34033203,-0.913147,0.07977295,0.234375,0.390625,-0.28125,Respeck,Sitting bent forward,4,s1998909,,Respeck_s1998909_Sitting bent forward_03-10-2022_16-04-13
1664809436967,0.34814453,-0.9151001,0.07904053,0.21875,0.21875,0.0625,Respeck,Sitting bent forward,4,s1998909,,Respeck_s1998909_Sitting bent forward_03-10-2022_16-04-13
1664809437012,0.34155273,-0.9048462,0.07977295,0.359375,0.5,0.015625,Respeck,Sitting bent forward,4,s1998909,,Respeck_s1998909_Sitting bent forward_03-10-2022_16-04-13
1664809437045,0.35595703,-0.91119385,0.0758667,0.796875,0.46875,-0.234375,Respeck,Sitting bent forward,4,s1998909,,Respeck_s1998909_Sitting bent forward_03-10-2022_16-04-13
1664809437091,0.34521484,-0.9060669,0.07928467,0.421875,0.171875,0.046875,Respeck,Sitting bent forward,4,s1998909,,Respeck_s1998909_Sitting bent forward_03-10-2022_16-04-13
1664809437123,0.34887695,-0.9155884,0.066101074,-0.9375,0.46875,-0.59375,Respeck,Sitting bent forward,4,s1998909,,Respeck_s1998909_Sitting bent forward_03-10-2022_16-04-13
1664809437168,0.33569336,-0.89508057,0.09320068,1.109375,0.0,-0.28125,Respeck,Sitting bent forward,4,s1998909,,Respeck_s1998909_Sitting bent forward_03-10-2022_16-04-13
1664809437203,0.3557129,-0.92144775,0.06121826,0.578125,0.171875,-0.5,Respeck,Sitting bent forward,4,s1998909,,Respeck_s1998909_Sitting bent forward_03-10-2022_16-04-13
1664809437248,0.3466797,-0.9109497,0.08270264,-1.78125,-1.234375,-0.953125,Respeck,Sitting bent forward,4,s1998909,,Respeck_s1998909_Sitting bent forward_03-10-2022_16-04-13
1664809437327,0.33789062,-0.89923096,0.08905029,-0.03125,-1.109375,-0.625,Respeck,Sitting bent forward,4,s1998909,,Respeck_s1998909_Sitting bent forward_03-10-2022_16-04-13
1664809437329,0.34472656,-0.90582275,0.0758667,0.34375,-1.328125,0.078125,Respeck,Sitting bent forward,4,s1998909,,Respeck_s1998909_Sitting bent forward_03-10-2022_16-04-13
1664809437360,0.34472656,-0.9048462,0.077819824,-0.484375,-1.3125,-0.5,Respeck,Sitting bent forward,4,s1998909,,Respeck_s1998909_Sitting bent forward_03-10-2022_16-04-13
1664809437405,0.33862305,-0.9055786,0.07977295,1.34375,-0.375,-0.296875,Respeck,Sitting bent forward,4,s1998909,,Respeck_s1998909_Sitting bent forward_03-10-2022_16-04-13
1664809437439,0.3425293,-0.9116821,0.06365967,1.359375,0.125,-0.03125,Respeck,Sitting bent forward,4,s1998909,,Respeck_s1998909_Sitting bent forward_03-10-2022_16-04-13
1664809437484,0.3491211,-0.90997314,0.082214355,1.703125,0.046875,0.09375,Respeck,Sitting bent forward,4,s1998909,,Respeck_s1998909_Sitting bent forward_03-10-2022_16-04-13
1664809437518,0.33691406,-0.909729,0.082458496,0.765625,0.078125,-0.203125,Respeck,Sitting bent forward,4,s1998909,,Respeck_s1998909_Sitting bent forward_03-10-2022_16-04-13
1664809437565,0.34228516,-0.9143677,0.07733154,1.859375,-0.109375,0.25,Respeck,Sitting bent forward,4,s1998909,,Respeck_s1998909_Sitting bent forward_03-10-2022_16-04-13
1664809437596,0.3466797,-0.9104614,0.0692749,2.234375,-0.0625,0.234375,Respeck,Sitting bent forward,4,s1998909,,Respeck_s1998909_Sitting bent forward_03-10-2022_16-04-13
1664809437642,0.3569336,-0.9143677,0.06829834,1.3125,0.203125,-0.234375,Respeck,Sitting bent forward,4,s1998909,,Respeck_s1998909_Sitting bent forward_03-10-2022_16-04-13
1664809437687,0.35009766,-0.9121704,0.06536865,0.96875,-0.078125,0.03125,Respeck,Sitting bent forward,4,s1998909,,Respeck_s1998909_Sitting bent forward_03-10-2022_16-04-13
1664809437721,0.35205078,-0.913147,0.05999756,1.078125,0.40625,-0.03125,Respeck,Sitting bent forward,4,s1998909,,Respeck_s1998909_Sitting bent forward_03-10-2022_16-04-13
1664809437799,0.34936523,-0.91363525,0.058776855,0.984375,0.171875,0.0,Respeck,Sitting bent forward,4,s1998909,,Respeck_s1998909_Sitting bent forward_03-10-2022_16-04-13
1664809437801,0.3466797,-0.90875244,0.06756592,0.703125,0.0,-0.015625,Respeck,Sitting bent forward,4,s1998909,,Respeck_s1998909_Sitting bent forward_03-10-2022_16-04-13
1664809437844,0.3527832,-0.91241455,0.062927246,0.609375,0.109375,0.125,Respeck,Sitting bent forward,4,s1998909,,Respeck_s1998909_Sitting bent forward_03-10-2022_16-04-13
1664809437881,0.35107422,-0.90802,0.062927246,1.015625,0.171875,0.109375,Respeck,Sitting bent forward,4,s1998909,,Respeck_s1998909_Sitting bent forward_03-10-2022_16-04-13
1664809437925,0.35009766,-0.9116821,0.06097412,1.09375,0.25,0.03125,Respeck,Sitting bent forward,4,s1998909,,Respeck_s1998909_Sitting bent forward_03-10-2022_16-04-13
1664809437956,0.3479004,-0.9104614,0.062683105,0.90625,0.328125,0.0,Respeck,Sitting bent forward,4,s1998909,,Respeck_s1998909_Sitting bent forward_03-10-2022_16-04-13
1664809438002,0.34521484,-0.9121704,0.04095459,0.46875,0.0,0.15625,Respeck,Sitting bent forward,4,s1998909,,Respeck_s1998909_Sitting bent forward_03-10-2022_16-04-13
1664809438035,0.35180664,-0.9031372,0.066833496,-0.25,0.40625,-0.34375,Respeck,Sitting bent forward,4,s1998909,,Respeck_s1998909_Sitting bent forward_03-10-2022_16-04-13
1664809438079,0.34472656,-0.9019165,0.059509277,2.1875,0.515625,-0.015625,Respeck,Sitting bent forward,4,s1998909,,Respeck_s1998909_Sitting bent forward_03-10-2022_16-04-13
1664809438115,0.35229492,-0.9234009,0.041931152,-0.65625,-0.03125,-0.5,Respeck,Sitting bent forward,4,s1998909,,Respeck_s1998909_Sitting bent forward_03-10-2022_16-04-13
1664809438158,0.34936523,-0.90826416,0.070007324,-0.15625,-0.0625,-0.328125,Respeck,Sitting bent forward,4,s1998909,,Respeck_s1998909_Sitting bent forward_03-10-2022_16-04-13
1664809438194,0.3491211,-0.9072876,0.049987793,0.15625,0.296875,-0.140625,Respeck,Sitting bent forward,4,s1998909,,Respeck_s1998909_Sitting bent forward_03-10-2022_16-04-13
1664809438240,0.3466797,-0.90704346,0.047302246,-0.4375,-0.09375,-0.046875,Respeck,Sitting bent forward,4,s1998909,,Respeck_s1998909_Sitting bent forward_03-10-2022_16-04-13
1664809438271,0.3503418,-0.9109497,0.053894043,-0.296875,-0.0625,-0.234375,Respeck,Sitting bent forward,4,s1998909,,Respeck_s1998909_Sitting bent forward_03-10-2022_16-04-13
1664809438315,0.35351562,-0.9116821,0.04852295,0.28125,0.140625,-0.0625,Respeck,Sitting bent forward,4,s1998909,,Respeck_s1998909_Sitting bent forward_03-10-2022_16-04-13
1664809438353,0.35083008,-0.90460205,0.054870605,0.265625,-0.0625,-0.078125,Respeck,Sitting bent forward,4,s1998909,,Respeck_s1998909_Sitting bent forward_03-10-2022_16-04-13
1664809438397,0.35009766,-0.9089966,0.051452637,-0.921875,-0.234375,-0.421875,Respeck,Sitting bent forward,4,s1998909,,Respeck_s1998909_Sitting bent forward_03-10-2022_16-04-13
1664809438429,0.35205078,-0.9048462,0.06439209,-0.703125,-0.328125,-0.359375,Respeck,Sitting bent forward,4,s1998909,,Respeck_s1998909_Sitting bent forward_03-10-2022_16-04-13
1664809438475,0.35229492,-0.9102173,0.059265137,0.203125,0.03125,0.125,Respeck,Sitting bent forward,4,s1998909,,Respeck_s1998909_Sitting bent forward_03-10-2022_16-04-13
1664809438508,0.35180664,-0.90826416,0.054382324,-0.390625,-0.046875,-0.546875,Respeck,Sitting bent forward,4,s1998909,,Respeck_s1998909_Sitting bent forward_03-10-2022_16-04-13
1664809438553,0.35131836,-0.9089966,0.057800293,-1.1875,-0.453125,-0.625,Respeck,Sitting bent forward,4,s1998909,,Respeck_s1998909_Sitting bent forward_03-10-2022_16-04-13
1664809438587,0.34643555,-0.90826416,0.051208496,-1.140625,-0.390625,-0.3125,Respeck,Sitting bent forward,4,s1998909,,Respeck_s1998909_Sitting bent forward_03-10-2022_16-04-13
1664809438632,0.34692383,-0.9043579,0.058288574,-1.46875,-0.421875,-0.515625,Respeck,Sitting bent forward,4,s1998909,,Respeck_s1998909_Sitting bent forward_03-10-2022_16-04-13
1664809438665,0.34765625,-0.9102173,0.0680542,-1.34375,-0.140625,-0.4375,Respeck,Sitting bent forward,4,s1998909,,Respeck_s1998909_Sitting bent forward_03-10-2022_16-04-13
1664809438710,0.35058594,-0.91119385,0.0680542,-1.765625,0.125,-0.734375,Respeck,Sitting bent forward,4,s1998909,,Respeck_s1998909_Sitting bent forward_03-10-2022_16-04-13
1664809438745,0.34692383,-0.9085083,0.07342529,-1.640625,0.25,-0.671875,Respeck,Sitting bent forward,4,s1998909,,Respeck_s1998909_Sitting bent forward_03-10-2022_16-04-13
1664809438790,0.34838867,-0.90093994,0.08001709,-0.703125,0.0,-0.046875,Respeck,Sitting bent forward,4,s1998909,,Respeck_s1998909_Sitting bent forward_03-10-2022_16-04-13
1664809438823,0.35229492,-0.91485596,0.07171631,-1.140625,0.015625,-0.140625,Respeck,Sitting bent forward,4,s1998909,,Respeck_s1998909_Sitting bent forward_03-10-2022_16-04-13
1664809438870,0.35424805,-0.9085083,0.08709717,-1.234375,0.609375,-0.421875,Respeck,Sitting bent forward,4,s1998909,,Respeck_s1998909_Sitting bent forward_03-10-2022_16-04-13
1664809438902,0.35253906,-0.9024048,0.0758667,1.203125,0.53125,-0.328125,Respeck,Sitting bent forward,4,s1998909,,Respeck_s1998909_Sitting bent forward_03-10-2022_16-04-13
1664809438948,0.34765625,-0.9155884,0.06365967,-2.28125,0.015625,-0.734375,Respeck,Sitting bent forward,4,s1998909,,Respeck_s1998909_Sitting bent forward_03-10-2022_16-04-13
1664809438980,0.34521484,-0.90582275,0.090026855,-1.640625,-0.046875,-1.0,Respeck,Sitting bent forward,4,s1998909,,Respeck_s1998909_Sitting bent forward_03-10-2022_16-04-13
1664809439026,0.3408203,-0.90338135,0.07977295,-0.125,0.484375,-0.109375,Respeck,Sitting bent forward,4,s1998909,,Respeck_s1998909_Sitting bent forward_03-10-2022_16-04-13
1664809439073,0.3449707,-0.9116821,0.07977295,-0.609375,0.625,-0.359375,Respeck,Sitting bent forward,4,s1998909,,Respeck_s1998909_Sitting bent forward_03-10-2022_16-04-13
1664809439104,0.3503418,-0.9158325,0.0770874,-0.46875,0.6875,-0.53125,Respeck,Sitting bent forward,4,s1998909,,Respeck_s1998909_Sitting bent forward_03-10-2022_16-04-13
1664809439184,0.34985352,-0.9126587,0.07147217,0.421875,1.265625,-0.5625,Respeck,Sitting bent forward,4,s1998909,,Respeck_s1998909_Sitting bent forward_03-10-2022_16-04-13
1664809439186,0.34399414,-0.9048462,0.078552246,0.59375,0.765625,-0.171875,Respeck,Sitting bent forward,4,s1998909,,Respeck_s1998909_Sitting bent forward_03-10-2022_16-04-13
1664809439228,0.34350586,-0.9121704,0.078552246,-0.171875,0.796875,-0.4375,Respeck,Sitting bent forward,4,s1998909,,Respeck_s1998909_Sitting bent forward_03-10-2022_16-04-13
1664809439262,0.3408203,-0.90948486,0.08270264,0.03125,0.53125,-0.390625,Respeck,Sitting bent forward,4,s1998909,,Respeck_s1998909_Sitting bent forward_03-10-2022_16-04-13
1664809439308,0.3503418,-0.91729736,0.062927246,0.640625,0.765625,-0.0625,Respeck,Sitting bent forward,4,s1998909,,Respeck_s1998909_Sitting bent forward_03-10-2022_16-04-13
1664809439340,0.34985352,-0.90411377,0.07611084,0.3125,0.765625,-0.59375,Respeck,Sitting bent forward,4,s1998909,,Respeck_s1998909_Sitting bent forward_03-10-2022_16-04-13
1664809439392,0.3474121,-0.90753174,0.0770874,-0.015625,0.78125,-0.609375,Respeck,Sitting bent forward,4,s1998909,,Respeck_s1998909_Sitting bent forward_03-10-2022_16-04-13
1664809439420,0.34887695,-0.9126587,0.06536865,-0.15625,1.421875,-0.890625,Respeck,Sitting bent forward,4,s1998909,,Respeck_s1998909_Sitting bent forward_03-10-2022_16-04-13
1664809439464,0.3400879,-0.90997314,0.07269287,-0.046875,0.84375,-0.5625,Respeck,Sitting bent forward,4,s1998909,,Respeck_s1998909_Sitting bent forward_03-10-2022_16-04-13
1664809439498,0.34399414,-0.90826416,0.07904053,0.25,0.359375,-0.234375,Respeck,Sitting bent forward,4,s1998909,,Respeck_s1998909_Sitting bent forward_03-10-2022_16-04-13
1664809439543,0.34350586,-0.9121704,0.07366943,0.078125,0.40625,-0.34375,Respeck,Sitting bent forward,4,s1998909,,Respeck_s1998909_Sitting bent forward_03-10-2022_16-04-13
1664809439577,0.34594727,-0.9060669,0.07220459,0.296875,-0.03125,-0.0625,Respeck,Sitting bent forward,4,s1998909,,Respeck_s1998909_Sitting bent forward_03-10-2022_16-04-13
1664809439622,0.34472656,-0.90509033,0.07904053,0.265625,0.203125,-0.15625,Respeck,Sitting bent forward,4,s1998909,,Respeck_s1998909_Sitting bent forward_03-10-2022_16-04-13
1664809439655,0.3466797,-0.91290283,0.07659912,0.046875,0.03125,-0.203125,Respeck,Sitting bent forward,4,s1998909,,Respeck_s1998909_Sitting bent forward_03-10-2022_16-04-13
1664809439700,0.34326172,-0.90875244,0.07659912,0.78125,-0.21875,0.046875,Respeck,Sitting bent forward,4,s1998909,,Respeck_s1998909_Sitting bent forward_03-10-2022_16-04-13
1664809439733,0.35546875,-0.92071533,0.055847168,-0.03125,0.34375,-0.5,Respeck,Sitting bent forward,4,s1998909,,Respeck_s1998909_Sitting bent forward_03-10-2022_16-04-13
1664809439781,0.33984375,-0.89019775,0.0927124,0.671875,0.421875,-0.296875,Respeck,Sitting bent forward,4,s1998909,,Respeck_s1998909_Sitting bent forward_03-10-2022_16-04-13
1664809439813,0.35131836,-0.9187622,0.06585693,1.421875,0.5,-0.296875,Respeck,Sitting bent forward,4,s1998909,,Respeck_s1998909_Sitting bent forward_03-10-2022_16-04-13
1664809439861,0.34277344,-0.91534424,0.061462402,-1.09375,-0.84375,-0.625,Respeck,Sitting bent forward,4,s1998909,,Respeck_s1998909_Sitting bent forward_03-10-2022_16-04-13
1664809439891,0.34155273,-0.9031372,0.08782959,-0.046875,-1.1875,-0.546875,Respeck,Sitting bent forward,4,s1998909,,Respeck_s1998909_Sitting bent forward_03-10-2022_16-04-13
1664809439936,0.34228516,-0.9065552,0.066833496,0.46875,-0.75,0.234375,Respeck,Sitting bent forward,4,s1998909,,Respeck_s1998909_Sitting bent forward_03-10-2022_16-04-13
1664809439971,0.34887695,-0.9102173,0.07318115,0.03125,-1.125,-0.296875,Respeck,Sitting bent forward,4,s1998909,,Respeck_s1998909_Sitting bent forward_03-10-2022_16-04-13
1664809440016,0.3486328,-0.909729,0.070739746,0.703125,-0.65625,-0.03125,Respeck,Sitting bent forward,4,s1998909,,Respeck_s1998909_Sitting bent forward_03-10-2022_16-04-13
1664809440048,0.34960938,-0.90802,0.06512451,0.90625,-0.015625,0.171875,Respeck,Sitting bent forward,4,s1998909,,Respeck_s1998909_Sitting bent forward_03-10-2022_16-04-13
1664809440093,0.34936523,-0.9102173,0.077819824,1.3125,-0.09375,0.015625,Respeck,Sitting bent forward,4,s1998909,,Respeck_s1998909_Sitting bent forward_03-10-2022_16-04-13
1664809440129,0.3400879,-0.91070557,0.07269287,0.75,0.234375,-0.359375,Respeck,Sitting bent forward,4,s1998909,,Respeck_s1998909_Sitting bent forward_03-10-2022_16-04-13
1664809440172,0.34545898,-0.91656494,0.07122803,1.21875,0.484375,-0.046875,Respeck,Sitting bent forward,4,s1998909,,Respeck_s1998909_Sitting bent forward_03-10-2022_16-04-13
1664809440206,0.3564453,-0.9060669,0.06390381,2.09375,0.421875,0.421875,Respeck,Sitting bent forward,4,s1998909,,Respeck_s1998909_Sitting bent forward_03-10-2022_16-04-13
1664809440251,0.35546875,-0.9092407,0.06732178,0.859375,0.296875,-0.078125,Respeck,Sitting bent forward,4,s1998909,,Respeck_s1998909_Sitting bent forward_03-10-2022_16-04-13
1664809440286,0.34814453,-0.9121704,0.06048584,0.515625,-0.171875,-0.03125,Respeck,Sitting bent forward,4,s1998909,,Respeck_s1998909_Sitting bent forward_03-10-2022_16-04-13
1664809440331,0.34960938,-0.9055786,0.06512451,0.9375,0.28125,0.234375,Respeck,Sitting bent forward,4,s1998909,,Respeck_s1998909_Sitting bent forward_03-10-2022_16-04-13
1664809440362,0.35107422,-0.9036255,0.06317139,0.796875,0.09375,0.078125,Respeck,Sitting bent forward,4,s1998909,,Respeck_s1998909_Sitting bent forward_03-10-2022_16-04-13
1664809440410,0.34887695,-0.90875244,0.058288574,0.90625,0.1875,0.046875,Respeck,Sitting bent forward,4,s1998909,,Respeck_s1998909_Sitting bent forward_03-10-2022_16-04-13
1664809440454,0.34692383,-0.90826416,0.06341553,0.34375,0.0625,-0.140625,Respeck,Sitting bent forward,4,s1998909,,Respeck_s1998909_Sitting bent forward_03-10-2022_16-04-13
1664809440487,0.34936523,-0.9031372,0.055603027,0.75,-0.109375,0.140625,Respeck,Sitting bent forward,4,s1998909,,Respeck_s1998909_Sitting bent forward_03-10-2022_16-04-13
1664809440533,0.3486328,-0.90948486,0.05657959,0.96875,0.546875,-0.046875,Respeck,Sitting bent forward,4,s1998909,,Respeck_s1998909_Sitting bent forward_03-10-2022_16-04-13
1664809440567,0.3527832,-0.9138794,0.050720215,0.8125,0.40625,-0.203125,Respeck,Sitting bent forward,4,s1998909,,Respeck_s1998909_Sitting bent forward_03-10-2022_16-04-13
1664809440611,0.3540039,-0.911438,0.04876709,1.09375,0.15625,0.21875,Respeck,Sitting bent forward,4,s1998909,,Respeck_s1998909_Sitting bent forward_03-10-2022_16-04-13
1664809440646,0.35253906,-0.91192627,0.06121826,-0.03125,0.609375,-0.640625,Respeck,Sitting bent forward,4,s1998909,,Respeck_s1998909_Sitting bent forward_03-10-2022_16-04-13
1664809440692,0.3540039,-0.9053345,0.053894043,2.015625,0.734375,-0.390625,Respeck,Sitting bent forward,4,s1998909,,Respeck_s1998909_Sitting bent forward_03-10-2022_16-04-13
1664809440723,0.3491211,-0.9209595,0.030212402,-1.046875,-0.125,-0.609375,Respeck,Sitting bent forward,4,s1998909,,Respeck_s1998909_Sitting bent forward_03-10-2022_16-04-13
1664809440768,0.35058594,-0.9102173,0.06072998,-0.859375,-0.25,-0.640625,Respeck,Sitting bent forward,4,s1998909,,Respeck_s1998909_Sitting bent forward_03-10-2022_16-04-13
1664809440804,0.3461914,-0.90826416,0.057556152,0.21875,0.34375,-0.375,Respeck,Sitting bent forward,4,s1998909,,Respeck_s1998909_Sitting bent forward_03-10-2022_16-04-13
1664809440848,0.34814453,-0.9043579,0.049987793,-0.890625,-0.234375,-0.34375,Respeck,Sitting bent forward,4,s1998909,,Respeck_s1998909_Sitting bent forward_03-10-2022_16-04-13
1664809440882,0.3515625,-0.9053345,0.051208496,-0.59375,-0.1875,-0.265625,Respeck,Sitting bent forward,4,s1998909,,Respeck_s1998909_Sitting bent forward_03-10-2022_16-04-13
1664809440926,0.34814453,-0.9048462,0.06072998,0.0,0.40625,-0.171875,Respeck,Sitting bent forward,4,s1998909,,Respeck_s1998909_Sitting bent forward_03-10-2022_16-04-13
1664809440960,0.35058594,-0.9126587,0.054382324,0.03125,0.046875,-0.078125,Respeck,Sitting bent forward,4,s1998909,,Respeck_s1998909_Sitting bent forward_03-10-2022_16-04-13
1664809441007,0.3527832,-0.9077759,0.057800293,-0.515625,0.0625,-0.484375,Respeck,Sitting bent forward,4,s1998909,,Respeck_s1998909_Sitting bent forward_03-10-2022_16-04-13
1664809441038,0.35253906,-0.9102173,0.06072998,-0.640625,-0.265625,-0.546875,Respeck,Sitting bent forward,4,s1998909,,Respeck_s1998909_Sitting bent forward_03-10-2022_16-04-13
1664809441083,0.35009766,-0.9055786,0.062927246,0.09375,0.078125,0.09375,Respeck,Sitting bent forward,4,s1998909,,Respeck_s1998909_Sitting bent forward_03-10-2022_16-04-13
1664809441118,0.35229492,-0.9038696,0.05609131,0.140625,-0.03125,-0.171875,Respeck,Sitting bent forward,4,s1998909,,Respeck_s1998909_Sitting bent forward_03-10-2022_16-04-13
1664809441166,0.3569336,-0.91192627,0.051452637,-0.953125,-0.234375,-0.53125,Respeck,Sitting bent forward,4,s1998909,,Respeck_s1998909_Sitting bent forward_03-10-2022_16-04-13
1664809441196,0.35180664,-0.91192627,0.05731201,-0.984375,-0.234375,-0.34375,Respeck,Sitting bent forward,4,s1998909,,Respeck_s1998909_Sitting bent forward_03-10-2022_16-04-13
1664809441241,0.3449707,-0.90509033,0.0602417,-0.78125,-0.390625,0.03125,Respeck,Sitting bent forward,4,s1998909,,Respeck_s1998909_Sitting bent forward_03-10-2022_16-04-13
1664809441275,0.35620117,-0.91119385,0.06072998,-0.71875,-0.171875,-0.25,Respeck,Sitting bent forward,4,s1998909,,Respeck_s1998909_Sitting bent forward_03-10-2022_16-04-13
1664809441331,0.3474121,-0.90704346,0.066101074,-0.796875,-0.28125,-0.328125,Respeck,Sitting bent forward,4,s1998909,,Respeck_s1998909_Sitting bent forward_03-10-2022_16-04-13
1664809441355,0.3515625,-0.9155884,0.06512451,-0.546875,-0.09375,-0.0625,Respeck,Sitting bent forward,4,s1998909,,Respeck_s1998909_Sitting bent forward_03-10-2022_16-04-13
1664809441398,0.3540039,-0.9121704,0.061950684,-0.6875,-0.015625,-0.0625,Respeck,Sitting bent forward,4,s1998909,,Respeck_s1998909_Sitting bent forward_03-10-2022_16-04-13
1664809441435,0.34887695,-0.9053345,0.06854248,-0.59375,-0.28125,-0.484375,Respeck,Sitting bent forward,4,s1998909,,Respeck_s1998909_Sitting bent forward_03-10-2022_16-04-13
1664809441478,0.3564453,-0.913147,0.06048584,-1.171875,0.15625,-0.375,Respeck,Sitting bent forward,4,s1998909,,Respeck_s1998909_Sitting bent forward_03-10-2022_16-04-13
1664809441513,0.3479004,-0.8987427,0.078552246,-0.90625,0.40625,-0.75,Respeck,Sitting bent forward,4,s1998909,,Respeck_s1998909_Sitting bent forward_03-10-2022_16-04-13
1664809441556,0.34936523,-0.9067993,0.06854248,1.03125,0.578125,-0.390625,Respeck,Sitting bent forward,4,s1998909,,Respeck_s1998909_Sitting bent forward_03-10-2022_16-04-13
1664809441592,0.3527832,-0.9192505,0.057800293,-2.609375,-0.265625,-1.03125,Respeck,Sitting bent forward,4,s1998909,,Respeck_s1998909_Sitting bent forward_03-10-2022_16-04-13
1664809441638,0.34399414,-0.90802,0.08001709,-1.75,-0.609375,-0.796875,Respeck,Sitting bent forward,4,s1998909,,Respeck_s1998909_Sitting bent forward_03-10-2022_16-04-13
1664809441669,0.35302734,-0.9065552,0.07220459,-0.78125,0.078125,-0.453125,Respeck,Sitting bent forward,4,s1998909,,Respeck_s1998909_Sitting bent forward_03-10-2022_16-04-13
1664809441715,0.35009766,-0.9072876,0.073913574,-1.28125,0.109375,-0.59375,Respeck,Sitting bent forward,4,s1998909,,Respeck_s1998909_Sitting bent forward_03-10-2022_16-04-13
1664809441770,0.34594727,-0.90802,0.07977295,-0.671875,0.40625,-0.734375,Respeck,Sitting bent forward,4,s1998909,,Respeck_s1998909_Sitting bent forward_03-10-2022_16-04-13
1664809441793,0.34716797,-0.911438,0.07098389,-0.03125,1.03125,-0.53125,Respeck,Sitting bent forward,4,s1998909,,Respeck_s1998909_Sitting bent forward_03-10-2022_16-04-13
1664809441840,0.3449707,-0.911438,0.0836792,0.640625,0.75,-0.015625,Respeck,Sitting bent forward,4,s1998909,,Respeck_s1998909_Sitting bent forward_03-10-2022_16-04-13
1664809441871,0.3515625,-0.90948486,0.070007324,-0.375,0.46875,-0.546875,Respeck,Sitting bent forward,4,s1998909,,Respeck_s1998909_Sitting bent forward_03-10-2022_16-04-13
1664809441916,0.34765625,-0.90582275,0.07733154,0.03125,0.609375,-0.203125,Respeck,Sitting bent forward,4,s1998909,,Respeck_s1998909_Sitting bent forward_03-10-2022_16-04-13
1664809441952,0.35131836,-0.9053345,0.07147217,0.921875,0.578125,0.078125,Respeck,Sitting bent forward,4,s1998909,,Respeck_s1998909_Sitting bent forward_03-10-2022_16-04-13
1664809441998,0.35205078,-0.9043579,0.07342529,0.25,0.671875,-0.34375,Respeck,Sitting bent forward,4,s1998909,,Respeck_s1998909_Sitting bent forward_03-10-2022_16-04-13
1664809442030,0.34033203,-0.913147,0.07269287,-0.390625,0.375,-0.59375,Respeck,Sitting bent forward,4,s1998909,,Respeck_s1998909_Sitting bent forward_03-10-2022_16-04-13
1664809442074,0.3474121,-0.9036255,0.07293701,0.03125,0.265625,-0.140625,Respeck,Sitting bent forward,4,s1998909,,Respeck_s1998909_Sitting bent forward_03-10-2022_16-04-13
1664809442108,0.3461914,-0.9077759,0.07684326,-0.296875,0.28125,-0.171875,Respeck,Sitting bent forward,4,s1998909,,Respeck_s1998909_Sitting bent forward_03-10-2022_16-04-13
1664809442154,0.34545898,-0.90802,0.07659912,0.25,0.3125,-0.046875,Respeck,Sitting bent forward,4,s1998909,,Respeck_s1998909_Sitting bent forward_03-10-2022_16-04-13
1664809442187,0.34594727,-0.9072876,0.074401855,0.0625,-0.125,-0.203125,Respeck,Sitting bent forward,4,s1998909,,Respeck_s1998909_Sitting bent forward_03-10-2022_16-04-13
1664809442232,0.34521484,-0.91070557,0.078063965,0.1875,-0.09375,-0.125,Respeck,Sitting bent forward,4,s1998909,,Respeck_s1998909_Sitting bent forward_03-10-2022_16-04-13
1664809442265,0.34155273,-0.9048462,0.07977295,0.53125,-0.03125,0.0625,Respeck,Sitting bent forward,4,s1998909,,Respeck_s1998909_Sitting bent forward_03-10-2022_16-04-13
1664809442313,0.34936523,-0.9036255,0.07635498,0.359375,-0.25,-0.171875,Respeck,Sitting bent forward,4,s1998909,,Respeck_s1998909_Sitting bent forward_03-10-2022_16-04-13
1664809442344,0.35668945,-0.9036255,0.07684326,0.28125,-0.375,-0.078125,Respeck,Sitting bent forward,4,s1998909,,Respeck_s1998909_Sitting bent forward_03-10-2022_16-04-13
1664809442389,0.3540039,-0.9116821,0.06561279,0.734375,-0.4375,0.140625,Respeck,Sitting bent forward,4,s1998909,,Respeck_s1998909_Sitting bent forward_03-10-2022_16-04-13
1664809442422,0.35327148,-0.91363525,0.07220459,-1.0625,-0.4375,-0.546875,Respeck,Sitting bent forward,4,s1998909,,Respeck_s1998909_Sitting bent forward_03-10-2022_16-04-13
1664809442468,0.34179688,-0.89849854,0.08856201,1.84375,0.21875,0.03125,Respeck,Sitting bent forward,4,s1998909,,Respeck_s1998909_Sitting bent forward_03-10-2022_16-04-13
1664809442502,0.35791016,-0.9241333,0.058044434,0.03125,0.125,-0.421875,Respeck,Sitting bent forward,4,s1998909,,Respeck_s1998909_Sitting bent forward_03-10-2022_16-04-13
1664809442548,0.3486328,-0.91485596,0.08514404,-1.03125,-0.59375,-0.40625,Respeck,Sitting bent forward,4,s1998909,,Respeck_s1998909_Sitting bent forward_03-10-2022_16-04-13
1664809442580,0.34545898,-0.90045166,0.082458496,1.03125,0.328125,-0.171875,Respeck,Sitting bent forward,4,s1998909,,Respeck_s1998909_Sitting bent forward_03-10-2022_16-04-13
1664809442625,0.3486328,-0.9092407,0.06585693,0.921875,0.515625,0.015625,Respeck,Sitting bent forward,4,s1998909,,Respeck_s1998909_Sitting bent forward_03-10-2022_16-04-13
1664809442660,0.35498047,-0.9104614,0.070739746,0.3125,0.328125,-0.171875,Respeck,Sitting bent forward,4,s1998909,,Respeck_s1998909_Sitting bent forward_03-10-2022_16-04-13
1664809442706,0.34985352,-0.9065552,0.070495605,1.4375,0.265625,0.046875,Respeck,Sitting bent forward,4,s1998909,,Respeck_s1998909_Sitting bent forward_03-10-2022_16-04-13
1664809442739,0.3515625,-0.9055786,0.06756592,1.578125,0.65625,-0.09375,Respeck,Sitting bent forward,4,s1998909,,Respeck_s1998909_Sitting bent forward_03-10-2022_16-04-13
1664809442783,0.35107422,-0.9048462,0.06781006,1.46875,0.53125,-0.140625,Respeck,Sitting bent forward,4,s1998909,,Respeck_s1998909_Sitting bent forward_03-10-2022_16-04-13
1664809442816,0.34448242,-0.9109497,0.06097412,0.84375,0.421875,-0.375,Respeck,Sitting bent forward,4,s1998909,,Respeck_s1998909_Sitting bent forward_03-10-2022_16-04-13
1664809442863,0.35375977,-0.90875244,0.06097412,1.375,0.71875,0.078125,Respeck,Sitting bent forward,4,s1998909,,Respeck_s1998909_Sitting bent forward_03-10-2022_16-04-13
1664809442895,0.35058594,-0.90802,0.051940918,1.84375,0.9375,0.03125,Respeck,Sitting bent forward,4,s1998909,,Respeck_s1998909_Sitting bent forward_03-10-2022_16-04-13
1664809442942,0.35424805,-0.90704346,0.055114746,0.71875,0.359375,-0.203125,Respeck,Sitting bent forward,4,s1998909,,Respeck_s1998909_Sitting bent forward_03-10-2022_16-04-13
1664809442974,0.3503418,-0.9168091,0.050720215,0.609375,0.359375,0.046875,Respeck,Sitting bent forward,4,s1998909,,Respeck_s1998909_Sitting bent forward_03-10-2022_16-04-13
1664809443020,0.3515625,-0.9055786,0.058776855,0.65625,0.5,-0.109375,Respeck,Sitting bent forward,4,s1998909,,Respeck_s1998909_Sitting bent forward_03-10-2022_16-04-13
1664809443052,0.35327148,-0.9038696,0.055847168,1.0,0.265625,-0.015625,Respeck,Sitting bent forward,4,s1998909,,Respeck_s1998909_Sitting bent forward_03-10-2022_16-04-13
1664809443098,0.35180664,-0.9031372,0.050964355,0.46875,0.1875,0.09375,Respeck,Sitting bent forward,4,s1998909,,Respeck_s1998909_Sitting bent forward_03-10-2022_16-04-13
1664809443143,0.3557129,-0.90802,0.05609131,0.625,0.078125,-0.046875,Respeck,Sitting bent forward,4,s1998909,,Respeck_s1998909_Sitting bent forward_03-10-2022_16-04-13
1664809443177,0.35473633,-0.89971924,0.051696777,0.625,0.078125,0.078125,Respeck,Sitting bent forward,4,s1998909,,Respeck_s1998909_Sitting bent forward_03-10-2022_16-04-13
1664809443223,0.3540039,-0.90826416,0.04949951,0.0,0.265625,-0.109375,Respeck,Sitting bent forward,4,s1998909,,Respeck_s1998909_Sitting bent forward_03-10-2022_16-04-13
1664809443256,0.34643555,-0.9085083,0.054382324,0.296875,-0.171875,0.171875,Respeck,Sitting bent forward,4,s1998909,,Respeck_s1998909_Sitting bent forward_03-10-2022_16-04-13
1664809443304,0.3630371,-0.9077759,0.04925537,-0.796875,-0.40625,-0.109375,Respeck,Sitting bent forward,4,s1998909,,Respeck_s1998909_Sitting bent forward_03-10-2022_16-04-13
1664809443333,0.34765625,-0.8953247,0.06536865,-0.625,0.140625,-0.5625,Respeck,Sitting bent forward,4,s1998909,,Respeck_s1998909_Sitting bent forward_03-10-2022_16-04-13
1664809443380,0.36206055,-0.91119385,0.04486084,0.375,0.140625,-0.34375,Respeck,Sitting bent forward,4,s1998909,,Respeck_s1998909_Sitting bent forward_03-10-2022_16-04-13
1664809443413,0.35766602,-0.9163208,0.046569824,-2.671875,-0.234375,-0.8125,Respeck,Sitting bent forward,4,s1998909,,Respeck_s1998909_Sitting bent forward_03-10-2022_16-04-13
1664809443459,0.35229492,-0.9077759,0.06414795,-1.390625,-0.453125,-0.828125,Respeck,Sitting bent forward,4,s1998909,,Respeck_s1998909_Sitting bent forward_03-10-2022_16-04-13
1664809443491,0.34399414,-0.9043579,0.05633545,-0.984375,-0.03125,-0.28125,Respeck,Sitting bent forward,4,s1998909,,Respeck_s1998909_Sitting bent forward_03-10-2022_16-04-13
1664809443537,0.35205078,-0.9055786,0.061950684,-1.328125,-0.390625,-0.375,Respeck,Sitting bent forward,4,s1998909,,Respeck_s1998909_Sitting bent forward_03-10-2022_16-04-13
1664809443570,0.35742188,-0.9109497,0.055358887,-1.1875,-0.265625,-0.46875,Respeck,Sitting bent forward,4,s1998909,,Respeck_s1998909_Sitting bent forward_03-10-2022_16-04-13
1664809443615,0.35375977,-0.909729,0.062927246,-0.015625,0.34375,-0.40625,Respeck,Sitting bent forward,4,s1998909,,Respeck_s1998909_Sitting bent forward_03-10-2022_16-04-13
1664809443648,0.34765625,-0.9043579,0.06756592,-0.03125,0.171875,-0.03125,Respeck,Sitting bent forward,4,s1998909,,Respeck_s1998909_Sitting bent forward_03-10-2022_16-04-13
1664809443694,0.34936523,-0.911438,0.062927246,-0.71875,0.453125,-0.421875,Respeck,Sitting bent forward,4,s1998909,,Respeck_s1998909_Sitting bent forward_03-10-2022_16-04-13
1664809443727,0.35229492,-0.9116821,0.06585693,-0.5,0.296875,-0.515625,Respeck,Sitting bent forward,4,s1998909,,Respeck_s1998909_Sitting bent forward_03-10-2022_16-04-13
1664809443772,0.35180664,-0.9011841,0.06121826,0.015625,0.484375,-0.171875,Respeck,Sitting bent forward,4,s1998909,,Respeck_s1998909_Sitting bent forward_03-10-2022_16-04-13
1664809443807,0.35375977,-0.9104614,0.070739746,-0.4375,0.4375,-0.21875,Respeck,Sitting bent forward,4,s1998909,,Respeck_s1998909_Sitting bent forward_03-10-2022_16-04-13
1664809443851,0.3527832,-0.9072876,0.06878662,-0.609375,-0.046875,-0.234375,Respeck,Sitting bent forward,4,s1998909,,Respeck_s1998909_Sitting bent forward_03-10-2022_16-04-13
1664809443886,0.3466797,-0.90411377,0.070007324,-0.5,0.296875,-0.40625,Respeck,Sitting bent forward,4,s1998909,,Respeck_s1998909_Sitting bent forward_03-10-2022_16-04-13
1664809443932,0.35473633,-0.91363525,0.06829834,-0.328125,0.25,-0.3125,Respeck,Sitting bent forward,4,s1998909,,Respeck_s1998909_Sitting bent forward_03-10-2022_16-04-13
1664809443963,0.3552246,-0.90875244,0.06585693,-0.09375,0.3125,-0.046875,Respeck,Sitting bent forward,4,s1998909,,Respeck_s1998909_Sitting bent forward_03-10-2022_16-04-13
1664809444009,0.35668945,-0.90509033,0.06854248,-0.015625,0.390625,-0.125,Respeck,Sitting bent forward,4,s1998909,,Respeck_s1998909_Sitting bent forward_03-10-2022_16-04-13
1664809444043,0.3552246,-0.911438,0.06903076,0.421875,0.9375,-0.078125,Respeck,Sitting bent forward,4,s1998909,,Respeck_s1998909_Sitting bent forward_03-10-2022_16-04-13
1664809444088,0.35717773,-0.90997314,0.05731201,0.234375,0.9375,-0.59375,Respeck,Sitting bent forward,4,s1998909,,Respeck_s1998909_Sitting bent forward_03-10-2022_16-04-13
1664809444121,0.3466797,-0.90460205,0.061462402,0.5625,0.5,-0.34375,Respeck,Sitting bent forward,4,s1998909,,Respeck_s1998909_Sitting bent forward_03-10-2022_16-04-13
1664809444167,0.35766602,-0.9143677,0.055603027,-1.03125,0.640625,-0.578125,Respeck,Sitting bent forward,4,s1998909,,Respeck_s1998909_Sitting bent forward_03-10-2022_16-04-13
1664809444201,0.34350586,-0.89727783,0.07928467,0.75,0.78125,-0.640625,Respeck,Sitting bent forward,4,s1998909,,Respeck_s1998909_Sitting bent forward_03-10-2022_16-04-13
1664809444246,0.3527832,-0.92071533,0.051940918,0.234375,0.546875,-0.796875,Respeck,Sitting bent forward,4,s1998909,,Respeck_s1998909_Sitting bent forward_03-10-2022_16-04-13
1664809444278,0.35180664,-0.9158325,0.059020996,-2.8125,-0.71875,-0.96875,Respeck,Sitting bent forward,4,s1998909,,Respeck_s1998909_Sitting bent forward_03-10-2022_16-04-13
1664809444323,0.34545898,-0.9011841,0.08758545,-0.53125,0.234375,-0.921875,Respeck,Sitting bent forward,4,s1998909,,Respeck_s1998909_Sitting bent forward_03-10-2022_16-04-13
1664809444358,0.34423828,-0.90460205,0.054626465,-0.296875,0.515625,-0.125,Respeck,Sitting bent forward,4,s1998909,,Respeck_s1998909_Sitting bent forward_03-10-2022_16-04-13
1664809444404,0.35229492,-0.90460205,0.070251465,-0.6875,0.328125,-0.375,Respeck,Sitting bent forward,4,s1998909,,Respeck_s1998909_Sitting bent forward_03-10-2022_16-04-13
1664809444436,0.35327148,-0.9038696,0.07562256,0.015625,0.4375,-0.546875,Respeck,Sitting bent forward,4,s1998909,,Respeck_s1998909_Sitting bent forward_03-10-2022_16-04-13
1664809444482,0.34716797,-0.90167236,0.061950684,0.53125,0.609375,-0.46875,Respeck,Sitting bent forward,4,s1998909,,Respeck_s1998909_Sitting bent forward_03-10-2022_16-04-13
1664809444526,0.35302734,-0.9011841,0.070007324,0.890625,0.4375,-0.171875,Respeck,Sitting bent forward,4,s1998909,,Respeck_s1998909_Sitting bent forward_03-10-2022_16-04-13
1664809444560,0.3383789,-0.91119385,0.070251465,-0.078125,0.328125,-0.34375,Respeck,Sitting bent forward,4,s1998909,,Respeck_s1998909_Sitting bent forward_03-10-2022_16-04-13
1664809444607,0.3503418,-0.911438,0.062927246,0.296875,0.140625,-0.078125,Respeck,Sitting bent forward,4,s1998909,,Respeck_s1998909_Sitting bent forward_03-10-2022_16-04-13
1664809444640,0.35009766,-0.90826416,0.07122803,0.6875,0.296875,0.125,Respeck,Sitting bent forward,4,s1998909,,Respeck_s1998909_Sitting bent forward_03-10-2022_16-04-13
1664809444685,0.34985352,-0.9104614,0.06390381,0.0,0.46875,-0.28125,Respeck,Sitting bent forward,4,s1998909,,Respeck_s1998909_Sitting bent forward_03-10-2022_16-04-13
1664809444719,0.35253906,-0.91363525,0.057800293,-0.34375,0.0,0.015625,Respeck,Sitting bent forward,4,s1998909,,Respeck_s1998909_Sitting bent forward_03-10-2022_16-04-13
1664809444766,0.35205078,-0.91485596,0.06048584,-0.109375,0.265625,-0.1875,Respeck,Sitting bent forward,4,s1998909,,Respeck_s1998909_Sitting bent forward_03-10-2022_16-04-13
1664809444796,0.34228516,-0.9077759,0.06829834,0.140625,0.328125,-0.21875,Respeck,Sitting bent forward,4,s1998909,,Respeck_s1998909_Sitting bent forward_03-10-2022_16-04-13
1664809444842,0.35205078,-0.90753174,0.06463623,0.03125,0.046875,-0.296875,Respeck,Sitting bent forward,4,s1998909,,Respeck_s1998909_Sitting bent forward_03-10-2022_16-04-13
1664809444876,0.3503418,-0.90875244,0.073913574,-0.234375,-0.15625,-0.359375,Respeck,Sitting bent forward,4,s1998909,,Respeck_s1998909_Sitting bent forward_03-10-2022_16-04-13
1664809444923,0.34960938,-0.9092407,0.06756592,0.609375,-0.171875,0.015625,Respeck,Sitting bent forward,4,s1998909,,Respeck_s1998909_Sitting bent forward_03-10-2022_16-04-13
1664809444955,0.35253906,-0.9024048,0.0692749,0.921875,0.0,0.109375,Respeck,Sitting bent forward,4,s1998909,,Respeck_s1998909_Sitting bent forward_03-10-2022_16-04-13
1664809444999,0.35009766,-0.9104614,0.070251465,0.046875,-0.796875,0.046875,Respeck,Sitting bent forward,4,s1998909,,Respeck_s1998909_Sitting bent forward_03-10-2022_16-04-13
1664809445032,0.3474121,-0.91363525,0.057556152,-0.3125,-1.4375,0.140625,Respeck,Sitting bent forward,4,s1998909,,Respeck_s1998909_Sitting bent forward_03-10-2022_16-04-13
1664809445080,0.3552246,-0.9089966,0.07562256,-0.765625,-0.609375,-0.375,Respeck,Sitting bent forward,4,s1998909,,Respeck_s1998909_Sitting bent forward_03-10-2022_16-04-13
1664809445112,0.34423828,-0.90167236,0.073913574,1.640625,0.015625,0.0625,Respeck,Sitting bent forward,4,s1998909,,Respeck_s1998909_Sitting bent forward_03-10-2022_16-04-13
1664809445156,0.35253906,-0.9146118,0.042907715,-0.65625,-0.4375,-0.59375,Respeck,Sitting bent forward,4,s1998909,,Respeck_s1998909_Sitting bent forward_03-10-2022_16-04-13
1664809445192,0.3461914,-0.91119385,0.082458496,-0.953125,-1.109375,-0.640625,Respeck,Sitting bent forward,4,s1998909,,Respeck_s1998909_Sitting bent forward_03-10-2022_16-04-13
1664809445238,0.3479004,-0.89923096,0.07733154,1.421875,0.171875,-0.234375,Respeck,Sitting bent forward,4,s1998909,,Respeck_s1998909_Sitting bent forward_03-10-2022_16-04-13
1664809445269,0.35083008,-0.9109497,0.058288574,0.484375,-0.078125,-0.03125,Respeck,Sitting bent forward,4,s1998909,,Respeck_s1998909_Sitting bent forward_03-10-2022_16-04-13
1664809445316,0.3515625,-0.9053345,0.06878662,0.390625,-0.28125,-0.5625,Respeck,Sitting bent forward,4,s1998909,,Respeck_s1998909_Sitting bent forward_03-10-2022_16-04-13
1664809445347,0.3618164,-0.90826416,0.06585693,2.015625,0.703125,0.09375,Respeck,Sitting bent forward,4,s1998909,,Respeck_s1998909_Sitting bent forward_03-10-2022_16-04-13
1664809445395,0.3486328,-0.90289307,0.05682373,1.203125,0.5,-0.125,Respeck,Sitting bent forward,4,s1998909,,Respeck_s1998909_Sitting bent forward_03-10-2022_16-04-13
1664809445427,0.3486328,-0.91070557,0.062438965,1.234375,0.46875,-0.25,Respeck,Sitting bent forward,4,s1998909,,Respeck_s1998909_Sitting bent forward_03-10-2022_16-04-13
1664809445473,0.3552246,-0.9109497,0.05999756,0.703125,0.453125,-0.46875,Respeck,Sitting bent forward,4,s1998909,,Respeck_s1998909_Sitting bent forward_03-10-2022_16-04-13
1664809445507,0.35229492,-0.9089966,0.06097412,1.703125,0.453125,0.078125,Respeck,Sitting bent forward,4,s1998909,,Respeck_s1998909_Sitting bent forward_03-10-2022_16-04-13
1664809445554,0.36035156,-0.9109497,0.051208496,1.4375,0.734375,-0.203125,Respeck,Sitting bent forward,4,s1998909,,Respeck_s1998909_Sitting bent forward_03-10-2022_16-04-13
1664809445584,0.3527832,-0.90948486,0.051452637,0.5,0.078125,-0.265625,Respeck,Sitting bent forward,4,s1998909,,Respeck_s1998909_Sitting bent forward_03-10-2022_16-04-13
1664809445630,0.3515625,-0.9133911,0.050964355,0.546875,0.171875,-0.078125,Respeck,Sitting bent forward,4,s1998909,,Respeck_s1998909_Sitting bent forward_03-10-2022_16-04-13
1664809445663,0.35180664,-0.90289307,0.050964355,0.921875,0.296875,0.09375,Respeck,Sitting bent forward,4,s1998909,,Respeck_s1998909_Sitting bent forward_03-10-2022_16-04-13
1664809445709,0.3527832,-0.90338135,0.054138184,0.734375,-0.046875,-0.046875,Respeck,Sitting bent forward,4,s1998909,,Respeck_s1998909_Sitting bent forward_03-10-2022_16-04-13
1664809445742,0.35302734,-0.909729,0.0524292,0.640625,0.28125,-0.0625,Respeck,Sitting bent forward,4,s1998909,,Respeck_s1998909_Sitting bent forward_03-10-2022_16-04-13
1664809445787,0.35424805,-0.91607666,0.050231934,1.015625,0.34375,0.03125,Respeck,Sitting bent forward,4,s1998909,,Respeck_s1998909_Sitting bent forward_03-10-2022_16-04-13
1664809445821,0.34814453,-0.9089966,0.042663574,0.140625,0.265625,-0.25,Respeck,Sitting bent forward,4,s1998909,,Respeck_s1998909_Sitting bent forward_03-10-2022_16-04-13
1664809445865,0.35253906,-0.9092407,0.040222168,-0.015625,-0.125,-0.125,Respeck,Sitting bent forward,4,s1998909,,Respeck_s1998909_Sitting bent forward_03-10-2022_16-04-13
1664809445913,0.35888672,-0.9089966,0.045837402,-1.34375,0.140625,-0.578125,Respeck,Sitting bent forward,4,s1998909,,Respeck_s1998909_Sitting bent forward_03-10-2022_16-04-13
1664809445945,0.3466797,-0.894104,0.07318115,0.90625,0.28125,-0.40625,Respeck,Sitting bent forward,4,s1998909,,Respeck_s1998909_Sitting bent forward_03-10-2022_16-04-13
1664809445993,0.35180664,-0.9265747,0.028259277,-0.953125,0.28125,-0.734375,Respeck,Sitting bent forward,4,s1998909,,Respeck_s1998909_Sitting bent forward_03-10-2022_16-04-13
1664809446023,0.34765625,-0.90875244,0.066833496,-1.546875,-0.65625,-0.703125,Respeck,Sitting bent forward,4,s1998909,,Respeck_s1998909_Sitting bent forward_03-10-2022_16-04-13
1664809446069,0.3461914,-0.90704346,0.057556152,-0.671875,0.4375,-0.703125,Respeck,Sitting bent forward,4,s1998909,,Respeck_s1998909_Sitting bent forward_03-10-2022_16-04-13
1664809446102,0.34936523,-0.90948486,0.043884277,-0.28125,-0.125,-0.0625,Respeck,Sitting bent forward,4,s1998909,,Respeck_s1998909_Sitting bent forward_03-10-2022_16-04-13
1664809446147,0.34960938,-0.9072876,0.04876709,-0.515625,0.109375,-0.234375,Respeck,Sitting bent forward,4,s1998909,,Respeck_s1998909_Sitting bent forward_03-10-2022_16-04-13
1664809446180,0.35424805,-0.90997314,0.0602417,-0.25,0.296875,-0.21875,Respeck,Sitting bent forward,4,s1998909,,Respeck_s1998909_Sitting bent forward_03-10-2022_16-04-13
1664809446226,0.34716797,-0.9026489,0.057800293,-0.65625,-0.140625,-0.390625,Respeck,Sitting bent forward,4,s1998909,,Respeck_s1998909_Sitting bent forward_03-10-2022_16-04-13
1664809446259,0.3527832,-0.90509033,0.053649902,-0.828125,0.1875,-0.46875,Respeck,Sitting bent forward,4,s1998909,,Respeck_s1998909_Sitting bent forward_03-10-2022_16-04-13
1664809446305,0.3491211,-0.9060669,0.06317139,-1.0625,-0.171875,-0.53125,Respeck,Sitting bent forward,4,s1998909,,Respeck_s1998909_Sitting bent forward_03-10-2022_16-04-13
1664809446339,0.35131836,-0.9092407,0.057556152,-0.078125,0.125,-0.171875,Respeck,Sitting bent forward,4,s1998909,,Respeck_s1998909_Sitting bent forward_03-10-2022_16-04-13
1664809446383,0.35375977,-0.9116821,0.06317139,-0.40625,0.203125,-0.03125,Respeck,Sitting bent forward,4,s1998909,,Respeck_s1998909_Sitting bent forward_03-10-2022_16-04-13
1664809446417,0.3581543,-0.9053345,0.06097412,-0.890625,-0.265625,-0.4375,Respeck,Sitting bent forward,4,s1998909,,Respeck_s1998909_Sitting bent forward_03-10-2022_16-04-13
1664809446462,0.35229492,-0.90802,0.055114746,-0.5625,-0.015625,-0.140625,Respeck,Sitting bent forward,4,s1998909,,Respeck_s1998909_Sitting bent forward_03-10-2022_16-04-13
1664809446495,0.34985352,-0.90509033,0.05706787,-0.9375,-0.046875,-0.171875,Respeck,Sitting bent forward,4,s1998909,,Respeck_s1998909_Sitting bent forward_03-10-2022_16-04-13
1664809446543,0.35131836,-0.90338135,0.06536865,-0.859375,-0.328125,-0.0625,Respeck,Sitting bent forward,4,s1998909,,Respeck_s1998909_Sitting bent forward_03-10-2022_16-04-13
1664809446573,0.34423828,-0.90753174,0.06951904,-0.375,-0.171875,0.1875,Respeck,Sitting bent forward,4,s1998909,,Respeck_s1998909_Sitting bent forward_03-10-2022_16-04-13
1664809446620,0.3515625,-0.9102173,0.061462402,-0.359375,0.375,-0.21875,Respeck,Sitting bent forward,4,s1998909,,Respeck_s1998909_Sitting bent forward_03-10-2022_16-04-13
1664809446652,0.35229492,-0.90582275,0.070251465,-0.1875,0.21875,-0.203125,Respeck,Sitting bent forward,4,s1998909,,Respeck_s1998909_Sitting bent forward_03-10-2022_16-04-13
1664809446698,0.36254883,-0.9085083,0.059020996,-0.8125,-0.0625,-0.234375,Respeck,Sitting bent forward,4,s1998909,,Respeck_s1998909_Sitting bent forward_03-10-2022_16-04-13
1664809446731,0.34838867,-0.90704346,0.07122803,-1.203125,0.734375,-0.875,Respeck,Sitting bent forward,4,s1998909,,Respeck_s1998909_Sitting bent forward_03-10-2022_16-04-13
1664809446778,0.3527832,-0.9102173,0.06878662,1.125,0.640625,-0.359375,Respeck,Sitting bent forward,4,s1998909,,Respeck_s1998909_Sitting bent forward_03-10-2022_16-04-13
1664809446810,0.35717773,-0.92022705,0.04901123,-2.046875,0.140625,-1.125,Respeck,Sitting bent forward,4,s1998909,,Respeck_s1998909_Sitting bent forward_03-10-2022_16-04-13
1664809446855,0.34155273,-0.8999634,0.08831787,-1.4375,-0.28125,-1.15625,Respeck,Sitting bent forward,4,s1998909,,Respeck_s1998909_Sitting bent forward_03-10-2022_16-04-13
1664809446888,0.3413086,-0.91192627,0.07220459,0.28125,0.90625,-0.21875,Respeck,Sitting bent forward,4,s1998909,,Respeck_s1998909_Sitting bent forward_03-10-2022_16-04-13
1664809446934,0.35180664,-0.9116821,0.06536865,-0.390625,0.828125,-0.4375,Respeck,Sitting bent forward,4,s1998909,,Respeck_s1998909_Sitting bent forward_03-10-2022_16-04-13
1664809446967,0.34643555,-0.90411377,0.06756592,-0.34375,0.40625,-0.65625,Respeck,Sitting bent forward,4,s1998909,,Respeck_s1998909_Sitting bent forward_03-10-2022_16-04-13
1664809447013,0.34887695,-0.91070557,0.06414795,0.25,0.8125,-0.46875,Respeck,Sitting bent forward,4,s1998909,,Respeck_s1998909_Sitting bent forward_03-10-2022_16-04-13
1664809447046,0.3491211,-0.9060669,0.07611084,0.078125,0.421875,-0.421875,Respeck,Sitting bent forward,4,s1998909,,Respeck_s1998909_Sitting bent forward_03-10-2022_16-04-13
1664809447091,0.34301758,-0.90997314,0.07269287,0.046875,0.71875,-0.421875,Respeck,Sitting bent forward,4,s1998909,,Respeck_s1998909_Sitting bent forward_03-10-2022_16-04-13
1664809447126,0.34716797,-0.91778564,0.074157715,0.03125,0.546875,-0.5625,Respeck,Sitting bent forward,4,s1998909,,Respeck_s1998909_Sitting bent forward_03-10-2022_16-04-13
1664809447171,0.3486328,-0.9092407,0.06512451,0.53125,0.59375,-0.109375,Respeck,Sitting bent forward,4,s1998909,,Respeck_s1998909_Sitting bent forward_03-10-2022_16-04-13
1664809447204,0.34692383,-0.90509033,0.07122803,0.484375,0.859375,-0.390625,Respeck,Sitting bent forward,4,s1998909,,Respeck_s1998909_Sitting bent forward_03-10-2022_16-04-13
1664809447249,0.3486328,-0.9116821,0.07147217,-0.15625,0.625,-0.53125,Respeck,Sitting bent forward,4,s1998909,,Respeck_s1998909_Sitting bent forward_03-10-2022_16-04-13
1664809447294,0.33935547,-0.9133911,0.0680542,-0.171875,0.9375,-0.609375,Respeck,Sitting bent forward,4,s1998909,,Respeck_s1998909_Sitting bent forward_03-10-2022_16-04-13
1664809447328,0.35058594,-0.90704346,0.07537842,-0.15625,0.640625,-0.3125,Respeck,Sitting bent forward,4,s1998909,,Respeck_s1998909_Sitting bent forward_03-10-2022_16-04-13
1664809447408,0.34985352,-0.90997314,0.06878662,-0.125,0.03125,-0.265625,Respeck,Sitting bent forward,4,s1998909,,Respeck_s1998909_Sitting bent forward_03-10-2022_16-04-13
1664809447410,0.34155273,-0.9055786,0.0758667,0.109375,0.0625,-0.1875,Respeck,Sitting bent forward,4,s1998909,,Respeck_s1998909_Sitting bent forward_03-10-2022_16-04-13
1664809447452,0.34716797,-0.9180298,0.06488037,0.578125,0.296875,0.0,Respeck,Sitting bent forward,4,s1998909,,Respeck_s1998909_Sitting bent forward_03-10-2022_16-04-13
1664809447488,0.34570312,-0.90802,0.06878662,0.171875,-0.515625,-0.109375,Respeck,Sitting bent forward,4,s1998909,,Respeck_s1998909_Sitting bent forward_03-10-2022_16-04-13
1664809447529,0.3515625,-0.90826416,0.066589355,-0.390625,-0.96875,-0.03125,Respeck,Sitting bent forward,4,s1998909,,Respeck_s1998909_Sitting bent forward_03-10-2022_16-04-13
1664809447564,0.35083008,-0.91363525,0.07122803,-0.671875,-0.46875,-0.4375,Respeck,Sitting bent forward,4,s1998909,,Respeck_s1998909_Sitting bent forward_03-10-2022_16-04-13
1664809447611,0.35009766,-0.8953247,0.07562256,1.328125,-0.625,-0.1875,Respeck,Sitting bent forward,4,s1998909,,Respeck_s1998909_Sitting bent forward_03-10-2022_16-04-13
1664809447645,0.3618164,-0.9246216,0.051940918,-0.46875,-0.8125,-0.390625,Respeck,Sitting bent forward,4,s1998909,,Respeck_s1998909_Sitting bent forward_03-10-2022_16-04-13
1664809447688,0.34204102,-0.9089966,0.07537842,-1.1875,-1.1875,-0.515625,Respeck,Sitting bent forward,4,s1998909,,Respeck_s1998909_Sitting bent forward_03-10-2022_16-04-13
1664809447721,0.3461914,-0.9060669,0.07879639,1.171875,0.078125,0.0,Respeck,Sitting bent forward,4,s1998909,,Respeck_s1998909_Sitting bent forward_03-10-2022_16-04-13
1664809447767,0.3474121,-0.90509033,0.06365967,0.421875,-0.109375,0.109375,Respeck,Sitting bent forward,4,s1998909,,Respeck_s1998909_Sitting bent forward_03-10-2022_16-04-13
1664809447800,0.34887695,-0.9085083,0.06829834,0.375,-0.109375,-0.21875,Respeck,Sitting bent forward,4,s1998909,,Respeck_s1998909_Sitting bent forward_03-10-2022_16-04-13
1664809447848,0.34692383,-0.9085083,0.066589355,1.53125,0.171875,0.125,Respeck,Sitting bent forward,4,s1998909,,Respeck_s1998909_Sitting bent forward_03-10-2022_16-04-13
1664809447879,0.34936523,-0.90753174,0.062438965,1.078125,0.140625,0.0625,Respeck,Sitting bent forward,4,s1998909,,Respeck_s1998909_Sitting bent forward_03-10-2022_16-04-13
1664809447924,0.34204102,-0.9072876,0.06829834,1.1875,0.0625,-0.1875,Respeck,Sitting bent forward,4,s1998909,,Respeck_s1998909_Sitting bent forward_03-10-2022_16-04-13
1664809447957,0.35424805,-0.9085083,0.066833496,0.96875,0.59375,-0.4375,Respeck,Sitting bent forward,4,s1998909,,Respeck_s1998909_Sitting bent forward_03-10-2022_16-04-13
1664809448005,0.35327148,-0.9089966,0.058288574,1.75,0.234375,0.21875,Respeck,Sitting bent forward,4,s1998909,,Respeck_s1998909_Sitting bent forward_03-10-2022_16-04-13
1664809448035,0.3515625,-0.90167236,0.05633545,1.703125,0.578125,0.0625,Respeck,Sitting bent forward,4,s1998909,,Respeck_s1998909_Sitting bent forward_03-10-2022_16-04-13
1664809448082,0.34570312,-0.911438,0.05633545,0.5,0.3125,-0.328125,Respeck,Sitting bent forward,4,s1998909,,Respeck_s1998909_Sitting bent forward_03-10-2022_16-04-13
1664809448117,0.3466797,-0.91290283,0.054626465,1.0,0.328125,-0.015625,Respeck,Sitting bent forward,4,s1998909,,Respeck_s1998909_Sitting bent forward_03-10-2022_16-04-13
1664809448161,0.35986328,-0.9060669,0.058044434,0.75,0.203125,-0.09375,Respeck,Sitting bent forward,4,s1998909,,Respeck_s1998909_Sitting bent forward_03-10-2022_16-04-13
1664809448195,0.34545898,-0.9104614,0.05267334,0.65625,0.03125,0.03125,Respeck,Sitting bent forward,4,s1998909,,Respeck_s1998909_Sitting bent forward_03-10-2022_16-04-13
1664809448238,0.34985352,-0.9116821,0.055114746,1.140625,0.3125,-0.046875,Respeck,Sitting bent forward,4,s1998909,,Respeck_s1998909_Sitting bent forward_03-10-2022_16-04-13
1664809448275,0.34692383,-0.9072876,0.051452637,0.9375,0.171875,-0.03125,Respeck,Sitting bent forward,4,s1998909,,Respeck_s1998909_Sitting bent forward_03-10-2022_16-04-13
1664809448320,0.3544922,-0.9092407,0.050720215,1.015625,-0.25,-0.0625,Respeck,Sitting bent forward,4,s1998909,,Respeck_s1998909_Sitting bent forward_03-10-2022_16-04-13
1664809448351,0.35620117,-0.92144775,0.0446167,0.484375,-0.25,-0.109375,Respeck,Sitting bent forward,4,s1998909,,Respeck_s1998909_Sitting bent forward_03-10-2022_16-04-13
1664809448398,0.35009766,-0.9072876,0.055603027,-0.640625,0.625,-0.671875,Respeck,Sitting bent forward,4,s1998909,,Respeck_s1998909_Sitting bent forward_03-10-2022_16-04-13
1664809448432,0.3544922,-0.9024048,0.049743652,1.71875,0.40625,-0.21875,Respeck,Sitting bent forward,4,s1998909,,Respeck_s1998909_Sitting bent forward_03-10-2022_16-04-13
1664809448478,0.3503418,-0.9163208,0.02947998,-1.4375,0.09375,-0.546875,Respeck,Sitting bent forward,4,s1998909,,Respeck_s1998909_Sitting bent forward_03-10-2022_16-04-13
1664809448510,0.34960938,-0.91070557,0.066345215,-0.796875,-0.234375,-0.71875,Respeck,Sitting bent forward,4,s1998909,,Respeck_s1998909_Sitting bent forward_03-10-2022_16-04-13
1664809448555,0.34521484,-0.9026489,0.05340576,-0.203125,0.515625,-0.3125,Respeck,Sitting bent forward,4,s1998909,,Respeck_s1998909_Sitting bent forward_03-10-2022_16-04-13
1664809448587,0.3544922,-0.90875244,0.039733887,-0.75,-0.046875,-0.3125,Respeck,Sitting bent forward,4,s1998909,,Respeck_s1998909_Sitting bent forward_03-10-2022_16-04-13
1664809448635,0.3569336,-0.9163208,0.0524292,-1.03125,-0.59375,-0.15625,Respeck,Sitting bent forward,4,s1998909,,Respeck_s1998909_Sitting bent forward_03-10-2022_16-04-13
1664809448679,0.35473633,-0.90997314,0.055847168,0.078125,0.234375,-0.1875,Respeck,Sitting bent forward,4,s1998909,,Respeck_s1998909_Sitting bent forward_03-10-2022_16-04-13
1664809448712,0.34472656,-0.9077759,0.05218506,0.28125,0.171875,-0.046875,Respeck,Sitting bent forward,4,s1998909,,Respeck_s1998909_Sitting bent forward_03-10-2022_16-04-13
1664809448755,0.35009766,-0.9143677,0.047790527,-1.046875,-0.015625,-0.703125,Respeck,Sitting bent forward,4,s1998909,,Respeck_s1998909_Sitting bent forward_03-10-2022_16-04-13
1664809448793,0.3461914,-0.90875244,0.06488037,-0.40625,-0.046875,-0.390625,Respeck,Sitting bent forward,4,s1998909,,Respeck_s1998909_Sitting bent forward_03-10-2022_16-04-13
1664809448838,0.35205078,-0.90948486,0.051940918,0.375,0.203125,0.0,Respeck,Sitting bent forward,4,s1998909,,Respeck_s1998909_Sitting bent forward_03-10-2022_16-04-13
1664809448869,0.3557129,-0.909729,0.051940918,-0.1875,0.359375,-0.265625,Respeck,Sitting bent forward,4,s1998909,,Respeck_s1998909_Sitting bent forward_03-10-2022_16-04-13
1664809448914,0.34960938,-0.909729,0.050231934,-0.8125,0.140625,-0.515625,Respeck,Sitting bent forward,4,s1998909,,Respeck_s1998909_Sitting bent forward_03-10-2022_16-04-13
1664809448947,0.34692383,-0.90460205,0.04559326,-0.546875,0.25,-0.390625,Respeck,Sitting bent forward,4,s1998909,,Respeck_s1998909_Sitting bent forward_03-10-2022_16-04-13
1664809448993,0.3491211,-0.9146118,0.05340576,-0.59375,0.25,-0.328125,Respeck,Sitting bent forward,4,s1998909,,Respeck_s1998909_Sitting bent forward_03-10-2022_16-04-13
1664809449027,0.3503418,-0.90826416,0.061950684,-0.46875,-0.046875,-0.125,Respeck,Sitting bent forward,4,s1998909,,Respeck_s1998909_Sitting bent forward_03-10-2022_16-04-13
1664809449072,0.35205078,-0.90167236,0.061950684,-0.015625,0.1875,-0.390625,Respeck,Sitting bent forward,4,s1998909,,Respeck_s1998909_Sitting bent forward_03-10-2022_16-04-13
1664809449106,0.35107422,-0.909729,0.055847168,-0.421875,0.65625,-0.3125,Respeck,Sitting bent forward,4,s1998909,,Respeck_s1998909_Sitting bent forward_03-10-2022_16-04-13
1664809449154,0.3425293,-0.90802,0.06390381,0.140625,0.265625,-0.234375,Respeck,Sitting bent forward,4,s1998909,,Respeck_s1998909_Sitting bent forward_03-10-2022_16-04-13
1664809449184,0.35498047,-0.9168091,0.05340576,-0.765625,0.5625,-0.203125,Respeck,Sitting bent forward,4,s1998909,,Respeck_s1998909_Sitting bent forward_03-10-2022_16-04-13
1664809449231,0.35009766,-0.8960571,0.07342529,-0.0625,0.796875,-0.4375,Respeck,Sitting bent forward,4,s1998909,,Respeck_s1998909_Sitting bent forward_03-10-2022_16-04-13
1664809449263,0.35083008,-0.91290283,0.051940918,1.421875,0.296875,-0.1875,Respeck,Sitting bent forward,4,s1998909,,Respeck_s1998909_Sitting bent forward_03-10-2022_16-04-13
1664809449309,0.34716797,-0.9133911,0.050476074,-1.53125,-0.5,-0.734375,Respeck,Sitting bent forward,4,s1998909,,Respeck_s1998909_Sitting bent forward_03-10-2022_16-04-13
1664809449341,0.34570312,-0.90338135,0.07635498,-0.125,0.28125,-0.921875,Respeck,Sitting bent forward,4,s1998909,,Respeck_s1998909_Sitting bent forward_03-10-2022_16-04-13
1664809449388,0.34692383,-0.9102173,0.05706787,0.171875,0.65625,-0.34375,Respeck,Sitting bent forward,4,s1998909,,Respeck_s1998909_Sitting bent forward_03-10-2022_16-04-13
1664809449420,0.35107422,-0.90753174,0.05340576,-0.5,0.671875,-0.59375,Respeck,Sitting bent forward,4,s1998909,,Respeck_s1998909_Sitting bent forward_03-10-2022_16-04-13
1664809449466,0.34814453,-0.9146118,0.059753418,-0.171875,0.65625,-0.734375,Respeck,Sitting bent forward,4,s1998909,,Respeck_s1998909_Sitting bent forward_03-10-2022_16-04-13
1664809449500,0.34985352,-0.9180298,0.049743652,0.46875,0.84375,-0.46875,Respeck,Sitting bent forward,4,s1998909,,Respeck_s1998909_Sitting bent forward_03-10-2022_16-04-13
1664809449543,0.34179688,-0.9065552,0.06365967,0.625,0.734375,-0.59375,Respeck,Sitting bent forward,4,s1998909,,Respeck_s1998909_Sitting bent forward_03-10-2022_16-04-13
1664809449578,0.34155273,-0.90802,0.061950684,-0.5625,0.1875,-0.734375,Respeck,Sitting bent forward,4,s1998909,,Respeck_s1998909_Sitting bent forward_03-10-2022_16-04-13
1664809449622,0.34179688,-0.9089966,0.0680542,-0.203125,0.40625,-0.15625,Respeck,Sitting bent forward,4,s1998909,,Respeck_s1998909_Sitting bent forward_03-10-2022_16-04-13
1664809449657,0.35253906,-0.90802,0.057800293,0.609375,0.0,0.03125,Respeck,Sitting bent forward,4,s1998909,,Respeck_s1998909_Sitting bent forward_03-10-2022_16-04-13
1664809449702,0.34765625,-0.90704346,0.062927246,0.15625,0.21875,-0.765625,Respeck,Sitting bent forward,4,s1998909,,Respeck_s1998909_Sitting bent forward_03-10-2022_16-04-13
1664809449735,0.33642578,-0.9155884,0.058044434,0.421875,0.03125,-0.28125,Respeck,Sitting bent forward,4,s1998909,,Respeck_s1998909_Sitting bent forward_03-10-2022_16-04-13
1664809449780,0.34155273,-0.9048462,0.05999756,0.578125,0.28125,-0.15625,Respeck,Sitting bent forward,4,s1998909,,Respeck_s1998909_Sitting bent forward_03-10-2022_16-04-13
1664809449814,0.3479004,-0.9126587,0.054382324,0.0,-0.25,-0.15625,Respeck,Sitting bent forward,4,s1998909,,Respeck_s1998909_Sitting bent forward_03-10-2022_16-04-13
1664809449861,0.34765625,-0.90997314,0.053894043,-0.046875,-0.578125,-0.03125,Respeck,Sitting bent forward,4,s1998909,,Respeck_s1998909_Sitting bent forward_03-10-2022_16-04-13
1664809449894,0.34033203,-0.9053345,0.057556152,-0.125,-0.484375,-0.078125,Respeck,Sitting bent forward,4,s1998909,,Respeck_s1998909_Sitting bent forward_03-10-2022_16-04-13
