timestamp,accel_x,accel_y,accel_z,gyro_x,gyro_y,gyro_z,mag_x,mag_y,mag_z
1695890187458,-1.1933594,-0.119140625,0.061523438,-27.90625,-92.1875,31.875,0.0,0.0,0.0
1695890187498,-1.3662109,-0.6611328,-0.22460938,1.9375,-230.875,38.65625,0.0,0.0,0.0
1695890187538,-1.5517578,0.34570312,-0.3486328,77.75,-179.15625,3.0,0.0,0.0,0.0
1695890187578,-1.859375,0.1875,-0.21679688,20.875,-215.46875,25.875,0.0,0.0,0.0
1695890187618,-1.6474609,-0.21875,-0.3408203,251.03125,-161.21875,-9.625,0.0,0.0,0.0
1695890187658,-0.77246094,-0.11621094,0.10644531,103.125,-202.46875,7.8125,0.0,0.0,0.0
1695890187698,-0.5576172,-0.171875,0.0087890625,206.28125,-202.84375,45.21875,0.0,0.0,0.0
1695890187738,-0.17773438,0.045898438,-0.20019531,70.125,-160.3125,40.78125,0.0,0.0,0.0
1695890187778,-0.5263672,-0.020507812,0.026367188,120.03125,-20.90625,56.03125,-99.125,-33.6875,-5.4375
1695890187818,-0.049804688,0.068359375,0.13574219,53.625,14.375,3.4375,0.0,0.0,0.0
1695890187858,-0.24414062,0.37402344,0.49414062,-85.65625,84.9375,-65.4375,0.0,0.0,0.0
1695890187898,-0.88964844,0.24902344,1.3867188,-47.8125,129.5625,-98.125,0.0,0.0,0.0
1695890187938,-1.9912109,0.49609375,1.0693359,25.375,72.59375,6.84375,0.0,0.0,0.0
1695890187978,-1.3076172,1.2636719,0.3203125,119.0625,-15.96875,22.28125,0.0,0.0,0.0
1695890188018,-0.4765625,0.029296875,-0.6191406,-47.0,-65.03125,4.40625,0.0,0.0,0.0
1695890188058,-1.1503906,-0.08300781,0.25585938,-20.09375,68.625,-37.40625,0.0,0.0,0.0
1695890188098,-1.2255859,-0.62597656,-0.060546875,-159.25,121.0,-84.71875,0.0,0.0,0.0
1695890188138,-0.8261719,-0.018554688,-0.115234375,-52.0625,114.84375,-83.5625,0.0,0.0,0.0
1695890188178,-0.7216797,0.032226562,0.22753906,-72.8125,137.78125,-53.9375,0.0,0.0,0.0
1695890188218,-0.8378906,0.009765625,-0.13671875,-139.28125,133.6875,-29.96875,0.0,0.0,0.0
1695890188258,-0.7832031,-0.103515625,0.01171875,-32.84375,119.71875,-56.09375,0.0,0.0,0.0
1695890188298,-0.5625,0.033203125,0.20019531,-74.09375,127.03125,-54.6875,-99.875,-1.1875,-40.4375
1695890188338,-0.9951172,-0.21777344,-0.578125,-128.96875,127.46875,-21.78125,0.0,0.0,0.0
1695890188378,-1.0800781,-0.13378906,0.41601562,-15.09375,105.75,-11.84375,0.0,0.0,0.0
1695890188418,-1.1015625,0.12207031,0.2578125,-74.0,63.6875,-6.78125,0.0,0.0,0.0
1695890188458,-1.0820312,-0.10058594,0.06542969,-82.28125,19.125,14.40625,0.0,0.0,0.0
1695890188498,-1.4765625,-0.4296875,0.17871094,-39.1875,-12.78125,6.0625,0.0,0.0,0.0
1695890188538,-1.6464844,-0.27539062,0.2998047,2.0625,-94.6875,38.8125,0.0,0.0,0.0
1695890188578,-1.4638672,-0.30859375,-0.45898438,5.90625,-211.03125,21.25,0.0,0.0,0.0
1695890188618,-1.7724609,0.5126953,-0.2265625,123.71875,-196.8125,22.59375,0.0,0.0,0.0
1695890188658,-1.8134766,0.25683594,-0.111328125,-25.78125,-204.875,28.375,0.0,0.0,0.0
1695890188698,-1.5927734,-0.16796875,-0.2939453,287.34375,-152.875,-8.90625,0.0,0.0,0.0
1695890188738,-0.53808594,-0.119140625,0.068359375,113.8125,-179.21875,28.03125,0.0,0.0,0.0
1695890188778,-0.49316406,-0.03515625,0.001953125,121.8125,-176.53125,73.625,-96.4375,-10.0,-25.25
1695890188818,0.17480469,-0.0390625,-0.23535156,18.40625,-155.78125,55.5625,0.0,0.0,0.0
1695890188858,-0.42285156,-0.051757812,-0.03515625,116.625,15.65625,42.90625,0.0,0.0,0.0
1695890188898,-0.16113281,0.115234375,0.13378906,62.3125,28.34375,-14.875,0.0,0.0,0.0
1695890188938,-0.25097656,0.36328125,0.890625,-69.71875,85.0,-79.65625,0.0,0.0,0.0
1695890188978,-1.6621094,0.37109375,1.3505859,-70.9375,83.71875,-75.5,0.0,0.0,0.0
1695890189018,-1.1640625,0.8125,0.96777344,68.46875,51.375,30.53125,0.0,0.0,0.0
1695890189058,-1.7910156,1.0214844,0.6972656,130.1875,-0.875,57.625,0.0,0.0,0.0
1695890189098,-1.1376953,0.08691406,-0.42871094,-31.9375,-34.15625,10.4375,0.0,0.0,0.0
1695890189138,-1.0751953,0.047851562,-0.06933594,-45.71875,84.8125,-47.1875,0.0,0.0,0.0
1695890189178,-1.0898438,-0.36621094,-0.08886719,-165.53125,126.75,-91.53125,0.0,0.0,0.0
1695890189218,-0.90234375,-0.09667969,0.11621094,-62.28125,125.9375,-69.8125,0.0,0.0,0.0
1695890189258,-0.8125,-0.059570312,0.11035156,-68.96875,149.875,-52.96875,0.0,0.0,0.0
1695890189298,-0.7675781,0.05859375,-0.15625,-116.53125,149.9375,-42.28125,-106.1875,-6.4375,-33.6875
1695890189338,-0.7392578,0.005859375,0.10644531,-62.03125,121.0625,-51.75,0.0,0.0,0.0
1695890189378,-0.5878906,-0.16308594,0.0126953125,-90.34375,137.78125,-50.21875,0.0,0.0,0.0
1695890189418,-1.0849609,-0.13964844,-0.24121094,-68.375,128.3125,-34.40625,0.0,0.0,0.0
1695890189458,-1.1738281,0.034179688,0.29492188,-33.34375,99.8125,-10.96875,0.0,0.0,0.0
1695890189498,-1.3496094,0.10644531,0.23242188,-76.3125,48.375,11.84375,0.0,0.0,0.0
1695890189538,-1.3583984,-0.5419922,0.0146484375,-45.78125,18.28125,16.0,0.0,0.0,0.0
1695890189578,-1.3984375,0.12109375,0.20898438,-34.8125,-26.8125,-6.65625,0.0,0.0,0.0
1695890189618,-1.4013672,-0.30566406,0.25878906,51.5625,-125.03125,55.375,0.0,0.0,0.0
1695890189658,-1.203125,-0.3203125,-0.6113281,-26.1875,-195.71875,-4.6875,0.0,0.0,0.0
1695890189698,-1.6845703,0.31054688,-0.23828125,110.53125,-187.28125,-10.625,0.0,0.0,0.0
1695890189738,-1.8554688,0.37402344,-0.16699219,-28.9375,-210.0625,29.5625,0.0,0.0,0.0
1695890189778,-1.4384766,-0.45117188,-0.16796875,313.53125,-214.25,-47.84375,-101.6875,7.25,-34.125
1695890189818,-0.3017578,0.033203125,0.033203125,118.75,-189.25,51.03125,0.0,0.0,0.0
1695890189858,-0.5341797,0.015625,0.022460938,148.59375,-159.21875,64.03125,0.0,0.0,0.0
1695890189898,0.24316406,-0.0234375,-0.3544922,49.5625,-154.75,42.375,0.0,0.0,0.0
1695890189938,-0.33007812,0.05859375,-0.04296875,120.65625,21.75,37.40625,0.0,0.0,0.0
1695890189978,-0.17578125,0.11328125,0.3935547,20.625,40.4375,-21.53125,0.0,0.0,0.0
1695890190018,-0.4873047,0.5107422,0.9658203,-120.5,116.125,-89.65625,0.0,0.0,0.0
1695890190058,-1.4277344,0.3173828,1.5478516,-20.15625,70.40625,-35.5,0.0,0.0,0.0
1695890190098,-1.2294922,0.67285156,0.3671875,93.3125,8.28125,13.25,0.0,0.0,0.0
1695890190138,-0.19335938,0.48046875,0.3388672,106.125,55.875,35.71875,0.0,0.0,0.0
1695890190178,-1.9912109,-0.25,-0.8925781,-234.25,11.5,-20.375,0.0,0.0,0.0
1695890190218,0.5058594,-0.33398438,-0.76953125,112.84375,-38.96875,-29.21875,0.0,0.0,0.0
1695890190258,-1.0068359,-0.076171875,0.12011719,-113.0,86.75,-42.46875,0.0,0.0,0.0
1695890190298,-1.1083984,-0.36816406,-0.27734375,-168.90625,164.875,-71.96875,-121.8125,-8.5,-19.25
1695890190338,-0.88378906,0.06640625,0.19726562,-13.875,118.9375,-24.90625,0.0,0.0,0.0
1695890190378,-0.75097656,0.025390625,0.09375,-134.21875,148.71875,-44.625,0.0,0.0,0.0
1695890190418,-0.86328125,-0.047851562,0.06640625,-69.59375,116.5,-61.46875,0.0,0.0,0.0
1695890190458,-0.5908203,-0.1953125,-0.32714844,-160.65625,143.71875,-63.65625,0.0,0.0,0.0
1695890190498,-1.015625,-0.25195312,0.08691406,-8.5625,119.65625,-24.53125,0.0,0.0,0.0
1695890190538,-1.1396484,0.09667969,0.14453125,-51.71875,97.6875,-8.21875,0.0,0.0,0.0
1695890190578,-1.3740234,0.00390625,0.23632812,-74.65625,52.8125,15.8125,0.0,0.0,0.0
1695890190618,-1.2529297,-0.375,0.064453125,-73.125,4.3125,15.03125,0.0,0.0,0.0
1695890190658,-1.5585938,-0.034179688,0.296875,-33.28125,-16.8125,-6.46875,0.0,0.0,0.0
1695890190698,-1.5361328,-0.28125,0.23828125,64.0,-108.0625,42.5,0.0,0.0,0.0
1695890190738,-0.8251953,-0.26464844,-0.4951172,-8.25,-202.0625,12.28125,0.0,0.0,0.0
1695890190778,-1.8271484,0.0546875,-0.15332031,156.71875,-197.84375,25.46875,-101.875,9.1875,-46.875
1695890190818,-1.8105469,0.30566406,-0.12011719,29.53125,-196.25,22.21875,0.0,0.0,0.0
1695890190858,-1.4951172,-0.4580078,-0.21191406,319.375,-216.71875,-39.78125,0.0,0.0,0.0
1695890190898,-0.3984375,0.09277344,-0.15820312,99.0,-202.0625,67.03125,0.0,0.0,0.0
1695890190938,-0.5625,-0.14453125,-0.017578125,116.75,-161.53125,70.1875,0.0,0.0,0.0
1695890190978,-0.17382812,0.19140625,-0.099609375,35.21875,-113.75,44.5,0.0,0.0,0.0
1695890191018,-0.3623047,0.0546875,-0.09765625,94.34375,13.15625,29.78125,0.0,0.0,0.0
1695890191058,-0.0029296875,0.23242188,0.2919922,32.6875,30.96875,-14.15625,0.0,0.0,0.0
1695890191098,-0.46777344,0.5019531,0.7626953,-61.96875,105.625,-94.15625,0.0,0.0,0.0
1695890191138,-1.9140625,0.4091797,2.015625,-37.78125,74.96875,-37.71875,0.0,0.0,0.0
1695890191178,-0.8652344,0.5830078,0.6689453,91.53125,-30.0,35.59375,0.0,0.0,0.0
1695890191218,-1.6923828,0.6171875,1.2548828,212.8125,5.65625,36.75,0.0,0.0,0.0
1695890191258,-0.671875,-0.036132812,-0.48535156,-136.25,79.8125,-95.8125,-115.375,-19.4375,-15.0625
1695890191298,-0.85839844,0.1328125,-0.08496094,1.5,83.71875,-26.40625,0.0,0.0,0.0
1695890191338,-1.0712891,-0.5605469,-0.20410156,-242.5,158.34375,-84.28125,0.0,0.0,0.0
1695890191378,-0.95214844,-0.26953125,-0.053710938,-84.125,172.28125,-83.625,0.0,0.0,0.0
1695890191418,-0.6386719,0.19335938,0.2939453,-47.75,129.90625,-41.625,0.0,0.0,0.0
1695890191458,-0.75,0.034179688,-0.07421875,-67.34375,123.5625,-30.625,0.0,0.0,0.0
1695890191498,-0.5605469,-0.0107421875,0.17578125,-77.84375,134.3125,-55.28125,0.0,0.0,0.0
1695890191538,-1.1826172,-0.47851562,-0.48535156,-146.4375,123.9375,-30.03125,0.0,0.0,0.0
1695890191578,-1.0361328,0.040039062,0.40722656,40.8125,94.09375,-18.96875,0.0,0.0,0.0
1695890191618,-1.1875,0.24023438,0.4111328,-59.40625,78.03125,-9.09375,0.0,0.0,0.0
1695890191658,-1.3720703,-0.083984375,-0.080078125,-93.75,38.59375,8.75,0.0,0.0,0.0
1695890191698,-1.4658203,-0.35058594,0.2890625,-42.125,8.875,-0.65625,0.0,0.0,0.0
1695890191738,-1.4472656,0.13378906,0.49804688,-23.4375,-49.53125,7.5,0.0,0.0,0.0
1695890191778,-1.2080078,-0.2607422,-0.020507812,5.0625,-170.6875,49.8125,-98.6875,8.4375,-54.9375
1695890191818,-1.5087891,-0.11621094,-0.36914062,142.125,-207.375,12.65625,0.0,0.0,0.0
1695890191858,-1.8046875,0.5048828,-0.19140625,21.09375,-211.09375,-7.6875,0.0,0.0,0.0
1695890191898,-1.8730469,0.2607422,-0.10546875,218.0625,-253.9375,77.71875,0.0,0.0,0.0
1695890191938,-0.7919922,-0.24414062,0.083984375,81.59375,-208.03125,7.5,0.0,0.0,0.0
1695890191978,-0.54589844,-0.203125,-0.036132812,165.09375,-197.71875,64.75,0.0,0.0,0.0
1695890192018,-0.040039062,0.07910156,-0.45996094,55.65625,-178.125,68.0,0.0,0.0,0.0
1695890192058,-0.36132812,-0.040039062,0.030273438,156.71875,14.6875,77.78125,0.0,0.0,0.0
1695890192098,-0.052734375,0.15917969,0.34570312,20.9375,12.65625,15.8125,0.0,0.0,0.0
1695890192138,-0.43847656,0.43847656,0.82421875,-111.40625,76.6875,-68.21875,0.0,0.0,0.0
1695890192178,-1.3515625,0.37402344,1.5380859,29.46875,-21.75,-57.71875,0.0,0.0,0.0
1695890192218,-0.93847656,0.5996094,1.0537109,81.40625,65.28125,-3.65625,0.0,0.0,0.0
1695890192258,-1.6787109,1.1796875,0.8691406,86.59375,-26.8125,5.125,-116.875,-41.375,-25.4375
1695890192298,-0.4189453,-0.2265625,-0.83691406,84.46875,8.5625,36.75,0.0,0.0,0.0
1695890192338,-1.2177734,0.8642578,0.98339844,-43.28125,116.96875,-59.25,0.0,0.0,0.0
1695890192378,-1.7431641,-0.8173828,-0.34570312,-353.21875,176.65625,-110.46875,0.0,0.0,0.0
1695890192418,-0.5751953,0.02734375,0.13476562,-22.65625,125.875,-87.53125,0.0,0.0,0.0
1695890192458,-0.7636719,-0.055664062,0.11816406,-72.34375,202.78125,-73.125,0.0,0.0,0.0
1695890192498,-0.76953125,0.06347656,-0.0078125,-101.09375,158.40625,-49.3125,0.0,0.0,0.0
1695890192538,-0.6816406,-0.009765625,0.10644531,-68.90625,142.5,-58.71875,0.0,0.0,0.0
1695890192578,-0.5595703,-0.16601562,0.16308594,-98.59375,133.28125,-67.4375,0.0,0.0,0.0
1695890192618,-0.9394531,-0.056640625,-0.5019531,-151.6875,132.84375,-41.9375,0.0,0.0,0.0
1695890192658,-1.2177734,-0.16015625,0.50390625,55.09375,103.65625,-10.25,0.0,0.0,0.0
1695890192698,-1.3017578,0.07910156,-0.15332031,-114.34375,85.90625,-2.875,0.0,0.0,0.0
1695890192738,-1.4335938,-0.1953125,0.21289062,-74.40625,31.40625,7.40625,0.0,0.0,0.0
1695890192778,-1.5,-0.21777344,0.37304688,-44.875,-12.3125,0.625,-96.3125,7.5625,-59.3125
1695890192818,-1.5341797,-0.45898438,0.25585938,14.40625,-95.625,37.125,0.0,0.0,0.0
1695890192858,-0.84375,-0.12109375,-0.3466797,25.5,-211.21875,-4.15625,0.0,0.0,0.0
1695890192898,-1.5996094,0.018554688,-0.36621094,104.0,-185.5,7.28125,0.0,0.0,0.0
1695890192938,-1.8554688,0.2841797,0.048828125,38.125,-243.8125,17.59375,0.0,0.0,0.0
1695890192978,-1.6796875,-0.27246094,-0.34960938,278.78125,-185.9375,-16.84375,0.0,0.0,0.0
1695890193018,-0.6152344,0.049804688,0.12988281,112.78125,-178.75,10.4375,0.0,0.0,0.0
1695890193058,-0.39160156,-0.12402344,-0.059570312,139.5,-183.9375,68.78125,0.0,0.0,0.0
1695890193098,0.022460938,-0.12988281,0.091796875,96.0,-103.46875,74.65625,0.0,0.0,0.0
1695890193138,-0.22167969,-0.059570312,-0.18261719,110.59375,-13.03125,41.28125,0.0,0.0,0.0
1695890193178,-0.06542969,0.12207031,0.10449219,95.5625,-4.96875,10.9375,0.0,0.0,0.0
1695890193218,-0.16601562,0.3330078,0.7939453,-29.84375,77.0,-71.90625,0.0,0.0,0.0
1695890193258,-1.2558594,0.5878906,2.015625,-52.375,71.375,-84.09375,-117.625,-23.1875,-9.6875
1695890193298,-1.7177734,0.6640625,0.46191406,142.1875,4.375,39.75,0.0,0.0,0.0
1695890193338,-0.6425781,1.0498047,0.45214844,91.34375,-9.25,60.5,0.0,0.0,0.0
1695890193378,-1.2128906,0.041992188,-0.578125,-66.84375,-16.375,21.25,0.0,0.0,0.0
1695890193418,-1.2451172,0.034179688,0.038085938,-23.75,58.5,-26.78125,0.0,0.0,0.0
1695890193458,-1.2568359,-0.1796875,-0.20410156,-125.75,112.09375,-54.625,0.0,0.0,0.0
1695890193498,-0.77441406,-0.19726562,0.036132812,-84.65625,127.78125,-90.375,0.0,0.0,0.0
1695890193538,-1.0107422,-0.13378906,0.032226562,-88.6875,179.15625,-80.25,0.0,0.0,0.0
1695890193578,-0.76660156,-0.056640625,0.13867188,-83.09375,156.59375,-58.28125,0.0,0.0,0.0
1695890193618,-0.6376953,-0.0625,0.21679688,-69.84375,127.71875,-68.59375,0.0,0.0,0.0
1695890193658,-0.45214844,-0.08105469,0.045898438,-141.84375,140.96875,-91.0625,0.0,0.0,0.0
1695890193698,-0.96777344,-0.36621094,-0.5810547,-152.0625,148.53125,-33.875,0.0,0.0,0.0
1695890193738,-1.0898438,0.14257812,0.30859375,-27.53125,117.78125,-17.4375,0.0,0.0,0.0
1695890193778,-1.3134766,-0.0390625,0.3203125,-79.34375,72.53125,-2.5,-101.125,5.5625,-54.1875
1695890193818,-1.28125,-0.0703125,0.15625,-62.9375,37.5625,0.875,0.0,0.0,0.0
1695890193858,-1.4453125,-0.21679688,0.17773438,-60.5,-1.125,-13.71875,0.0,0.0,0.0
1695890193898,-1.7392578,-0.42285156,0.16894531,29.65625,-102.5,23.8125,0.0,0.0,0.0
1695890193938,-0.88964844,-0.14257812,-0.5410156,11.21875,-210.0,-0.3125,0.0,0.0,0.0
1695890193978,-1.7978516,0.15136719,-0.32421875,127.84375,-214.5,17.46875,0.0,0.0,0.0
1695890194018,-1.8798828,0.45996094,-0.125,33.1875,-203.75,20.28125,0.0,0.0,0.0
1695890194058,-1.5009766,-0.3251953,-0.66796875,316.75,-126.1875,-0.84375,0.0,0.0,0.0
1695890194098,-0.48339844,0.001953125,0.31152344,110.40625,-226.78125,66.15625,0.0,0.0,0.0
1695890194138,-0.34960938,-0.051757812,-0.09863281,136.03125,-167.625,53.90625,0.0,0.0,0.0
1695890194178,0.9501953,-0.16796875,-0.82128906,48.15625,-166.46875,64.28125,0.0,0.0,0.0
1695890194218,-0.3515625,0.00390625,-0.047851562,130.71875,18.71875,44.6875,0.0,0.0,0.0
1695890194258,-0.041015625,0.10058594,0.10839844,35.8125,24.25,11.46875,-106.375,-41.375,-11.1875
1695890194298,-0.35839844,0.33691406,0.8691406,-100.71875,128.625,-63.96875,0.0,0.0,0.0
1695890194338,-1.2265625,0.3017578,1.4287109,-28.15625,82.0625,-75.0625,0.0,0.0,0.0
1695890194378,-1.4335938,0.6826172,0.8857422,57.0,45.875,0.125,0.0,0.0,0.0
1695890194418,-0.5107422,1.1171875,0.28710938,81.03125,21.46875,25.21875,0.0,0.0,0.0
1695890194458,-1.8505859,0.17089844,-0.90234375,-139.0,-77.3125,33.46875,0.0,0.0,0.0
1695890194498,-0.67089844,-0.5595703,-0.35742188,77.4375,-8.34375,2.25,0.0,0.0,0.0
1695890194538,-1.3798828,-0.03125,-0.009765625,-70.4375,91.59375,-35.15625,0.0,0.0,0.0
1695890194578,-1.1435547,-0.31445312,-0.021484375,-93.625,144.9375,-95.28125,0.0,0.0,0.0
1695890194618,-0.89746094,0.005859375,0.08496094,-35.78125,161.09375,-60.1875,0.0,0.0,0.0
1695890194658,-0.7216797,0.123046875,0.24707031,-118.78125,154.15625,-89.78125,0.0,0.0,0.0
1695890194698,-0.66015625,0.0390625,-0.091796875,-137.09375,153.09375,-65.25,0.0,0.0,0.0
1695890194738,-0.5439453,-0.080078125,0.1328125,-99.9375,127.59375,-55.96875,0.0,0.0,0.0
1695890194778,-1.0263672,-0.55078125,-0.48046875,-125.75,128.75,-34.34375,-97.8125,4.375,-47.75
1695890194818,-1.0693359,0.24414062,0.53515625,28.375,119.34375,-42.90625,0.0,0.0,0.0
1695890194858,-1.0800781,0.24511719,0.24121094,-100.40625,62.59375,3.0625,0.0,0.0,0.0
1695890194898,-1.1865234,-0.32128906,0.21386719,-54.09375,19.25,16.71875,0.0,0.0,0.0
1695890194938,-1.4804688,-0.19042969,0.22167969,-27.21875,-0.875,-16.21875,0.0,0.0,0.0
1695890194978,-1.7011719,-0.38867188,0.23730469,38.3125,-104.65625,44.9375,0.0,0.0,0.0
1695890195018,-1.1376953,0.119140625,-0.54003906,-83.25,-222.25,7.9375,0.0,0.0,0.0
1695890195058,-1.9726562,0.1953125,-0.3046875,142.75,-203.09375,6.46875,0.0,0.0,0.0
1695890195098,-1.7148438,0.2919922,-0.005859375,11.40625,-216.71875,4.9375,0.0,0.0,0.0
1695890195138,-1.6162109,-0.43359375,-0.2763672,375.90625,-205.78125,-22.03125,0.0,0.0,0.0
1695890195178,-0.57714844,-0.09863281,-0.14160156,96.78125,-206.75,64.28125,0.0,0.0,0.0
1695890195218,-0.46777344,-0.16308594,-0.016601562,129.5,-163.46875,73.5,0.0,0.0,0.0
1695890195258,-0.5761719,0.3564453,0.45507812,-12.9375,-171.28125,63.46875,-105.75,-10.9375,-4.4375
1695890195298,-0.22851562,0.017578125,-0.12988281,107.65625,5.46875,33.6875,0.0,0.0,0.0
1695890195338,0.119140625,0.19726562,0.33496094,69.15625,35.6875,-30.75,0.0,0.0,0.0
1695890195378,-0.47753906,0.48535156,0.8066406,-46.28125,131.125,-116.75,0.0,0.0,0.0
1695890195418,-1.8173828,0.5810547,1.9775391,-67.28125,75.90625,-36.6875,0.0,0.0,0.0
1695890195458,-0.9628906,0.73828125,0.4296875,123.34375,-10.90625,69.40625,0.0,0.0,0.0
1695890195498,-1.7470703,0.14746094,1.3369141,196.28125,-30.53125,60.75,0.0,0.0,0.0
1695890195538,-0.5839844,0.068359375,-0.021484375,-43.46875,54.65625,-63.34375,0.0,0.0,0.0
1695890195578,-0.8984375,0.17382812,0.17578125,-59.71875,100.1875,-19.71875,0.0,0.0,0.0
1695890195618,-1.2402344,-0.39941406,-0.103515625,-227.1875,136.03125,-83.125,0.0,0.0,0.0
1695890195658,-1.0488281,-0.19921875,0.19726562,-76.4375,159.28125,-87.9375,0.0,0.0,0.0
1695890195698,-0.6582031,0.13085938,0.24511719,-77.34375,149.5625,-62.3125,0.0,0.0,0.0
1695890195738,-0.7734375,0.047851562,0.06738281,-74.59375,152.0625,-58.03125,0.0,0.0,0.0
1695890195778,-0.5361328,0.018554688,0.23632812,-96.9375,144.9375,-80.875,-99.3125,-4.9375,-40.5625
1695890195818,-0.66503906,-0.3125,-0.6826172,-201.6875,167.8125,-29.21875,0.0,0.0,0.0
1695890195858,-0.9345703,-0.076171875,0.37402344,-8.9375,122.28125,-10.25,0.0,0.0,0.0
1695890195898,-1.2402344,-0.005859375,0.3955078,-53.59375,89.875,7.5,0.0,0.0,0.0
1695890195938,-1.2753906,0.0390625,0.14453125,-72.53125,35.90625,8.3125,0.0,0.0,0.0
1695890195978,-1.4599609,-0.32714844,0.3408203,-46.09375,-11.125,8.6875,0.0,0.0,0.0
1695890196018,-1.9755859,-0.5732422,0.21386719,45.875,-103.125,49.25,0.0,0.0,0.0
1695890196058,-1.3427734,0.001953125,-0.4921875,-31.8125,-225.3125,-16.65625,0.0,0.0,0.0
1695890196098,-1.8496094,0.38183594,-0.46777344,121.15625,-227.03125,17.59375,0.0,0.0,0.0
1695890196138,-1.8144531,0.16894531,-0.009765625,65.53125,-257.46875,40.53125,0.0,0.0,0.0
1695890196178,-1.5771484,-0.265625,0.15917969,239.6875,-303.0,35.46875,0.0,0.0,0.0
1695890196218,-0.5576172,0.099609375,-0.08105469,86.78125,-208.21875,31.125,0.0,0.0,0.0
1695890196258,-0.38867188,-0.24023438,-0.06933594,114.625,-163.96875,62.03125,-100.625,-11.1875,-19.5625
1695890196298,-0.59277344,0.171875,0.32226562,108.4375,-67.28125,87.03125,0.0,0.0,0.0
1695890196338,-0.19238281,0.040039062,-0.20214844,109.84375,1.4375,31.5,0.0,0.0,0.0
1695890196378,0.16503906,0.12988281,0.3388672,44.96875,33.84375,-36.0625,0.0,0.0,0.0
1695890196418,-0.58203125,0.546875,0.87597656,-63.84375,168.0,-132.5,0.0,0.0,0.0
1695890196458,-1.7949219,0.7373047,1.7744141,-71.3125,31.28125,-29.78125,0.0,0.0,0.0
1695890196498,-0.8359375,0.43066406,0.46679688,173.3125,-5.28125,64.34375,0.0,0.0,0.0
1695890196538,-1.6074219,0.42285156,1.4091797,169.90625,23.65625,37.46875,0.0,0.0,0.0
1695890196578,-0.9316406,0.47070312,-0.48535156,-166.625,76.6875,-122.96875,0.0,0.0,0.0
1695890196618,-0.7753906,-0.26464844,-0.8701172,-30.96875,73.875,-1.65625,0.0,0.0,0.0
1695890196658,-0.7675781,0.20898438,-0.17871094,-151.5,125.9375,-1.75,0.0,0.0,0.0
1695890196698,-1.2304688,-0.2607422,0.19433594,-112.625,162.6875,-48.21875,0.0,0.0,0.0
1695890196738,-1.0205078,-0.35742188,0.35546875,-13.8125,161.46875,-65.0625,0.0,0.0,0.0
1695890196778,-0.76953125,-0.017578125,0.16113281,-62.21875,157.3125,-82.28125,-104.25,-13.4375,-36.1875
1695890196818,-0.5253906,0.15039062,0.072265625,-91.375,138.34375,-61.625,0.0,0.0,0.0
1695890196858,-0.62109375,-0.028320312,0.080078125,-110.65625,118.5,-39.125,0.0,0.0,0.0
1695890196898,-1.0439453,-0.49023438,-0.4501953,-116.65625,119.53125,-32.28125,0.0,0.0,0.0
1695890196938,-0.81933594,0.2578125,0.21191406,-19.65625,132.34375,-33.8125,0.0,0.0,0.0
1695890196978,-1.1826172,0.001953125,0.3857422,-33.03125,85.65625,10.03125,0.0,0.0,0.0
1695890197018,-1.3876953,-0.14257812,0.107421875,-91.0625,52.59375,0.75,0.0,0.0,0.0
1695890197058,-1.3398438,-0.15136719,0.22167969,-41.8125,16.75,-20.0,0.0,0.0,0.0
1695890197098,-1.6884766,-0.36523438,0.21484375,-1.40625,-48.6875,28.21875,0.0,0.0,0.0
1695890197138,-1.0585938,-0.27148438,-0.2685547,-2.9375,-179.78125,29.78125,0.0,0.0,0.0
1695890197178,-1.7099609,0.078125,-0.3671875,149.71875,-204.4375,13.9375,0.0,0.0,0.0
1695890197218,-1.765625,0.42285156,-0.20703125,-16.96875,-211.34375,-12.3125,0.0,0.0,0.0
1695890197258,-1.7216797,0.1796875,-0.75878906,135.84375,-161.59375,28.625,-104.375,11.4375,-37.4375
1695890197298,-1.1220703,-0.47460938,0.9345703,207.6875,-505.28125,39.5625,0.0,0.0,0.0
1695890197338,-0.38085938,0.03125,-0.18847656,125.125,-214.4375,64.9375,0.0,0.0,0.0
1695890197378,-0.38183594,-0.140625,-0.013671875,82.9375,-148.15625,79.90625,0.0,0.0,0.0
1695890197418,-0.6513672,0.08886719,0.18652344,102.71875,-21.8125,88.875,0.0,0.0,0.0
1695890197458,-0.11425781,0.11230469,-0.23046875,109.65625,8.75,31.375,0.0,0.0,0.0
1695890197498,0.08300781,0.16796875,0.4189453,45.9375,37.75,-42.84375,0.0,0.0,0.0
1695890197538,-0.79003906,0.49414062,1.4785156,-68.1875,151.59375,-118.03125,0.0,0.0,0.0
1695890197578,-1.4970703,0.58984375,1.7460938,32.75,24.6875,-26.96875,0.0,0.0,0.0
1695890197618,-0.50390625,0.74902344,0.25097656,132.0,-1.0625,43.03125,0.0,0.0,0.0
1695890197658,-1.9667969,0.73828125,0.18359375,73.09375,2.84375,63.65625,0.0,0.0,0.0
1695890197698,-1.1992188,0.18066406,1.0185547,66.15625,37.5625,-1.6875,0.0,0.0,0.0
1695890197738,-0.86328125,-0.20703125,-0.24121094,-185.5,114.15625,-62.125,0.0,0.0,0.0
1695890197778,-1.2832031,-0.4560547,-0.087890625,-160.09375,168.6875,-94.65625,-133.1875,-9.4375,-17.0
1695890197818,-0.7988281,-0.049804688,0.21386719,-35.65625,173.0625,-96.84375,0.0,0.0,0.0
1695890197858,-0.81640625,0.055664062,0.28808594,-59.71875,172.28125,-76.71875,0.0,0.0,0.0
1695890197898,-0.73046875,0.2109375,0.15917969,-115.25,129.0625,-64.03125,0.0,0.0,0.0
1695890197938,-0.5234375,0.04296875,0.017578125,-164.25,138.46875,-73.40625,0.0,0.0,0.0
1695890197978,-0.9140625,-0.36816406,-0.578125,-135.03125,122.84375,-18.1875,0.0,0.0,0.0
1695890198018,-1.1738281,-0.13867188,0.31152344,17.6875,110.5,-18.0,0.0,0.0,0.0
1695890198058,-1.2148438,0.11621094,0.32617188,-50.84375,87.125,-10.125,0.0,0.0,0.0
1695890198098,-1.3671875,0.02734375,0.17773438,-101.40625,41.09375,18.3125,0.0,0.0,0.0
1695890198138,-1.5009766,-0.4482422,0.23925781,-32.40625,6.0625,6.46875,0.0,0.0,0.0
1695890198178,-1.2617188,0.29785156,0.21484375,-38.21875,-38.71875,5.9375,0.0,0.0,0.0
1695890198218,-1.0439453,-0.58691406,0.08886719,34.46875,-170.1875,66.53125,0.0,0.0,0.0
1695890198258,-1.6894531,-0.21679688,-0.5449219,50.34375,-191.75,-8.71875,-102.625,11.4375,-50.75
1695890198298,-1.7177734,0.4794922,-0.47558594,31.96875,-171.96875,-33.8125,0.0,0.0,0.0
1695890198338,-1.5849609,0.15722656,-0.30078125,151.59375,-189.25,30.53125,0.0,0.0,0.0
1695890198378,-1.2421875,-0.5058594,0.3017578,146.96875,-324.5,4.21875,0.0,0.0,0.0
1695890198418,-0.47558594,-0.0390625,-0.06738281,141.28125,-229.875,28.4375,0.0,0.0,0.0
1695890198458,-0.4453125,-0.21875,-0.11621094,114.375,-165.4375,44.0625,0.0,0.0,0.0
1695890198498,-0.60839844,0.21484375,0.25,24.21875,-61.96875,55.625,0.0,0.0,0.0
1695890198538,-0.4345703,0.0703125,-0.06933594,89.90625,15.21875,18.8125,0.0,0.0,0.0
1695890198578,0.041015625,0.14257812,0.17089844,53.875,37.03125,-28.625,0.0,0.0,0.0
1695890198618,-0.3876953,0.4013672,0.6855469,-64.15625,124.0625,-99.40625,0.0,0.0,0.0
1695890198658,-1.6855469,0.3955078,1.4824219,-3.78125,83.09375,-54.5,0.0,0.0,0.0
1695890198698,-1.0615234,0.49902344,1.0380859,156.53125,-12.65625,57.0625,0.0,0.0,0.0
1695890198738,-0.31347656,0.25585938,0.3701172,58.09375,0.15625,51.21875,0.0,0.0,0.0
1695890198778,-1.9912109,-0.3076172,-0.9667969,-100.21875,-71.1875,-26.90625,-108.875,-3.6875,-9.0625
1695890198818,-1.0507812,-0.0048828125,-0.10449219,180.09375,-25.0625,5.4375,0.0,0.0,0.0
1695890198858,-0.7919922,0.46972656,0.375,-92.0625,82.75,-18.25,0.0,0.0,0.0
1695890198898,-1.5498047,-0.796875,-0.038085938,-175.0,165.625,-82.28125,0.0,0.0,0.0
1695890198938,-1.0332031,-0.33203125,0.05078125,-32.78125,157.25,-99.78125,0.0,0.0,0.0
1695890198978,-0.4453125,0.44628906,0.20019531,-104.5,141.03125,-76.40625,0.0,0.0,0.0
1695890199018,-0.58691406,0.20898438,0.18457031,-80.09375,135.65625,-49.84375,0.0,0.0,0.0
1695890199058,-0.6699219,-0.26171875,-0.4814453,-194.90625,146.9375,-53.8125,0.0,0.0,0.0
1695890199098,-0.9121094,-0.20117188,0.057617188,-45.375,110.09375,-34.71875,0.0,0.0,0.0
1695890199138,-1.0136719,0.20019531,0.23144531,-54.5625,97.3125,-16.09375,0.0,0.0,0.0
1695890199178,-1.1181641,-0.052734375,0.38671875,-81.125,51.3125,12.9375,0.0,0.0,0.0
1695890199218,-1.2529297,-0.22851562,0.06640625,-63.5,41.59375,0.25,0.0,0.0,0.0
1695890199258,-1.3476562,-0.20800781,0.22753906,-52.1875,4.65625,-7.9375,-97.1875,6.625,-59.1875
1695890199298,-1.9082031,-0.38183594,0.32128906,45.53125,-93.96875,46.34375,0.0,0.0,0.0
1695890199338,-1.09375,0.057617188,-0.58691406,-26.3125,-201.5,-7.625,0.0,0.0,0.0
1695890199378,-1.8115234,0.19042969,-0.28710938,133.78125,-210.53125,17.15625,0.0,0.0,0.0
1695890199418,-1.8095703,0.119140625,0.037109375,-22.71875,-237.53125,17.59375,0.0,0.0,0.0
1695890199458,-1.5908203,-0.25097656,-0.43945312,261.9375,-158.84375,-5.3125,0.0,0.0,0.0
1695890199498,-0.8154297,-0.16015625,-0.0087890625,126.40625,-190.75,8.3125,0.0,0.0,0.0
1695890199538,-0.33789062,-0.08886719,-0.18652344,137.0,-173.3125,61.59375,0.0,0.0,0.0
1695890199578,-0.33203125,0.045898438,-0.20214844,55.03125,-132.84375,68.1875,0.0,0.0,0.0
1695890199618,-0.49316406,-0.08496094,-0.028320312,103.375,4.1875,56.84375,0.0,0.0,0.0
1695890199658,0.0234375,0.015625,0.08496094,88.84375,20.28125,-20.0,0.0,0.0,0.0
1695890199698,-0.42089844,0.30566406,0.7080078,-1.90625,102.21875,-84.09375,0.0,0.0,0.0
1695890199738,-1.4882812,0.51953125,2.015625,-68.3125,107.625,-87.28125,0.0,0.0,0.0
1695890199778,-1.3828125,0.6386719,0.4140625,113.4375,8.875,31.8125,-110.125,-10.9375,-13.25
1695890199818,-0.15722656,0.8652344,0.26757812,82.1875,16.875,61.21875,0.0,0.0,0.0
1695890199858,-1.9912109,-0.07714844,-0.8769531,-114.09375,-66.875,-16.15625,0.0,0.0,0.0
1695890199898,-1.6474609,-0.578125,0.0087890625,108.3125,-34.5,-22.03125,0.0,0.0,0.0
1695890199938,-0.65527344,0.10839844,-0.032226562,-124.28125,80.125,-50.40625,0.0,0.0,0.0
1695890199978,-1.2900391,-0.6269531,-0.19140625,-146.4375,170.375,-80.5625,0.0,0.0,0.0
1695890200018,-0.9277344,-0.13574219,0.21386719,-22.90625,133.875,-96.5,0.0,0.0,0.0
1695890200058,-0.50390625,0.12792969,0.005859375,-96.6875,170.125,-73.53125,0.0,0.0,0.0
1695890200098,-0.67089844,0.08105469,-0.12792969,-140.8125,145.59375,-71.53125,0.0,0.0,0.0
1695890200138,-0.53125,-0.022460938,-0.55566406,-189.78125,145.0625,-40.15625,0.0,0.0,0.0
1695890200178,-1.0087891,-0.4658203,0.20996094,-85.78125,95.375,-5.375,0.0,0.0,0.0
1695890200218,-1.0761719,-0.07714844,0.11621094,-63.71875,103.1875,-20.375,0.0,0.0,0.0
1695890200258,-1.2431641,-0.0390625,0.4736328,-49.5,66.0625,8.84375,-99.875,6.1875,-54.375
1695890200298,-1.3837891,-0.032226562,0.001953125,-69.21875,31.53125,8.84375,0.0,0.0,0.0
1695890200338,-1.4541016,-0.091796875,0.27539062,-58.65625,-15.21875,1.71875,0.0,0.0,0.0
1695890200378,-1.3691406,-0.4345703,0.30859375,59.375,-138.15625,75.625,0.0,0.0,0.0
1695890200418,-1.5322266,-0.29101562,-0.4140625,2.125,-231.65625,-5.375,0.0,0.0,0.0
1695890200458,-1.7431641,0.46679688,-0.328125,97.8125,-213.65625,-20.125,0.0,0.0,0.0
1695890200498,-1.8720703,0.1015625,-0.41796875,129.0625,-215.3125,35.09375,0.0,0.0,0.0
1695890200538,-0.9628906,-0.4423828,0.5722656,162.9375,-371.84375,17.84375,0.0,0.0,0.0
1695890200578,-0.5410156,-0.13378906,-0.14550781,132.5625,-218.46875,29.90625,0.0,0.0,0.0
1695890200618,-0.42382812,-0.16699219,-0.24316406,96.125,-196.25,61.78125,0.0,0.0,0.0
1695890200658,-0.46972656,-0.05859375,0.07128906,104.25,-18.59375,61.59375,0.0,0.0,0.0
1695890200698,-0.16992188,0.08691406,-0.21679688,119.9375,-10.21875,4.21875,0.0,0.0,0.0
1695890200738,0.061523438,0.20800781,0.26464844,70.0,36.09375,-56.5,0.0,0.0,0.0
1695890200778,-0.57128906,0.56640625,1.25,-126.71875,151.28125,-106.1875,-134.875,-5.9375,-0.5
1695890200818,-1.5488281,0.59375,1.3613281,80.90625,85.96875,-36.5,0.0,0.0,0.0
1695890200858,-0.7109375,0.17480469,0.86035156,116.03125,15.59375,47.8125,0.0,0.0,0.0
1695890200898,-1.9912109,-0.08300781,0.66308594,195.59375,-39.21875,-8.96875,0.0,0.0,0.0
1695890200938,-0.7421875,0.7519531,0.059570312,-56.40625,49.96875,-57.25,0.0,0.0,0.0
1695890200978,-1.2949219,-0.0087890625,0.5058594,-66.90625,50.9375,-39.125,0.0,0.0,0.0
1695890201018,-1.1484375,-0.7001953,-0.3310547,-269.96875,155.1875,-54.1875,0.0,0.0,0.0
1695890201058,-0.96972656,-0.029296875,-0.09375,-27.125,172.15625,-77.625,0.0,0.0,0.0
1695890201098,-0.7109375,0.08203125,0.36816406,-60.3125,135.28125,-48.03125,0.0,0.0,0.0
1695890201138,-0.9267578,-0.0146484375,0.040039062,-102.625,144.25,-64.6875,0.0,0.0,0.0
1695890201178,-0.57910156,-0.061523438,0.16601562,-103.34375,131.375,-78.59375,0.0,0.0,0.0
1695890201218,-0.7988281,-0.06347656,-0.52441406,-154.25,133.40625,-25.125,0.0,0.0,0.0
1695890201258,-1.0322266,-0.265625,0.40429688,-25.40625,114.84375,-12.1875,-99.0,3.5,-51.5
1695890201298,-1.1318359,0.10058594,0.25195312,-62.15625,94.8125,-3.15625,0.0,0.0,0.0
1695890201338,-1.2509766,0.12597656,0.2265625,-90.78125,44.28125,13.75,0.0,0.0,0.0
1695890201378,-1.3310547,-0.49609375,0.30664062,-49.9375,9.6875,5.875,0.0,0.0,0.0
1695890201418,-1.8183594,-0.41601562,0.14257812,13.78125,-78.875,26.4375,0.0,0.0,0.0
1695890201458,-1.3857422,-0.14550781,-0.34277344,12.9375,-204.0625,0.8125,0.0,0.0,0.0
1695890201498,-1.7587891,0.3173828,-0.55859375,103.875,-198.40625,10.1875,0.0,0.0,0.0
1695890201538,-1.9189453,0.07128906,-0.111328125,71.875,-247.40625,3.25,0.0,0.0,0.0
1695890201578,-1.6679688,-0.022460938,-0.5205078,282.65625,-159.5,19.0,0.0,0.0,0.0
1695890201618,-0.6748047,0.15039062,0.21289062,107.46875,-191.9375,56.65625,0.0,0.0,0.0
1695890201658,-0.47753906,-0.026367188,-0.017578125,114.4375,-177.6875,67.28125,0.0,0.0,0.0
1695890201698,-0.39160156,-0.07714844,-0.17480469,56.375,-127.40625,75.875,0.0,0.0,0.0
1695890201738,-0.51660156,0.13183594,0.0107421875,88.5,-48.125,63.65625,0.0,0.0,0.0
1695890201778,-0.099609375,0.107421875,0.091796875,90.3125,25.0625,-0.34375,-105.75,-42.4375,-6.9375
1695890201818,-0.12890625,0.28808594,0.7939453,-15.15625,105.4375,-64.09375,0.0,0.0,0.0
1695890201858,-1.375,0.36816406,1.3115234,-94.96875,173.0,-111.375,0.0,0.0,0.0
1695890201898,-1.4365234,0.9472656,0.7519531,68.15625,-18.875,25.8125,0.0,0.0,0.0
1695890201938,-1.2011719,0.9921875,0.42089844,105.15625,14.875,37.0625,0.0,0.0,0.0
1695890201978,-1.4179688,-0.080078125,-1.5996094,-243.78125,-35.78125,-18.1875,0.0,0.0,0.0
1695890202018,-1.1367188,-0.083984375,-0.59472656,-40.65625,58.6875,-7.8125,0.0,0.0,0.0
1695890202058,-1.0039062,-0.3017578,-0.103515625,-162.1875,124.1875,-56.03125,0.0,0.0,0.0
1695890202098,-1.0751953,-0.28515625,-0.13769531,-105.71875,168.3125,-81.34375,0.0,0.0,0.0
1695890202138,-0.8173828,-0.013671875,0.30273438,-23.5,157.6875,-62.0,0.0,0.0,0.0
1695890202178,-0.74316406,0.09863281,0.028320312,-106.28125,143.84375,-65.84375,0.0,0.0,0.0
1695890202218,-0.49902344,0.14746094,0.064453125,-95.84375,124.71875,-60.34375,0.0,0.0,0.0
1695890202258,-0.59472656,-0.21777344,-0.29785156,-148.5,131.5,-29.09375,-98.875,3.625,-45.6875
1695890202298,-1.0556641,-0.19042969,0.16992188,20.6875,115.21875,-20.375,0.0,0.0,0.0
1695890202338,-1.125,-0.020507812,0.32421875,-34.1875,93.84375,-19.59375,0.0,0.0,0.0
1695890202378,-1.2617188,0.19726562,0.0625,-77.59375,40.75,17.03125,0.0,0.0,0.0
1695890202418,-1.3291016,-0.40039062,0.13183594,-45.65625,15.71875,12.46875,0.0,0.0,0.0
1695890202458,-1.4648438,-0.11425781,0.20605469,-25.78125,-30.25,2.8125,0.0,0.0,0.0
1695890202498,-1.6103516,-0.45898438,0.046875,23.25,-153.46875,46.09375,0.0,0.0,0.0
1695890202538,-0.9296875,0.12890625,-0.60546875,-39.6875,-194.125,-13.25,0.0,0.0,0.0
1695890202578,-1.6025391,0.1484375,-0.17382812,115.03125,-194.0625,27.09375,0.0,0.0,0.0
1695890202618,-1.5556641,0.21777344,-0.07128906,80.1875,-196.0,33.40625,0.0,0.0,0.0
1695890202658,-1.3222656,-0.22167969,-0.28710938,191.75,-186.5,-2.375,0.0,0.0,0.0
1695890202698,-0.7470703,-0.19042969,0.0078125,128.78125,-177.65625,21.125,0.0,0.0,0.0
1695890202738,-0.4248047,-0.1015625,0.005859375,143.65625,-149.4375,33.15625,0.0,0.0,0.0
1695890202778,-0.3544922,0.08496094,-0.24804688,104.40625,-138.40625,26.0625,-96.625,-24.6875,-13.5625
1695890202818,-0.31933594,0.0146484375,-0.0146484375,120.78125,10.40625,-6.53125,0.0,0.0,0.0
1695890202858,-0.15039062,0.234375,0.49121094,-0.5,47.9375,-45.59375,0.0,0.0,0.0
1695890202898,-0.45214844,0.57910156,0.92871094,-135.3125,154.8125,-108.4375,0.0,0.0,0.0
1695890202938,-1.9912109,0.48828125,1.1611328,16.46875,37.03125,1.15625,0.0,0.0,0.0
1695890202978,-0.66015625,0.65234375,0.80371094,57.59375,-12.3125,43.03125,0.0,0.0,0.0
1695890203018,-1.7412109,0.54589844,1.2529297,123.28125,-23.90625,22.46875,0.0,0.0,0.0
1695890203058,-1.5068359,-0.66503906,-1.1445312,-142.90625,81.6875,-69.625,0.0,0.0,0.0
1695890203098,-0.5371094,0.74902344,-0.20800781,26.1875,90.0625,-6.65625,0.0,0.0,0.0
1695890203138,-1.0361328,-0.5800781,-0.15722656,-264.84375,136.5,-51.8125,0.0,0.0,0.0
1695890203178,-0.9189453,-0.2998047,-0.20214844,-154.5,194.4375,-73.96875,0.0,0.0,0.0
1695890203218,-0.73046875,0.10839844,0.16210938,-44.6875,135.28125,-30.9375,0.0,0.0,0.0
1695890203258,-0.8310547,-0.10546875,-0.068359375,-61.71875,137.59375,-27.75,-102.3125,0.1875,-37.4375
1695890203298,-0.6064453,-0.10644531,0.24316406,-92.90625,131.25,-65.84375,0.0,0.0,0.0
1695890203338,-0.98339844,-0.21679688,-0.375,-131.1875,113.5,-30.9375,0.0,0.0,0.0
1695890203378,-1.0625,-0.103515625,0.3798828,45.53125,100.625,-10.78125,0.0,0.0,0.0
1695890203418,-1.109375,0.17871094,0.2734375,-52.75,86.09375,1.78125,0.0,0.0,0.0
1695890203458,-1.2529297,-0.19238281,0.10449219,-45.25,52.8125,6.125,0.0,0.0,0.0
1695890203498,-1.4990234,-0.2998047,0.25683594,-33.65625,3.5,-2.0,0.0,0.0,0.0
1695890203538,-1.8066406,-0.17480469,0.34277344,39.46875,-55.625,25.09375,0.0,0.0,0.0
1695890203578,-1.0820312,-0.16796875,-0.2919922,12.0,-192.0,26.25,0.0,0.0,0.0
1695890203618,-1.5029297,0.3720703,-0.37304688,86.40625,-212.0,26.875,0.0,0.0,0.0
1695890203658,-1.6494141,0.20117188,-0.119140625,55.34375,-221.03125,7.21875,0.0,0.0,0.0
1695890203698,-1.5517578,-0.14355469,-0.33398438,186.8125,-198.75,42.0625,0.0,0.0,0.0
1695890203738,-0.8417969,-0.0546875,0.30078125,76.03125,-245.6875,17.09375,0.0,0.0,0.0
1695890203778,-0.5703125,-0.21582031,-0.055664062,141.53125,-201.5625,42.71875,-96.4375,-2.0625,-25.5625
1695890203818,-0.34277344,0.0068359375,-0.16992188,63.21875,-147.84375,58.65625,0.0,0.0,0.0
1695890203858,-0.4482422,-0.029296875,0.0146484375,133.84375,-11.9375,63.53125,0.0,0.0,0.0
1695890203898,-0.123046875,0.043945312,0.0146484375,85.875,24.75,5.1875,0.0,0.0,0.0
1695890203938,-0.22753906,0.30664062,0.66503906,-50.5,77.0625,-63.65625,0.0,0.0,0.0
1695890203978,-1.3242188,0.32226562,1.3457031,-88.15625,113.5,-99.1875,0.0,0.0,0.0
1695890204018,-1.2246094,0.609375,1.1132812,28.4375,45.4375,20.46875,0.0,0.0,0.0
1695890204058,-0.62402344,0.5957031,0.578125,67.8125,-1.75,22.53125,0.0,0.0,0.0
1695890204098,-1.9238281,0.19238281,0.40527344,117.90625,11.75,10.4375,0.0,0.0,0.0
1695890204138,-1.2451172,-0.09082031,0.4638672,-46.46875,76.375,-97.78125,0.0,0.0,0.0
1695890204178,-0.9873047,0.32714844,0.109375,-92.78125,94.875,-25.3125,0.0,0.0,0.0
1695890204218,-0.97265625,-0.6152344,-0.29589844,-236.65625,165.6875,-73.96875,0.0,0.0,0.0
1695890204258,-1.1679688,-0.28222656,-0.33691406,-78.625,168.4375,-37.90625,-112.0625,-9.5625,-30.8125
1695890204298,-0.73535156,0.13476562,0.3154297,-40.78125,132.78125,-56.375,0.0,0.0,0.0
1695890204338,-0.5654297,0.16210938,0.1796875,-104.03125,129.375,-65.125,0.0,0.0,0.0
1695890204378,-0.71484375,-0.16308594,-0.08105469,-153.6875,127.84375,-51.3125,0.0,0.0,0.0
1695890204418,-1.015625,-0.103515625,-0.06640625,-44.09375,126.0,-38.375,0.0,0.0,0.0
1695890204458,-1.0693359,-0.15429688,0.3828125,6.65625,89.8125,-14.28125,0.0,0.0,0.0
1695890204498,-1.1660156,0.11230469,0.123046875,-75.5,66.9375,6.125,0.0,0.0,0.0
1695890204538,-1.1894531,-0.2109375,0.19433594,-45.1875,35.90625,11.375,0.0,0.0,0.0
1695890204578,-1.3603516,-0.31933594,0.18066406,-29.3125,-12.59375,4.40625,0.0,0.0,0.0
1695890204618,-1.3642578,-0.1796875,0.18164062,15.125,-105.375,50.0,0.0,0.0,0.0
1695890204658,-1.3378906,-0.4560547,-0.5263672,-77.03125,-236.0,41.15625,0.0,0.0,0.0
1695890204698,-1.7294922,0.3544922,-0.4111328,105.59375,-166.46875,-17.28125,0.0,0.0,0.0
1695890204738,-1.6699219,0.35546875,0.12792969,76.03125,-241.25,14.15625,0.0,0.0,0.0
1695890204778,-1.5996094,-0.20214844,-0.4794922,226.96875,-134.4375,8.78125,-102.625,9.625,-32.9375
1695890204818,-0.7294922,-0.30078125,0.16308594,68.96875,-186.0,6.125,0.0,0.0,0.0
1695890204858,-0.4794922,-0.072265625,-0.10644531,147.875,-198.21875,54.9375,0.0,0.0,0.0
1695890204898,-0.44628906,-0.046875,-0.24023438,66.46875,-126.4375,44.0,0.0,0.0,0.0
1695890204938,-0.43652344,-0.06738281,0.052734375,135.0,-12.125,58.53125,0.0,0.0,0.0
1695890204978,-0.087890625,0.19140625,0.26367188,51.0625,57.65625,-24.03125,0.0,0.0,0.0
1695890205018,-0.3544922,0.25195312,0.8222656,-46.21875,129.0625,-94.53125,0.0,0.0,0.0
1695890205058,-1.9912109,0.640625,1.7138672,-2.625,86.21875,-27.09375,0.0,0.0,0.0
1695890205098,-0.6904297,0.57714844,0.6171875,71.59375,-45.9375,43.40625,0.0,0.0,0.0
1695890205138,-1.5097656,0.6220703,0.9902344,210.375,-15.40625,37.59375,0.0,0.0,0.0
1695890205178,-1.2421875,-0.16992188,-0.2529297,-170.65625,53.9375,-48.09375,0.0,0.0,0.0
1695890205218,-0.7001953,-0.0009765625,-0.7626953,-76.71875,76.15625,-30.375,0.0,0.0,0.0
1695890205258,-0.91308594,-0.2919922,-0.033203125,-183.1875,119.78125,-58.15625,-132.625,-9.25,-14.75
1695890205298,-1.0458984,-0.20019531,-0.15722656,-138.5,170.6875,-63.28125,0.0,0.0,0.0
1695890205338,-0.94921875,-0.026367188,0.25195312,-6.90625,116.84375,-24.84375,0.0,0.0,0.0
1695890205378,-0.61816406,0.00390625,-0.12792969,-106.59375,165.625,-59.6875,0.0,0.0,0.0
1695890205418,-0.62890625,0.016601562,0.17480469,-50.65625,125.59375,-51.875,0.0,0.0,0.0
1695890205458,-0.79296875,-0.23828125,-0.47753906,-161.03125,137.4375,-38.1875,0.0,0.0,0.0
1695890205498,-1.0429688,-0.14648438,0.25683594,-2.15625,126.5,-29.90625,0.0,0.0,0.0
1695890205538,-1.2363281,0.11816406,0.39160156,-78.25,94.8125,-3.09375,0.0,0.0,0.0
1695890205578,-1.3320312,0.037109375,0.2919922,-55.90625,32.0,14.28125,0.0,0.0,0.0
1695890205618,-1.4443359,-0.39941406,0.30859375,-21.8125,-25.25,8.3125,0.0,0.0,0.0
1695890205658,-1.2568359,-0.009765625,0.064453125,-3.4375,-115.3125,45.96875,0.0,0.0,0.0
1695890205698,-1.4111328,-0.7529297,-0.4501953,-53.28125,-227.9375,50.90625,0.0,0.0,0.0
1695890205738,-1.5351562,0.37109375,-0.35253906,96.125,-172.34375,-4.6875,0.0,0.0,0.0
1695890205778,-1.7216797,0.18847656,-0.09863281,77.5625,-219.03125,21.375,-104.25,10.5625,-39.375
1695890205818,-1.5751953,-0.14550781,-0.2939453,200.78125,-199.6875,11.0,0.0,0.0,0.0
1695890205858,-0.8886719,-0.020507812,0.18457031,77.5625,-175.5625,4.65625,0.0,0.0,0.0
1695890205898,-0.3408203,-0.03125,0.005859375,153.96875,-182.09375,16.4375,0.0,0.0,0.0
1695890205938,-0.33398438,-0.11230469,-0.3388672,86.84375,-137.0,66.53125,0.0,0.0,0.0
1695890205978,-0.4140625,0.06542969,-0.033203125,116.4375,-33.46875,36.6875,0.0,0.0,0.0
1695890206018,-0.10839844,0.22460938,0.19628906,56.6875,57.03125,-20.625,0.0,0.0,0.0
1695890206058,-0.36816406,0.3515625,0.6591797,-51.03125,132.96875,-104.90625,0.0,0.0,0.0
1695890206098,-1.8261719,0.3544922,1.6298828,-75.28125,109.59375,-57.5,0.0,0.0,0.0
1695890206138,-0.7939453,0.86621094,0.6816406,105.15625,-39.75,26.4375,0.0,0.0,0.0
1695890206178,-1.9912109,0.7285156,1.0292969,121.6875,10.96875,56.90625,0.0,0.0,0.0
1695890206218,-0.8173828,0.016601562,-0.30664062,-81.8125,10.09375,-33.8125,0.0,0.0,0.0
1695890206258,-0.9892578,0.33984375,0.03515625,-50.4375,50.25,-14.53125,-121.9375,-10.9375,-8.3125
1695890206298,-1.3916016,-0.5263672,-0.14648438,-207.15625,138.46875,-60.40625,0.0,0.0,0.0
1695890206338,-0.87109375,-0.13867188,0.005859375,-68.5625,156.53125,-79.46875,0.0,0.0,0.0
1695890206378,-0.7285156,-0.020507812,0.38476562,-0.9375,148.46875,-49.3125,0.0,0.0,0.0
1695890206418,-0.7705078,0.024414062,-0.078125,-107.8125,149.6875,-45.46875,0.0,0.0,0.0
1695890206458,-0.57128906,0.064453125,0.09375,-71.25,133.40625,-65.3125,0.0,0.0,0.0
1695890206498,-0.5371094,-0.09375,-0.19335938,-135.03125,135.21875,-35.5625,0.0,0.0,0.0
1695890206538,-0.96191406,-0.1796875,-0.032226562,-2.21875,125.53125,-21.59375,0.0,0.0,0.0
1695890206578,-1.1455078,-0.01171875,0.4169922,-24.59375,97.0625,-9.625,0.0,0.0,0.0
1695890206618,-1.2392578,0.23632812,0.13378906,-65.5625,49.65625,6.65625,0.0,0.0,0.0
1695890206658,-1.2958984,-0.41503906,0.12890625,-49.4375,7.59375,13.25,0.0,0.0,0.0
1695890206698,-1.3603516,0.27734375,0.40527344,-27.0,-41.71875,7.6875,0.0,0.0,0.0
1695890206738,-1.3193359,0.083984375,0.28125,17.875,-161.59375,62.8125,0.0,0.0,0.0
1695890206778,-1.5654297,-0.8095703,-0.67089844,41.625,-177.40625,0.4375,-100.1875,10.0625,-51.1875
1695890206818,-1.5419922,0.43066406,-0.203125,36.25,-170.25,-1.8125,0.0,0.0,0.0
1695890206858,-1.7666016,0.41015625,-0.021484375,90.375,-200.03125,38.75,0.0,0.0,0.0
1695890206898,-1.2431641,-0.578125,0.14746094,236.25,-246.84375,-33.8125,0.0,0.0,0.0
1695890206938,-0.51953125,0.12695312,-0.22167969,62.90625,-140.53125,9.28125,0.0,0.0,0.0
1695890206978,-0.45214844,-0.115234375,-0.17285156,132.25,-187.65625,41.375,0.0,0.0,0.0
1695890207018,-0.4482422,-0.049804688,-0.06347656,113.8125,-103.375,57.8125,0.0,0.0,0.0
1695890207058,-0.21386719,0.18066406,0.005859375,100.40625,-22.6875,10.9375,0.0,0.0,0.0
1695890207098,-0.3173828,0.22363281,0.40625,26.65625,56.4375,-32.90625,0.0,0.0,0.0
1695890207138,-0.2734375,0.40039062,1.0390625,-72.40625,167.5625,-115.21875,0.0,0.0,0.0
1695890207178,-1.9912109,0.87109375,1.8193359,-20.53125,98.65625,-23.5625,0.0,0.0,0.0
1695890207218,-0.4765625,1.0351562,0.09277344,85.8125,-49.46875,65.4375,0.0,0.0,0.0
1695890207258,-1.6103516,-0.27929688,0.3779297,44.78125,-69.4375,50.0625,-109.625,-6.125,-10.125
1695890207298,-1.0644531,-0.171875,0.38085938,53.6875,53.375,-30.8125,0.0,0.0,0.0
1695890207338,-0.8574219,0.0234375,0.14648438,-106.03125,80.0,-45.9375,0.0,0.0,0.0
1695890207378,-1.0839844,-0.29492188,-0.14648438,-164.25,149.25,-75.6875,0.0,0.0,0.0
1695890207418,-0.87109375,-0.203125,0.16113281,-113.0,166.46875,-42.90625,0.0,0.0,0.0
1695890207458,-0.88964844,-0.041992188,0.28320312,-74.15625,143.65625,-49.90625,0.0,0.0,0.0
1695890207498,-0.6308594,-0.022460938,0.048828125,-71.4375,124.84375,-64.15625,0.0,0.0,0.0
1695890207538,-0.46191406,0.009765625,-0.020507812,-127.6875,133.46875,-62.4375,0.0,0.0,0.0
1695890207578,-1.0888672,-0.22070312,-0.44335938,-82.21875,126.5625,-5.65625,0.0,0.0,0.0
1695890207618,-1.1132812,-0.13964844,0.24414062,-28.9375,121.4375,-17.8125,0.0,0.0,0.0
1695890207658,-1.2626953,0.23632812,0.42089844,-54.875,63.4375,6.59375,0.0,0.0,0.0
1695890207698,-1.3251953,-0.2734375,0.07324219,-80.34375,24.875,11.96875,0.0,0.0,0.0
1695890207738,-1.4892578,-0.119140625,0.3173828,-36.625,-22.3125,-0.25,0.0,0.0,0.0
1695890207778,-1.5400391,-0.3310547,0.25585938,42.78125,-120.28125,44.625,-98.6875,8.125,-57.0625
1695890207818,-1.0166016,-0.001953125,-0.51464844,-25.59375,-211.28125,-4.6875,0.0,0.0,0.0
1695890207858,-1.5371094,0.25878906,-0.2548828,119.4375,-183.1875,24.0625,0.0,0.0,0.0
1695890207898,-1.7910156,0.21386719,0.005859375,63.59375,-217.1875,32.125,0.0,0.0,0.0
1695890207938,-1.3867188,-0.19921875,-0.15820312,177.46875,-219.4375,-2.8125,0.0,0.0,0.0
1695890207978,-0.8339844,-0.15820312,0.046875,88.4375,-165.375,4.84375,0.0,0.0,0.0
1695890208018,-0.421875,-0.052734375,-0.053710938,153.625,-171.28125,37.1875,0.0,0.0,0.0
1695890208058,-0.33203125,0.049804688,-0.19433594,50.71875,-124.28125,41.5,0.0,0.0,0.0
1695890208098,-0.39648438,-0.03125,0.020507812,104.53125,-17.0,35.84375,0.0,0.0,0.0
1695890208138,-0.09375,0.07714844,0.17675781,89.78125,45.125,-25.03125,0.0,0.0,0.0
1695890208178,-0.40039062,0.4248047,0.98046875,-56.28125,159.625,-104.90625,0.0,0.0,0.0
1695890208218,-1.9912109,0.81640625,1.4394531,-31.03125,111.59375,-62.3125,0.0,0.0,0.0
1695890208258,-0.6689453,0.9814453,0.39746094,111.9375,-31.34375,46.8125,-103.5,-4.0,-12.8125
1695890208298,-1.9912109,-0.021484375,1.3623047,25.75,-32.9375,84.53125,0.0,0.0,0.0
1695890208338,-0.42382812,-0.11035156,-0.74902344,-22.28125,75.59375,-35.21875,0.0,0.0,0.0
1695890208378,-1.3076172,-0.3935547,-0.016601562,-37.625,84.25,-14.21875,0.0,0.0,0.0
1695890208418,-1.0761719,-0.2548828,-0.19042969,-181.71875,143.71875,-91.1875,0.0,0.0,0.0
1695890208458,-0.8496094,-0.20214844,0.0859375,-52.875,155.5,-63.65625,0.0,0.0,0.0
1695890208498,-0.81152344,0.123046875,0.37109375,-92.71875,145.125,-47.1875,0.0,0.0,0.0
1695890208538,-0.74316406,0.060546875,0.037109375,-85.34375,115.03125,-47.71875,0.0,0.0,0.0
1695890208578,-0.4736328,-0.0126953125,0.080078125,-135.625,135.09375,-49.90625,0.0,0.0,0.0
1695890208618,-0.9951172,-0.43164062,-0.3515625,-112.9375,145.0625,-16.34375,0.0,0.0,0.0
1695890208658,-1.0253906,-0.08984375,0.34765625,5.0,114.53125,-15.5625,0.0,0.0,0.0
1695890208698,-1.2314453,0.2265625,0.083984375,-77.40625,65.21875,6.53125,0.0,0.0,0.0
1695890208738,-1.3056641,-0.34179688,0.23828125,-70.03125,20.96875,13.375,0.0,0.0,0.0
1695890208778,-1.4755859,-0.20214844,0.3486328,-25.84375,-22.0,1.84375,-97.9375,8.4375,-57.375
1695890208818,-1.7890625,-0.37402344,0.16992188,55.15625,-111.0,40.59375,0.0,0.0,0.0
1695890208858,-1.0068359,-0.107421875,-0.7050781,-82.65625,-205.65625,0.125,0.0,0.0,0.0
1695890208898,-1.7900391,0.30664062,0.044921875,198.78125,-201.6875,38.59375,0.0,0.0,0.0
1695890208938,-1.84375,0.23046875,-0.044921875,9.625,-218.34375,34.8125,0.0,0.0,0.0
1695890208978,-1.4873047,-0.21972656,-0.140625,226.5,-237.8125,-7.5625,0.0,0.0,0.0
1695890209018,-0.49316406,-0.13964844,-0.103515625,110.65625,-154.3125,22.34375,0.0,0.0,0.0
1695890209058,-0.48046875,-0.06933594,0.045898438,141.09375,-156.59375,49.375,0.0,0.0,0.0
1695890209098,-0.31054688,0.017578125,-0.23925781,107.65625,-99.875,49.875,0.0,0.0,0.0
1695890209138,-0.5419922,0.4111328,0.17675781,33.5,-87.96875,32.46875,0.0,0.0,0.0
1695890209178,-0.12988281,0.20117188,0.5576172,7.8125,85.90625,-58.71875,0.0,0.0,0.0
1695890209218,-0.47265625,0.2421875,0.9013672,-50.65625,166.59375,-124.9375,0.0,0.0,0.0
1695890209258,-1.9912109,0.64746094,1.6835938,-19.84375,56.0,-15.6875,-103.9375,-5.0625,-10.4375
1695890209298,-0.40820312,0.7792969,0.5439453,82.8125,-16.09375,36.6875,0.0,0.0,0.0
1695890209338,-1.9912109,0.1015625,0.8535156,130.0625,-15.90625,53.59375,0.0,0.0,0.0
1695890209378,-0.25585938,0.2529297,0.13183594,12.875,107.09375,-77.09375,0.0,0.0,0.0
1695890209418,-0.66503906,0.33496094,0.41601562,-54.53125,84.25,-21.96875,0.0,0.0,0.0
1695890209458,-1.3886719,-0.67871094,-0.25390625,-227.1875,168.3125,-77.6875,0.0,0.0,0.0
1695890209498,-0.8408203,-0.17089844,0.20507812,-49.375,157.6875,-86.46875,0.0,0.0,0.0
1695890209538,-0.7080078,0.12890625,0.0859375,-74.71875,147.0,-50.71875,0.0,0.0,0.0
1695890209578,-0.7011719,0.06542969,0.115234375,-42.0625,116.1875,-45.09375,0.0,0.0,0.0
1695890209618,-0.63671875,-0.034179688,0.07128906,-92.78125,135.03125,-59.1875,0.0,0.0,0.0
1695890209658,-1.015625,-0.31835938,-0.46289062,-106.03125,125.40625,-21.1875,0.0,0.0,0.0
1695890209698,-1.0332031,0.02734375,0.46777344,-19.375,131.9375,-31.3125,0.0,0.0,0.0
1695890209738,-1.3867188,0.3046875,0.14550781,-86.0625,65.71875,3.59375,0.0,0.0,0.0
1695890209778,-1.3662109,-0.5058594,0.22851562,-74.59375,10.34375,12.03125,-100.1875,5.75,-54.375
1695890209818,-1.4492188,-0.09765625,0.2685547,-42.6875,-23.34375,-8.59375,0.0,0.0,0.0
1695890209858,-1.6142578,-0.4140625,0.09667969,21.96875,-136.375,27.78125,0.0,0.0,0.0
1695890209898,-0.95214844,0.037109375,-0.72558594,-58.59375,-190.53125,-13.0625,0.0,0.0,0.0
1695890209938,-1.8447266,0.3876953,0.047851562,165.40625,-217.25,22.53125,0.0,0.0,0.0
1695890209978,-1.7333984,0.18652344,-0.15625,24.65625,-202.375,55.4375,0.0,0.0,0.0
1695890210018,-1.2080078,-0.2763672,-0.17382812,167.03125,-258.9375,-25.09375,0.0,0.0,0.0
1695890210058,-0.4453125,-0.15136719,-0.034179688,101.96875,-150.96875,28.9375,0.0,0.0,0.0
1695890210098,-0.3876953,-0.025390625,-0.06933594,101.0,-151.21875,69.46875,0.0,0.0,0.0
1695890210138,-0.2841797,-0.024414062,-0.22949219,53.625,-125.75,56.34375,0.0,0.0,0.0
1695890210178,-0.2763672,-0.037109375,0.09765625,134.03125,34.15625,30.59375,0.0,0.0,0.0
1695890210218,-0.22558594,0.14257812,0.45214844,34.0,58.25,-54.0,0.0,0.0,0.0
1695890210258,-0.6582031,0.35546875,1.203125,-53.46875,117.34375,-120.46875,-115.8125,-22.4375,-4.4375
1695890210298,-1.4941406,0.76953125,1.7900391,-9.09375,64.1875,-14.53125,0.0,0.0,0.0
1695890210338,-0.84277344,0.9892578,0.23925781,137.5625,18.09375,37.78125,0.0,0.0,0.0
1695890210378,-1.8076172,-0.048828125,0.38085938,57.46875,-6.625,79.71875,0.0,0.0,0.0
1695890210418,-0.47558594,0.0009765625,0.3623047,41.5,62.71875,-47.84375,0.0,0.0,0.0
1695890210458,-0.9863281,-0.18847656,0.06738281,-102.0625,90.125,-48.8125,0.0,0.0,0.0
1695890210498,-1.0839844,-0.2548828,-0.20507812,-166.8125,147.125,-87.40625,0.0,0.0,0.0
1695890210538,-0.8378906,-0.13574219,0.16113281,-50.5,162.8125,-76.90625,0.0,0.0,0.0
1695890210578,-0.6689453,0.08691406,0.22851562,-99.9375,144.875,-50.28125,0.0,0.0,0.0
1695890210618,-0.7558594,-0.0087890625,-0.045898438,-75.625,130.65625,-53.34375,0.0,0.0,0.0
1695890210658,-0.5185547,0.0234375,0.12890625,-105.40625,130.46875,-61.5625,0.0,0.0,0.0
1695890210698,-1.1162109,-0.3359375,-0.5078125,-118.46875,130.15625,-9.09375,0.0,0.0,0.0
1695890210738,-1.0820312,-0.18652344,0.33496094,-2.40625,123.875,-16.15625,0.0,0.0,0.0
1695890210778,-1.1875,0.2734375,0.171875,-76.0,67.96875,3.90625,-98.6875,4.5625,-52.875
1695890210818,-1.3818359,-0.4765625,0.22460938,-79.84375,18.03125,15.21875,0.0,0.0,0.0
1695890210858,-1.4482422,-0.3701172,0.21777344,-17.96875,-47.875,4.15625,0.0,0.0,0.0
1695890210898,-1.5087891,-0.49316406,0.055664062,47.90625,-159.625,15.28125,0.0,0.0,0.0
1695890210938,-1.0078125,0.47070312,-0.53515625,-66.90625,-204.875,-5.1875,0.0,0.0,0.0
1695890210978,-1.8134766,0.21386719,-0.21875,141.59375,-198.5,37.84375,0.0,0.0,0.0
1695890211018,-1.6279297,0.13769531,-0.16992188,43.25,-200.46875,34.625,0.0,0.0,0.0
1695890211058,-1.1132812,-0.25683594,-0.025390625,146.03125,-255.46875,-8.96875,0.0,0.0,0.0
1695890211098,-0.7128906,-0.26757812,-0.15136719,111.875,-171.34375,19.96875,0.0,0.0,0.0
1695890211138,-0.27441406,0.0078125,-0.0078125,131.9375,-148.03125,38.21875,0.0,0.0,0.0
1695890211178,-0.3564453,0.16894531,-0.19433594,82.25,-81.03125,47.0625,0.0,0.0,0.0
1695890211218,-0.28222656,0.026367188,0.059570312,107.65625,8.5625,22.90625,0.0,0.0,0.0
1695890211258,-0.09277344,0.16015625,0.39160156,22.75,67.96875,-40.65625,-109.8125,-30.5625,-0.5
1695890211298,-0.6464844,0.32714844,0.9580078,-111.71875,199.4375,-120.53125,0.0,0.0,0.0
1695890211338,-1.9912109,0.6953125,1.4082031,33.3125,75.21875,-4.625,0.0,0.0,0.0
1695890211378,-0.84277344,0.66308594,0.4013672,98.625,-40.8125,49.5625,0.0,0.0,0.0
1695890211418,-1.9501953,-0.0234375,1.1835938,167.59375,-14.0625,57.875,0.0,0.0,0.0
1695890211458,-0.42773438,0.01171875,-0.15527344,-75.375,91.03125,-89.28125,0.0,0.0,0.0
1695890211498,-1.1035156,-0.17285156,0.032226562,-74.09375,91.40625,-46.4375,0.0,0.0,0.0
1695890211538,-0.9423828,-0.34472656,-0.22363281,-171.8125,151.9375,-71.84375,0.0,0.0,0.0
1695890211578,-0.96777344,-0.07519531,0.005859375,-98.71875,173.5625,-61.53125,0.0,0.0,0.0
1695890211618,-0.8232422,-0.00390625,0.3046875,-80.75,128.6875,-48.09375,0.0,0.0,0.0
1695890211658,-0.7451172,-0.040039062,-0.022460938,-87.84375,109.09375,-59.75,0.0,0.0,0.0
1695890211698,-0.55078125,0.0068359375,0.12988281,-116.84375,138.75,-79.46875,0.0,0.0,0.0
1695890211738,-0.93066406,-0.20703125,-0.54003906,-117.0625,126.75,-28.0,0.0,0.0,0.0
1695890211778,-1.1113281,-0.14550781,0.39941406,-9.46875,102.8125,-9.28125,-99.3125,3.8125,-49.4375
1695890211818,-1.1210938,0.18261719,0.34375,-66.84375,73.6875,1.40625,0.0,0.0,0.0
1695890211858,-1.2041016,-0.2421875,0.041015625,-66.78125,37.625,10.8125,0.0,0.0,0.0
1695890211898,-1.4072266,-0.31640625,0.19140625,-30.03125,-10.78125,5.4375,0.0,0.0,0.0
1695890211938,-1.8886719,-0.23339844,0.18847656,35.09375,-87.96875,39.0,0.0,0.0,0.0
1695890211978,-1.0419922,-0.0625,-0.45703125,-15.34375,-214.875,21.5625,0.0,0.0,0.0
1695890212018,-1.6132812,0.21386719,-0.12402344,164.0,-185.28125,38.9375,0.0,0.0,0.0
1695890212058,-1.8066406,0.08496094,-0.059570312,-13.6875,-227.8125,19.40625,0.0,0.0,0.0
1695890212098,-1.5527344,-0.072265625,-0.5332031,268.65625,-125.8125,-1.59375,0.0,0.0,0.0
1695890212138,-0.62597656,-0.13964844,0.31640625,106.375,-185.28125,17.03125,0.0,0.0,0.0
1695890212178,-0.44335938,-0.07128906,-0.076171875,138.0,-194.0625,53.96875,0.0,0.0,0.0
1695890212218,-0.31640625,0.055664062,-0.19140625,48.6875,-148.90625,48.78125,0.0,0.0,0.0
1695890212258,-0.51953125,-0.0048828125,0.06640625,81.65625,-10.28125,49.125,-104.25,-23.5,1.125
1695890212298,-0.13085938,0.10449219,0.16308594,63.90625,31.90625,-16.65625,0.0,0.0,0.0
1695890212338,-0.29003906,0.30371094,0.6699219,-26.3125,119.1875,-91.0625,0.0,0.0,0.0
1695890212378,-1.8798828,0.25195312,1.7578125,-18.75,133.40625,-79.9375,0.0,0.0,0.0
1695890212418,-1.1083984,0.7919922,0.5390625,64.0,-37.03125,17.34375,0.0,0.0,0.0
1695890212458,-0.46289062,0.6640625,0.31347656,87.34375,32.125,17.21875,0.0,0.0,0.0
1695890212498,-1.9072266,-0.34277344,-1.1542969,-195.09375,-7.59375,-36.25,0.0,0.0,0.0
1695890212538,-0.56152344,-0.072265625,-0.45703125,108.875,12.0,-13.71875,0.0,0.0,0.0
1695890212578,-0.8417969,-0.02734375,0.2265625,-116.59375,82.5,-39.53125,0.0,0.0,0.0
1695890212618,-1.0791016,-0.5488281,-0.2919922,-160.03125,183.6875,-83.5625,0.0,0.0,0.0
1695890212658,-0.84277344,0.030273438,0.2578125,-44.5625,121.1875,-40.53125,0.0,0.0,0.0
1695890212698,-0.7011719,0.045898438,0.001953125,-95.34375,134.0,-36.625,0.0,0.0,0.0
1695890212738,-0.59472656,-0.009765625,0.16503906,-99.4375,127.90625,-60.65625,0.0,0.0,0.0
1695890212778,-1.03125,-0.27929688,-0.39453125,-123.5,110.5,-28.8125,-98.125,3.9375,-44.0
1695890212818,-0.9550781,-0.15820312,0.17675781,2.78125,107.5,-24.53125,0.0,0.0,0.0
1695890212858,-1.2373047,0.20410156,0.29101562,-56.15625,104.09375,-6.40625,0.0,0.0,0.0
1695890212898,-1.4003906,-0.0048828125,0.037109375,-106.8125,37.03125,19.90625,0.0,0.0,0.0
1695890212938,-1.3496094,-0.60058594,0.20996094,-44.03125,1.0,9.34375,0.0,0.0,0.0
1695890212978,-1.5380859,-0.12988281,0.052734375,-15.03125,-69.0,21.0625,0.0,0.0,0.0
1695890213018,-1.3125,-0.51660156,-0.20605469,3.34375,-206.09375,19.96875,0.0,0.0,0.0
1695890213058,-1.4160156,0.5966797,-0.5048828,55.84375,-193.4375,5.375,0.0,0.0,0.0
1695890213098,-1.8027344,0.08886719,0.16601562,130.78125,-243.0625,24.53125,0.0,0.0,0.0
1695890213138,-1.7460938,-0.2578125,-0.5078125,158.0625,-170.125,-3.40625,0.0,0.0,0.0
1695890213178,-0.6816406,-0.13867188,0.20410156,127.78125,-272.625,-3.90625,0.0,0.0,0.0
1695890213218,-0.54003906,-0.15527344,-0.10546875,139.40625,-181.25,60.375,0.0,0.0,0.0
1695890213258,-0.328125,0.06933594,-0.17285156,30.4375,-174.90625,52.75,-93.875,-25.9375,-16.875
1695890213298,-0.3408203,-0.07421875,0.04296875,97.46875,5.34375,42.1875,0.0,0.0,0.0
1695890213338,-0.0546875,0.13867188,0.056640625,87.5,19.75,-7.25,0.0,0.0,0.0
1695890213378,-0.28710938,0.24121094,0.6220703,24.53125,77.1875,-70.0625,0.0,0.0,0.0
1695890213418,-1.6933594,0.26660156,1.5048828,-80.21875,145.96875,-86.96875,0.0,0.0,0.0
1695890213458,-0.4638672,0.72558594,0.58496094,109.3125,-29.15625,23.375,0.0,0.0,0.0
1695890213498,-1.6884766,1.1289062,0.14941406,58.46875,13.46875,50.53125,0.0,0.0,0.0
1695890213538,-0.9199219,0.140625,-0.265625,-132.09375,-17.78125,11.78125,0.0,0.0,0.0
1695890213578,-1.1484375,-0.49902344,-0.5673828,-91.75,70.46875,-41.875,0.0,0.0,0.0
1695890213618,-0.8515625,-0.296875,-0.10644531,-124.78125,125.28125,-77.625,0.0,0.0,0.0
1695890213658,-0.8730469,-0.041015625,-0.00390625,-72.875,141.875,-67.625,0.0,0.0,0.0
1695890213698,-0.9169922,-0.15820312,0.10253906,-94.625,157.375,-31.90625,0.0,0.0,0.0
1695890213738,-0.9121094,-0.07910156,0.024414062,-110.4375,142.0625,-48.34375,0.0,0.0,0.0
1695890213778,-0.60058594,-0.040039062,0.23144531,-54.40625,119.28125,-78.0625,-98.875,-4.0,-39.0625
1695890213818,-0.5830078,-0.022460938,-0.4609375,-161.75,146.625,-56.625,0.0,0.0,0.0
1695890213858,-1.1064453,-0.19824219,0.08984375,-17.53125,117.09375,-9.625,0.0,0.0,0.0
1695890213898,-1.1777344,-0.13085938,0.11425781,-66.96875,106.78125,-8.84375,0.0,0.0,0.0
1695890213938,-1.3925781,0.1015625,0.15039062,-71.53125,58.3125,10.3125,0.0,0.0,0.0
1695890213978,-1.4013672,-0.5058594,0.29003906,-59.46875,7.34375,19.125,0.0,0.0,0.0
1695890214018,-1.4111328,-0.08496094,0.15234375,-33.03125,-50.375,6.28125,0.0,0.0,0.0
1695890214058,-1.3896484,-0.46484375,0.005859375,38.8125,-182.46875,46.03125,0.0,0.0,0.0
1695890214098,-1.1962891,0.15234375,-0.60058594,-12.09375,-182.15625,-0.0625,0.0,0.0,0.0
1695890214138,-1.7675781,0.24316406,-0.056640625,115.46875,-232.03125,21.90625,0.0,0.0,0.0
1695890214178,-1.7148438,-0.06640625,-0.3779297,133.34375,-185.8125,46.34375,0.0,0.0,0.0
1695890214218,-0.8544922,-0.3544922,0.41015625,110.34375,-264.75,-7.75,0.0,0.0,0.0
1695890214258,-0.45214844,-0.0126953125,-0.13085938,144.59375,-205.46875,37.3125,-98.6875,-0.875,-24.9375
1695890214298,-0.4765625,-0.059570312,-0.12597656,76.71875,-153.34375,55.71875,0.0,0.0,0.0
1695890214338,-0.7138672,-0.0009765625,0.083984375,110.03125,-37.75,72.6875,0.0,0.0,0.0
1695890214378,-0.18847656,0.06933594,0.0009765625,116.25,14.75,-4.4375,0.0,0.0,0.0
1695890214418,-0.24414062,0.29101562,0.6279297,-0.125,81.8125,-62.84375,0.0,0.0,0.0
1695890214458,-1.2421875,0.23632812,1.2929688,-50.4375,147.96875,-108.03125,0.0,0.0,0.0
1695890214498,-1.2011719,0.87109375,1.2470703,22.9375,24.5625,6.34375,0.0,0.0,0.0
1695890214538,-1.140625,1.0478516,0.18652344,103.625,38.96875,25.9375,0.0,0.0,0.0
1695890214578,-1.1367188,-0.078125,-0.79589844,-137.65625,-60.9375,0.625,0.0,0.0,0.0
1695890214618,-1.0449219,-0.5966797,-0.38183594,-1.15625,38.46875,-42.09375,0.0,0.0,0.0
1695890214658,-0.9404297,-0.06933594,0.09765625,-68.125,81.6875,-57.78125,0.0,0.0,0.0
1695890214698,-0.9189453,-0.015625,-0.07421875,-99.5625,129.65625,-54.1875,0.0,0.0,0.0
1695890214738,-0.93652344,-0.11035156,0.072265625,-75.21875,147.3125,-24.03125,0.0,0.0,0.0
1695890214778,-0.83496094,-0.16210938,-0.06933594,-117.0625,135.28125,-38.1875,-101.875,-0.25,-31.875
1695890214818,-0.5839844,-0.005859375,0.24609375,-62.625,114.03125,-70.5625,0.0,0.0,0.0
1695890214858,-0.5498047,-0.20410156,-0.3798828,-175.0625,138.65625,-57.0625,0.0,0.0,0.0
1695890214898,-0.9873047,-0.21386719,-0.10839844,-0.125,124.125,-26.40625,0.0,0.0,0.0
1695890214938,-1.1767578,0.072265625,0.43164062,-41.21875,108.75,-17.15625,0.0,0.0,0.0
1695890214978,-1.3564453,0.119140625,0.17089844,-82.21875,52.53125,15.625,0.0,0.0,0.0
1695890215018,-1.3583984,-0.52734375,0.026367188,-57.9375,13.03125,17.40625,0.0,0.0,0.0
1695890215058,-1.5224609,0.052734375,0.265625,-26.875,-27.875,0.625,0.0,0.0,0.0
1695890215098,-1.5380859,-0.36914062,0.20214844,41.625,-140.09375,48.90625,0.0,0.0,0.0
1695890215138,-1.0166016,0.0703125,-0.5214844,-21.0625,-201.6875,-3.59375,0.0,0.0,0.0
1695890215178,-1.5927734,0.19628906,-0.078125,120.46875,-210.53125,29.1875,0.0,0.0,0.0
1695890215218,-1.9033203,0.016601562,-0.27246094,61.5625,-196.75,42.71875,0.0,0.0,0.0
1695890215258,-1.1113281,-0.2919922,0.06347656,165.09375,-254.90625,-25.1875,-99.125,8.75,-29.625
1695890215298,-0.5957031,0.047851562,0.0107421875,130.71875,-197.1875,26.375,0.0,0.0,0.0
1695890215338,-0.2626953,0.064453125,-0.12988281,102.28125,-196.8125,47.625,0.0,0.0,0.0
1695890215378,-0.609375,-0.07714844,0.05859375,73.0,-47.28125,50.1875,0.0,0.0,0.0
1695890215418,-0.2734375,0.0859375,-0.07128906,86.90625,-19.5625,14.59375,0.0,0.0,0.0
1695890215458,-0.09277344,0.19824219,0.27734375,17.5,45.5625,-35.5625,0.0,0.0,0.0
1695890215498,-0.3720703,0.41601562,0.8261719,-82.65625,143.28125,-100.6875,0.0,0.0,0.0
1695890215538,-1.9912109,0.47265625,1.4179688,-25.90625,130.78125,-39.71875,0.0,0.0,0.0
1695890215578,-0.74902344,0.6542969,0.859375,126.75,-25.96875,52.4375,0.0,0.0,0.0
1695890215618,-1.6884766,0.48828125,1.3300781,128.78125,0.71875,16.5625,0.0,0.0,0.0
1695890215658,-1.1308594,0.13574219,-0.8144531,-142.96875,56.96875,-44.375,0.0,0.0,0.0
1695890215698,-0.5966797,-0.0146484375,-0.36523438,-0.4375,49.59375,-21.0,0.0,0.0,0.0
1695890215738,-1.1308594,-0.41308594,-0.10546875,-179.53125,127.28125,-41.875,0.0,0.0,0.0
1695890215778,-0.99121094,-0.11621094,-0.16503906,-96.6875,172.8125,-76.78125,-114.125,-5.1875,-21.8125
1695890215818,-0.90722656,-0.03515625,0.32617188,19.6875,124.3125,-38.375,0.0,0.0,0.0
1695890215858,-0.7138672,0.00390625,-0.068359375,-138.1875,159.28125,-68.78125,0.0,0.0,0.0
1695890215898,-0.53515625,0.10839844,0.068359375,-81.5625,124.0,-63.78125,0.0,0.0,0.0
1695890215938,-0.7998047,-0.30078125,-0.34179688,-162.125,128.375,-29.40625,0.0,0.0,0.0
1695890215978,-0.9404297,-0.18066406,0.12792969,10.65625,114.84375,-20.25,0.0,0.0,0.0
1695890216018,-1.1425781,0.17773438,0.31933594,-63.0,106.78125,-11.46875,0.0,0.0,0.0
1695890216058,-1.4169922,0.17285156,0.19042969,-68.625,52.78125,15.28125,0.0,0.0,0.0
1695890216098,-1.3769531,-0.5136719,0.15527344,-48.53125,3.625,10.1875,0.0,0.0,0.0
1695890216138,-1.3535156,0.17089844,0.23828125,-43.09375,-62.40625,16.0625,0.0,0.0,0.0
1695890216178,-1.3339844,-0.3232422,-0.059570312,2.84375,-195.90625,71.125,0.0,0.0,0.0
1695890216218,-1.3525391,0.06347656,-0.42578125,68.46875,-172.46875,5.4375,0.0,0.0,0.0
1695890216258,-1.7382812,0.107421875,0.0078125,65.84375,-217.5625,18.0625,-101.875,12.0625,-42.6875
1695890216298,-1.7822266,-0.11425781,-0.36035156,85.3125,-207.1875,9.96875,0.0,0.0,0.0
1695890216338,-1.0195312,-0.38183594,0.20117188,127.125,-250.21875,-28.1875,0.0,0.0,0.0
1695890216378,-0.5566406,0.0,-0.32128906,131.59375,-222.125,10.8125,0.0,0.0,0.0
1695890216418,-0.38378906,-0.056640625,0.09472656,144.65625,-145.84375,62.5,0.0,0.0,0.0
1695890216458,-0.52734375,-0.0107421875,-0.119140625,80.4375,-42.8125,46.8125,0.0,0.0,0.0
1695890216498,-0.016601562,0.17285156,-0.016601562,76.84375,-0.34375,8.0,0.0,0.0,0.0
1695890216538,-0.24414062,0.23242188,0.5361328,-4.28125,62.09375,-63.09375,0.0,0.0,0.0
1695890216578,-0.80566406,0.19824219,1.0595703,13.34375,148.96875,-113.6875,0.0,0.0,0.0
1695890216618,-1.8710938,0.9404297,1.6210938,-88.03125,49.03125,-6.21875,0.0,0.0,0.0
1695890216658,-0.3017578,0.72558594,0.1328125,89.71875,13.40625,35.78125,0.0,0.0,0.0
1695890216698,-1.9912109,-0.5751953,-0.34179688,93.625,-48.125,56.21875,0.0,0.0,0.0
1695890216738,-0.81933594,0.1953125,0.6533203,153.90625,29.09375,-29.84375,0.0,0.0,0.0
1695890216778,-0.90722656,0.3251953,0.55371094,-48.28125,38.1875,-2.5,-121.8125,4.5625,-10.5625
1695890216818,-1.1689453,-0.40527344,-0.087890625,-231.34375,149.8125,-63.71875,0.0,0.0,0.0
1695890216858,-1.2080078,-0.34570312,-0.09375,-42.84375,140.40625,-67.1875,0.0,0.0,0.0
1695890216898,-0.47460938,-0.01953125,0.22558594,-83.1875,157.5625,-100.46875,0.0,0.0,0.0
1695890216938,-0.4873047,0.2861328,0.051757812,-77.28125,145.90625,-67.75,0.0,0.0,0.0
1695890216978,-0.6298828,-0.16113281,-0.29003906,-162.84375,134.0,-31.96875,0.0,0.0,0.0
1695890217018,-0.97265625,-0.25683594,-0.29003906,-39.625,136.625,-22.46875,0.0,0.0,0.0
1695890217058,-1.2734375,-0.09375,0.34277344,-40.96875,116.71875,-9.46875,0.0,0.0,0.0
1695890217098,-1.4101562,0.22460938,0.30371094,-76.90625,49.84375,11.53125,0.0,0.0,0.0
1695890217138,-1.3623047,-0.44628906,0.18066406,-64.90625,3.9375,8.4375,0.0,0.0,0.0
1695890217178,-1.4804688,-0.17578125,0.08300781,-44.75,-58.25,-1.40625,0.0,0.0,0.0
1695890217218,-1.4541016,-0.4638672,-0.15429688,0.59375,-185.09375,28.4375,0.0,0.0,0.0
1695890217258,-1.0175781,0.5830078,-0.55078125,16.21875,-165.25,9.21875,-101.375,9.8125,-48.8125
1695890217298,-1.7705078,0.29589844,0.21679688,86.71875,-220.25,41.6875,0.0,0.0,0.0
1695890217338,-1.734375,0.08691406,-0.40722656,65.90625,-178.6875,29.375,0.0,0.0,0.0
1695890217378,-0.8515625,-0.29589844,0.2919922,120.09375,-275.59375,-1.03125,0.0,0.0,0.0
1695890217418,-0.6699219,-0.0126953125,-0.23828125,96.25,-180.15625,43.09375,0.0,0.0,0.0
1695890217458,-0.11816406,-0.00390625,-0.13671875,77.4375,-158.0,47.0,0.0,0.0,0.0
1695890217498,-0.55859375,-0.024414062,0.013671875,92.09375,-34.4375,49.1875,0.0,0.0,0.0
1695890217538,-0.16796875,0.095703125,0.0087890625,86.0625,16.15625,2.625,0.0,0.0,0.0
1695890217578,-0.2763672,0.17773438,0.58984375,-13.9375,56.84375,-72.5,0.0,0.0,0.0
1695890217618,-0.9501953,0.31054688,1.28125,-61.21875,131.0625,-118.65625,0.0,0.0,0.0
1695890217658,-1.5244141,0.81347656,1.1826172,35.75,43.0625,18.5625,0.0,0.0,0.0
1695890217698,-0.30859375,0.90625,0.2890625,63.34375,-7.0625,45.40625,0.0,0.0,0.0
1695890217738,-1.9912109,-0.3935547,-0.49121094,21.84375,-40.96875,57.1875,0.0,0.0,0.0
1695890217778,-0.7998047,0.16601562,0.3046875,28.125,52.8125,-59.875,-114.875,-4.9375,-12.375
1695890217818,-0.89160156,-0.18164062,0.42089844,-55.75,57.09375,-37.21875,0.0,0.0,0.0
