,timestamp,accel_x,accel_y,accel_z,gyro_x,gyro_y,gyro_z,ind
0,0,-0.36376953,-1.0112915,-0.014709473,4.84375,-2.71875,21.34375,0
1,40,-0.41601562,-1.1484985,-0.06011963,-1.453125,-7.453125,24.6875,1
2,80,-0.4387207,-1.3953247,-0.23712158,16.390625,-5.4375,26.515625,2
3,120,-0.35595703,-1.6567993,-0.2625122,-8.296875,10.390625,26.71875,3
4,160,0.039794922,-1.3452759,-0.39508057,-15.546875,28.84375,19.515625,4
5,200,0.1184082,-0.88946533,-0.55718994,-4.390625,17.53125,6.265625,5
6,240,0.30029297,-0.90582275,-0.38555908,4.6875,34.734375,10.40625,6
7,280,0.13256836,-1.0908813,-0.15411377,-4.59375,17.25,6.15625,7
8,320,-0.28710938,-0.8584595,-0.302063,-21.671875,36.828125,-14.875,8
9,360,-0.040527344,-0.7583618,-0.12921143,-17.796875,33.578125,-16.328125,9
10,400,0.19458008,-0.96661377,-0.17462158,-5.578125,40.578125,-10.40625,10
11,440,0.0024414062,-0.8850708,-0.14874268,-20.078125,35.09375,-2.609375,11
12,480,-0.2055664,-0.65631104,-0.1663208,2.578125,39.578125,-2.078125,12
13,520,-0.25732422,-0.67437744,-0.11773682,22.890625,40.296875,1.234375,13
14,560,-0.0061035156,-0.880188,-0.049621582,12.375,46.15625,4.703125,14
15,600,-0.030029297,-0.80255127,-0.078430176,-6.515625,41.671875,11.375,15
16,640,-0.07739258,-0.6904907,-0.002746582,-3.28125,37.28125,9.46875,16
17,680,-0.060791016,-0.9011841,-0.016174316,8.109375,33.765625,9.34375,17
18,720,-0.092285156,-0.9920044,0.09100342,-5.71875,29.5,4.015625,18
19,760,-0.19140625,-0.8977661,0.09173584,-1.3125,23.765625,2.125,19
20,800,-0.111572266,-0.8555298,0.105163574,-9.5625,20.53125,1.203125,20
21,840,0.06665039,-0.85943604,0.10394287,-0.640625,6.203125,-6.671875,21
22,880,-0.12426758,-0.9819946,0.1251831,-2.59375,1.171875,-1.5625,22
23,920,-0.15991211,-1.0896606,0.18695068,14.171875,0.109375,2.71875,23
24,960,-0.14379883,-1.1675415,0.17938232,16.265625,-9.453125,-0.890625,24
25,1000,-0.051757812,-1.2920532,-0.17999268,45.4375,-20.875,-2.0625,25
26,1040,-0.06640625,-1.5747681,-0.5401001,20.734375,-47.359375,-14.671875,26
27,1080,-0.54589844,-1.7300415,-0.6897583,-3.96875,-9.921875,0.4375,27
28,1120,-0.35180664,-0.7390747,-0.49420166,-30.96875,0.46875,-26.046875,28
29,1160,0.107910156,-0.8809204,-0.409729,55.09375,23.65625,0.609375,29
30,1200,-0.12475586,-1.3025513,-0.4920044,15.6875,12.484375,-13.578125,30
31,1240,-0.30126953,-0.7905884,-0.30670166,-24.5625,22.5,-3.78125,31
32,1280,-0.24951172,-0.39385986,-0.25152588,-3.734375,30.046875,-5.515625,32
33,1320,-0.18725586,-0.5042114,-0.30303955,14.625,31.3125,-2.765625,33
34,1360,0.040771484,-0.7424927,-0.15997314,8.890625,27.9375,0.953125,34
35,1400,-0.048583984,-0.7163696,-0.16827393,0.46875,13.671875,6.390625,35
36,1440,-0.28881836,-0.63116455,-0.22271729,-17.296875,6.8125,4.890625,36
37,1480,-0.2915039,-0.9121704,-0.2300415,25.09375,6.65625,6.953125,37
38,1520,-0.2734375,-1.0491333,-0.22955322,-19.21875,0.359375,1.15625,38
39,1560,-0.33251953,-1.1355591,-0.15216064,-3.8125,1.09375,0.546875,39
40,1600,-0.3918457,-1.1792603,-0.15826416,-12.6875,7.578125,7.296875,40
41,1640,-0.39868164,-0.95880127,-0.31378174,-18.59375,1.859375,8.875,41
42,1680,-0.48413086,-1.0361938,-0.40753174,-20.171875,-4.765625,-7.90625,42
43,1720,0.10620117,-1.6292114,-0.17047119,32.296875,21.40625,6.125,43
44,1760,0.01928711,-1.1426392,-0.1795044,-21.890625,13.765625,9.578125,44
45,1800,-0.22167969,-0.6692505,-0.3303833,-3.828125,6.3125,-3.546875,45
46,1840,-0.07397461,-0.8128052,-0.11431885,-7.90625,10.5,-7.046875,46
47,1880,-0.2109375,-1.0474243,-0.013244629,-2.34375,13.859375,4.234375,47
48,1920,-0.203125,-0.9295044,-0.05670166,-17.796875,7.546875,-5.15625,48
49,1960,-0.06542969,-0.6397095,-0.039123535,-6.9375,7.6875,4.390625,49
50,2000,0.053466797,-0.6477661,0.007751465,-1.703125,-9.046875,5.609375,50
51,2040,-0.028564453,-0.8052368,0.06732178,12.734375,-15.84375,5.90625,51
52,2080,-0.2722168,-0.909729,0.059509277,-3.65625,-16.515625,12.453125,52
53,2120,-0.23803711,-0.85650635,0.062438965,0.6875,-12.390625,1.078125,53
54,2160,-0.15698242,-0.9985962,0.038024902,6.65625,-7.265625,2.84375,54
55,2200,-0.27416992,-0.960022,0.08660889,12.5,1.703125,-0.171875,55
56,2240,-0.1743164,-1.0142212,-0.026916504,12.09375,5.15625,-10.765625,56
57,2280,-0.095947266,-1.0725708,-0.2498169,2.09375,-31.734375,-17.03125,57
58,2320,-0.15942383,-1.7832642,-0.18951416,53.359375,10.84375,3.0,58
59,2360,-0.48168945,-1.4832153,-0.22540283,-33.71875,-1.765625,-18.65625,59
60,2400,-0.3996582,-0.47979736,-0.3591919,-12.828125,16.90625,-11.125,60
61,2440,0.03881836,-0.52301025,-0.2444458,26.125,22.28125,-20.171875,61
62,2480,-0.23876953,-1.1968384,-0.2185669,-9.8125,7.40625,-19.484375,62
63,2520,-0.37841797,-0.9602661,-0.19781494,-14.4375,4.8125,-14.71875,63
64,2560,-0.41723633,-0.68292236,-0.20611572,-10.609375,15.015625,-11.9375,64
65,2600,-0.33935547,-0.84869385,-0.18389893,-13.203125,14.15625,-8.890625,65
66,2640,-0.26904297,-0.9158325,-0.17218018,0.0,11.984375,0.03125,66
67,2680,-0.31640625,-0.74176025,-0.09625244,-0.359375,7.265625,6.484375,67
68,2720,-0.39379883,-0.71881104,-0.09674072,10.953125,7.859375,10.984375,68
69,2760,-0.35620117,-0.6692505,-0.049621582,16.75,8.078125,9.5,69
70,2800,-0.30273438,-0.72540283,-0.09820557,14.609375,0.890625,6.3125,70
71,2840,-0.32714844,-0.8118286,-0.07696533,13.875,-0.5625,14.75,71
72,2880,-0.29638672,-0.9102173,-0.1116333,15.609375,-6.1875,13.359375,72
73,2920,-0.40478516,-0.95977783,-0.08477783,5.109375,-9.8125,20.421875,73
74,2960,-0.5656738,-1.2029419,-0.0635376,-1.15625,-7.28125,19.453125,74
75,3000,-0.5270996,-1.1033325,-0.074523926,-10.546875,-4.125,13.46875,75
76,3040,-0.49145508,-1.0457153,-0.2564087,-19.984375,-0.953125,10.25,76
77,3080,-0.14355469,-1.2485962,-0.031066895,-9.0,0.921875,6.78125,77
78,3120,0.16918945,-1.2876587,-0.0647583,-9.515625,18.796875,17.953125,78
79,3160,-0.3334961,-0.92144775,-0.19781494,-16.421875,-11.796875,19.03125,79
80,3200,-0.38354492,-1.149231,-0.3106079,7.65625,-6.65625,-12.203125,80
81,3240,0.063964844,-1.2869263,-0.021057129,3.28125,9.078125,4.078125,81
82,3280,0.1977539,-1.0586548,-0.17022705,5.625,8.21875,7.0,82
83,3320,-0.04663086,-0.9517212,-0.08111572,6.640625,3.90625,4.25,83
84,3360,-0.12695312,-0.8987427,0.0018920898,-6.28125,-6.25,6.3125,84
85,3400,-0.028808594,-0.98638916,0.03289795,1.84375,-0.921875,-1.859375,85
86,3440,-0.13183594,-0.75445557,-0.013244629,-1.390625,-1.15625,-2.140625,86
87,3480,-0.14575195,-0.5857544,0.020690918,-2.0,-3.640625,-1.4375,87
88,3520,-0.010498047,-0.67755127,-0.012512207,-2.890625,-10.421875,-2.0,88
89,3560,-0.040283203,-0.8303833,-0.0071411133,5.5,-12.5,6.875,89
90,3600,-0.13085938,-0.9421997,0.08685303,-2.25,-14.53125,6.484375,90
91,3640,-0.3149414,-0.9714966,0.03753662,8.25,-9.6875,-0.5625,91
92,3680,-0.22924805,-0.8652954,0.035583496,-6.296875,-2.46875,-1.46875,92
93,3720,-0.07299805,-1.0149536,0.070007324,12.21875,5.90625,-4.609375,93
94,3760,-0.17138672,-1.1226196,-0.016662598,7.609375,5.375,-19.171875,94
95,3800,-0.13378906,-1.2232056,-0.23956299,2.125,-18.46875,-18.84375,95
96,3840,-0.109375,-1.6607056,-0.08404541,59.421875,5.515625,1.46875,96
97,3880,-0.42163086,-1.4033813,-0.2962036,-24.859375,9.5625,-10.046875,97
98,3920,-0.31054688,-0.5474243,-0.3340454,-5.234375,17.984375,-2.0,98
99,3960,0.09057617,-0.70562744,-0.23175049,17.859375,21.796875,-5.953125,99
100,4000,-0.27734375,-1.2380981,-0.30133057,2.59375,10.6875,-7.609375,100
101,4040,-0.3461914,-0.88165283,-0.11798096,-9.390625,10.296875,-1.421875,101
102,4080,-0.30639648,-0.6746216,-0.1104126,-9.765625,14.359375,-5.28125,102
103,4120,-0.2121582,-0.8555298,-0.1296997,-9.359375,10.328125,-5.703125,103
104,4160,-0.22558594,-0.7605591,-0.07208252,-8.25,8.796875,-5.453125,104
105,4200,-0.22485352,-0.7510376,-0.06378174,-2.640625,8.390625,0.34375,105
106,4240,-0.27514648,-0.80059814,-0.026428223,-4.078125,2.3125,3.375,106
107,4280,-0.35351562,-0.8052368,0.0072631836,-1.703125,2.65625,6.4375,107
108,4320,-0.35205078,-0.8701782,-0.012756348,-7.0,-2.75,5.578125,108
109,4360,-0.36987305,-1.0684204,-0.008117676,-7.625,-3.78125,2.6875,109
110,4400,-0.38745117,-1.2476196,0.018005371,-1.390625,-1.390625,8.09375,110
111,4440,-0.3305664,-1.050354,-0.17340088,1.3125,-6.671875,13.71875,111
112,4480,-0.5065918,-1.1638794,-0.050354004,-41.125,-12.515625,-3.765625,112
113,4520,0.23535156,-1.6792603,-0.07647705,13.921875,-1.265625,20.859375,113
114,4560,-0.047607422,-0.98394775,-0.08111572,-2.109375,0.609375,9.90625,114
115,4600,-0.14428711,-0.87384033,-0.2625122,-16.09375,-13.078125,1.578125,115
116,4640,0.11254883,-0.989563,0.054870605,-7.953125,-5.40625,5.921875,116
117,4680,-0.27685547,-1.0498657,0.062927246,2.875,-6.109375,-0.71875,117
118,4720,-0.18066406,-0.8218384,0.002380371,-20.765625,-13.21875,-0.421875,118
119,4760,0.0063476562,-0.77130127,0.07489014,-13.84375,-12.78125,-2.90625,119
120,4800,-0.032714844,-0.78741455,0.08416748,-12.875,-19.171875,-0.015625,120
121,4840,-0.17504883,-0.7637329,0.07489014,-8.671875,-18.921875,2.625,121
122,4880,-0.1303711,-0.755188,0.14178467,-7.015625,-22.171875,2.78125,122
123,4920,-0.11450195,-0.8154907,0.11810303,0.03125,-14.125,4.671875,123
124,4960,-0.22021484,-0.8648071,0.14959717,7.1875,-14.875,2.609375,124
125,5000,-0.27856445,-1.0237427,0.17694092,16.5625,-13.328125,2.734375,125
126,5040,-0.2746582,-1.0703735,0.20135498,9.375,-7.0625,-1.984375,126
127,5080,-0.19824219,-1.0755005,0.14959717,26.6875,5.828125,-9.921875,127
128,5120,-0.051757812,-1.2776489,-0.14849854,14.25,-13.421875,-15.265625,128
129,5160,-0.51953125,-1.7202759,0.003112793,37.125,10.09375,0.21875,129
130,5200,-0.5058594,-0.9168091,-0.30548096,-31.453125,9.890625,-8.46875,130
131,5240,-0.028076172,-0.53570557,-0.21270752,37.84375,28.765625,-1.515625,131
132,5280,-0.032470703,-1.0715942,-0.17364502,21.53125,26.515625,-2.984375,132
133,5320,-0.44702148,-1.1360474,-0.18365479,8.359375,17.828125,-6.984375,133
134,5360,-0.3635254,-0.64434814,-0.061828613,-0.859375,22.53125,0.84375,134
135,5400,-0.2553711,-0.72076416,-0.17071533,15.09375,23.125,-3.875,135
136,5440,-0.27172852,-0.7625122,-0.07745361,-0.8125,25.984375,-3.765625,136
137,5480,-0.22875977,-0.7581177,-0.10992432,4.1875,21.90625,2.0,137
138,5520,-0.32226562,-0.7271118,-0.1194458,7.25,21.8125,6.140625,138
139,5560,-0.3293457,-0.7827759,-0.05621338,6.109375,16.078125,5.15625,139
140,5600,-0.40112305,-0.9055786,-0.09503174,10.9375,15.21875,8.15625,140
141,5640,-0.3935547,-0.9324341,-0.11602783,7.5,13.875,11.015625,141
142,5680,-0.39697266,-1.2041626,-0.12554932,5.515625,17.53125,13.53125,142
143,5720,-0.3918457,-1.112854,-0.11480713,22.5,8.6875,21.875,143
144,5760,-0.58813477,-1.1785278,-0.36846924,-9.25,8.359375,13.578125,144
145,5800,-0.15893555,-1.4014282,-0.21270752,38.265625,10.296875,13.25,145
146,5840,0.20092773,-1.2236938,-0.2041626,-12.015625,33.3125,21.53125,146
147,5880,-0.055664062,-0.91485596,-0.31915283,0.515625,10.46875,18.40625,147
148,5920,-0.12988281,-0.9373169,-0.1795044,-10.421875,19.09375,1.90625,148
149,5960,-0.15698242,-0.8838501,-0.01763916,-1.953125,25.078125,6.09375,149
150,6000,-0.21679688,-1.0049438,-0.09552002,1.140625,23.359375,-3.140625,150
151,6040,0.060302734,-0.925354,-0.057922363,0.140625,20.515625,0.5625,151
152,6080,0.05883789,-0.9248657,-0.14483643,0.5625,9.171875,3.640625,152
153,6120,-0.068847656,-0.72320557,-0.06109619,2.234375,10.578125,9.484375,153
154,6160,-0.039794922,-0.57647705,-0.019104004,-35.421875,-7.640625,15.171875,154
168,6200,-0.3022461,-0.61920166,-0.22979736,-42.65625,4.140625,-13.34375,168
169,6240,-0.3544922,-0.4595337,-0.20587158,8.75,12.390625,-7.421875,169
170,6280,-0.1171875,-0.84576416,-0.2546997,7.46875,10.390625,-7.359375,170
171,6320,-0.16381836,-0.85528564,-0.17877197,-0.359375,10.609375,-4.0,171
172,6360,-0.32177734,-0.77471924,-0.14361572,-0.375,11.03125,-3.921875,172
173,6400,-0.29858398,-0.8635864,-0.1807251,-6.890625,7.375,-1.96875,173
174,6440,-0.19238281,-0.86553955,-0.14849854,-4.4375,5.953125,-1.3125,174
175,6480,-0.21264648,-0.96173096,-0.16900635,-16.609375,-2.953125,1.828125,175
176,6520,-0.51904297,-0.8369751,-0.09967041,-26.90625,9.234375,4.328125,176
177,6560,-0.5720215,-0.80548096,-0.02960205,-7.109375,6.046875,10.28125,177
178,6600,-0.5031738,-0.83843994,-0.15093994,-3.359375,17.59375,2.296875,178
179,6640,-0.53881836,-1.0007935,-0.07720947,12.609375,23.71875,9.5625,179
180,6680,-0.4333496,-1.1975708,-0.13555908,5.46875,25.875,6.5625,180
181,6720,-0.57666016,-1.2407837,-0.3640747,-0.171875,20.03125,10.46875,181
182,6760,-0.16040039,-1.4819946,-0.36090088,23.265625,39.359375,14.609375,182
183,6800,0.27783203,-1.3174438,-0.46368408,-4.046875,34.359375,30.1875,183
184,6840,0.19116211,-0.8936157,-0.26519775,-1.921875,26.296875,15.0625,184
185,6880,0.09741211,-1.1773071,-0.24249268,5.0,27.4375,9.765625,185
186,6920,-0.41748047,-0.923645,-0.19049072,-23.4375,26.265625,-10.453125,186
187,6960,-0.21948242,-0.6860962,-0.3069458,6.65625,40.40625,-8.21875,187
188,7000,0.16015625,-0.79351807,-0.17364502,14.5625,44.03125,7.046875,188
189,7040,0.16748047,-0.8948364,-0.10626221,-1.9375,26.015625,0.71875,189
190,7080,-0.09838867,-0.8064575,-0.062805176,-7.65625,25.953125,3.0625,190
191,7120,-0.22241211,-0.65948486,-0.07086182,-10.921875,21.984375,10.828125,191
192,7160,-0.10131836,-0.6519165,-0.016174316,3.390625,19.578125,1.828125,192
193,7200,-0.040039062,-0.8718872,-0.046936035,11.046875,15.28125,8.109375,193
194,7240,-0.15258789,-0.8867798,0.0021362305,1.171875,12.671875,11.875,194
195,7280,-0.27368164,-1.010315,-0.014953613,11.109375,13.03125,3.5,195
196,7320,-0.35302734,-1.1592407,-0.008850098,9.40625,19.203125,-1.296875,196
197,7360,-0.18383789,-1.0991821,-0.044006348,11.796875,25.09375,0.46875,197
198,7400,-0.05859375,-1.1463013,-0.24102783,14.71875,4.171875,-9.5,198
199,7440,-0.30078125,-1.5325317,-0.4295044,57.15625,12.109375,-5.78125,199
200,7480,-0.2849121,-1.2241821,-0.44049072,-32.890625,31.90625,2.21875,200
201,7520,-0.24169922,-0.43463135,-0.3928833,-7.578125,42.46875,3.140625,201
202,7560,0.1015625,-0.79937744,-0.29595947,54.375,25.9375,2.15625,202
203,7600,-0.20703125,-1.2466431,-0.30059814,-2.3125,16.296875,-3.921875,203
204,7640,-0.42919922,-0.83184814,-0.20635986,-10.984375,22.59375,-0.9375,204
205,7680,-0.26464844,-0.5352173,-0.19659424,8.09375,28.21875,5.515625,205
206,7720,-0.1796875,-0.79351807,-0.23345947,19.90625,26.46875,-1.390625,206
207,7760,-0.15258789,-0.909729,-0.1506958,16.9375,25.078125,7.515625,207
208,7800,-0.28808594,-0.7346802,-0.16607666,-6.640625,24.515625,9.875,208
209,7840,-0.37670898,-0.67022705,-0.17559814,8.71875,18.765625,8.765625,209
210,7880,-0.33911133,-0.8189087,-0.18145752,3.765625,17.9375,10.578125,210
211,7920,-0.29296875,-0.93707275,-0.22906494,-0.15625,14.203125,12.40625,211
212,7960,-0.2932129,-0.9990845,-0.16168213,-4.421875,11.109375,8.171875,212
213,8000,-0.42382812,-1.1079712,-0.17999268,-5.875,11.28125,9.28125,213
214,8040,-0.5288086,-0.99591064,-0.38482666,-8.84375,5.984375,14.4375,214
215,8080,-0.47045898,-1.2612915,-0.24908447,-14.09375,20.75,3.796875,215
216,8120,0.34643555,-1.7195435,-0.25030518,16.375,26.90625,20.40625,216
217,8160,-0.040771484,-0.94415283,-0.21221924,-36.78125,3.34375,10.0625,217
218,8200,-0.050048828,-0.84820557,-0.3081665,5.40625,2.5625,9.859375,218
219,8240,-0.040039062,-0.9849243,-0.0020141602,-10.0,7.359375,-5.796875,219
220,8280,-0.34692383,-1.0901489,-0.05206299,-17.28125,18.734375,-7.9375,220
221,8320,-0.20654297,-0.9385376,-0.016662598,-1.796875,19.234375,-7.3125,221
222,8360,0.03857422,-0.88775635,-0.005432129,-19.625,15.859375,-6.203125,222
223,8400,-0.017822266,-0.8364868,-0.070129395,3.640625,4.453125,4.375,223
224,8440,-0.044189453,-0.57037354,0.018249512,-16.421875,0.3125,3.921875,224
225,8480,-0.09082031,-0.5159302,0.004333496,-6.03125,-3.359375,4.53125,225
226,8520,-0.17895508,-0.772522,0.097839355,0.859375,-9.484375,2.546875,226
227,8560,-0.22973633,-0.9866333,0.10858154,-0.046875,-5.875,11.625,227
228,8600,-0.12792969,-0.8538208,0.10662842,-2.40625,-7.046875,12.25,228
229,8640,-0.18457031,-0.7620239,0.18890381,27.734375,-3.953125,9.0625,229
241,8680,-0.18188477,-0.8010864,-0.15045166,5.78125,31.3125,-0.34375,241
242,8720,-0.20581055,-0.8345337,-0.19952393,-12.171875,26.59375,1.328125,242
243,8760,-0.29833984,-0.8897095,-0.05279541,-1.453125,19.890625,-0.28125,243
244,8800,-0.3635254,-0.83917236,-0.09552002,-12.796875,26.671875,6.28125,244
245,8840,-0.45410156,-0.6524048,-0.16217041,-2.078125,27.53125,7.9375,245
246,8880,-0.27807617,-0.77789307,-0.15557861,-0.859375,22.0625,5.96875,246
247,8920,-0.2368164,-0.9871216,-0.058410645,5.125,9.109375,6.984375,247
248,8960,-0.45922852,-1.069397,-0.04473877,-14.296875,7.0,15.0,248
249,9000,-0.75805664,-0.9036255,-0.09503174,-5.59375,8.390625,13.3125,249
250,9040,-0.77563477,-1.0430298,-0.085510254,-2.84375,19.21875,9.546875,250
251,9080,-0.55615234,-1.1799927,-0.1987915,13.875,33.578125,14.28125,251
252,9120,-0.2548828,-1.4697876,-0.31671143,5.625,41.53125,13.015625,252
253,9160,0.22705078,-1.2532349,-0.24713135,26.46875,36.21875,22.984375,253
254,9200,0.04345703,-0.9468384,-0.22149658,-8.71875,27.75,6.53125,254
255,9240,0.12060547,-0.8855591,-0.1831665,8.765625,27.234375,7.453125,255
256,9280,-0.18530273,-1.0271606,-0.12994385,-9.421875,19.453125,-21.0625,256
257,9320,-0.27563477,-1.0220337,-0.21636963,8.875,29.515625,-19.3125,257
258,9360,-0.06958008,-0.9841919,-0.1729126,-7.625,34.46875,-1.828125,258
259,9400,0.056152344,-0.83599854,-0.07745361,-4.296875,33.734375,-0.8125,259
276,9440,-0.15185547,-0.73638916,-0.15142822,3.296875,20.234375,1.078125,276
277,9480,-0.22021484,-0.77423096,-0.15533447,7.265625,18.203125,6.28125,277
278,9520,-0.31811523,-0.77471924,-0.12042236,9.234375,13.546875,5.546875,278
279,9560,-0.3527832,-0.8682251,-0.10845947,12.484375,9.859375,7.171875,279
280,9600,-0.36206055,-0.8875122,-0.15362549,8.921875,7.234375,10.6875,280
281,9640,-0.36743164,-0.93536377,-0.18927002,3.703125,3.9375,5.921875,281
282,9680,-0.34204102,-1.0776978,-0.11968994,3.578125,0.5,3.828125,282
283,9720,-0.33666992,-1.2175903,-0.33966064,-7.09375,-5.421875,4.875,283
284,9760,-0.5961914,-1.147522,-0.20758057,-11.125,-2.46875,5.34375,284
285,9800,0.10961914,-1.5349731,-0.17803955,13.8125,5.078125,13.0,285
286,9840,0.009277344,-1.1199341,-0.1519165,-12.515625,-4.90625,9.5,286
287,9880,-0.1171875,-0.75738525,-0.23321533,1.09375,-6.671875,9.59375,287
288,9920,-0.1003418,-0.8701782,-0.10064697,7.875,-3.953125,-3.140625,288
289,9960,-0.17675781,-1.0027466,-0.08526611,3.21875,3.6875,6.734375,289
290,10000,-0.19750977,-0.8640747,-0.105773926,-2.859375,2.734375,2.65625,290
291,10040,-0.021484375,-0.8206177,-0.105773926,-3.484375,0.5625,1.21875,291
292,10080,-0.036865234,-0.74957275,-0.06719971,0.28125,-3.1875,3.3125,292
293,10120,-0.15356445,-0.7854614,-0.062561035,4.3125,-3.6875,9.203125,293
294,10160,-0.15405273,-0.72662354,-0.044006348,3.421875,-9.3125,4.796875,294
295,10200,-0.068359375,-0.88604736,-0.0413208,4.828125,-7.28125,2.3125,295
296,10240,-0.2006836,-0.9624634,-0.023742676,5.84375,-12.546875,4.96875,296
297,10280,-0.2397461,-0.8562622,-0.047912598,-0.484375,-3.609375,4.296875,297
298,10320,-0.18164062,-0.9480591,-0.030822754,12.28125,-5.921875,-5.75,298
299,10360,-0.3059082,-1.1067505,-0.058654785,11.15625,5.90625,-5.609375,299
300,10400,0.022216797,-1.0830688,-0.2276001,1.484375,-17.6875,-5.390625,300
301,10440,-0.16381836,-1.406311,-0.26470947,24.03125,-16.796875,-15.421875,301
302,10480,-0.3762207,-1.6885376,-0.3555298,-0.578125,-0.53125,-10.6875,302
303,10520,-0.32006836,-0.77056885,-0.30059814,-27.65625,18.921875,-2.90625,303
304,10560,-0.06201172,-0.5899048,-0.39752197,15.296875,15.46875,-4.421875,304
305,10600,-0.09008789,-1.0813599,-0.362854,19.59375,16.65625,4.796875,305
306,10640,-0.18139648,-1.0305786,-0.21685791,-4.796875,7.8125,-5.40625,306
307,10680,-0.38378906,-0.6902466,-0.24395752,-2.96875,11.890625,-4.25,307
308,10720,-0.31176758,-0.7571411,-0.190979,8.9375,15.71875,-0.453125,308
309,10760,-0.12084961,-0.835022,-0.15997314,5.984375,13.234375,-1.90625,309
310,10800,-0.20678711,-0.74420166,-0.17510986,-5.234375,10.359375,3.53125,310
311,10840,-0.30932617,-0.6934204,-0.17120361,1.359375,5.328125,2.109375,311
312,10880,-0.32177734,-0.7151489,-0.15484619,-2.03125,4.296875,4.40625,312
313,10920,-0.31713867,-0.7908325,-0.144104,6.796875,5.140625,3.015625,313
314,10960,-0.3232422,-0.9204712,-0.13482666,0.65625,3.140625,0.953125,314
315,11000,-0.33618164,-1.1026001,-0.20831299,-7.421875,1.078125,-1.796875,315
316,11040,-0.28173828,-1.0635376,-0.11602783,-7.5625,1.28125,7.515625,316
317,11080,-0.30737305,-1.1157837,-0.44488525,-9.6875,-13.3125,4.890625,317
318,11120,-0.5354004,-1.3154907,-0.21148682,3.34375,-18.578125,-3.703125,318
319,11160,0.39404297,-1.7622681,-0.14654541,3.4375,17.3125,24.328125,319
320,11200,-0.24169922,-0.772522,-0.30377197,-16.734375,-3.953125,10.828125,320
321,11240,-0.11401367,-0.58477783,-0.30377197,-4.71875,-7.671875,0.96875,321
322,11280,0.12475586,-0.956604,-0.027404785,22.78125,-8.1875,0.921875,322
323,11320,-0.2434082,-1.1902466,-0.08770752,-16.953125,-3.1875,6.703125,323
324,11360,-0.19482422,-0.7954712,-0.034484863,-37.234375,-5.9375,-2.0625,324
325,11400,-0.07446289,-0.6970825,-0.11529541,0.515625,-5.296875,1.03125,325
326,11440,-0.05029297,-0.7737427,-0.046203613,-10.046875,-10.359375,-1.359375,326
327,11480,-0.04296875,-0.8123169,-0.03717041,0.9375,-10.59375,1.484375,327
328,11520,-0.19165039,-0.8677368,0.003112793,-3.78125,-14.671875,4.046875,328
329,11560,-0.12841797,-0.88604736,0.008239746,-2.140625,-12.015625,0.8125,329
330,11600,-0.17553711,-0.8635864,0.005554199,2.5,-9.4375,-0.28125,330
331,11640,-0.24438477,-0.99005127,-0.03643799,15.15625,-11.15625,-1.515625,331
332,11680,-0.20288086,-1.0498657,0.038024902,21.21875,5.890625,-7.59375,332
333,11720,-0.119384766,-1.1397095,-0.1921997,-5.125,-13.546875,-8.109375,333
334,11760,-0.2043457,-1.4060669,-0.28179932,25.578125,-24.140625,-26.234375,334
335,11800,-0.3725586,-1.6072388,-0.5569458,-23.1875,15.328125,-0.515625,335
336,11840,-0.44067383,-0.55352783,-0.25079346,-11.234375,17.15625,-2.6875,336
337,11880,0.083984375,-0.69073486,-0.32037354,15.921875,14.328125,-3.453125,337
338,11920,-0.1340332,-1.1660767,-0.22833252,18.265625,2.046875,-8.96875,338
339,11960,-0.40771484,-0.9199829,-0.25567627,-15.71875,7.234375,-0.53125,339
340,12000,-0.31835938,-0.6226196,-0.19439697,13.390625,17.234375,0.34375,340
341,12040,-0.21875,-0.86505127,-0.20098877,8.46875,13.875,-0.4375,341
342,12080,-0.1496582,-0.8352661,-0.15216064,6.125,13.890625,5.53125,342
343,12120,-0.21118164,-0.6616821,-0.15509033,0.5,10.171875,11.09375,343
344,12160,-0.28686523,-0.7058716,-0.1585083,7.265625,3.5625,6.671875,344
345,12200,-0.29248047,-0.7918091,-0.15264893,9.140625,3.34375,8.09375,345
346,12240,-0.25512695,-0.82647705,-0.1729126,0.65625,-1.21875,8.375,346
347,12280,-0.31030273,-1.0061646,-0.1963501,1.828125,-5.84375,0.515625,347
348,12320,-0.38427734,-1.1870728,-0.07159424,-5.40625,0.703125,5.5,348
349,12360,-0.49902344,-1.0132446,-0.51446533,-23.578125,-5.5,4.296875,349
350,12400,-0.30517578,-1.1882935,-0.21417236,-1.390625,1.96875,5.015625,350
351,12440,0.4411621,-1.6987915,-0.15460205,-5.90625,16.5625,22.25,351
352,12480,-0.26513672,-0.9133911,-0.3015747,-8.515625,3.265625,7.890625,352
353,12520,-0.26416016,-0.58477783,-0.2810669,-13.375,1.03125,9.171875,353
354,12560,0.10449219,-0.8909302,-0.12896729,4.265625,4.359375,-11.96875,354
355,12600,-0.027832031,-1.2922974,-0.085510254,10.875,8.359375,0.765625,355
356,12640,-0.28564453,-0.9326782,-0.10675049,-16.03125,3.734375,3.9375,356
357,12680,-0.005859375,-0.6885376,-0.13677979,-2.953125,7.953125,-0.34375,357
358,12720,0.0034179688,-0.80596924,-0.08868408,1.5,-3.390625,0.453125,358
359,12760,-0.12719727,-0.77227783,-0.031311035,-1.5625,-2.25,6.4375,359
360,12800,-0.08520508,-0.72442627,-0.035949707,-3.21875,-11.203125,5.46875,360
361,12840,-0.095947266,-0.7564087,0.013366699,-1.359375,-9.625,5.859375,361
362,12880,-0.1694336,-0.8569946,-0.0068969727,-10.21875,-15.34375,1.453125,362
363,12920,-0.20581055,-0.92926025,0.019470215,12.40625,-11.375,-2.015625,363
364,12960,-0.12524414,-1.1294556,-0.024719238,3.5625,-9.046875,-5.484375,364
365,13000,-0.17578125,-1.076477,-0.020568848,12.75,3.03125,-10.0625,365
366,13040,-0.06689453,-1.0689087,-0.29693604,0.625,-17.15625,-15.640625,366
367,13080,-0.23071289,-1.4011841,-0.13848877,30.703125,-31.015625,-26.078125,367
368,13120,-0.4387207,-1.5940552,-0.42730713,-19.03125,13.140625,-10.5625,368
369,13160,-0.38989258,-0.47930908,-0.34332275,-23.390625,6.734375,-9.578125,369
370,13200,-0.06640625,-0.62213135,-0.37921143,26.1875,12.078125,-15.828125,370
371,13240,-0.171875,-1.3596802,-0.29693604,2.15625,14.28125,-23.546875,371
372,13280,-0.40966797,-1.1270142,-0.21881104,-9.9375,6.96875,2.96875,372
373,13320,-0.41992188,-0.56329346,-0.175354,-9.359375,13.71875,-6.59375,373
374,13360,-0.30273438,-0.71417236,-0.1404419,3.859375,17.75,-12.9375,374
375,13400,-0.25830078,-0.84576416,-0.073791504,-11.8125,19.71875,-4.4375,375
376,13440,-0.20507812,-0.74786377,-0.11212158,-9.859375,15.046875,-2.1875,376
377,13480,-0.3034668,-0.71051025,-0.10675049,6.046875,8.953125,4.703125,377
378,13520,-0.39135742,-0.6970825,-0.11138916,1.640625,1.890625,5.484375,378
379,13560,-0.4104004,-0.73394775,-0.070373535,2.140625,2.375,3.84375,379
380,13600,-0.33081055,-0.85406494,-0.050842285,4.59375,-3.28125,4.234375,380
381,13640,-0.40307617,-0.9290161,-0.08526611,8.421875,0.421875,9.921875,381
382,13680,-0.47070312,-0.9763794,-0.0725708,4.65625,-0.359375,11.140625,382
383,13720,-0.4182129,-1.0447388,-0.09820557,3.71875,9.359375,12.109375,383
384,13760,-0.65893555,-1.0674438,-0.23199463,-11.546875,3.546875,5.71875,384
385,13800,-0.47314453,-1.2068481,-0.10211182,2.265625,17.703125,11.65625,385
386,13840,-0.26171875,-1.5903931,-0.2156372,-13.234375,29.609375,9.3125,386
387,13880,-0.06640625,-1.0818481,-0.09185791,9.421875,17.0,15.453125,387
388,13920,-0.005859375,-0.95025635,-0.25152588,2.125,21.46875,10.046875,388
389,13960,0.05883789,-0.7954712,-0.2300415,-7.875,-5.6875,9.859375,389
390,14000,-0.36450195,-0.972229,-0.124816895,-0.046875,17.15625,8.171875,390
391,14040,-0.24316406,-0.86724854,-0.09039307,15.203125,21.296875,0.5625,391
392,14080,0.032714844,-0.71954346,-0.058166504,-2.5625,24.421875,-2.734375,392
393,14120,-0.1159668,-0.81500244,-0.0335083,-6.125,12.828125,1.96875,393
394,14160,-0.29711914,-0.85894775,-0.07672119,2.734375,8.234375,-1.546875,394
395,14200,-0.18310547,-0.8623657,-0.07525635,-1.671875,13.5625,0.09375,395
396,14240,-0.122802734,-0.86676025,-0.023498535,3.65625,7.1875,6.484375,396
397,14280,-0.122802734,-0.81451416,0.031677246,-5.609375,1.921875,4.4375,397
398,14320,-0.16503906,-0.77301025,0.08514404,-2.78125,1.5625,10.40625,398
399,14360,-0.33251953,-0.8320923,0.07977295,2.828125,-3.109375,5.09375,399
400,14400,-0.24707031,-0.90460205,0.082214355,11.359375,-1.109375,-0.34375,400
401,14440,-0.14477539,-0.9951782,0.10272217,7.515625,3.609375,3.390625,401
402,14480,-0.2265625,-0.9902954,0.12908936,-5.34375,-5.09375,-5.015625,402
403,14520,-0.35180664,-0.9133911,0.101989746,-8.25,-2.640625,-8.9375,403
404,14560,-0.48339844,-1.0742798,0.085632324,-0.15625,5.953125,-14.015625,404
405,14600,-0.4885254,-1.1992798,-0.22564697,-4.90625,-1.859375,-13.96875,405
406,14640,-0.11425781,-1.097229,-0.14312744,-0.640625,17.890625,-6.5625,406
407,14680,-0.2685547,-0.93170166,-0.24957275,-5.96875,27.390625,23.9375,407
408,14720,-0.2919922,-0.8440552,-0.15362549,14.953125,21.84375,-10.140625,408
409,14760,-0.28857422,-1.022522,-0.22686768,5.6875,27.46875,1.4375,409
410,14800,-0.26123047,-1.2537231,-0.17315674,18.421875,30.09375,9.1875,410
411,14840,-0.33618164,-0.93878174,-0.093811035,-0.90625,24.671875,-2.25,411
412,14880,-0.34765625,-0.6292114,-0.16046143,-4.265625,21.953125,1.453125,412
413,14920,-0.3088379,-0.81695557,-0.12579346,26.28125,28.5,-11.28125,413
414,14960,-0.3244629,-1.0835571,-0.113342285,19.109375,25.484375,-2.9375,414
415,15000,-0.3803711,-0.9517212,-0.14263916,3.890625,22.15625,3.140625,415
416,15040,-0.40673828,-0.85772705,-0.1362915,-1.6875,18.703125,1.59375,416
417,15080,-0.4104004,-0.8023071,-0.082336426,7.359375,19.640625,2.484375,417
418,15120,-0.3894043,-0.80596924,-0.10455322,11.609375,14.546875,-0.09375,418
419,15160,-0.2902832,-0.8723755,-0.13970947,8.234375,15.84375,11.53125,419
420,15200,-0.41992188,-0.88165283,-0.05718994,6.546875,10.796875,6.953125,420
421,15240,-0.47094727,-1.0493774,-0.028625488,5.03125,5.578125,10.578125,421
422,15280,-0.52001953,-1.2263794,-0.2300415,1.5,5.640625,13.15625,422
423,15320,-0.4958496,-1.4685669,-0.14312744,-0.03125,18.046875,6.921875,423
424,15360,-0.2199707,-1.4209595,-0.32940674,-0.15625,16.375,8.28125,424
425,15400,0.049072266,-0.96588135,-0.28741455,9.28125,27.453125,11.03125,425
426,15440,0.03540039,-0.987854,-0.26739502,16.375,26.140625,7.28125,426
427,15480,-0.21289062,-0.94366455,-0.15362549,3.703125,20.390625,0.03125,427
428,15520,-0.32958984,-0.8796997,-0.16827393,-0.265625,29.125,-1.03125,428
429,15560,-0.12890625,-0.8430786,-0.09674072,-1.484375,35.28125,2.5625,429
430,15600,0.043945312,-0.7559204,-0.05621338,-8.515625,30.609375,4.953125,430
431,15640,-0.04296875,-0.70806885,-0.08111572,-8.984375,17.375,1.421875,431
432,15680,-0.22021484,-0.69732666,0.03387451,-1.78125,16.546875,6.6875,432
433,15720,-0.19238281,-0.86187744,0.03753662,-2.375,12.21875,6.78125,433
434,15760,-0.11767578,-0.9102173,0.059265137,-2.796875,13.625,8.546875,434
435,15800,-0.27270508,-0.8735962,0.047790527,6.703125,13.140625,11.46875,435
436,15840,-0.32080078,-0.86602783,0.046081543,9.859375,15.0625,9.8125,436
437,15880,-0.24902344,-0.99176025,0.10736084,10.171875,12.421875,6.640625,437
438,15920,-0.27075195,-1.0459595,0.08807373,11.5625,5.0,0.265625,438
439,15960,-0.3564453,-0.9714966,-0.014221191,17.671875,19.0,-2.109375,439
440,16000,-0.2355957,-1.1746216,-0.2539673,9.203125,-11.53125,-10.21875,440
441,16040,-0.23828125,-1.7017212,-0.33380127,41.671875,9.6875,-9.25,441
442,16080,-0.5019531,-1.4590454,-0.3086548,-18.4375,18.09375,-4.640625,442
443,16120,-0.4333496,-0.47979736,-0.3340454,-4.0625,28.40625,-2.671875,443
444,16160,0.0703125,-0.73565674,-0.31866455,44.640625,21.015625,-4.078125,444
445,16200,-0.2614746,-1.2737427,-0.2913208,8.9375,14.015625,-3.921875,445
446,16240,-0.5036621,-0.7749634,-0.1375122,-0.875,11.234375,-2.84375,446
447,16280,-0.39501953,-0.5623169,-0.18267822,13.234375,21.546875,-1.4375,447
448,16320,-0.31713867,-0.72003174,-0.25054932,4.734375,19.6875,-5.09375,448
449,16360,-0.23852539,-0.76153564,-0.15557861,11.015625,18.71875,3.671875,449
450,16400,-0.23608398,-0.6760864,-0.15777588,3.109375,16.625,12.859375,450
451,16440,-0.40966797,-0.7090454,-0.18682861,4.421875,11.6875,9.3125,451
452,16480,-0.35180664,-0.7827759,-0.16339111,8.375,8.96875,5.328125,452
453,16520,-0.3642578,-0.88653564,-0.1741333,11.75,12.578125,8.796875,453
454,16560,-0.3708496,-0.9817505,-0.20367432,6.6875,13.109375,12.546875,454
455,16600,-0.32910156,-1.1690063,-0.21881104,3.25,6.859375,8.953125,455
456,16640,-0.2553711,-1.0874634,-0.44317627,-7.921875,-0.5625,12.171875,456
457,16680,-0.34033203,-1.2468872,-0.2883911,-0.828125,14.4375,4.5625,457
458,16720,0.1821289,-1.3855591,-0.21466064,-10.328125,5.40625,8.8125,458
459,16760,-0.16625977,-0.93463135,-0.38604736,-1.625,6.1875,10.578125,459
460,16800,-0.22143555,-0.85650635,-0.34088135,6.359375,18.21875,7.71875,460
461,16840,-0.080322266,-0.8916626,-0.16168213,-3.953125,14.265625,-0.265625,461
462,16880,-0.1274414,-0.9624634,-0.12042236,15.640625,25.109375,6.9375,462
463,16920,-0.26245117,-0.97320557,-0.13702393,4.046875,21.265625,0.140625,463
464,16960,-0.16552734,-0.7605591,-0.11431885,-25.515625,16.3125,5.34375,464
465,17000,-0.041503906,-0.63726807,-0.06036377,-3.3125,13.765625,9.21875,465
466,17040,-0.16186523,-0.6968384,0.018737793,-9.0625,4.4375,9.65625,466
467,17080,-0.19677734,-0.84039307,-0.019104004,-1.6875,-5.265625,9.25,467
468,17120,-0.09057617,-0.8074341,0.10418701,-10.015625,-1.9375,4.765625,468
469,17160,-0.2133789,-0.79229736,0.058044434,-12.015625,-6.796875,15.078125,469
481,17200,-0.47265625,-0.64141846,-0.2510376,-25.109375,13.40625,-2.6875,481
482,17240,-0.27514648,-0.5772095,-0.2678833,3.4375,16.59375,-10.1875,482
483,17280,-0.33789062,-0.7346802,-0.24884033,4.375,23.734375,-3.3125,483
484,17320,-0.4267578,-0.7317505,-0.2805786,-3.0625,31.890625,-3.234375,484
485,17360,-0.44799805,-0.7229614,-0.23370361,-8.296875,41.1875,5.9375,485
486,17400,-0.34570312,-0.7913208,-0.21051025,7.40625,38.125,7.6875,486
487,17440,-0.41381836,-0.8052368,-0.20123291,2.609375,41.8125,11.703125,487
488,17480,-0.44799805,-0.79034424,-0.24053955,-2.390625,40.828125,11.375,488
489,17520,-0.2998047,-0.85284424,-0.16314697,0.25,37.59375,12.1875,489
490,17560,-0.2578125,-0.95513916,-0.12774658,1.796875,31.453125,21.015625,490
491,17600,-0.39208984,-0.8921509,-0.08087158,-10.4375,27.296875,18.78125,491
492,17640,-0.5839844,-0.93170166,-0.017150879,10.53125,31.75,17.46875,492
493,17680,-0.43798828,-0.94903564,-0.046691895,4.078125,29.0625,23.359375,493
494,17720,-0.34301758,-1.1182251,-0.13458252,10.1875,23.9375,21.734375,494
495,17760,-0.32617188,-1.2393188,-0.19024658,-3.140625,16.484375,18.921875,495
496,17800,-0.17016602,-1.6187134,-0.3381958,15.078125,14.390625,17.453125,496
497,17840,-0.03491211,-1.1126099,-0.38287354,-1.796875,10.671875,13.234375,497
498,17880,0.099609375,-0.8875122,-0.39361572,5.140625,12.28125,3.109375,498
499,17920,0.22753906,-1.0081177,-0.21148682,14.484375,11.5,-1.640625,499
500,17960,-0.17797852,-1.0562134,-0.26885986,3.40625,8.09375,-1.96875,500
501,18000,-0.35302734,-0.9077759,-0.27105713,9.640625,28.359375,-7.359375,501
502,18040,0.029541016,-0.7918091,-0.21783447,6.4375,34.578125,-0.9375,502
503,18080,0.12915039,-0.80255127,-0.18023682,0.890625,26.59375,3.78125,503
504,18120,-0.08618164,-0.7359009,-0.089660645,10.84375,25.453125,0.875,504
505,18160,-0.24633789,-0.82281494,-0.14117432,-4.421875,22.140625,9.984375,505
506,18200,-0.050048828,-0.74224854,-0.059143066,4.5625,23.03125,9.78125,506
507,18240,-0.017822266,-0.73883057,-0.06109619,3.6875,17.1875,11.078125,507
508,18280,-0.21435547,-0.81915283,-0.09112549,13.171875,11.984375,17.21875,508
509,18320,-0.28125,-0.9180298,-0.09161377,12.9375,18.8125,17.625,509
521,18360,-0.203125,-0.84259033,-0.20733643,-4.0625,12.578125,-2.109375,521
522,18400,-0.16333008,-0.8245239,-0.14556885,-1.640625,7.65625,-0.59375,522
523,18440,-0.23364258,-0.71466064,-0.13433838,0.296875,4.546875,2.65625,523
524,18480,-0.37963867,-0.78204346,-0.16998291,3.28125,0.6875,3.421875,524
525,18520,-0.37817383,-0.90216064,-0.20562744,3.5625,-0.671875,0.9375,525
526,18560,-0.31201172,-1.0747681,-0.2630005,-5.4375,-4.59375,0.9375,526
527,18600,-0.38183594,-1.2041626,-0.10284424,2.875,8.96875,5.421875,527
528,18640,-0.5444336,-1.2268677,-0.49176025,-25.6875,-12.4375,0.890625,528
529,18680,-0.421875,-1.3457642,-0.13189697,7.46875,-5.125,1.40625,529
530,18720,0.48779297,-1.4597778,-0.3008423,-10.125,6.203125,29.53125,530
531,18760,-0.1628418,-0.8088989,-0.29986572,-9.453125,-5.53125,9.515625,531
532,18800,-0.29858398,-0.81817627,-0.3045044,-3.0625,-16.078125,-11.5,532
533,18840,-0.021484375,-0.9492798,-0.08111572,0.015625,-2.890625,-6.1875,533
534,18880,-0.16748047,-0.96710205,-0.08428955,-8.3125,1.515625,0.171875,534
535,18920,-0.13549805,-0.77008057,-0.10650635,-15.65625,-9.53125,-6.859375,535
536,18960,-0.084472656,-0.6057739,-0.035949707,-17.8125,-11.234375,-6.28125,536
537,19000,-0.1484375,-0.6243286,-0.04498291,7.09375,-17.9375,1.71875,537
538,19040,-0.21728516,-0.6526489,-0.042297363,-7.171875,-17.171875,5.640625,538
539,19080,-0.16674805,-0.85943604,-0.011047363,13.3125,-14.78125,6.671875,539
540,19120,-0.2397461,-1.0291138,-0.06402588,2.203125,-12.796875,0.078125,540
541,19160,-0.27026367,-1.0376587,-0.046447754,11.1875,-6.75,10.125,541
542,19200,-0.13256836,-0.9783325,-0.089660645,7.34375,-4.1875,2.125,542
543,19240,-0.08178711,-1.1655884,-0.16998291,15.828125,0.953125,-0.78125,543
544,19280,-0.115234375,-1.289856,-0.32061768,1.140625,-20.78125,-19.0625,544
545,19320,-0.47192383,-1.7573853,-0.32598877,30.5625,29.640625,21.5,545
546,19360,-0.33374023,-0.7185669,-0.38531494,-41.28125,19.5625,-6.359375,546
547,19400,-0.021484375,-0.44317627,-0.35040283,37.328125,25.1875,4.234375,547
548,19440,-0.0014648438,-1.0645142,-0.28082275,16.578125,11.46875,-10.0625,548
549,19480,-0.32250977,-1.197815,-0.32305908,6.171875,5.71875,-4.40625,549
550,19520,-0.3762207,-0.58135986,-0.28985596,-12.59375,11.875,-1.640625,550
551,19560,-0.24633789,-0.58721924,-0.23101807,13.125,13.203125,-5.390625,551
552,19600,-0.15722656,-0.88531494,-0.26885986,6.78125,13.28125,1.125,552
553,19640,-0.1665039,-0.864563,-0.19366455,3.609375,13.0625,8.140625,553
554,19680,-0.27514648,-0.7246704,-0.17681885,-1.0,9.75,11.6875,554
555,19720,-0.31176758,-0.74102783,-0.190979,-4.328125,4.328125,5.84375,555
556,19760,-0.32104492,-0.8748169,-0.21417236,4.703125,2.96875,4.8125,556
557,19800,-0.29101562,-0.9924927,-0.27349854,-1.390625,-0.375,5.640625,557
558,19840,-0.25195312,-1.1484985,-0.2185669,-2.890625,-3.90625,1.40625,558
559,19880,-0.35229492,-1.1030884,-0.58599854,-24.296875,-16.046875,2.328125,559
560,19920,-0.4831543,-1.2788696,-0.2695923,5.21875,-7.5,5.53125,560
561,19960,0.30493164,-1.5527954,-0.22589111,0.09375,15.4375,15.046875,561
562,20000,-0.1784668,-0.8015747,-0.34503174,-22.09375,-1.734375,6.3125,562
563,20040,-0.09790039,-0.6914673,-0.33892822,-6.546875,-2.625,7.25,563
564,20080,0.09326172,-1.0105591,-0.14752197,9.671875,-2.765625,-2.375,564
565,20120,-0.22338867,-1.0857544,-0.10797119,-1.46875,0.359375,4.859375,565
566,20160,-0.15185547,-0.81500244,-0.11016846,-24.359375,-6.25,-2.265625,566
567,20200,-0.08886719,-0.69415283,-0.13067627,-4.265625,-5.078125,-3.0,567
568,20240,-0.008544922,-0.6382446,-0.044006348,-13.015625,-11.34375,-2.046875,568
569,20280,-0.18652344,-0.73321533,-0.050598145,8.9375,-17.984375,-1.890625,569
570,20320,-0.20532227,-0.78009033,-0.062805176,2.109375,-10.34375,4.15625,570
571,20360,-0.15356445,-0.86187744,-0.05255127,4.890625,-15.921875,0.71875,571
572,20400,-0.16918945,-0.9824829,-0.08282471,11.25,-10.609375,1.0625,572
573,20440,-0.2680664,-1.0496216,-0.12042236,4.703125,-7.46875,-2.8125,573
574,20480,-0.2055664,-1.1448364,-0.04083252,20.375,7.71875,-4.828125,574
575,20520,-0.052490234,-1.0811157,-0.3213501,-20.28125,-19.59375,-10.21875,575
576,20560,-0.27441406,-1.4710083,-0.29058838,26.90625,-17.625,-21.671875,576
577,20600,-0.33154297,-1.4963989,-0.5027466,-21.5625,-2.796875,-10.703125,577
578,20640,-0.47436523,-0.42926025,-0.39752197,-24.09375,19.140625,1.484375,578
579,20680,0.08081055,-0.58795166,-0.3616333,37.3125,19.328125,-1.453125,579
580,20720,-0.119628906,-1.2407837,-0.31622314,-6.890625,6.4375,-8.203125,580
581,20760,-0.31982422,-0.956604,-0.24420166,-20.546875,5.359375,5.5625,581
582,20800,-0.3334961,-0.5352173,-0.1831665,4.171875,8.734375,3.6875,582
583,20840,-0.2565918,-0.6880493,-0.16900635,1.265625,6.5,-3.75,583
584,20880,-0.2919922,-0.80963135,-0.24224854,2.390625,5.515625,-1.140625,584
585,20920,-0.2253418,-0.68951416,-0.14776611,-1.625,13.125,5.5,585
586,20960,-0.2368164,-0.8423462,-0.13970947,14.21875,8.65625,5.234375,586
587,21000,-0.3334961,-0.8875122,-0.17730713,-2.109375,4.46875,8.140625,587
588,21040,-0.375,-0.8921509,-0.17364502,-1.59375,5.03125,10.140625,588
589,21080,-0.28442383,-0.9807739,-0.22955322,-6.890625,1.015625,3.71875,589
590,21120,-0.30078125,-1.1567993,-0.109191895,-2.6875,6.515625,5.84375,590
591,21160,-0.46728516,-1.2283325,-0.47808838,-16.234375,-6.734375,6.09375,591
592,21200,-0.42138672,-1.3162231,-0.190979,9.390625,-6.75,0.59375,592
593,21240,0.4177246,-1.4468384,-0.315979,-2.1875,12.828125,16.125,593
594,21280,-0.032714844,-0.9065552,-0.3123169,-4.390625,-0.734375,10.90625,594
595,21320,-0.07080078,-0.8748169,-0.2888794,-2.46875,-11.109375,3.546875,595
596,21360,0.08227539,-0.9512329,-0.1375122,8.265625,-9.21875,1.46875,596
597,21400,-0.27563477,-0.96099854,-0.16412354,9.59375,-2.75,4.203125,597
598,21440,-0.16259766,-0.84820557,-0.16314697,5.984375,-4.984375,-8.53125,598
599,21480,0.01953125,-0.7385864,-0.15899658,-2.0625,-8.359375,-5.234375,599
600,21520,-0.1159668,-0.69976807,-0.09234619,-2.515625,-8.125,0.5,600
601,21560,-0.1665039,-0.694397,-0.12774658,-3.125,-12.3125,4.1875,601
602,21600,-0.12182617,-0.645813,-0.06573486,-3.59375,-11.5625,4.234375,602
603,21640,-0.1171875,-0.85357666,-0.053527832,7.6875,-11.5,0.78125,603
604,21680,-0.122802734,-0.92022705,-0.085510254,7.609375,-11.265625,3.5,604
605,21720,-0.17529297,-0.95269775,-0.08258057,4.671875,-8.453125,0.390625,605
606,21760,-0.103515625,-0.99346924,-0.11871338,9.3125,1.46875,-1.484375,606
607,21800,-0.08203125,-1.0471802,-0.36553955,18.953125,-26.65625,-10.875,607
608,21840,-0.106933594,-1.5674438,-0.4031372,18.0,-3.53125,-3.765625,608
609,21880,-0.38964844,-1.5046997,-0.5100708,-10.75,-18.0625,-9.84375,609
610,21920,-0.19873047,-0.61431885,-0.39678955,-31.03125,18.4375,2.953125,610
611,21960,0.072265625,-0.64385986,-0.41046143,42.890625,6.25,-1.9375,611
612,22000,-0.10571289,-1.1314087,-0.4290161,4.609375,7.609375,-1.078125,612
613,22040,-0.21655273,-1.0054321,-0.30548096,-2.46875,1.328125,0.1875,613
614,22080,-0.36401367,-0.69732666,-0.34625244,-8.3125,11.890625,-0.765625,614
615,22120,-0.32543945,-0.78009033,-0.302063,11.453125,20.203125,-1.125,615
616,22160,-0.11425781,-0.85284424,-0.2901001,10.484375,27.578125,5.109375,616
617,22200,-0.13549805,-0.8167114,-0.19903564,2.734375,24.640625,12.15625,617
618,22240,-0.2524414,-0.70269775,-0.15533447,1.171875,18.921875,7.671875,618
619,22280,-0.33007812,-0.65826416,-0.2588501,-9.4375,15.859375,7.921875,619
620,22320,-0.21362305,-0.63360596,-0.22540283,12.71875,20.671875,12.5625,620
621,22360,-0.19897461,-0.90216064,-0.3123169,0.15625,7.453125,9.734375,621
622,22400,-0.40429688,-1.1480103,-0.29595947,-2.09375,9.09375,5.015625,622
623,22440,-0.37963867,-1.2698364,-0.14581299,-12.765625,20.828125,8.796875,623
624,22480,-0.5341797,-1.1084595,-0.5840454,-25.046875,5.9375,10.25,624
625,22520,-0.3005371,-1.2149048,-0.28814697,-0.40625,22.25,9.5,625
626,22560,0.5830078,-1.350647,-0.33966064,-1.21875,35.796875,34.234375,626
627,22600,-0.12915039,-0.7942505,-0.34869385,-14.765625,22.703125,16.25,627
628,22640,-0.21118164,-0.8521118,-0.3682251,-5.8125,11.21875,8.453125,628
629,22680,-0.10058594,-0.8772583,-0.1506958,-3.4375,24.765625,-2.28125,629
630,22720,-0.16870117,-0.8772583,-0.1897583,-0.734375,30.984375,-3.515625,630
631,22760,-0.034179688,-0.8086548,-0.2300415,1.328125,22.15625,-4.5625,631
632,22800,0.036132812,-0.90631104,-0.024230957,-9.6875,29.921875,5.078125,632
633,22840,-0.23486328,-0.8567505,-0.10455322,-18.671875,17.953125,3.984375,633
634,22880,-0.26538086,-0.71343994,-0.070129395,-0.4375,26.828125,0.453125,634
635,22920,0.017089844,-0.7163696,-0.043273926,6.09375,27.140625,10.359375,635
636,22960,0.020263672,-0.925354,0.051452637,-1.984375,17.328125,3.8125,636
637,23000,-0.20141602,-0.90338135,0.059265137,4.125,13.171875,5.9375,637
638,23040,-0.20800781,-0.90093994,0.093933105,7.3125,12.328125,-0.765625,638
639,23080,-0.06762695,-0.96343994,0.0289917,1.9375,5.296875,-2.421875,639
640,23120,-0.014892578,-0.972229,0.11859131,-14.578125,5.796875,-2.71875,640
641,23160,-0.12646484,-0.9212036,0.1930542,-11.4375,4.515625,-0.3125,641
642,23200,-0.20141602,-1.0230103,-0.45367432,-46.578125,-22.53125,-4.3125,642
643,23240,-0.40307617,-1.333313,-0.42608643,3.484375,-18.640625,-43.421875,643
644,23280,0.0087890625,-1.6401978,-0.0032348633,25.375,40.765625,34.28125,644
645,23320,-0.5432129,-0.95806885,-0.35406494,-37.859375,-6.359375,9.359375,645
646,23360,-0.6513672,-0.23858643,-0.113098145,22.140625,26.5625,-17.015625,646
647,23400,-0.13745117,-0.94073486,-0.21954346,34.125,42.40625,-7.75,647
648,23440,-0.07104492,-1.0767212,-0.08111572,7.453125,28.859375,8.203125,648
649,23480,-0.35327148,-0.6399536,-0.18389893,10.015625,26.90625,6.890625,649
650,23520,-0.2919922,-0.7901001,-0.17608643,7.25,20.578125,-0.265625,650
651,23560,-0.28076172,-1.1819458,-0.13848877,11.515625,21.484375,8.0,651
652,23600,-0.42797852,-0.90802,-0.097473145,12.484375,23.765625,12.890625,652
653,23640,-0.31347656,-0.9258423,-0.20904541,-3.21875,8.96875,2.75,653
654,23680,-0.25732422,-1.1543579,-0.08282471,-4.03125,8.09375,-0.828125,654
655,23720,-0.4309082,-1.2185669,-0.04888916,0.96875,18.859375,13.0625,655
656,23760,-0.5090332,-1.0110474,-0.25982666,-0.828125,8.15625,7.109375,656
657,23800,-0.4013672,-1.2661743,-0.38580322,-5.640625,0.53125,-6.796875,657
658,23840,0.31103516,-1.3408813,-0.2678833,11.640625,13.53125,2.21875,658
659,23880,0.20800781,-1.0357056,-0.20855713,3.203125,24.890625,17.515625,659
660,23920,-0.3046875,-0.88653564,-0.3027954,7.359375,12.671875,8.609375,660
661,23960,-0.15185547,-0.850647,-0.22711182,8.59375,10.859375,-1.046875,661
662,24000,-0.04345703,-0.9729614,-0.15386963,12.15625,21.0625,2.484375,662
663,24040,-0.10864258,-0.9277954,-0.15142822,17.46875,22.53125,8.671875,663
664,24080,-0.08227539,-0.6663208,-0.05621338,4.125,16.53125,15.234375,664
680,24120,-0.07104492,-0.81134033,-0.24273682,8.890625,26.375,5.640625,680
681,24160,-0.1586914,-0.76690674,-0.17315674,-3.15625,20.875,9.921875,681
682,24200,-0.31689453,-0.71173096,-0.19439697,2.078125,23.421875,11.25,682
683,24240,-0.34936523,-0.7485962,-0.19610596,5.75,21.109375,10.203125,683
684,24280,-0.2944336,-0.7984009,-0.2720337,13.828125,27.328125,15.09375,684
685,24320,-0.0859375,-0.9631958,-0.2119751,9.15625,21.328125,17.671875,685
686,24360,-0.14990234,-1.2405396,-0.12261963,-1.578125,20.8125,17.9375,686
687,24400,-0.46044922,-1.2051392,-0.31011963,-17.515625,7.828125,15.171875,687
688,24440,-0.64501953,-1.180481,-0.46392822,-8.453125,17.96875,-2.0,688
689,24480,0.1743164,-1.5501099,-0.33721924,1.1875,29.84375,0.9375,689
690,24520,0.17749023,-1.0857544,-0.3887329,-4.734375,33.171875,8.390625,690
691,24560,0.005126953,-0.8049927,-0.33428955,-13.421875,14.328125,8.0625,691
692,24600,0.029052734,-0.9976196,-0.15777588,-11.6875,11.421875,0.828125,692
693,24640,-0.25585938,-0.90167236,-0.16778564,1.875,26.671875,-1.484375,693
694,24680,-0.26000977,-0.88531494,-0.16265869,14.59375,29.84375,-5.359375,694
695,24720,0.084228516,-0.9092407,-0.18145752,-11.578125,17.90625,-5.96875,695
696,24760,0.099609375,-0.9390259,-0.117248535,-6.734375,7.421875,4.28125,696
697,24800,-0.08129883,-0.7263794,-0.037902832,-18.0625,0.78125,5.515625,697
698,24840,-0.061767578,-0.5630493,-0.020324707,-9.921875,-2.90625,7.125,698
699,24880,-0.1394043,-0.6091919,-0.026184082,-15.75,-8.71875,-0.046875,699
700,24920,-0.23095703,-0.66192627,0.031921387,11.859375,-3.1875,2.796875,700
701,24960,-0.041992188,-1.0064087,0.015563965,35.28125,-8.71875,7.828125,701
702,25000,-0.092285156,-1.0891724,0.13079834,-4.328125,-11.53125,4.359375,702
703,25040,-0.41308594,-1.142395,-0.08428955,26.5625,-14.71875,-11.96875,703
704,25080,-0.31884766,-1.234436,-0.032043457,28.109375,0.6875,-2.4375,704
705,25120,0.06323242,-1.3887329,-0.5237427,-29.0625,-27.5625,-17.265625,705
706,25160,-0.068603516,-1.4624634,-0.49639893,48.328125,0.515625,10.21875,706
707,25200,-0.106933594,-1.269104,-0.73150635,-47.359375,-6.421875,-1.28125,707
708,25240,-0.27514648,-0.37017822,-0.28790283,-1.96875,24.5,-0.078125,708
709,25280,-0.115478516,-0.78204346,-0.4265747,29.96875,8.171875,-16.203125,709
710,25320,-0.25219727,-1.0606079,-0.29888916,-15.15625,12.8125,0.828125,710
711,25360,-0.32202148,-0.7564087,-0.22296143,-15.015625,15.984375,-4.546875,711
712,25400,-0.5644531,-0.49005127,-0.27545166,-4.359375,25.765625,-3.78125,712
713,25440,-0.26245117,-0.8804321,-0.29522705,-3.53125,37.71875,-2.765625,713
714,25480,-0.13549805,-0.90045166,-0.105285645,-12.984375,47.078125,0.921875,714
715,25520,-0.30859375,-0.75177,-0.25006104,-1.65625,49.875,7.328125,715
716,25560,-0.42089844,-0.68414307,-0.17999268,-1.921875,45.65625,9.953125,716
717,25600,-0.17260742,-0.8477173,-0.12774658,9.0,41.875,9.421875,717
718,25640,-0.16699219,-0.7859497,-0.14776611,7.5,41.046875,16.640625,718
719,25680,-0.30810547,-0.8179321,-0.13287354,6.640625,29.796875,18.9375,719
720,25720,-0.32373047,-0.98394775,-0.081604004,-1.546875,27.28125,13.96875,720
721,25760,-0.38842773,-1.0967407,-0.10699463,9.296875,27.71875,13.8125,721
722,25800,-0.47802734,-1.0852661,-0.11236572,10.296875,16.78125,6.09375,722
723,25840,-0.24365234,-1.3855591,-0.24615479,-0.828125,25.53125,-0.296875,723
724,25880,-0.36865234,-1.2478638,-0.3484497,-0.140625,8.859375,1.8125,724
725,25920,0.26464844,-1.1953735,-0.39727783,4.875,21.453125,0.453125,725
726,25960,0.04663086,-1.0005493,-0.26617432,4.875,13.109375,3.265625,726
727,26000,-0.059570312,-0.91412354,-0.3640747,9.453125,11.03125,3.421875,727
728,26040,-0.25976562,-1.0598755,-0.18951416,9.90625,14.578125,1.921875,728
729,26080,-0.2133789,-1.0137329,-0.23492432,8.265625,22.9375,-8.234375,729
730,26120,-0.110839844,-0.95880127,-0.19488525,8.328125,24.34375,4.875,730
731,26160,-0.0107421875,-0.81427,-0.19976807,-13.3125,16.1875,5.109375,731
732,26200,-0.10180664,-0.8389282,-0.073791504,1.984375,10.109375,2.359375,732
733,26240,-0.27490234,-0.89190674,0.0692749,-3.03125,16.046875,3.484375,733
734,26280,-0.34643555,-0.75079346,-0.07525635,-9.109375,24.03125,5.8125,734
751,26320,-0.24926758,-0.9307251,-0.17559814,8.546875,7.140625,3.109375,751
752,26360,-0.32666016,-0.86187744,-0.16534424,4.015625,2.6875,10.734375,752
753,26400,-0.21240234,-0.89312744,-0.21807861,-3.203125,0.5,8.515625,753
754,26440,-0.22729492,-0.98638916,-0.2666626,-2.234375,-1.59375,5.3125,754
755,26480,-0.4892578,-1.0115356,-0.39117432,-14.765625,-17.703125,-3.171875,755
756,26520,-0.23242188,-1.3914185,-0.20050049,-1.5625,-8.484375,-11.84375,756
757,26560,0.2097168,-1.7000122,-0.18414307,0.109375,4.953125,20.390625,757
758,26600,-0.23901367,-0.87677,-0.30303955,-4.796875,-2.765625,15.625,758
759,26640,-0.2265625,-0.8213501,-0.28009033,-4.203125,-17.046875,-9.15625,759
760,26680,-0.088134766,-0.9973755,-0.10089111,-0.328125,-6.3125,-14.78125,760
761,26720,-0.15673828,-1.1082153,-0.13800049,-7.578125,3.515625,6.75,761
762,26760,-0.12011719,-0.7390747,-0.10308838,-26.890625,6.6875,10.53125,762
763,26800,0.0703125,-0.5003052,0.07269287,-21.953125,-3.359375,-2.046875,763
764,26840,-0.29125977,-0.6592407,-0.043273926,-1.03125,-14.296875,-5.921875,764
765,26880,-0.22265625,-0.65753174,0.0018920898,-5.234375,4.359375,2.9375,765
766,26920,-0.10668945,-0.75372314,0.06561279,-3.65625,-4.875,6.21875,766
767,26960,-0.14331055,-0.8989868,0.049743652,-0.109375,-9.703125,-0.328125,767
768,27000,-0.2644043,-1.0249634,-0.024230957,-2.15625,-7.453125,5.46875,768
769,27040,-0.22558594,-1.0274048,0.09295654,8.5,-2.671875,0.875,769
770,27080,-0.27734375,-1.1919556,0.07733154,3.3125,6.0,-6.1875,770
771,27120,-0.16552734,-1.1516724,-0.047912598,4.171875,-10.484375,-3.9375,771
772,27160,-0.10961914,-1.2420044,-0.10455322,-3.71875,-21.03125,-18.5625,772
773,27200,-0.5344238,-1.6511841,-0.347229,0.359375,13.640625,-6.140625,773
774,27240,-0.29174805,-0.73565674,-0.22540283,-19.328125,14.71875,-4.25,774
775,27280,-0.091308594,-0.69781494,-0.21343994,10.53125,18.296875,-7.46875,775
776,27320,-0.11645508,-1.1956177,-0.20196533,-6.359375,13.34375,-14.578125,776
777,27360,-0.296875,-0.8706665,-0.1531372,14.578125,11.515625,3.6875,777
778,27400,-0.36914062,-0.67803955,-0.08355713,-1.78125,11.3125,-2.03125,778
779,27440,-0.2565918,-0.7974243,-0.13726807,-5.703125,8.03125,-3.6875,779
780,27480,-0.25952148,-0.7341919,-0.047912598,-2.359375,10.6875,-1.046875,780
781,27520,-0.27905273,-0.770813,-0.081848145,2.875,10.28125,1.890625,781
782,27560,-0.21850586,-0.82281494,-0.025939941,11.609375,9.015625,8.484375,782
783,27600,-0.27490234,-0.8040161,-0.011047363,9.890625,8.125,8.4375,783
784,27640,-0.3618164,-0.84820557,-0.0635376,9.296875,4.828125,9.5625,784
785,27680,-0.30517578,-0.9024048,-0.09552002,10.171875,5.109375,6.171875,785
786,27720,-0.33422852,-1.0794067,-0.07525635,4.8125,0.390625,2.703125,786
787,27760,-0.24975586,-1.166565,-0.12164307,11.53125,8.0,9.9375,787
788,27800,-0.5263672,-1.0916138,-0.25787354,-14.59375,-15.078125,2.0,788
789,27840,-0.20532227,-1.4480591,-0.07745361,-1.453125,-9.84375,-8.1875,789
790,27880,0.25463867,-1.3486938,-0.11553955,5.234375,20.90625,18.59375,790
791,27920,-0.23657227,-0.8098755,-0.36383057,2.890625,-8.8125,11.640625,791
792,27960,-0.0234375,-0.8274536,-0.16558838,-13.328125,-11.5625,-3.765625,792
793,28000,-0.0234375,-1.0488892,-0.07086182,28.640625,-3.46875,-3.78125,793
794,28040,-0.18188477,-1.053772,-0.11602783,0.15625,-2.640625,2.0,794
795,28080,-0.05444336,-0.8718872,-0.08502197,-0.921875,-6.8125,0.65625,795
796,28120,-0.06616211,-0.8064575,-0.12506104,-6.015625,-15.296875,-1.953125,796
797,28160,-0.21362305,-0.7930298,-0.06573486,4.078125,-12.65625,-1.71875,797
798,28200,-0.22753906,-0.7822876,-0.081604004,1.1875,-9.984375,4.171875,798
799,28240,-0.05810547,-0.79766846,-0.0076293945,0.09375,-10.59375,-0.640625,799
800,28280,-0.17773438,-0.8530884,-0.023742676,5.0625,-16.75,0.015625,800
801,28320,-0.19458008,-0.79937744,-0.005432129,1.8125,-14.15625,3.1875,801
802,28360,-0.18530273,-0.8677368,-0.07672119,5.46875,-11.390625,2.109375,802
803,28400,-0.23022461,-1.0366821,-0.016662598,18.296875,-11.578125,2.09375,803
804,28440,-0.2763672,-1.1777954,-0.06549072,11.328125,7.5625,-6.34375,804
805,28480,-0.09277344,-1.0689087,-0.2600708,-11.390625,-22.078125,-7.1875,805
806,28520,-0.23730469,-1.3513794,-0.26104736,21.609375,-9.734375,-6.578125,806
807,28560,-0.4387207,-1.5169067,-0.4668579,-11.8125,-1.1875,-8.53125,807
808,28600,-0.2878418,-0.6633911,-0.3027954,-12.53125,19.875,5.21875,808
809,28640,0.095214844,-0.7229614,-0.38360596,29.1875,15.59375,-1.59375,809
810,28680,-0.23071289,-1.1382446,-0.35968018,11.703125,11.859375,-1.859375,810
811,28720,-0.20288086,-0.8652954,-0.2522583,-1.5625,8.5625,1.03125,811
812,28760,-0.27319336,-0.6445923,-0.22003174,4.390625,11.15625,-2.84375,812
813,28800,-0.3232422,-0.829895,-0.2649536,3.953125,12.59375,-1.65625,813
814,28840,-0.16992188,-0.7329712,-0.18902588,1.5625,14.671875,0.46875,814
815,28880,-0.19628906,-0.7024536,-0.22052002,2.359375,7.765625,1.734375,815
816,28920,-0.22729492,-0.8179321,-0.15289307,9.578125,7.859375,2.828125,816
817,28960,-0.28173828,-0.81866455,-0.18341064,-1.421875,0.953125,7.5625,817
818,29000,-0.35986328,-0.7756958,-0.19927979,4.765625,4.359375,7.640625,818
819,29040,-0.29052734,-0.86138916,-0.1687622,9.09375,4.640625,5.21875,819
820,29080,-0.3095703,-1.0733032,-0.19293213,0.0625,-1.984375,5.875,820
821,29120,-0.29907227,-1.1018677,-0.17999268,-7.8125,-1.5625,5.890625,821
822,29160,-0.43115234,-1.0896606,-0.44415283,-19.3125,-9.890625,-1.140625,822
823,29200,-0.47973633,-1.2981567,-0.22833252,-15.046875,-8.453125,-1.578125,823
824,29240,0.30395508,-1.4922485,-0.30743408,-3.078125,14.875,5.046875,824
825,29280,-0.087890625,-0.86065674,-0.30474854,-6.328125,3.4375,11.78125,825
826,29320,-0.13452148,-0.85479736,-0.4475708,-6.9375,-11.078125,1.296875,826
827,29360,0.03955078,-0.9788208,-0.1819458,1.0,-3.609375,-2.5,827
828,29400,-0.15112305,-1.1116333,-0.159729,9.84375,5.6875,4.796875,828
829,29440,-0.25805664,-0.850647,-0.21881104,-4.015625,6.0,-7.53125,829
830,29480,0.03149414,-0.74664307,-0.14752197,-16.4375,4.09375,-2.375,830
831,29520,-0.047607422,-0.7835083,-0.09136963,-8.296875,-9.65625,-2.453125,831
832,29560,-0.19091797,-0.81622314,-0.08428955,-2.78125,-10.59375,3.234375,832
833,29600,-0.13867188,-0.7217407,-0.034973145,-10.265625,-5.4375,1.796875,833
834,29640,-0.13354492,-0.76934814,0.0040893555,-9.828125,-11.953125,1.78125,834
835,29680,-0.1665039,-0.8970337,-0.07110596,-6.484375,-16.46875,2.421875,835
836,29720,-0.21655273,-0.8274536,0.016052246,10.28125,-13.140625,-1.28125,836
837,29760,-0.19311523,-1.0222778,-0.011047363,7.6875,-15.109375,-2.796875,837
838,29800,-0.18920898,-1.112854,0.014343262,7.734375,-12.75,-4.421875,838
839,29840,-0.072753906,-1.1707153,-0.1831665,10.671875,-18.359375,-5.5,839
851,29880,-0.3269043,-0.8040161,-0.06793213,1.546875,15.3125,6.109375,851
852,29920,-0.30859375,-0.7427368,-0.038146973,3.6875,15.828125,8.046875,852
853,29960,-0.3149414,-0.755188,-0.04498291,6.0,12.09375,11.9375,853
854,30000,-0.328125,-0.8413696,-0.10455322,13.703125,5.65625,11.59375,854
855,30040,-0.37426758,-1.0339966,-0.0869751,18.578125,5.78125,19.765625,855
856,30080,-0.5371094,-1.1921997,-0.0791626,12.28125,6.84375,22.125,856
857,30120,-0.39086914,-1.3699341,-0.1831665,4.015625,9.625,23.484375,857
858,30160,-0.32250977,-1.381897,-0.09454346,-26.3125,30.140625,23.0625,858
859,30200,-0.10571289,-1.3184204,-0.2695923,4.3125,22.453125,16.546875,859
860,30240,0.010253906,-0.8850708,-0.4048462,-5.65625,24.0625,17.296875,860
861,30280,0.010498047,-0.88360596,-0.46783447,-3.578125,25.375,4.03125,861
862,30320,-0.0949707,-0.9302368,-0.17706299,-2.859375,39.84375,-0.875,862
863,30360,-0.25585938,-0.83673096,-0.17193604,-4.3125,32.9375,-2.625,863
