,timestamp,accel_x,accel_y,accel_z,gyro_x,gyro_y,gyro_z,mag_x,mag_y,mag_z
0,1695905042691,-0.98535156,0.040039062,0.203125,-1.0,-0.1875,-0.25,0.0,0.0,0.0
1,1695905042726,-0.9863281,0.0390625,0.18652344,-1.125,-0.0625,-0.1875,0.0,0.0,0.0
2,1695905042750,-0.9794922,0.05078125,0.19238281,-0.625,0.28125,0.0,0.0,0.0,0.0
3,1695905042812,-0.984375,0.049804688,0.18847656,-0.625,0.34375,0.0,0.0,0.0,0.0
4,1695905042840,-0.9863281,0.048828125,0.19824219,-0.4375,0.15625,0.21875,0.0,0.0,0.0
5,1695905042872,-0.98828125,0.045898438,0.18359375,-1.40625,-0.0625,-0.25,0.0,0.0,0.0
6,1695905042932,-0.98828125,0.043945312,0.18945312,0.0,0.03125,0.21875,0.0,0.0,0.0
7,1695905042963,-0.9824219,0.05078125,0.19824219,0.21875,0.53125,0.28125,0.0,0.0,0.0
8,1695905042991,-0.984375,0.0546875,0.18066406,-0.125,0.59375,0.03125,0.0,0.0,0.0
9,1695905043052,-0.9921875,0.044921875,0.1953125,0.0,0.21875,0.0,-71.125,-139.75,-234.0625
10,1695905043084,-0.9863281,0.05078125,0.17285156,-0.6875,0.21875,0.15625,0.0,0.0,0.0
11,1695905043115,-0.98828125,0.044921875,0.19726562,-0.4375,0.28125,0.28125,0.0,0.0,0.0
12,1695905043171,-0.9892578,0.041992188,0.19628906,-0.75,0.65625,0.15625,0.0,0.0,0.0
13,1695905043203,-0.99121094,0.04296875,0.19433594,-0.4375,-0.0625,0.21875,0.0,0.0,0.0
14,1695905043234,-0.9902344,0.036132812,0.1875,-1.25,-0.3125,-0.125,0.0,0.0,0.0
15,1695905043292,-0.9892578,0.038085938,0.18945312,0.28125,0.34375,0.15625,0.0,0.0,0.0
16,1695905043322,-0.9873047,0.041992188,0.18359375,0.34375,0.15625,0.0,0.0,0.0,0.0
17,1695905043355,-0.984375,0.045898438,0.18457031,-0.4375,0.09375,0.0,0.0,0.0,0.0
18,1695905043413,-0.99121094,0.045898438,0.18066406,-0.3125,0.0,0.03125,0.0,0.0,0.0
19,1695905043446,-0.98339844,0.04296875,0.18554688,-0.5,-0.1875,0.09375,0.0,0.0,0.0
20,1695905043476,-0.984375,0.052734375,0.20019531,-1.3125,0.0,-0.0625,0.0,0.0,0.0
21,1695905043533,-0.99121094,0.043945312,0.18847656,-1.125,0.03125,0.03125,-72.3125,-140.0625,-235.25
22,1695905043565,-0.9970703,0.037109375,0.1875,-1.3125,-0.4375,0.09375,0.0,0.0,0.0
23,1695905043593,-0.9921875,0.0390625,0.18945312,-1.34375,-0.25,0.03125,0.0,0.0,0.0
24,1695905043652,-0.9863281,0.033203125,0.18066406,0.21875,0.09375,0.15625,0.0,0.0,0.0
25,1695905043682,-0.98828125,0.040039062,0.20019531,0.34375,-0.0625,0.03125,0.0,0.0,0.0
26,1695905043712,-0.98828125,0.03515625,0.19433594,0.96875,-0.25,0.0,0.0,0.0,0.0
27,1695905043773,-0.9892578,0.049804688,0.1953125,0.71875,-0.25,-0.1875,0.0,0.0,0.0
28,1695905043805,-0.9824219,0.044921875,0.19042969,0.84375,0.53125,0.0,0.0,0.0,0.0
29,1695905043835,-0.9941406,0.043945312,0.19042969,0.46875,-0.125,0.28125,0.0,0.0,0.0
30,1695905043892,-0.98046875,0.05078125,0.1875,-0.1875,0.03125,0.40625,0.0,0.0,0.0
31,1695905043923,-1.0029297,0.04296875,0.17871094,-0.0625,0.28125,0.28125,0.0,0.0,0.0
32,1695905043952,-0.99121094,0.047851562,0.18457031,-0.625,-0.25,0.15625,0.0,0.0,0.0
33,1695905044014,-0.99121094,0.043945312,0.18164062,-1.34375,-0.5,0.21875,0.0,0.0,0.0
34,1695905044045,-0.98535156,0.046875,0.18554688,-1.53125,-0.4375,0.0,-70.0625,-138.6875,-234.0625
35,1695905044072,-0.9785156,0.037109375,0.18945312,-1.0,-0.875,0.0,0.0,0.0,0.0
36,1695905044133,-0.98339844,0.041992188,0.19140625,-1.71875,-0.5,-0.25,0.0,0.0,0.0
37,1695905044169,-0.98828125,0.048828125,0.18554688,-1.125,-1.1875,-0.3125,0.0,0.0,0.0
38,1695905044195,-0.9824219,0.045898438,0.19042969,-2.21875,-0.5625,-0.125,0.0,0.0,0.0
39,1695905044254,-0.9873047,0.046875,0.19238281,-2.03125,0.0,0.03125,0.0,0.0,0.0
40,1695905044281,-0.9892578,0.043945312,0.20117188,-2.09375,-0.25,0.28125,0.0,0.0,0.0
41,1695905044313,-0.9892578,0.046875,0.19628906,-1.53125,0.15625,0.34375,0.0,0.0,0.0
42,1695905044371,-0.9873047,0.04296875,0.18652344,-1.125,0.28125,0.21875,0.0,0.0,0.0
43,1695905044404,-0.9921875,0.047851562,0.1953125,-1.71875,0.0,0.34375,0.0,0.0,0.0
44,1695905044465,-0.9863281,0.055664062,0.1953125,-2.40625,0.28125,0.84375,0.0,0.0,0.0
45,1695905044496,-0.9863281,0.041015625,0.19335938,-3.4375,-0.375,0.34375,0.0,0.0,0.0
46,1695905044522,-0.9921875,0.036132812,0.19140625,-3.125,-0.375,0.34375,-71.25,-139.0,-235.25
47,1695905044553,-0.9892578,0.038085938,0.20605469,-2.625,-0.125,0.28125,0.0,0.0,0.0
48,1695905044614,-0.99316406,0.041992188,0.19824219,-2.875,-0.8125,0.09375,0.0,0.0,0.0
49,1695905044642,-0.98535156,0.044921875,0.20800781,-2.59375,-0.5,0.03125,0.0,0.0,0.0
50,1695905044676,-0.99316406,0.036132812,0.19238281,-2.875,-0.625,0.34375,0.0,0.0,0.0
51,1695905044733,-0.9863281,0.041015625,0.18945312,-3.125,-0.625,0.34375,0.0,0.0,0.0
52,1695905044763,-0.97558594,0.029296875,0.20117188,-2.75,-0.0625,0.03125,0.0,0.0,0.0
53,1695905044809,-0.9902344,0.033203125,0.20800781,-2.15625,-0.875,-0.3125,0.0,0.0,0.0
54,1695905044862,-0.9765625,0.0390625,0.19726562,-1.25,-0.25,0.15625,0.0,0.0,0.0
55,1695905044884,-0.98339844,0.03515625,0.21289062,-1.34375,-0.1875,0.09375,0.0,0.0,0.0
56,1695905044912,-0.98046875,0.041992188,0.1953125,-0.25,0.21875,0.15625,0.0,0.0,0.0
57,1695905044973,-0.9902344,0.046875,0.20410156,-1.0,0.21875,0.09375,0.0,0.0,0.0
58,1695905045005,-0.9873047,0.04296875,0.20117188,-0.4375,0.34375,0.03125,0.0,0.0,0.0
59,1695905045041,-0.98535156,0.038085938,0.19433594,-0.0625,-0.4375,-0.25,-71.25,-139.625,-233.3125
60,1695905045093,-0.9824219,0.049804688,0.18847656,0.28125,0.15625,-0.4375,0.0,0.0,0.0
61,1695905045124,-0.98046875,0.045898438,0.19335938,0.15625,-0.1875,-0.4375,0.0,0.0,0.0
62,1695905045153,-0.98535156,0.040039062,0.19433594,-0.125,0.21875,-0.25,0.0,0.0,0.0
63,1695905045218,-0.98828125,0.040039062,0.18945312,0.21875,0.0,-0.1875,0.0,0.0,0.0
64,1695905045244,-0.9814453,0.041992188,0.18554688,0.0,0.28125,-0.25,0.0,0.0,0.0
65,1695905045273,-0.98828125,0.037109375,0.19140625,-0.125,-0.5,-0.4375,0.0,0.0,0.0
66,1695905045365,-0.98339844,0.040039062,0.18847656,0.03125,-0.3125,-0.5625,0.0,0.0,0.0
67,1695905045369,-0.98535156,0.041015625,0.20703125,0.03125,0.15625,-0.375,0.0,0.0,0.0
68,1695905045397,-0.97753906,0.02734375,0.20019531,0.09375,0.0,-0.1875,0.0,0.0,0.0
69,1695905045455,-0.984375,0.044921875,0.20214844,0.0,0.03125,-0.1875,0.0,0.0,0.0
70,1695905045483,-0.9824219,0.032226562,0.18066406,0.46875,0.03125,0.0,0.0,0.0,0.0
71,1695905045512,-0.98535156,0.040039062,0.19628906,0.21875,0.40625,-0.0625,-72.75,-139.3125,-234.625
72,1695905045577,-0.9785156,0.044921875,0.18945312,0.78125,0.71875,0.21875,0.0,0.0,0.0
73,1695905045602,-0.984375,0.040039062,0.19628906,0.84375,0.34375,0.21875,0.0,0.0,0.0
74,1695905045632,-0.984375,0.029296875,0.19433594,0.90625,0.15625,0.03125,0.0,0.0,0.0
75,1695905045695,-0.9824219,0.034179688,0.19042969,0.78125,0.03125,-0.0625,0.0,0.0,0.0
76,1695905045725,-0.98046875,0.029296875,0.19042969,1.15625,0.03125,0.09375,0.0,0.0,0.0
77,1695905045752,-0.9873047,0.053710938,0.20214844,0.65625,0.09375,0.03125,0.0,0.0,0.0
78,1695905045815,-0.9863281,0.040039062,0.1796875,0.28125,0.46875,0.28125,0.0,0.0,0.0
79,1695905045844,-0.9863281,0.05078125,0.18945312,0.59375,0.21875,0.15625,0.0,0.0,0.0
80,1695905045872,-0.9814453,0.041992188,0.20019531,0.53125,0.28125,0.09375,0.0,0.0,0.0
81,1695905045933,-0.98339844,0.04296875,0.18945312,1.15625,0.21875,0.40625,0.0,0.0,0.0
82,1695905045963,-0.98828125,0.0546875,0.19335938,1.03125,0.34375,0.03125,0.0,0.0,0.0
83,1695905045992,-0.9902344,0.041015625,0.19921875,1.09375,0.59375,0.40625,0.0,0.0,0.0
84,1695905046054,-0.98339844,0.046875,0.20800781,0.65625,0.0,0.28125,-70.9375,-139.3125,-233.875
85,1695905046086,-0.9794922,0.041015625,0.19726562,0.84375,0.28125,0.15625,0.0,0.0,0.0
86,1695905046112,-0.9980469,0.04296875,0.19726562,0.84375,0.15625,0.28125,0.0,0.0,0.0
87,1695905046174,-0.98046875,0.041992188,0.18554688,0.09375,-0.0625,0.15625,0.0,0.0,0.0
88,1695905046203,-0.99609375,0.043945312,0.18359375,1.15625,0.84375,0.28125,0.0,0.0,0.0
89,1695905046239,-0.9902344,0.044921875,0.19140625,0.78125,0.28125,0.28125,0.0,0.0,0.0
90,1695905046291,-0.97753906,0.041015625,0.18359375,0.40625,0.59375,0.40625,0.0,0.0,0.0
91,1695905046323,-0.98828125,0.046875,0.19433594,0.46875,0.09375,0.28125,0.0,0.0,0.0
92,1695905046353,-0.9873047,0.0390625,0.20410156,0.71875,0.40625,0.15625,0.0,0.0,0.0
93,1695905046413,-0.9902344,0.041992188,0.18261719,0.40625,0.09375,0.03125,0.0,0.0,0.0
94,1695905046445,-0.99609375,0.03515625,0.19824219,0.90625,0.34375,0.0,0.0,0.0,0.0
95,1695905046472,-0.99121094,0.044921875,0.19238281,0.65625,-0.5,-0.0625,0.0,0.0,0.0
96,1695905046535,-0.9902344,0.043945312,0.19335938,0.90625,0.28125,0.03125,-72.0,-139.3125,-234.625
97,1695905046563,-0.9873047,0.052734375,0.18554688,0.40625,-0.125,0.0,0.0,0.0,0.0
98,1695905046624,-0.98828125,0.041992188,0.18847656,0.71875,0.09375,0.0,0.0,0.0,0.0
99,1695905046653,-0.9921875,0.036132812,0.19433594,1.375,0.0,0.09375,0.0,0.0,0.0
100,1695905046684,-0.9785156,0.040039062,0.19140625,0.65625,-0.125,-0.125,0.0,0.0,0.0
101,1695905046743,-0.9892578,0.04296875,0.18652344,1.3125,0.15625,-0.25,0.0,0.0,0.0
102,1695905046803,-0.98339844,0.047851562,0.1953125,0.28125,-0.125,-0.3125,0.0,0.0,0.0
103,1695905046808,-0.99121094,0.046875,0.18847656,0.34375,-0.5,-0.125,0.0,0.0,0.0
104,1695905046836,-0.9892578,0.044921875,0.19140625,0.34375,-0.375,0.09375,0.0,0.0,0.0
105,1695905046893,-0.98046875,0.043945312,0.19726562,0.15625,0.46875,0.03125,0.0,0.0,0.0
106,1695905046936,-0.99121094,0.044921875,0.19628906,0.34375,-0.1875,-0.1875,0.0,0.0,0.0
107,1695905046952,-0.98046875,0.044921875,0.20410156,0.40625,-0.25,-0.0625,0.0,0.0,0.0
108,1695905047014,-0.984375,0.04296875,0.18554688,0.78125,-0.375,-0.1875,0.0,0.0,0.0
109,1695905047045,-0.9863281,0.044921875,0.1953125,0.84375,-0.3125,-0.125,-71.25,-140.0625,-233.3125
110,1695905047078,-0.98535156,0.041015625,0.19726562,0.28125,-0.125,0.09375,0.0,0.0,0.0
111,1695905047131,-0.9814453,0.033203125,0.18359375,0.78125,0.09375,0.28125,0.0,0.0,0.0
112,1695905047167,-0.98535156,0.040039062,0.1953125,0.53125,-0.0625,0.09375,0.0,0.0,0.0
113,1695905047194,-0.9892578,0.030273438,0.18066406,0.84375,-0.375,0.03125,0.0,0.0,0.0
114,1695905047253,-0.99609375,0.04296875,0.20410156,0.59375,-0.5,-0.3125,0.0,0.0,0.0
115,1695905047283,-0.9902344,0.04296875,0.18652344,0.59375,-0.25,-0.0625,0.0,0.0,0.0
116,1695905047311,-0.99121094,0.043945312,0.19824219,0.28125,-0.4375,0.28125,0.0,0.0,0.0
117,1695905047374,-0.98046875,0.040039062,0.18652344,0.09375,-0.375,0.03125,0.0,0.0,0.0
118,1695905047404,-0.9892578,0.0390625,0.19238281,0.78125,0.0,0.15625,0.0,0.0,0.0
119,1695905047435,-0.9824219,0.0390625,0.19628906,0.46875,-0.3125,-0.1875,0.0,0.0,0.0
120,1695905047495,-0.9941406,0.0390625,0.20019531,1.15625,-0.125,-0.125,0.0,0.0,0.0
121,1695905047522,-0.9765625,0.045898438,0.21289062,0.78125,-0.125,-0.125,0.0,0.0,0.0
122,1695905047553,-0.9902344,0.043945312,0.19433594,1.15625,-0.1875,-0.125,-70.9375,-139.625,-234.625
123,1695905047615,-0.9824219,0.051757812,0.203125,0.59375,-0.25,-0.3125,0.0,0.0,0.0
124,1695905047643,-0.98535156,0.05078125,0.19433594,0.90625,0.15625,-0.0625,0.0,0.0,0.0
125,1695905047670,-0.9785156,0.041015625,0.19726562,0.34375,0.0,-0.125,0.0,0.0,0.0
126,1695905047732,-0.9863281,0.040039062,0.20800781,0.46875,0.0,-0.25,0.0,0.0,0.0
127,1695905047764,-0.9863281,0.046875,0.19433594,0.40625,-0.25,0.03125,0.0,0.0,0.0
128,1695905047792,-0.9863281,0.040039062,0.19726562,0.15625,0.0,-0.3125,0.0,0.0,0.0
129,1695905047853,-0.9814453,0.041992188,0.19921875,0.96875,0.09375,0.03125,0.0,0.0,0.0
130,1695905047882,-0.98828125,0.049804688,0.20507812,0.09375,-0.3125,-0.125,0.0,0.0,0.0
131,1695905047915,-0.98535156,0.040039062,0.18359375,0.09375,0.21875,0.09375,0.0,0.0,0.0
132,1695905047975,-0.9873047,0.045898438,0.21386719,0.40625,0.53125,0.34375,0.0,0.0,0.0
133,1695905048005,-0.9814453,0.041992188,0.1953125,0.15625,0.40625,0.28125,0.0,0.0,0.0
134,1695905048033,-0.9941406,0.036132812,0.21289062,0.90625,0.21875,0.40625,-70.1875,-140.375,-233.625
135,1695905048093,-0.98046875,0.037109375,0.20410156,0.53125,0.40625,0.03125,0.0,0.0,0.0
136,1695905048123,-0.98535156,0.045898438,0.19042969,0.90625,0.0,0.34375,0.0,0.0,0.0
137,1695905048182,-0.9814453,0.0390625,0.18457031,1.15625,0.65625,0.40625,0.0,0.0,0.0
138,1695905048215,-0.9902344,0.05078125,0.20507812,0.84375,0.40625,0.46875,0.0,0.0,0.0
139,1695905048244,-0.98828125,0.046875,0.20507812,0.59375,0.59375,0.65625,0.0,0.0,0.0
140,1695905048275,-0.99121094,0.038085938,0.20117188,1.15625,0.65625,0.65625,0.0,0.0,0.0
141,1695905048307,-0.98828125,0.041015625,0.18652344,1.375,1.375,0.59375,0.0,0.0,0.0
142,1695905048370,-0.9902344,0.032226562,0.19628906,1.8125,1.15625,0.90625,0.0,0.0,0.0
143,1695905048394,-0.9921875,0.044921875,0.19628906,1.4375,0.84375,0.65625,0.0,0.0,0.0
144,1695905048423,-0.99609375,0.036132812,0.18554688,1.21875,0.71875,0.78125,0.0,0.0,0.0
145,1695905048482,-0.9892578,0.051757812,0.18261719,0.34375,0.21875,0.40625,0.0,0.0,0.0
146,1695905048515,-0.9824219,0.0390625,0.20800781,-0.3125,0.21875,0.21875,0.0,0.0,0.0
147,1695905048572,-0.9765625,0.049804688,0.19433594,-0.375,0.90625,0.59375,-72.3125,-139.625,-234.625
148,1695905048604,-0.9794922,0.044921875,0.203125,-0.125,0.15625,0.53125,0.0,0.0,0.0
149,1695905048633,-0.97558594,0.04296875,0.18457031,0.65625,1.09375,0.59375,0.0,0.0,0.0
150,1695905048661,-0.9814453,0.040039062,0.1875,0.53125,1.03125,0.53125,0.0,0.0,0.0
151,1695905048724,-0.9892578,0.05078125,0.19824219,1.28125,0.09375,0.46875,0.0,0.0,0.0
152,1695905048753,-0.9902344,0.051757812,0.19335938,1.3125,0.84375,0.21875,0.0,0.0,0.0
153,1695905048782,-0.99316406,0.046875,0.19042969,0.90625,0.09375,0.15625,0.0,0.0,0.0
154,1695905048844,-0.99121094,0.05078125,0.20019531,0.90625,-0.1875,-0.0625,0.0,0.0,0.0
155,1695905048876,-0.9892578,0.046875,0.1953125,1.28125,0.40625,0.15625,0.0,0.0,0.0
156,1695905048906,-0.9892578,0.045898438,0.1796875,1.21875,-0.1875,-0.25,0.0,0.0,0.0
157,1695905048963,-0.98535156,0.043945312,0.18359375,0.96875,0.53125,-0.4375,0.0,0.0,0.0
158,1695905049024,-0.9863281,0.038085938,0.19042969,1.4375,-0.375,0.0,0.0,0.0,0.0
159,1695905049029,-0.9892578,0.048828125,0.18359375,1.03125,0.65625,0.09375,-71.125,-139.1875,-235.875
160,1695905049084,-0.9902344,0.046875,0.1953125,0.46875,-0.1875,-0.3125,0.0,0.0,0.0
161,1695905049112,-0.9824219,0.049804688,0.19042969,0.59375,-0.0625,-0.375,0.0,0.0,0.0
162,1695905049142,-0.9863281,0.05859375,0.18457031,0.0,0.90625,0.0,0.0,0.0,0.0
163,1695905049206,-0.99609375,0.051757812,0.18359375,-0.3125,0.0,-0.125,0.0,0.0,0.0
164,1695905049236,-0.9785156,0.053710938,0.19042969,0.0,1.09375,0.21875,0.0,0.0,0.0
165,1695905049262,-0.9873047,0.044921875,0.17578125,-0.6875,0.65625,0.0,0.0,0.0,0.0
166,1695905049324,-0.99121094,0.052734375,0.19433594,0.90625,0.03125,-0.0625,0.0,0.0,0.0
167,1695905049353,-0.98828125,0.056640625,0.19042969,0.0,0.0,-0.3125,0.0,0.0,0.0
168,1695905049384,-0.9873047,0.0546875,0.18652344,0.84375,0.46875,0.15625,0.0,0.0,0.0
169,1695905049443,-0.9902344,0.052734375,0.17675781,0.28125,0.59375,0.15625,0.0,0.0,0.0
170,1695905049474,-0.984375,0.05078125,0.1796875,-0.0625,0.53125,0.0,0.0,0.0,0.0
171,1695905049506,-0.9892578,0.048828125,0.18261719,-0.125,0.0,-0.0625,0.0,0.0,0.0
172,1695905049563,-0.9824219,0.0390625,0.19335938,0.78125,-0.125,0.09375,-71.5625,-138.6875,-236.125
173,1695905049593,-0.9814453,0.045898438,0.16894531,-0.0625,-0.0625,-0.1875,0.0,0.0,0.0
174,1695905049623,-0.9863281,0.041992188,0.17871094,0.46875,-0.125,-0.1875,0.0,0.0,0.0
175,1695905049687,-0.9824219,0.051757812,0.18457031,0.09375,0.78125,0.0,0.0,0.0,0.0
176,1695905049721,-0.98828125,0.047851562,0.19238281,0.65625,-0.0625,0.09375,0.0,0.0,0.0
177,1695905049742,-0.9785156,0.046875,0.17773438,0.0,0.34375,-0.125,0.0,0.0,0.0
178,1695905049804,-0.98046875,0.05078125,0.18554688,0.65625,0.21875,0.0,0.0,0.0,0.0
179,1695905049834,-0.9892578,0.053710938,0.171875,0.53125,0.28125,0.09375,0.0,0.0,0.0
180,1695905049862,-0.99121094,0.04296875,0.19042969,1.09375,0.28125,0.09375,0.0,0.0,0.0
181,1695905049922,-0.9902344,0.052734375,0.18554688,0.40625,-0.0625,0.28125,0.0,0.0,0.0
182,1695905049952,-0.9873047,0.047851562,0.18164062,0.84375,0.90625,0.15625,0.0,0.0,0.0
183,1695905049987,-0.99121094,0.045898438,0.19238281,0.78125,-0.1875,0.03125,0.0,0.0,0.0
184,1695905050043,-0.9873047,0.04296875,0.17675781,0.71875,0.09375,0.03125,-71.6875,-140.0625,-235.25
185,1695905050076,-0.9873047,0.046875,0.171875,0.53125,-0.1875,0.09375,0.0,0.0,0.0
186,1695905050105,-0.99121094,0.056640625,0.18554688,0.21875,0.21875,0.28125,0.0,0.0,0.0
187,1695905050163,-0.984375,0.049804688,0.18261719,0.0,0.09375,0.03125,0.0,0.0,0.0
188,1695905050190,-0.9873047,0.05078125,0.18457031,0.28125,0.15625,-0.125,0.0,0.0,0.0
189,1695905050224,-0.9921875,0.05859375,0.17773438,0.84375,-0.125,0.15625,0.0,0.0,0.0
190,1695905050283,-0.9814453,0.041992188,0.17773438,0.71875,-0.25,-0.1875,0.0,0.0,0.0
191,1695905050312,-0.9941406,0.046875,0.18945312,1.3125,0.03125,0.0,0.0,0.0,0.0
192,1695905050345,-0.9921875,0.0546875,0.18652344,0.46875,0.09375,0.09375,0.0,0.0,0.0
193,1695905050405,-0.9873047,0.052734375,0.18261719,0.40625,0.09375,0.15625,0.0,0.0,0.0
194,1695905050433,-0.9863281,0.0546875,0.18652344,0.65625,-0.125,0.09375,0.0,0.0,0.0
195,1695905050465,-0.9892578,0.053710938,0.18945312,0.84375,-0.125,0.28125,0.0,0.0,0.0
196,1695905050523,-0.9873047,0.05078125,0.18457031,0.71875,0.21875,0.15625,0.0,0.0,0.0
197,1695905050561,-0.9824219,0.052734375,0.1875,0.59375,0.21875,0.03125,-71.5625,-138.6875,-236.125
198,1695905050582,-0.9902344,0.05859375,0.17773438,0.28125,-0.125,0.28125,0.0,0.0,0.0
199,1695905050643,-0.98828125,0.053710938,0.17382812,0.15625,0.40625,0.34375,0.0,0.0,0.0
200,1695905050671,-0.9892578,0.043945312,0.18554688,-0.25,0.15625,0.09375,0.0,0.0,0.0
201,1695905050703,-0.9980469,0.052734375,0.18554688,-0.125,0.15625,0.15625,0.0,0.0,0.0
202,1695905050763,-0.9921875,0.052734375,0.17773438,0.34375,0.21875,0.03125,0.0,0.0,0.0
203,1695905050793,-0.984375,0.049804688,0.19921875,-0.0625,-0.3125,0.0,0.0,0.0,0.0
204,1695905050823,-0.98535156,0.0546875,0.19433594,1.09375,0.09375,0.15625,0.0,0.0,0.0
205,1695905050884,-0.98535156,0.05078125,0.17089844,0.59375,-0.0625,-0.125,0.0,0.0,0.0
206,1695905050912,-0.99316406,0.057617188,0.17773438,0.96875,0.0,-0.0625,0.0,0.0,0.0
207,1695905051069,-0.9794922,0.051757812,0.18359375,0.84375,-0.375,0.28125,0.0,0.0,0.0
208,1695905051076,-0.98535156,0.057617188,0.20410156,0.59375,0.40625,0.03125,0.0,0.0,0.0
209,1695905051083,-0.9902344,0.056640625,0.19726562,0.21875,-0.3125,-0.0625,-71.5625,-138.125,-235.125
210,1695905051089,-0.984375,0.046875,0.1796875,0.71875,0.21875,0.0,0.0,0.0,0.0
211,1695905051123,-0.9873047,0.055664062,0.18652344,0.46875,-0.25,0.0,0.0,0.0,0.0
212,1695905051153,-0.9873047,0.049804688,0.1875,0.46875,0.0,0.03125,0.0,0.0,0.0
213,1695905051183,-0.9902344,0.052734375,0.18066406,0.53125,0.09375,0.15625,0.0,0.0,0.0
214,1695905051243,-0.9863281,0.046875,0.17382812,0.53125,0.0,0.0,0.0,0.0,0.0
215,1695905051303,-0.98535156,0.05078125,0.17480469,0.96875,0.40625,0.0,0.0,0.0,0.0
216,1695905051310,-0.98828125,0.046875,0.18945312,0.90625,-0.125,0.03125,0.0,0.0,0.0
217,1695905051362,-0.98535156,0.05078125,0.19042969,0.59375,0.09375,-0.0625,0.0,0.0,0.0
218,1695905051392,-0.9794922,0.0625,0.19042969,0.28125,0.0,-0.25,0.0,0.0,0.0
219,1695905051422,-0.98339844,0.043945312,0.18164062,0.15625,-0.5,-0.1875,0.0,0.0,0.0
220,1695905051482,-0.9863281,0.049804688,0.19238281,0.59375,0.59375,0.0,0.0,0.0,0.0
221,1695905051513,-0.99121094,0.051757812,0.18359375,0.15625,-0.125,-0.125,0.0,0.0,0.0
222,1695905051543,-0.9892578,0.05859375,0.19726562,0.28125,0.21875,0.0,-69.75,-140.1875,-235.125
223,1695905051604,-0.99609375,0.041015625,0.19335938,0.53125,-0.0625,-0.25,0.0,0.0,0.0
224,1695905051634,-0.9921875,0.040039062,0.18945312,0.34375,-0.3125,-0.125,0.0,0.0,0.0
225,1695905051666,-0.9921875,0.0390625,0.16796875,0.96875,-0.3125,-0.0625,0.0,0.0,0.0
226,1695905051722,-0.98046875,0.046875,0.19140625,0.84375,-0.3125,0.03125,0.0,0.0,0.0
227,1695905051753,-0.9814453,0.038085938,0.1953125,-0.125,-0.4375,0.0,0.0,0.0,0.0
228,1695905051783,-0.98046875,0.044921875,0.19140625,0.53125,0.46875,0.28125,0.0,0.0,0.0
229,1695905051842,-0.984375,0.05078125,0.19238281,-0.0625,-0.0625,0.09375,0.0,0.0,0.0
230,1695905051874,-0.9921875,0.044921875,0.18457031,0.15625,0.15625,0.03125,0.0,0.0,0.0
231,1695905051903,-0.98535156,0.047851562,0.17382812,0.34375,-0.3125,-0.125,0.0,0.0,0.0
232,1695905051964,-0.9873047,0.04296875,0.18945312,0.46875,0.15625,-0.125,0.0,0.0,0.0
233,1695905051994,-0.9863281,0.044921875,0.1875,0.40625,-0.1875,-0.125,0.0,0.0,0.0
234,1695905052022,-0.98339844,0.046875,0.18652344,0.84375,0.09375,0.09375,-71.125,-137.375,-235.875
235,1695905052085,-0.9863281,0.051757812,0.20019531,1.09375,0.0,-0.125,0.0,0.0,0.0
236,1695905052115,-0.9814453,0.049804688,0.18554688,0.34375,-0.125,-0.125,0.0,0.0,0.0
237,1695905052142,-0.984375,0.047851562,0.17480469,0.59375,0.0,0.03125,0.0,0.0,0.0
238,1695905052204,-0.9902344,0.046875,0.18066406,0.65625,0.03125,-0.0625,0.0,0.0,0.0
239,1695905052231,-0.9902344,0.056640625,0.19042969,0.71875,-0.1875,0.09375,0.0,0.0,0.0
240,1695905052262,-0.9814453,0.045898438,0.18945312,0.46875,-0.1875,-0.1875,0.0,0.0,0.0
241,1695905052322,-0.98046875,0.053710938,0.19042969,0.78125,0.03125,-0.25,0.0,0.0,0.0
242,1695905052352,-0.9824219,0.0546875,0.19140625,0.53125,0.03125,0.03125,0.0,0.0,0.0
243,1695905052383,-0.9824219,0.048828125,0.18359375,0.59375,-0.25,-0.0625,0.0,0.0,0.0
244,1695905052447,-0.9785156,0.044921875,0.20117188,0.34375,0.40625,-0.1875,0.0,0.0,0.0
245,1695905052472,-0.98535156,0.047851562,0.18847656,0.71875,0.09375,0.03125,0.0,0.0,0.0
246,1695905052505,-0.99121094,0.052734375,0.18066406,0.28125,-0.0625,0.03125,0.0,0.0,0.0
247,1695905052563,-0.9902344,0.043945312,0.1796875,1.15625,0.15625,0.03125,-71.125,-139.1875,-235.125
248,1695905052599,-0.9902344,0.060546875,0.18847656,0.53125,-0.0625,-0.125,0.0,0.0,0.0
249,1695905052625,-0.99121094,0.049804688,0.19628906,0.71875,0.40625,0.0,0.0,0.0,0.0
250,1695905052682,-0.97753906,0.064453125,0.18261719,0.78125,0.40625,0.0,0.0,0.0,0.0
251,1695905052712,-0.99316406,0.053710938,0.19824219,0.09375,0.21875,0.03125,0.0,0.0,0.0
252,1695905052746,-0.98046875,0.041992188,0.18554688,0.03125,0.03125,0.0,0.0,0.0,0.0
253,1695905052803,-0.9873047,0.049804688,0.19726562,0.21875,0.15625,0.09375,0.0,0.0,0.0
254,1695905052836,-0.9863281,0.05078125,0.18554688,0.53125,0.28125,0.34375,0.0,0.0,0.0
255,1695905052863,-0.98535156,0.038085938,0.18554688,1.09375,0.09375,0.15625,0.0,0.0,0.0
256,1695905052925,-0.98828125,0.048828125,0.17871094,0.53125,0.03125,0.0,0.0,0.0,0.0
257,1695905052956,-0.9863281,0.041992188,0.19140625,1.3125,-0.0625,-0.1875,0.0,0.0,0.0
258,1695905052982,-0.9902344,0.046875,0.17871094,0.59375,-0.0625,-0.0625,0.0,0.0,0.0
259,1695905053045,-0.99316406,0.05078125,0.18261719,0.21875,0.09375,-0.1875,-70.8125,-139.1875,-235.375
260,1695905053073,-0.98828125,0.05859375,0.18554688,0.15625,-0.3125,-0.1875,0.0,0.0,0.0
261,1695905053104,-0.984375,0.041992188,0.18261719,0.65625,0.15625,0.0,0.0,0.0,0.0
262,1695905053165,-0.9873047,0.057617188,0.18554688,0.65625,0.28125,0.09375,0.0,0.0,0.0
263,1695905053195,-0.9892578,0.052734375,0.18359375,0.46875,0.34375,0.0,0.0,0.0,0.0
264,1695905053225,-0.9921875,0.059570312,0.18652344,0.15625,-0.4375,-0.3125,0.0,0.0,0.0
265,1695905053283,-0.99316406,0.053710938,0.19140625,-0.375,-1.25,-0.875,0.0,0.0,0.0
266,1695905053313,-0.9794922,0.048828125,0.17871094,-0.4375,-0.25,-0.5,0.0,0.0,0.0
267,1695905053345,-0.98828125,0.045898438,0.19433594,-0.625,-0.5625,-0.25,0.0,0.0,0.0
268,1695905053404,-0.9921875,0.0546875,0.18945312,-0.1875,0.71875,0.34375,0.0,0.0,0.0
269,1695905053433,-0.9824219,0.040039062,0.20507812,0.15625,-0.0625,0.15625,0.0,0.0,0.0
270,1695905053464,-0.9941406,0.0390625,0.19824219,0.28125,0.03125,-0.3125,0.0,0.0,0.0
271,1695905053522,-0.98535156,0.046875,0.18652344,0.09375,-0.25,0.03125,0.0,0.0,0.0
272,1695905053585,-0.9863281,0.044921875,0.17773438,0.15625,0.0,-0.125,-71.6875,-140.375,-233.875
273,1695905053591,-0.9794922,0.048828125,0.18359375,-0.25,-0.25,-0.0625,0.0,0.0,0.0
274,1695905053643,-0.98339844,0.043945312,0.18457031,0.21875,0.03125,0.09375,0.0,0.0,0.0
275,1695905053671,-0.98828125,0.0390625,0.18261719,0.28125,0.03125,0.0,0.0,0.0,0.0
276,1695905053706,-0.99121094,0.041992188,0.19238281,0.34375,0.21875,-0.0625,0.0,0.0,0.0
277,1695905053854,-0.9824219,0.043945312,0.18945312,0.15625,0.0,0.15625,0.0,0.0,0.0
278,1695905053861,-0.9873047,0.04296875,0.18066406,0.59375,0.46875,0.09375,0.0,0.0,0.0
279,1695905053873,-0.9785156,0.043945312,0.18261719,-0.125,0.21875,0.03125,0.0,0.0,0.0
280,1695905053894,-0.9873047,0.049804688,0.16992188,0.0,0.78125,0.65625,0.0,0.0,0.0
281,1695905053911,-0.9863281,0.049804688,0.17871094,-0.375,0.90625,0.40625,0.0,0.0,0.0
282,1695905053941,-0.9873047,0.049804688,0.18554688,-0.3125,1.28125,0.59375,0.0,0.0,0.0
283,1695905054003,-0.9921875,0.04296875,0.18554688,0.15625,1.09375,0.46875,0.0,0.0,0.0
284,1695905054035,-0.9921875,0.05078125,0.18261719,0.09375,0.21875,0.28125,-70.625,-139.625,-235.25
285,1695905054062,-0.98535156,0.0546875,0.19335938,0.0,0.09375,-0.125,0.0,0.0,0.0
286,1695905054124,-0.9892578,0.051757812,0.18359375,0.34375,0.21875,0.09375,0.0,0.0,0.0
287,1695905054155,-0.9873047,0.05078125,0.17382812,0.03125,0.34375,-0.1875,0.0,0.0,0.0
288,1695905054183,-0.9863281,0.052734375,0.17773438,0.28125,0.40625,-0.0625,0.0,0.0,0.0
289,1695905054242,-0.9892578,0.046875,0.16796875,-0.0625,0.34375,0.34375,0.0,0.0,0.0
290,1695905054274,-0.9873047,0.051757812,0.18457031,-0.8125,0.09375,0.0,0.0,0.0,0.0
291,1695905054304,-0.99609375,0.053710938,0.18847656,-1.0,0.0,0.15625,0.0,0.0,0.0
292,1695905054364,-0.9814453,0.044921875,0.18652344,0.0,-0.1875,0.09375,0.0,0.0,0.0
293,1695905054391,-0.98535156,0.045898438,0.17480469,0.09375,-0.0625,-0.125,0.0,0.0,0.0
294,1695905054423,-0.9892578,0.041992188,0.18066406,0.96875,0.15625,-0.1875,0.0,0.0,0.0
295,1695905054484,-0.9863281,0.052734375,0.18261719,1.4375,-0.1875,-0.25,0.0,0.0,0.0
296,1695905054511,-0.9873047,0.055664062,0.16015625,0.15625,-0.125,-0.375,0.0,0.0,0.0
297,1695905054541,-0.9892578,0.051757812,0.17675781,0.96875,-0.1875,-0.25,-71.25,-139.3125,-234.625
298,1695905054604,-1.0,0.05078125,0.17773438,0.34375,-0.1875,-0.125,0.0,0.0,0.0
299,1695905054634,-0.9794922,0.043945312,0.16601562,0.15625,-0.0625,-0.3125,0.0,0.0,0.0
300,1695905054669,-0.99609375,0.0546875,0.17382812,0.71875,-0.8125,-0.1875,0.0,0.0,0.0
301,1695905054728,-0.9873047,0.051757812,0.16992188,0.59375,-0.3125,-0.0625,0.0,0.0,0.0
302,1695905054753,-0.9814453,0.055664062,0.17675781,0.15625,-0.4375,-0.125,0.0,0.0,0.0
303,1695905054785,-0.9873047,0.064453125,0.18261719,-0.125,0.0,0.28125,0.0,0.0,0.0
304,1695905054854,-0.9863281,0.052734375,0.18261719,-1.0625,-0.375,0.15625,0.0,0.0,0.0
305,1695905054877,-0.99316406,0.04296875,0.17675781,-0.4375,-0.125,0.34375,0.0,0.0,0.0
306,1695905054905,-0.99121094,0.055664062,0.17578125,-1.3125,-0.0625,0.09375,0.0,0.0,0.0
307,1695905054932,-0.9892578,0.052734375,0.17773438,-0.1875,0.03125,0.28125,0.0,0.0,0.0
308,1695905054992,-0.9941406,0.052734375,0.18261719,-0.75,-0.0625,-0.125,0.0,0.0,0.0
309,1695905055023,-0.9892578,0.043945312,0.17871094,0.21875,-0.375,0.15625,-70.375,-138.125,-234.5
310,1695905055056,-0.98828125,0.046875,0.19335938,0.09375,-0.4375,0.0,0.0,0.0,0.0
311,1695905055113,-0.984375,0.055664062,0.17480469,-0.3125,-0.375,0.21875,0.0,0.0,0.0
312,1695905055144,-0.9824219,0.046875,0.18554688,-0.6875,-0.625,0.15625,0.0,0.0,0.0
313,1695905055173,-0.9863281,0.053710938,0.18847656,-0.375,0.03125,0.28125,0.0,0.0,0.0
314,1695905055233,-0.98535156,0.049804688,0.18066406,-0.8125,-0.5,0.15625,0.0,0.0,0.0
315,1695905055262,-0.99121094,0.043945312,0.19042969,-0.1875,-0.5,0.0,0.0,0.0,0.0
316,1695905055299,-0.9863281,0.052734375,0.1953125,-0.0625,-0.125,-0.0625,0.0,0.0,0.0
317,1695905055354,-0.9970703,0.052734375,0.17675781,-0.0625,-0.3125,-0.25,0.0,0.0,0.0
318,1695905055382,-0.98046875,0.045898438,0.19140625,-0.0625,-0.8125,-0.0625,0.0,0.0,0.0
319,1695905055413,-0.98046875,0.047851562,0.19335938,0.03125,0.09375,-0.0625,0.0,0.0,0.0
320,1695905055472,-0.9902344,0.047851562,0.19140625,-0.25,-0.6875,-0.3125,0.0,0.0,0.0
321,1695905055510,-0.9921875,0.052734375,0.18457031,0.40625,0.21875,-0.125,0.0,0.0,0.0
322,1695905055533,-0.984375,0.051757812,0.19042969,0.21875,-0.3125,-0.3125,-70.1875,-138.25,-235.6875
323,1695905055594,-0.9873047,0.044921875,0.18066406,0.28125,-0.25,-0.3125,0.0,0.0,0.0
324,1695905055626,-0.9863281,0.05078125,0.19042969,0.21875,-0.125,-0.375,0.0,0.0,0.0
325,1695905055654,-0.9824219,0.0546875,0.18457031,0.15625,-0.125,-0.1875,0.0,0.0,0.0
326,1695905055714,-0.99609375,0.043945312,0.19140625,0.15625,-0.0625,0.09375,0.0,0.0,0.0
327,1695905055744,-0.9863281,0.048828125,0.18359375,-0.625,-0.25,-0.5,0.0,0.0,0.0
328,1695905055774,-0.9873047,0.043945312,0.17871094,0.21875,-0.125,-0.4375,0.0,0.0,0.0
329,1695905055863,-0.98535156,0.049804688,0.17089844,-0.125,-0.1875,-0.375,0.0,0.0,0.0
330,1695905055869,-0.99609375,0.049804688,0.1796875,-0.1875,-0.1875,-0.25,0.0,0.0,0.0
331,1695905055899,-0.9951172,0.053710938,0.18652344,-0.0625,0.0,-0.0625,0.0,0.0,0.0
332,1695905055953,-0.9902344,0.052734375,0.18554688,-0.9375,-0.25,-0.375,0.0,0.0,0.0
333,1695905055983,-0.9902344,0.052734375,0.16894531,-0.6875,-0.4375,-0.1875,0.0,0.0,0.0
334,1695905056013,-0.98828125,0.05078125,0.1953125,-0.4375,-0.5625,-0.3125,-72.875,-137.6875,-235.375
335,1695905056073,-0.9873047,0.034179688,0.19042969,0.21875,-0.5625,-0.125,0.0,0.0,0.0
336,1695905056109,-0.99316406,0.048828125,0.20703125,0.34375,-0.1875,-0.5,0.0,0.0,0.0
337,1695905056132,-0.99902344,0.056640625,0.18066406,0.46875,-0.5,-0.25,0.0,0.0,0.0
338,1695905056193,-0.99609375,0.053710938,0.20703125,-0.125,-0.375,0.0,0.0,0.0,0.0
339,1695905056232,-0.984375,0.051757812,0.17480469,-0.6875,-0.625,-0.25,0.0,0.0,0.0
340,1695905056256,-0.984375,0.048828125,0.1875,-0.1875,-0.25,-0.3125,0.0,0.0,0.0
341,1695905056315,-0.9785156,0.05078125,0.18554688,-0.4375,-0.6875,-0.25,0.0,0.0,0.0
342,1695905056344,-0.99316406,0.048828125,0.18164062,0.03125,-0.375,-0.375,0.0,0.0,0.0
343,1695905056375,-0.9892578,0.051757812,0.19238281,-0.25,-0.4375,-0.375,0.0,0.0,0.0
344,1695905056434,-0.9921875,0.049804688,0.19433594,-0.0625,-0.5625,-0.125,0.0,0.0,0.0
345,1695905056463,-0.98535156,0.052734375,0.18457031,-0.5,-0.25,-0.25,0.0,0.0,0.0
346,1695905056494,-0.99609375,0.044921875,0.18066406,-0.3125,-0.25,-0.4375,0.0,0.0,0.0
347,1695905056558,-0.9824219,0.047851562,0.18066406,-0.0625,-0.375,-0.3125,-70.0625,-140.1875,-234.5
348,1695905056583,-0.9873047,0.04296875,0.19433594,0.03125,-0.625,-0.375,0.0,0.0,0.0
349,1695905056612,-0.98339844,0.051757812,0.19726562,0.34375,-0.5625,-0.5,0.0,0.0,0.0
350,1695905056674,-0.98339844,0.056640625,0.19042969,0.78125,-0.375,-0.5625,0.0,0.0,0.0
351,1695905056703,-0.9941406,0.048828125,0.20507812,0.46875,-0.625,-0.5,0.0,0.0,0.0
352,1695905056732,-0.9794922,0.046875,0.19238281,0.71875,-0.1875,-0.3125,0.0,0.0,0.0
353,1695905056792,-0.98535156,0.049804688,0.19726562,0.65625,-0.1875,-0.375,0.0,0.0,0.0
354,1695905056825,-0.9873047,0.043945312,0.17285156,0.21875,-0.3125,-0.1875,0.0,0.0,0.0
355,1695905056852,-0.9785156,0.040039062,0.18359375,0.15625,-0.375,-0.1875,0.0,0.0,0.0
356,1695905056913,-0.98535156,0.04296875,0.20117188,0.03125,-0.0625,-0.1875,0.0,0.0,0.0
357,1695905056943,-0.98535156,0.043945312,0.17773438,-0.0625,-0.4375,-0.1875,0.0,0.0,0.0
358,1695905056976,-0.9794922,0.041992188,0.19824219,-0.1875,-0.1875,-0.125,0.0,0.0,0.0
359,1695905057032,-0.984375,0.043945312,0.18652344,-0.4375,-0.1875,-0.1875,-71.5625,-138.125,-235.375
360,1695905057064,-0.9892578,0.045898438,0.20019531,-0.1875,-0.4375,-0.125,0.0,0.0,0.0
361,1695905057097,-0.98535156,0.047851562,0.17773438,-0.25,-0.4375,-0.125,0.0,0.0,0.0
362,1695905057156,-0.9863281,0.049804688,0.19042969,-0.25,-0.375,-0.0625,0.0,0.0,0.0
363,1695905057190,-0.98535156,0.04296875,0.1953125,-0.0625,-1.0,-0.25,0.0,0.0,0.0
364,1695905057213,-0.97558594,0.049804688,0.17675781,-0.125,-0.375,-0.375,0.0,0.0,0.0
365,1695905057273,-0.9892578,0.045898438,0.19628906,0.15625,-0.5625,-0.375,0.0,0.0,0.0
366,1695905057303,-0.97753906,0.048828125,0.19335938,-0.0625,-0.4375,-0.25,0.0,0.0,0.0
367,1695905057341,-0.9892578,0.044921875,0.20117188,-0.5,-0.8125,-0.375,0.0,0.0,0.0
368,1695905057393,-0.97753906,0.041015625,0.18554688,-0.0625,-0.625,-0.125,0.0,0.0,0.0
369,1695905057425,-0.9824219,0.047851562,0.18945312,-0.5625,-0.5625,-0.4375,0.0,0.0,0.0
370,1695905057452,-0.99121094,0.041015625,0.21582031,-0.0625,-0.8125,-0.0625,0.0,0.0,0.0
371,1695905057513,-0.9785156,0.0390625,0.18164062,-0.25,-0.3125,-0.0625,0.0,0.0,0.0
372,1695905057545,-0.9902344,0.045898438,0.20800781,0.0,0.03125,0.15625,-71.875,-138.125,-235.125
373,1695905057575,-0.99316406,0.040039062,0.20117188,-0.125,-0.25,-0.1875,0.0,0.0,0.0
374,1695905057633,-0.98339844,0.040039062,0.19824219,0.0,-1.0,0.03125,0.0,0.0,0.0
375,1695905057664,-0.984375,0.041015625,0.19824219,0.21875,-0.25,-0.1875,0.0,0.0,0.0
376,1695905057693,-0.98828125,0.051757812,0.19140625,0.40625,-0.3125,-0.0625,0.0,0.0,0.0
377,1695905057753,-0.99316406,0.044921875,0.19335938,-0.0625,-0.4375,0.0,0.0,0.0,0.0
378,1695905057783,-0.98046875,0.0390625,0.1953125,-0.0625,-0.5625,0.03125,0.0,0.0,0.0
379,1695905057811,-0.9892578,0.049804688,0.20605469,-0.0625,-0.25,-0.125,0.0,0.0,0.0
380,1695905057874,-0.9824219,0.048828125,0.19726562,0.09375,-0.25,-0.25,0.0,0.0,0.0
381,1695905057903,-0.984375,0.044921875,0.18066406,0.03125,-0.0625,-0.125,0.0,0.0,0.0
382,1695905057934,-0.99121094,0.044921875,0.20214844,0.34375,-0.1875,-0.25,0.0,0.0,0.0
383,1695905058024,-0.9892578,0.041015625,0.19433594,0.90625,0.0,-0.4375,0.0,0.0,0.0
384,1695905058033,-0.9892578,0.051757812,0.18359375,0.40625,-0.25,-0.125,-72.125,-140.1875,-234.8125
385,1695905058055,-0.9863281,0.051757812,0.20898438,-0.6875,-0.0625,-0.25,0.0,0.0,0.0
386,1695905058144,-0.9902344,0.053710938,0.19628906,-0.8125,-0.375,0.0,0.0,0.0,0.0
387,1695905058150,-0.9814453,0.044921875,0.20117188,-1.34375,-0.375,-0.0625,0.0,0.0,0.0
388,1695905058174,-0.9873047,0.041992188,0.19042969,-2.15625,-0.375,0.03125,0.0,0.0,0.0
389,1695905058232,-0.9873047,0.033203125,0.19824219,-1.46875,-0.4375,-0.0625,0.0,0.0,0.0
390,1695905058260,-0.98535156,0.043945312,0.19726562,-1.1875,-0.3125,-0.125,0.0,0.0,0.0
391,1695905058292,-0.98828125,0.036132812,0.18066406,-0.5,-0.75,-0.375,0.0,0.0,0.0
392,1695905058352,-0.9873047,0.044921875,0.20703125,0.0,-0.25,-0.375,0.0,0.0,0.0
393,1695905058383,-0.9892578,0.029296875,0.20019531,0.21875,-0.75,-0.3125,0.0,0.0,0.0
394,1695905058415,-0.98828125,0.034179688,0.203125,1.21875,0.34375,0.09375,0.0,0.0,0.0
395,1695905058472,-0.98828125,0.04296875,0.19238281,1.09375,0.0,-0.1875,0.0,0.0,0.0
396,1695905058503,-0.9921875,0.03515625,0.1953125,2.0625,0.09375,-0.1875,0.0,0.0,0.0
397,1695905058532,-0.98828125,0.046875,0.18847656,0.59375,-0.8125,-0.5625,-72.75,-140.375,-234.625
398,1695905058593,-0.98046875,0.041992188,0.20507812,0.78125,-0.125,-0.125,0.0,0.0,0.0
399,1695905058625,-0.9765625,0.041992188,0.19042969,-0.75,0.03125,-0.25,0.0,0.0,0.0
400,1695905058684,-0.9863281,0.047851562,0.20605469,-0.3125,0.09375,0.21875,0.0,0.0,0.0
401,1695905058713,-0.9863281,0.04296875,0.20410156,-0.75,0.03125,0.09375,0.0,0.0,0.0
402,1695905058744,-0.97265625,0.034179688,0.20410156,-0.5,-0.1875,-0.25,0.0,0.0,0.0
403,1695905058773,-0.9765625,0.049804688,0.20117188,-0.75,-0.3125,-0.3125,0.0,0.0,0.0
404,1695905058833,-0.98535156,0.043945312,0.19824219,-0.6875,0.09375,-0.1875,0.0,0.0,0.0
405,1695905058864,-0.9873047,0.055664062,0.19433594,-0.5,0.21875,0.15625,0.0,0.0,0.0
406,1695905058893,-0.98046875,0.040039062,0.1953125,-0.6875,0.03125,0.15625,0.0,0.0,0.0
407,1695905058955,-0.984375,0.038085938,0.20605469,-0.875,0.15625,0.03125,0.0,0.0,0.0
408,1695905058984,-0.9794922,0.043945312,0.19238281,-0.75,0.0,0.0,0.0,0.0,0.0
409,1695905059011,-0.9814453,0.040039062,0.20703125,-0.125,0.15625,0.0,-70.625,-140.375,-235.25
410,1695905059073,-0.9824219,0.034179688,0.19726562,0.0,0.03125,-0.0625,0.0,0.0,0.0
411,1695905059103,-0.9863281,0.048828125,0.20214844,0.03125,0.03125,0.0,0.0,0.0,0.0
412,1695905059133,-0.98535156,0.051757812,0.20507812,-0.125,-0.0625,0.03125,0.0,0.0,0.0
413,1695905059195,-0.9892578,0.041015625,0.1875,-0.125,-0.0625,-0.0625,0.0,0.0,0.0
414,1695905059227,-0.9951172,0.043945312,0.19726562,0.46875,0.03125,-0.125,0.0,0.0,0.0
415,1695905059254,-0.9746094,0.043945312,0.19433594,0.53125,-0.125,-0.125,0.0,0.0,0.0
416,1695905059312,-0.9814453,0.02734375,0.19824219,0.40625,-0.5,-0.5625,0.0,0.0,0.0
417,1695905059347,-0.9892578,0.05078125,0.20800781,0.90625,0.15625,-0.25,0.0,0.0,0.0
418,1695905059373,-0.98828125,0.0390625,0.203125,0.40625,0.03125,0.03125,0.0,0.0,0.0
419,1695905059434,-0.9873047,0.0390625,0.18847656,0.15625,-0.375,-0.125,0.0,0.0,0.0
420,1695905059465,-0.984375,0.033203125,0.20117188,0.15625,-0.125,-0.25,0.0,0.0,0.0
421,1695905059491,-0.9785156,0.041015625,0.18945312,0.0,-0.625,-0.125,0.0,0.0,0.0
422,1695905059555,-0.9863281,0.040039062,0.19433594,0.15625,0.09375,-0.125,-72.875,-140.1875,-234.8125
423,1695905059583,-0.9921875,0.046875,0.19335938,-0.125,-0.375,-0.0625,0.0,0.0,0.0
424,1695905059613,-0.9794922,0.041015625,0.20117188,-0.375,-0.375,-0.0625,0.0,0.0,0.0
425,1695905059676,-0.99121094,0.043945312,0.19335938,-0.1875,-0.6875,0.03125,0.0,0.0,0.0
426,1695905059703,-0.9814453,0.030273438,0.19824219,-1.0,-0.1875,-0.125,0.0,0.0,0.0
427,1695905059732,-0.98535156,0.040039062,0.21289062,-0.25,-0.375,0.03125,0.0,0.0,0.0
428,1695905059793,-0.9921875,0.0390625,0.19628906,-0.0625,-0.3125,0.0,0.0,0.0,0.0
429,1695905059823,-0.9921875,0.0390625,0.20019531,0.15625,-0.3125,-0.125,0.0,0.0,0.0
430,1695905059852,-0.9824219,0.041992188,0.19628906,0.15625,-0.625,-0.3125,0.0,0.0,0.0
431,1695905059915,-0.9824219,0.043945312,0.20898438,0.21875,0.0,-0.25,0.0,0.0,0.0
432,1695905059944,-0.98046875,0.041015625,0.19726562,-0.125,-0.375,-0.1875,0.0,0.0,0.0
433,1695905059974,-0.9873047,0.047851562,0.20703125,0.28125,-0.25,0.03125,0.0,0.0,0.0
434,1695905060032,-0.98046875,0.041992188,0.1953125,0.0,0.03125,0.0,-70.9375,-139.3125,-233.875
435,1695905060064,-0.9921875,0.04296875,0.20214844,0.15625,-0.625,-0.0625,0.0,0.0,0.0
436,1695905060092,-0.9824219,0.044921875,0.20214844,-0.1875,-0.25,-0.3125,0.0,0.0,0.0
437,1695905060153,-0.9951172,0.036132812,0.1953125,0.15625,-0.5,-0.375,0.0,0.0,0.0
438,1695905060185,-0.99121094,0.0390625,0.20703125,-0.0625,-0.0625,-0.0625,0.0,0.0,0.0
439,1695905060212,-0.98828125,0.0390625,0.20019531,-0.0625,-0.6875,0.0,0.0,0.0,0.0
440,1695905060365,-0.984375,0.045898438,0.21386719,-0.3125,0.09375,0.03125,0.0,0.0,0.0
441,1695905060371,-0.9902344,0.032226562,0.19433594,-0.5,-0.1875,-0.0625,0.0,0.0,0.0
442,1695905060376,-0.9873047,0.041015625,0.20117188,-0.25,-0.1875,0.0,0.0,0.0,0.0
443,1695905060425,-0.9814453,0.03125,0.1953125,-0.125,-0.4375,-0.125,0.0,0.0,0.0
444,1695905060428,-0.98535156,0.033203125,0.20410156,0.03125,-0.5,-0.5625,0.0,0.0,0.0
445,1695905060453,-0.984375,0.04296875,0.1953125,0.0,-0.0625,-0.375,0.0,0.0,0.0
446,1695905060515,-0.9794922,0.034179688,0.20410156,-0.75,-0.25,-0.1875,0.0,0.0,0.0
447,1695905060548,-0.98535156,0.040039062,0.18847656,-0.625,-0.375,-0.25,-69.75,-138.6875,-234.5
448,1695905060573,-0.9873047,0.034179688,0.20996094,-0.4375,-0.25,-0.3125,0.0,0.0,0.0
449,1695905060631,-0.98828125,0.047851562,0.18945312,-0.4375,-0.3125,-0.1875,0.0,0.0,0.0
450,1695905060663,-0.9863281,0.041015625,0.19238281,-0.5625,-0.125,-0.1875,0.0,0.0,0.0
451,1695905060693,-0.9892578,0.038085938,0.18652344,-0.1875,0.03125,-0.0625,0.0,0.0,0.0
452,1695905060756,-0.9863281,0.032226562,0.18652344,-0.25,0.0,-0.1875,0.0,0.0,0.0
453,1695905060788,-0.98046875,0.034179688,0.18554688,-0.375,-0.375,-0.0625,0.0,0.0,0.0
454,1695905060818,-0.98535156,0.038085938,0.19921875,-0.3125,0.03125,0.0,0.0,0.0,0.0
455,1695905060870,-0.9863281,0.03515625,0.18554688,-0.25,-0.1875,-0.0625,0.0,0.0,0.0
456,1695905060904,-0.984375,0.044921875,0.19824219,0.03125,0.53125,0.03125,0.0,0.0,0.0
457,1695905060932,-0.984375,0.0390625,0.20019531,0.03125,0.0,0.15625,0.0,0.0,0.0
458,1695905060994,-0.984375,0.033203125,0.20019531,0.65625,0.34375,0.15625,0.0,0.0,0.0
459,1695905061023,-0.9873047,0.041015625,0.20605469,0.46875,0.09375,0.15625,0.0,0.0,0.0
460,1695905061055,-0.9863281,0.04296875,0.19335938,0.78125,0.15625,0.03125,-70.375,-139.75,-234.8125
461,1695905061111,-0.9941406,0.037109375,0.20410156,0.21875,0.0,0.03125,0.0,0.0,0.0
462,1695905061144,-0.98535156,0.0390625,0.19628906,-0.0625,-0.1875,0.0,0.0,0.0,0.0
463,1695905061172,-0.9892578,0.05078125,0.18847656,0.34375,0.03125,0.03125,0.0,0.0,0.0
464,1695905061232,-0.97753906,0.043945312,0.203125,-0.25,0.0,-0.125,0.0,0.0,0.0
465,1695905061264,-0.9902344,0.038085938,0.21484375,-0.25,-0.25,-0.0625,0.0,0.0,0.0
466,1695905061291,-0.99121094,0.03515625,0.18359375,-0.0625,-0.0625,-0.25,0.0,0.0,0.0
467,1695905061352,-0.99121094,0.034179688,0.19628906,0.21875,-0.0625,-0.25,0.0,0.0,0.0
468,1695905061398,-0.9824219,0.047851562,0.18847656,-0.3125,0.03125,-0.1875,0.0,0.0,0.0
469,1695905061416,-0.97753906,0.037109375,0.20019531,0.0,0.09375,0.09375,0.0,0.0,0.0
470,1695905061476,-0.9902344,0.038085938,0.19628906,-0.3125,-0.125,-0.25,0.0,0.0,0.0
471,1695905061503,-0.984375,0.052734375,0.20019531,0.09375,-0.125,-0.1875,0.0,0.0,0.0
472,1695905061533,-0.9814453,0.040039062,0.20214844,0.15625,0.0,-0.375,-71.125,-139.75,-235.375
473,1695905061562,-0.9863281,0.041015625,0.19140625,0.15625,-0.375,-0.3125,0.0,0.0,0.0
474,1695905061625,-0.98535156,0.033203125,0.20214844,0.03125,-0.0625,-0.125,0.0,0.0,0.0
475,1695905061667,-0.9902344,0.033203125,0.20410156,0.0,-0.125,-0.25,0.0,0.0,0.0
476,1695905061684,-0.9824219,0.032226562,0.20019531,0.0,0.09375,-0.0625,0.0,0.0,0.0
477,1695905061744,-0.98828125,0.034179688,0.21386719,-0.125,-0.125,0.03125,0.0,0.0,0.0
478,1695905061775,-0.9863281,0.03515625,0.20507812,0.03125,0.15625,0.09375,0.0,0.0,0.0
479,1695905061804,-0.9814453,0.032226562,0.19824219,-0.25,0.09375,-0.125,0.0,0.0,0.0
480,1695905061867,-0.9785156,0.041992188,0.20898438,0.03125,0.0,0.0,0.0,0.0,0.0
481,1695905061892,-0.98828125,0.028320312,0.20214844,-0.625,-0.1875,-0.1875,0.0,0.0,0.0
482,1695905061927,-0.97753906,0.041015625,0.20019531,0.15625,-0.125,0.09375,0.0,0.0,0.0
483,1695905061984,-0.98046875,0.041015625,0.203125,0.0,0.34375,0.09375,0.0,0.0,0.0
484,1695905062013,-0.9824219,0.041992188,0.19238281,-0.4375,0.03125,0.03125,0.0,0.0,0.0
485,1695905062043,-0.99121094,0.038085938,0.19824219,0.09375,-0.25,0.03125,-72.125,-139.75,-234.0625
486,1695905062102,-0.9863281,0.037109375,0.20214844,0.0,0.09375,-0.0625,0.0,0.0,0.0
487,1695905062134,-0.99121094,0.038085938,0.20605469,0.40625,0.09375,-0.0625,0.0,0.0,0.0
488,1695905062167,-0.9892578,0.041992188,0.19335938,0.40625,0.21875,0.15625,0.0,0.0,0.0
489,1695905062225,-0.98535156,0.029296875,0.18945312,0.15625,0.21875,0.03125,0.0,0.0,0.0
490,1695905062253,-0.9873047,0.041015625,0.21289062,0.15625,0.09375,0.15625,0.0,0.0,0.0
491,1695905062282,-0.9794922,0.034179688,0.20214844,-0.125,0.15625,-0.0625,0.0,0.0,0.0
492,1695905062346,-0.9970703,0.036132812,0.19042969,0.0,-0.0625,0.21875,0.0,0.0,0.0
493,1695905062373,-0.98339844,0.030273438,0.20019531,0.03125,0.40625,0.03125,0.0,0.0,0.0
494,1695905062403,-0.99316406,0.036132812,0.20214844,0.21875,-0.25,0.03125,0.0,0.0,0.0
495,1695905062465,-0.9941406,0.034179688,0.19335938,0.15625,0.34375,0.0,0.0,0.0,0.0
496,1695905062492,-0.9892578,0.03515625,0.21582031,0.40625,-0.125,0.46875,0.0,0.0,0.0
497,1695905062521,-0.9824219,0.030273438,0.18359375,-0.125,0.21875,0.03125,-72.125,-138.6875,-234.8125
498,1695905062583,-0.98828125,0.04296875,0.19335938,0.34375,0.28125,0.28125,0.0,0.0,0.0
499,1695905062614,-0.9863281,0.047851562,0.19726562,0.03125,0.0,0.0,0.0,0.0,0.0
500,1695905062645,-0.98046875,0.025390625,0.20410156,0.46875,0.21875,0.03125,0.0,0.0,0.0
501,1695905062710,-0.9892578,0.044921875,0.19433594,0.34375,-0.1875,-0.125,0.0,0.0,0.0
502,1695905062733,-0.9863281,0.043945312,0.2109375,0.46875,0.46875,0.15625,0.0,0.0,0.0
503,1695905062765,-0.9902344,0.045898438,0.20214844,-0.125,-0.125,-0.0625,0.0,0.0,0.0
504,1695905062823,-0.97753906,0.037109375,0.1875,0.53125,0.59375,0.09375,0.0,0.0,0.0
505,1695905062851,-0.99121094,0.043945312,0.20605469,-0.3125,-0.3125,-0.125,0.0,0.0,0.0
506,1695905062880,-0.98046875,0.036132812,0.19628906,0.0,0.03125,0.03125,0.0,0.0,0.0
507,1695905062945,-0.9921875,0.041015625,0.20410156,-0.5625,0.09375,0.0,0.0,0.0,0.0
508,1695905062974,-0.98828125,0.030273438,0.20019531,-0.125,0.21875,0.09375,0.0,0.0,0.0
509,1695905063004,-0.98828125,0.034179688,0.19921875,-0.5,0.0,0.0,0.0,0.0,0.0
510,1695905063064,-0.9794922,0.025390625,0.21386719,-0.25,-0.1875,0.0,-71.25,-138.25,-235.25
511,1695905063091,-0.9785156,0.038085938,0.19433594,-0.3125,0.0,0.0,0.0,0.0,0.0
512,1695905063122,-0.9794922,0.02734375,0.20019531,0.15625,0.15625,0.15625,0.0,0.0,0.0
513,1695905063184,-0.98339844,0.0390625,0.20019531,0.0,0.21875,0.09375,0.0,0.0,0.0
514,1695905063217,-0.9863281,0.029296875,0.20214844,0.0,0.15625,0.28125,0.0,0.0,0.0
515,1695905063246,-0.98535156,0.041992188,0.20019531,0.21875,0.0,0.03125,0.0,0.0,0.0
516,1695905063307,-0.9873047,0.036132812,0.19824219,0.34375,0.28125,0.03125,0.0,0.0,0.0
517,1695905063332,-0.98339844,0.03515625,0.20410156,0.40625,0.34375,0.15625,0.0,0.0,0.0
518,1695905063362,-0.98828125,0.028320312,0.19726562,0.40625,0.28125,0.21875,0.0,0.0,0.0
519,1695905063424,-0.9873047,0.030273438,0.203125,0.84375,0.34375,0.46875,0.0,0.0,0.0
520,1695905063453,-0.984375,0.0390625,0.19921875,0.59375,0.46875,0.34375,0.0,0.0,0.0
521,1695905063482,-0.9921875,0.038085938,0.18847656,0.78125,0.65625,0.28125,0.0,0.0,0.0
522,1695905063544,-0.9892578,0.0390625,0.20703125,0.90625,0.28125,0.46875,-71.875,-138.6875,-235.875
523,1695905063573,-0.9873047,0.03515625,0.19824219,0.46875,0.15625,0.46875,0.0,0.0,0.0
524,1695905063603,-0.9785156,0.03515625,0.1953125,0.53125,0.46875,0.40625,0.0,0.0,0.0
525,1695905063664,-0.984375,0.052734375,0.20800781,0.21875,0.71875,0.53125,0.0,0.0,0.0
526,1695905063693,-0.9794922,0.041992188,0.18359375,-0.4375,0.34375,0.46875,0.0,0.0,0.0
527,1695905063724,-0.98535156,0.036132812,0.20117188,0.15625,0.46875,0.53125,0.0,0.0,0.0
528,1695905063783,-0.9814453,0.037109375,0.21289062,0.65625,0.59375,0.40625,0.0,0.0,0.0
529,1695905063825,-0.98535156,0.044921875,0.20019531,0.65625,0.09375,0.40625,0.0,0.0,0.0
530,1695905063845,-0.98828125,0.05078125,0.18945312,0.34375,0.28125,0.28125,0.0,0.0,0.0
531,1695905063904,-0.98828125,0.04296875,0.1953125,0.34375,0.71875,0.46875,0.0,0.0,0.0
532,1695905063932,-0.9814453,0.03515625,0.20996094,0.40625,0.59375,0.53125,0.0,0.0,0.0
533,1695905063963,-0.9824219,0.053710938,0.19140625,0.0,0.21875,0.21875,0.0,0.0,0.0
534,1695905064029,-0.9902344,0.040039062,0.1953125,0.46875,0.34375,0.15625,0.0,0.0,0.0
535,1695905064069,-0.9863281,0.044921875,0.20019531,0.46875,0.65625,0.21875,-71.5625,-139.1875,-234.8125
536,1695905064082,-0.9824219,0.049804688,0.20703125,0.15625,0.59375,0.28125,0.0,0.0,0.0
537,1695905064144,-0.9921875,0.046875,0.20605469,0.03125,0.53125,0.40625,0.0,0.0,0.0
538,1695905064178,-0.9863281,0.038085938,0.19628906,0.34375,0.90625,0.53125,0.0,0.0,0.0
539,1695905064203,-0.9794922,0.048828125,0.19628906,-0.0625,0.40625,0.28125,0.0,0.0,0.0
540,1695905064263,-0.984375,0.041992188,0.1953125,0.21875,0.65625,0.21875,0.0,0.0,0.0
541,1695905064291,-0.984375,0.044921875,0.19238281,0.40625,0.28125,0.34375,0.0,0.0,0.0
542,1695905064323,-0.9863281,0.04296875,0.19433594,0.84375,0.65625,0.40625,0.0,0.0,0.0
543,1695905064383,-0.98828125,0.046875,0.18457031,0.53125,0.65625,0.28125,0.0,0.0,0.0
544,1695905064413,-0.9951172,0.046875,0.18847656,0.65625,0.59375,0.15625,0.0,0.0,0.0
545,1695905064441,-0.9863281,0.043945312,0.18945312,0.71875,0.40625,0.28125,0.0,0.0,0.0
546,1695905064503,-0.9902344,0.043945312,0.19921875,0.65625,0.53125,0.15625,0.0,0.0,0.0
547,1695905064540,-0.984375,0.043945312,0.203125,0.09375,0.34375,0.0,-70.625,-137.8125,-234.625
548,1695905064564,-0.98828125,0.041992188,0.20410156,0.21875,0.15625,0.21875,0.0,0.0,0.0
549,1695905064626,-0.97753906,0.043945312,0.19238281,0.0,0.09375,-0.125,0.0,0.0,0.0
550,1695905064653,-0.9921875,0.0390625,0.18945312,0.46875,0.21875,0.09375,0.0,0.0,0.0
551,1695905064683,-0.984375,0.044921875,0.19042969,-0.0625,0.15625,0.03125,0.0,0.0,0.0
552,1695905064745,-0.9814453,0.044921875,0.18554688,0.34375,0.09375,0.28125,0.0,0.0,0.0
553,1695905064776,-0.984375,0.041015625,0.19824219,-0.6875,0.0,-0.125,0.0,0.0,0.0
554,1695905064804,-0.99609375,0.03515625,0.19335938,0.0,-0.3125,0.09375,0.0,0.0,0.0
555,1695905064864,-0.9814453,0.044921875,0.18652344,-0.3125,-0.25,-0.25,0.0,0.0,0.0
556,1695905064892,-0.9951172,0.046875,0.19335938,0.34375,-0.3125,-0.3125,0.0,0.0,0.0
557,1695905064924,-0.98535156,0.0390625,0.19140625,-0.0625,-0.5,-0.375,0.0,0.0,0.0
558,1695905064983,-0.98535156,0.043945312,0.1953125,0.03125,-0.0625,-0.1875,0.0,0.0,0.0
559,1695905065013,-0.984375,0.040039062,0.1796875,-0.5625,-0.375,-0.1875,0.0,0.0,0.0
560,1695905065043,-0.9892578,0.044921875,0.20605469,0.0,-0.125,-0.0625,-70.9375,-139.625,-235.6875
561,1695905065103,-0.9892578,0.048828125,0.18847656,-0.375,-0.3125,-0.125,0.0,0.0,0.0
562,1695905065135,-0.9824219,0.036132812,0.19238281,-0.6875,-0.375,-0.375,0.0,0.0,0.0
563,1695905065164,-0.99121094,0.041992188,0.19238281,-0.0625,-0.3125,-0.3125,0.0,0.0,0.0
564,1695905065224,-0.9902344,0.043945312,0.19921875,-0.3125,-0.25,-0.1875,0.0,0.0,0.0
565,1695905065253,-0.98828125,0.03515625,0.18847656,0.0,-0.3125,0.0,0.0,0.0,0.0
566,1695905065283,-0.9863281,0.038085938,0.18066406,-0.4375,-0.125,0.09375,0.0,0.0,0.0
567,1695905065342,-0.9873047,0.0390625,0.1953125,-0.4375,-0.125,-0.125,0.0,0.0,0.0
568,1695905065373,-0.98828125,0.036132812,0.18261719,0.53125,0.03125,0.03125,0.0,0.0,0.0
569,1695905065408,-0.98535156,0.043945312,0.19628906,0.03125,-0.125,-0.1875,0.0,0.0,0.0
570,1695905065466,-0.9814453,0.034179688,0.18652344,0.40625,-0.1875,-0.125,0.0,0.0,0.0
571,1695905065494,-0.9785156,0.043945312,0.19726562,0.40625,0.21875,-0.125,0.0,0.0,0.0
572,1695905065522,-0.9873047,0.044921875,0.18847656,0.28125,0.15625,0.03125,-72.875,-139.1875,-233.4375
573,1695905065584,-0.99121094,0.04296875,0.20605469,0.34375,-0.0625,-0.0625,0.0,0.0,0.0
574,1695905065614,-0.9873047,0.036132812,0.20507812,0.21875,0.09375,0.0,0.0,0.0,0.0
575,1695905065644,-0.9814453,0.038085938,0.19921875,0.15625,0.09375,-0.0625,0.0,0.0,0.0
576,1695905065700,-0.98828125,0.041992188,0.20019531,0.09375,0.28125,0.21875,0.0,0.0,0.0
577,1695905065735,-0.9863281,0.041015625,0.20703125,-0.25,0.53125,0.15625,0.0,0.0,0.0
578,1695905065762,-0.9902344,0.03515625,0.18652344,-0.0625,-0.25,0.09375,0.0,0.0,0.0
579,1695905065822,-0.9902344,0.038085938,0.18945312,-0.125,0.40625,0.09375,0.0,0.0,0.0
580,1695905065853,-0.9863281,0.043945312,0.19238281,-0.25,-0.1875,0.15625,0.0,0.0,0.0
581,1695905065881,-0.9863281,0.028320312,0.19335938,0.09375,0.96875,0.09375,0.0,0.0,0.0
582,1695905065943,-0.9824219,0.041015625,0.20117188,-0.0625,0.0,0.28125,0.0,0.0,0.0
583,1695905065973,-0.9794922,0.030273438,0.19726562,0.15625,0.46875,-0.0625,0.0,0.0,0.0
584,1695905066003,-0.9902344,0.046875,0.20117188,0.09375,0.28125,0.03125,0.0,0.0,0.0
585,1695905066063,-0.9736328,0.036132812,0.19433594,0.15625,0.40625,0.21875,-72.875,-139.1875,-234.5
586,1695905066094,-0.99121094,0.04296875,0.19238281,0.03125,0.40625,0.28125,0.0,0.0,0.0
587,1695905066125,-0.9902344,0.04296875,0.1953125,0.28125,0.21875,0.15625,0.0,0.0,0.0
588,1695905066182,-0.9873047,0.038085938,0.19921875,0.34375,0.53125,0.09375,0.0,0.0,0.0
589,1695905066217,-0.9892578,0.040039062,0.20019531,0.53125,0.28125,0.21875,0.0,0.0,0.0
590,1695905066243,-0.9873047,0.041992188,0.20507812,0.0,0.15625,0.09375,0.0,0.0,0.0
591,1695905066305,-0.9863281,0.053710938,0.19433594,0.34375,0.21875,0.34375,0.0,0.0,0.0
592,1695905066336,-0.99316406,0.0390625,0.20410156,0.15625,0.28125,0.09375,0.0,0.0,0.0
593,1695905066367,-0.98828125,0.038085938,0.19726562,0.28125,0.53125,0.46875,0.0,0.0,0.0
594,1695905066423,-0.9824219,0.028320312,0.20898438,0.0,0.46875,0.15625,0.0,0.0,0.0
595,1695905066453,-0.9863281,0.041015625,0.18945312,0.34375,0.40625,0.46875,0.0,0.0,0.0
596,1695905066481,-0.984375,0.040039062,0.19628906,0.28125,0.40625,0.28125,0.0,0.0,0.0
597,1695905066543,-0.9941406,0.0390625,0.19726562,0.15625,0.59375,0.21875,-71.25,-140.0625,-235.25
598,1695905066572,-0.9873047,0.049804688,0.203125,0.46875,0.40625,0.46875,0.0,0.0,0.0
599,1695905066607,-0.9814453,0.05078125,0.18652344,0.28125,0.84375,0.40625,0.0,0.0,0.0
600,1695905066667,-0.98535156,0.049804688,0.18261719,0.15625,0.46875,0.21875,0.0,0.0,0.0
601,1695905066696,-0.9863281,0.044921875,0.19140625,0.28125,0.28125,0.21875,0.0,0.0,0.0
602,1695905066722,-0.9863281,0.036132812,0.18847656,0.03125,0.34375,0.21875,0.0,0.0,0.0
603,1695905066784,-0.984375,0.05078125,0.20410156,0.34375,0.34375,0.40625,0.0,0.0,0.0
604,1695905066824,-0.98535156,0.051757812,0.18847656,-0.1875,0.28125,0.09375,0.0,0.0,0.0
605,1695905066846,-0.9921875,0.040039062,0.203125,0.03125,0.40625,0.34375,0.0,0.0,0.0
606,1695905066905,-0.984375,0.048828125,0.19921875,-0.3125,0.40625,0.34375,0.0,0.0,0.0
607,1695905066933,-0.984375,0.044921875,0.17480469,0.15625,0.34375,0.28125,0.0,0.0,0.0
608,1695905066962,-0.99121094,0.049804688,0.19628906,0.46875,0.21875,0.21875,0.0,0.0,0.0
609,1695905067120,-0.984375,0.053710938,0.20019531,-0.0625,-0.0625,-0.0625,-71.5625,-139.75,-235.125
610,1695905067127,-0.9902344,0.052734375,0.19433594,0.90625,0.34375,0.15625,0.0,0.0,0.0
611,1695905067133,-0.9765625,0.040039062,0.19238281,0.53125,0.34375,0.09375,0.0,0.0,0.0
612,1695905067145,-0.98339844,0.041015625,0.18945312,0.15625,0.28125,0.34375,0.0,0.0,0.0
613,1695905067172,-0.99316406,0.040039062,0.20019531,0.65625,0.59375,0.28125,0.0,0.0,0.0
614,1695905067203,-0.9902344,0.051757812,0.18652344,0.21875,0.21875,0.15625,0.0,0.0,0.0
615,1695905067264,-0.9824219,0.04296875,0.19726562,0.15625,0.09375,0.15625,0.0,0.0,0.0
616,1695905067292,-0.9814453,0.038085938,0.19433594,0.46875,0.03125,0.03125,0.0,0.0,0.0
617,1695905067322,-0.98535156,0.049804688,0.18652344,0.40625,0.34375,0.28125,0.0,0.0,0.0
618,1695905067382,-0.99902344,0.041992188,0.17382812,0.0,0.21875,0.09375,0.0,0.0,0.0
619,1695905067413,-0.9902344,0.049804688,0.18652344,-0.3125,0.03125,0.03125,0.0,0.0,0.0
620,1695905067444,-0.98535156,0.046875,0.18847656,0.21875,0.15625,0.03125,0.0,0.0,0.0
621,1695905067509,-0.9921875,0.043945312,0.19433594,0.34375,0.34375,0.15625,0.0,0.0,0.0
622,1695905067564,-0.9902344,0.049804688,0.19433594,0.09375,-0.0625,0.0,-70.8125,-139.75,-234.5
623,1695905067572,-0.99121094,0.041015625,0.18066406,0.15625,0.0,-0.0625,0.0,0.0,0.0
624,1695905067621,-0.98046875,0.043945312,0.1875,0.15625,-0.0625,0.0,0.0,0.0,0.0
625,1695905067652,-0.9873047,0.0390625,0.19824219,0.03125,-0.1875,-0.1875,0.0,0.0,0.0
626,1695905067683,-0.984375,0.051757812,0.19140625,0.40625,0.09375,0.03125,0.0,0.0,0.0
627,1695905067745,-0.99609375,0.046875,0.19140625,0.28125,-0.3125,-0.25,0.0,0.0,0.0
628,1695905067773,-0.9892578,0.046875,0.20019531,-0.375,-0.5,-0.46875,0.0,0.0,0.0
629,1695905067805,-0.9863281,0.043945312,0.18652344,-0.0625,-0.1875,-0.1875,0.0,0.0,0.0
630,1695905067862,-0.984375,0.046875,0.19433594,-0.71875,-0.5,-0.25,0.0,0.0,0.0
631,1695905067924,-0.98828125,0.049804688,0.18847656,-0.125,-0.25,0.0,0.0,0.0,0.0
632,1695905067930,-0.9814453,0.044921875,0.20605469,-0.4375,-0.375,-0.1875,0.0,0.0,0.0
633,1695905067981,-0.9892578,0.03515625,0.19628906,-0.25,-0.25,-0.0625,0.0,0.0,0.0
634,1695905068015,-0.9941406,0.041992188,0.18457031,-0.3125,-0.4375,-0.28125,0.0,0.0,0.0
635,1695905068042,-0.98828125,0.048828125,0.20507812,0.0625,-0.4375,0.0,-70.9375,-139.3125,-233.875
636,1695905068105,-0.9902344,0.049804688,0.19238281,-0.25,-0.8125,-0.28125,0.0,0.0,0.0
637,1695905068134,-0.99316406,0.040039062,0.19335938,0.25,-0.25,-0.25,0.0,0.0,0.0
638,1695905068163,-0.9814453,0.048828125,0.18945312,0.25,-0.3125,-0.0625,0.0,0.0,0.0
639,1695905068222,-0.97753906,0.05078125,0.17578125,-0.1875,-0.125,0.0625,0.0,0.0,0.0
640,1695905068255,-0.99121094,0.046875,0.19824219,-0.0625,-0.0625,0.0,0.0,0.0,0.0
641,1695905068282,-0.9794922,0.044921875,0.19140625,-0.25,-0.3125,0.0,0.0,0.0,0.0
642,1695905068318,-0.98535156,0.043945312,0.18945312,-0.125,-0.5,-0.25,0.0,0.0,0.0
643,1695905068371,-0.9824219,0.05078125,0.1953125,-0.375,-0.375,-0.1875,0.0,0.0,0.0
644,1695905068403,-0.9902344,0.046875,0.18847656,-0.4375,-0.4375,0.0,0.0,0.0,0.0
645,1695905068432,-0.98828125,0.037109375,0.19140625,0.0,0.15625,0.3125,0.0,0.0,0.0
646,1695905068492,-0.9814453,0.040039062,0.19433594,-1.28125,-0.5,-0.25,0.0,0.0,0.0
647,1695905068524,-0.99121094,0.03515625,0.19824219,-0.5,-0.3125,-0.125,-70.625,-139.3125,-234.9375
648,1695905068554,-0.9951172,0.043945312,0.18359375,0.25,-0.0625,-0.125,0.0,0.0,0.0
649,1695905068612,-0.9824219,0.041992188,0.19238281,-0.3125,-0.375,-0.34375,0.0,0.0,0.0
650,1695905068642,-0.98828125,0.045898438,0.18066406,-0.3125,-0.6875,-0.34375,0.0,0.0,0.0
651,1695905068672,-0.9863281,0.046875,0.18847656,-0.1875,-0.375,-0.34375,0.0,0.0,0.0
652,1695905068733,-0.98535156,0.04296875,0.19042969,-0.5,-0.5625,-0.46875,0.0,0.0,0.0
653,1695905068767,-0.9873047,0.040039062,0.20605469,0.0,-0.125,-0.34375,0.0,0.0,0.0
654,1695905068793,-0.99121094,0.049804688,0.19140625,0.25,-0.3125,-0.40625,0.0,0.0,0.0
655,1695905068855,-0.98535156,0.038085938,0.18847656,0.1875,-0.25,-0.46875,0.0,0.0,0.0
656,1695905068884,-0.9892578,0.040039062,0.17578125,-0.53125,-0.625,-0.71875,0.0,0.0,0.0
657,1695905068912,-0.9863281,0.045898438,0.19921875,-0.375,-0.4375,-0.1875,0.0,0.0,0.0
658,1695905068978,-0.9746094,0.041992188,0.18945312,-0.96875,-0.5,-0.28125,0.0,0.0,0.0
659,1695905069004,-0.9794922,0.038085938,0.1875,-0.25,0.0,-0.34375,0.0,0.0,0.0
660,1695905069032,-0.9902344,0.047851562,0.18457031,-0.4375,-0.625,-0.65625,-71.5625,-138.6875,-235.375
661,1695905069099,-0.98046875,0.041015625,0.20214844,0.1875,-0.3125,-0.28125,0.0,0.0,0.0
662,1695905069125,-0.9765625,0.045898438,0.19921875,-0.4375,-0.9375,-0.46875,0.0,0.0,0.0
663,1695905069151,-0.9892578,0.0390625,0.1953125,0.25,0.0,-0.28125,0.0,0.0,0.0
664,1695905069211,-0.9902344,0.051757812,0.19335938,-0.5,-0.8125,-0.40625,0.0,0.0,0.0
665,1695905069243,-0.9814453,0.045898438,0.19628906,-0.1875,-0.25,-0.28125,0.0,0.0,0.0
666,1695905069271,-0.98046875,0.040039062,0.1953125,-0.59375,-0.875,-0.71875,0.0,0.0,0.0
667,1695905069335,-0.984375,0.040039062,0.20214844,-0.125,-0.25,-0.34375,0.0,0.0,0.0
668,1695905069366,-0.9863281,0.044921875,0.20605469,-0.3125,-0.875,-0.46875,0.0,0.0,0.0
669,1695905069396,-0.9892578,0.0390625,0.18554688,-0.125,-0.0625,-0.40625,0.0,0.0,0.0
670,1695905069454,-0.9921875,0.043945312,0.1953125,-0.4375,-0.8125,-0.59375,0.0,0.0,0.0
671,1695905069485,-0.9873047,0.034179688,0.18847656,-0.125,-0.25,0.0,0.0,0.0,0.0
672,1695905069542,-0.984375,0.043945312,0.20800781,-0.5,-0.25,-0.25,-71.6875,-138.5625,-235.6875
673,1695905069571,-0.9892578,0.05078125,0.19140625,-1.03125,-0.4375,-0.46875,0.0,0.0,0.0
674,1695905069604,-0.99316406,0.036132812,0.19335938,-0.3125,-0.0625,-0.125,0.0,0.0,0.0
675,1695905069631,-0.98535156,0.040039062,0.19042969,-0.3125,-0.5625,-0.25,0.0,0.0,0.0
676,1695905069691,-0.9785156,0.041015625,0.18847656,0.25,0.125,-0.28125,0.0,0.0,0.0
677,1695905069723,-0.9863281,0.051757812,0.19824219,0.0625,-0.4375,-0.125,0.0,0.0,0.0
678,1695905069750,-0.9892578,0.04296875,0.17285156,-0.1875,0.15625,-0.28125,0.0,0.0,0.0
679,1695905069812,-0.984375,0.04296875,0.1875,0.0625,-0.375,-0.1875,0.0,0.0,0.0
680,1695905069841,-0.9746094,0.041015625,0.18652344,-0.4375,-0.4375,-0.25,0.0,0.0,0.0
681,1695905069871,-0.9951172,0.051757812,0.19921875,-0.125,0.125,-0.25,0.0,0.0,0.0
682,1695905069930,-0.9814453,0.041015625,0.18554688,-0.125,-0.5625,-0.34375,0.0,0.0,0.0
683,1695905069961,-0.9873047,0.044921875,0.19726562,-0.25,0.0,-0.1875,0.0,0.0,0.0
684,1695905069993,-0.98828125,0.0390625,0.19433594,-0.3125,-0.625,-0.28125,0.0,0.0,0.0
685,1695905070053,-0.9765625,0.048828125,0.1953125,-0.25,-0.25,-0.25,-72.0,-139.3125,-235.6875
686,1695905070083,-0.9902344,0.03515625,0.18554688,-0.4375,-0.3125,-0.125,0.0,0.0,0.0
687,1695905070112,-0.9902344,0.034179688,0.203125,-0.1875,0.34375,-0.0625,0.0,0.0,0.0
688,1695905070172,-0.98828125,0.041992188,0.19824219,-0.59375,-0.8125,-0.65625,0.0,0.0,0.0
689,1695905070204,-0.9863281,0.034179688,0.18359375,-0.1875,-0.5625,-0.46875,0.0,0.0,0.0
690,1695905070232,-0.9892578,0.0390625,0.18652344,0.125,-0.4375,-0.46875,0.0,0.0,0.0
691,1695905070296,-0.9736328,0.040039062,0.19238281,-0.125,-0.375,-0.25,0.0,0.0,0.0
692,1695905070325,-0.984375,0.0390625,0.18554688,-0.0625,0.0625,0.1875,0.0,0.0,0.0
693,1695905070353,-0.9873047,0.043945312,0.19238281,-0.25,-0.25,-0.1875,0.0,0.0,0.0
694,1695905070414,-0.9863281,0.04296875,0.19824219,-0.0625,-0.25,-0.1875,0.0,0.0,0.0
695,1695905070443,-0.9873047,0.038085938,0.18945312,-0.25,-0.5625,-0.34375,0.0,0.0,0.0
696,1695905070472,-0.98046875,0.041992188,0.19628906,-0.25,-0.4375,-0.1875,0.0,0.0,0.0
697,1695905070531,-0.9863281,0.04296875,0.19628906,-0.25,-0.1875,-0.125,-72.125,-139.1875,-236.125
698,1695905070563,-0.9921875,0.05078125,0.19433594,-0.25,-0.375,-0.125,0.0,0.0,0.0
699,1695905070593,-0.9824219,0.041015625,0.19824219,-0.25,-0.25,-0.0625,0.0,0.0,0.0
700,1695905070652,-0.9902344,0.044921875,0.18261719,-0.5,-0.3125,-0.0625,0.0,0.0,0.0
701,1695905070683,-0.9902344,0.0390625,0.19921875,0.1875,-0.1875,-0.125,0.0,0.0,0.0
702,1695905070714,-0.98828125,0.038085938,0.17578125,0.3125,-0.3125,-0.28125,0.0,0.0,0.0
703,1695905070774,-0.9863281,0.036132812,0.18847656,-0.25,-0.4375,-0.46875,0.0,0.0,0.0
704,1695905070804,-0.9873047,0.053710938,0.19238281,-0.25,-0.375,-0.34375,0.0,0.0,0.0
705,1695905070833,-0.9765625,0.041992188,0.20117188,-0.25,-0.1875,-0.1875,0.0,0.0,0.0
706,1695905070894,-0.9863281,0.0390625,0.1953125,-0.3125,-0.1875,-0.125,0.0,0.0,0.0
707,1695905070924,-0.9863281,0.045898438,0.20019531,-0.53125,-0.4375,-0.25,0.0,0.0,0.0
708,1695905070952,-0.9921875,0.043945312,0.20800781,-0.4375,-0.5,-0.25,0.0,0.0,0.0
709,1695905071014,-0.984375,0.041992188,0.19042969,-0.25,-0.4375,-0.28125,0.0,0.0,0.0
710,1695905071045,-0.98535156,0.041992188,0.20117188,-0.5,-0.375,-0.28125,-71.125,-138.125,-234.8125
711,1695905071074,-0.9951172,0.041992188,0.20019531,-0.125,-0.125,-0.1875,0.0,0.0,0.0
712,1695905071133,-0.9765625,0.046875,0.18554688,-0.5,-0.875,-0.1875,0.0,0.0,0.0
713,1695905071168,-0.98828125,0.040039062,0.19433594,-0.4375,0.21875,-0.125,0.0,0.0,0.0
714,1695905071194,-0.99609375,0.0390625,0.19921875,-0.3125,-0.5,-0.125,0.0,0.0,0.0
715,1695905071253,-0.99121094,0.038085938,0.1953125,0.0,-0.25,-0.1875,0.0,0.0,0.0
716,1695905071286,-0.9892578,0.0390625,0.18945312,-0.125,-0.375,-0.28125,0.0,0.0,0.0
717,1695905071312,-0.9794922,0.044921875,0.19042969,0.25,-0.5,-0.28125,0.0,0.0,0.0
718,1695905071376,-0.9873047,0.045898438,0.17871094,-0.0625,-0.3125,-0.1875,0.0,0.0,0.0
719,1695905071404,-0.984375,0.041992188,0.19433594,0.125,-0.0625,0.1875,0.0,0.0,0.0
720,1695905071435,-0.9902344,0.049804688,0.19824219,0.25,-0.1875,0.0625,0.0,0.0,0.0
721,1695905071492,-0.9814453,0.0390625,0.17871094,-0.53125,-0.5625,-0.40625,0.0,0.0,0.0
722,1695905071523,-0.9824219,0.04296875,0.19824219,0.1875,-0.3125,0.0,-70.625,-137.8125,-235.6875
723,1695905071560,-0.98046875,0.048828125,0.20410156,-0.5,-0.4375,-0.125,0.0,0.0,0.0
724,1695905071611,-0.984375,0.048828125,0.19042969,0.1875,0.0,-0.0625,0.0,0.0,0.0
725,1695905071640,-0.99609375,0.043945312,0.19726562,-0.3125,-0.4375,0.0,0.0,0.0,0.0
726,1695905071673,-0.9873047,0.043945312,0.18359375,0.125,-0.5,-0.125,0.0,0.0,0.0
727,1695905071731,-0.984375,0.051757812,0.19140625,-0.59375,-0.3125,-0.125,0.0,0.0,0.0
728,1695905071763,-0.9892578,0.04296875,0.19140625,-0.59375,0.0625,0.125,0.0,0.0,0.0
729,1695905071822,-0.9951172,0.041992188,0.19628906,-0.5,-0.5,-0.25,0.0,0.0,0.0
730,1695905071853,-0.98535156,0.05078125,0.18847656,-0.4375,-0.1875,-0.28125,0.0,0.0,0.0
731,1695905071884,-0.9814453,0.0390625,0.19433594,-0.3125,-0.875,-0.1875,0.0,0.0,0.0
732,1695905071913,-0.9794922,0.043945312,0.20214844,-0.125,0.0,-0.28125,0.0,0.0,0.0
733,1695905071972,-0.9902344,0.041992188,0.19042969,-0.25,-0.3125,-0.1875,0.0,0.0,0.0
734,1695905072005,-0.9863281,0.040039062,0.18652344,-0.125,-0.125,-0.25,0.0,0.0,0.0
735,1695905072034,-0.9902344,0.047851562,0.18652344,-0.375,-0.25,-0.1875,-71.875,-139.4375,-235.375
736,1695905072093,-0.98046875,0.048828125,0.19042969,-0.53125,-0.25,-0.28125,0.0,0.0,0.0
737,1695905072125,-0.9863281,0.046875,0.18652344,-0.5,-0.125,-0.34375,0.0,0.0,0.0
738,1695905072154,-0.99316406,0.038085938,0.19335938,-0.5,-0.625,-0.53125,0.0,0.0,0.0
739,1695905072211,-0.98535156,0.046875,0.18457031,-0.71875,-0.5,-0.40625,0.0,0.0,0.0
740,1695905072245,-0.984375,0.032226562,0.1953125,-0.78125,-0.75,-0.59375,0.0,0.0,0.0
741,1695905072274,-0.98828125,0.0546875,0.17773438,-0.71875,-0.3125,-0.46875,0.0,0.0,0.0
742,1695905072331,-0.9785156,0.033203125,0.19726562,-0.78125,-0.25,-0.34375,0.0,0.0,0.0
743,1695905072364,-0.98535156,0.040039062,0.19140625,-0.3125,-0.3125,-0.1875,0.0,0.0,0.0
744,1695905072393,-0.99121094,0.04296875,0.19921875,-0.96875,-0.25,-0.46875,0.0,0.0,0.0
745,1695905072452,-0.98535156,0.036132812,0.18261719,-0.0625,-0.375,-0.28125,0.0,0.0,0.0
746,1695905072482,-0.9814453,0.044921875,0.18847656,-0.53125,-0.75,-0.65625,0.0,0.0,0.0
747,1695905072513,-0.9873047,0.040039062,0.18945312,0.0,-0.25,-0.1875,-70.625,-139.625,-235.25
748,1695905072575,-0.98535156,0.04296875,0.17285156,-0.375,-0.5,-0.34375,0.0,0.0,0.0
749,1695905072609,-0.9824219,0.038085938,0.19238281,0.0,-0.375,-0.1875,0.0,0.0,0.0
750,1695905072632,-0.984375,0.053710938,0.1875,-0.65625,-0.5,-0.46875,0.0,0.0,0.0
751,1695905072693,-0.99121094,0.032226562,0.20605469,-0.3125,-0.5,-0.25,0.0,0.0,0.0
752,1695905072726,-0.9863281,0.043945312,0.1953125,-0.3125,-0.3125,-0.25,0.0,0.0,0.0
753,1695905072752,-0.9794922,0.046875,0.19726562,-0.25,-0.375,-0.28125,0.0,0.0,0.0
754,1695905072813,-0.98535156,0.044921875,0.19433594,-0.375,-0.5,-0.0625,0.0,0.0,0.0
755,1695905072847,-0.9814453,0.03125,0.20019531,-0.5,-0.5,-0.34375,0.0,0.0,0.0
756,1695905072872,-0.9921875,0.041015625,0.18652344,-0.25,-0.25,-0.25,0.0,0.0,0.0
757,1695905072934,-0.99121094,0.036132812,0.1953125,-0.25,-0.5,-0.125,0.0,0.0,0.0
758,1695905072964,-0.98828125,0.041992188,0.20410156,0.0,-0.375,-0.40625,0.0,0.0,0.0
759,1695905072993,-0.99121094,0.044921875,0.1953125,0.1875,-0.6875,-0.71875,0.0,0.0,0.0
760,1695905073056,-0.98046875,0.040039062,0.19140625,0.25,-0.375,-0.1875,-72.3125,-139.3125,-234.9375
761,1695905073085,-0.9824219,0.041015625,0.19042969,-0.3125,-0.3125,-0.1875,0.0,0.0,0.0
762,1695905073114,-0.97265625,0.045898438,0.18457031,-0.375,-0.375,-0.25,0.0,0.0,0.0
763,1695905073171,-0.9902344,0.043945312,0.19824219,-0.125,-0.375,-0.25,0.0,0.0,0.0
764,1695905073203,-0.9873047,0.040039062,0.18652344,-0.84375,-0.4375,-0.25,0.0,0.0,0.0
765,1695905073232,-0.9951172,0.0390625,0.19433594,-0.0625,-0.3125,-0.34375,0.0,0.0,0.0
766,1695905073291,-0.9951172,0.049804688,0.19335938,-0.1875,-0.4375,-0.28125,0.0,0.0,0.0
767,1695905073323,-0.99316406,0.04296875,0.19042969,-0.25,-0.4375,-0.25,0.0,0.0,0.0
768,1695905073353,-0.9921875,0.049804688,0.18554688,-0.59375,-0.4375,-0.0625,0.0,0.0,0.0
769,1695905073415,-0.98535156,0.041015625,0.17773438,-0.90625,-0.375,-0.28125,0.0,0.0,0.0
770,1695905073449,-0.98339844,0.029296875,0.19238281,-0.59375,-0.625,-0.0625,0.0,0.0,0.0
771,1695905073472,-0.9824219,0.0390625,0.20019531,-0.25,0.0,-0.0625,0.0,0.0,0.0
772,1695905073537,-0.98535156,0.043945312,0.19628906,-0.1875,-0.4375,-0.28125,-71.25,-140.375,-234.1875
773,1695905073567,-0.9921875,0.04296875,0.20410156,0.6875,-0.25,-0.0625,0.0,0.0,0.0
774,1695905073596,-0.98046875,0.044921875,0.19628906,-0.25,-0.5625,-0.25,0.0,0.0,0.0
775,1695905073653,-0.99121094,0.044921875,0.18554688,0.1875,-0.3125,-0.125,0.0,0.0,0.0
776,1695905073688,-0.9863281,0.046875,0.19042969,-0.3125,-0.375,-0.1875,0.0,0.0,0.0
777,1695905073715,-0.984375,0.043945312,0.19140625,-0.3125,-0.25,-0.125,0.0,0.0,0.0
778,1695905073773,-0.9921875,0.047851562,0.19726562,-0.125,-0.4375,-0.0625,0.0,0.0,0.0
779,1695905073802,-0.9824219,0.044921875,0.1875,-0.65625,-0.3125,-0.0625,0.0,0.0,0.0
780,1695905073840,-0.99316406,0.041992188,0.20019531,-0.1875,-0.375,-0.0625,0.0,0.0,0.0
781,1695905073892,-0.9941406,0.047851562,0.18652344,-0.3125,-0.5,-0.1875,0.0,0.0,0.0
782,1695905073928,-0.9785156,0.043945312,0.20703125,0.0,-0.25,0.125,0.0,0.0,0.0
783,1695905073951,-0.98535156,0.043945312,0.18554688,-0.59375,-0.375,-0.0625,0.0,0.0,0.0
784,1695905074012,-0.99121094,0.04296875,0.18652344,-0.125,-0.125,0.125,0.0,0.0,0.0
785,1695905074043,-0.9951172,0.0390625,0.203125,-0.125,-0.5625,0.0,-70.1875,-139.625,-234.9375
786,1695905074104,-0.98828125,0.043945312,0.19824219,-0.3125,-0.4375,-0.34375,0.0,0.0,0.0
787,1695905074133,-0.9892578,0.051757812,0.19824219,0.0625,-0.1875,-0.28125,0.0,0.0,0.0
788,1695905074163,-0.98828125,0.047851562,0.1953125,-0.3125,-0.3125,0.0625,0.0,0.0,0.0
789,1695905074193,-0.9785156,0.046875,0.20117188,-0.125,0.0625,0.0,0.0,0.0,0.0
790,1695905074253,-0.9824219,0.04296875,0.19726562,-0.25,-0.1875,-0.1875,0.0,0.0,0.0
791,1695905074285,-0.98339844,0.043945312,0.18359375,0.125,-0.1875,-0.125,0.0,0.0,0.0
792,1695905074313,-0.9863281,0.046875,0.19628906,-0.1875,-0.1875,-0.34375,0.0,0.0,0.0
793,1695905074375,-0.9980469,0.041015625,0.22070312,-0.3125,-0.3125,-0.34375,0.0,0.0,0.0
794,1695905074403,-0.99316406,0.045898438,0.18261719,-0.125,0.0,0.0,0.0,0.0,0.0
795,1695905074433,-0.98535156,0.037109375,0.18945312,-0.375,-0.375,-0.125,0.0,0.0,0.0
796,1695905074494,-0.984375,0.047851562,0.20507812,-0.375,-0.125,-0.0625,0.0,0.0,0.0
797,1695905074524,-0.984375,0.040039062,0.19433594,-0.5,-0.0625,-0.125,0.0,0.0,0.0
798,1695905074554,-0.9941406,0.041992188,0.19140625,-0.25,-0.25,-0.25,-71.25,-140.0625,-235.6875
799,1695905074612,-0.98535156,0.048828125,0.18457031,-0.65625,-0.4375,-0.28125,0.0,0.0,0.0
800,1695905074655,-0.9814453,0.0390625,0.19726562,-0.25,-0.375,-0.28125,0.0,0.0,0.0
801,1695905074672,-0.9873047,0.040039062,0.19433594,-0.375,-0.3125,-0.46875,0.0,0.0,0.0
802,1695905074733,-0.9902344,0.0390625,0.1953125,0.0625,0.0625,-0.25,0.0,0.0,0.0
803,1695905074763,-0.984375,0.048828125,0.203125,-0.3125,-0.625,-0.34375,0.0,0.0,0.0
804,1695905074792,-0.9921875,0.041992188,0.203125,0.5,0.0,-0.0625,0.0,0.0,0.0
805,1695905074853,-0.9873047,0.049804688,0.18359375,-0.25,-0.5,-0.28125,0.0,0.0,0.0
806,1695905074882,-0.9814453,0.04296875,0.17480469,-0.375,-0.125,-0.40625,0.0,0.0,0.0
807,1695905074912,-0.99121094,0.04296875,0.20800781,0.0625,-0.5625,-0.40625,0.0,0.0,0.0
808,1695905074973,-0.99609375,0.043945312,0.19824219,-0.53125,-0.625,-0.40625,0.0,0.0,0.0
809,1695905075003,-0.99902344,0.03515625,0.17285156,-0.375,-0.8125,-0.25,0.0,0.0,0.0
810,1695905075033,-0.9892578,0.049804688,0.19726562,-0.5,-0.125,-0.34375,-72.3125,-137.5,-235.25
811,1695905075190,-0.9892578,0.044921875,0.20898438,-0.3125,-0.375,-0.125,0.0,0.0,0.0
812,1695905075196,-0.9863281,0.041992188,0.19335938,-0.53125,-0.6875,-0.25,0.0,0.0,0.0
813,1695905075202,-0.9814453,0.04296875,0.18847656,-0.375,-0.5625,-0.40625,0.0,0.0,0.0
814,1695905075207,-0.984375,0.044921875,0.17871094,-0.0625,-0.4375,-0.40625,0.0,0.0,0.0
815,1695905075243,-0.98828125,0.05078125,0.20214844,-0.125,-0.375,-0.34375,0.0,0.0,0.0
816,1695905075271,-0.9824219,0.051757812,0.19042969,-0.4375,-0.375,-0.40625,0.0,0.0,0.0
817,1695905075302,-0.9814453,0.041015625,0.20019531,-0.1875,-0.1875,-0.25,0.0,0.0,0.0
818,1695905075363,-0.98828125,0.046875,0.18847656,-0.3125,-0.625,-0.34375,0.0,0.0,0.0
819,1695905075391,-0.98535156,0.036132812,0.20996094,-0.1875,-0.6875,-0.34375,0.0,0.0,0.0
820,1695905075425,-0.9892578,0.0390625,0.19140625,0.0,-0.375,-0.25,0.0,0.0,0.0
821,1695905075482,-0.9785156,0.044921875,0.1875,-0.3125,-0.125,-0.28125,0.0,0.0,0.0
822,1695905075516,-0.9980469,0.03515625,0.19238281,-0.25,-0.3125,-0.125,0.0,0.0,0.0
823,1695905075544,-0.99121094,0.040039062,0.20117188,-0.25,-0.1875,-0.125,-71.5625,-137.375,-233.75
824,1695905075602,-0.9794922,0.04296875,0.20410156,0.0,0.03125,-0.15625,0.0,0.0,0.0
825,1695905075633,-0.9921875,0.036132812,0.20214844,0.375,-0.03125,0.28125,0.0,0.0,0.0
826,1695905075664,-0.98046875,0.045898438,0.18457031,0.4375,0.03125,-0.03125,0.0,0.0,0.0
827,1695905075722,-0.9951172,0.033203125,0.19921875,0.1875,0.15625,0.15625,0.0,0.0,0.0
828,1695905075769,-0.99121094,0.036132812,0.20507812,0.1875,-0.03125,-0.09375,0.0,0.0,0.0
829,1695905075786,-0.9863281,0.04296875,0.19824219,0.125,0.15625,0.03125,0.0,0.0,0.0
830,1695905075843,-0.9814453,0.046875,0.18847656,-0.1875,-0.03125,0.09375,0.0,0.0,0.0
831,1695905075883,-0.9873047,0.04296875,0.1953125,0.25,0.21875,0.21875,0.0,0.0,0.0
832,1695905075903,-0.98535156,0.05078125,0.18847656,-0.25,-0.03125,-0.09375,0.0,0.0,0.0
833,1695905075963,-0.9863281,0.047851562,0.203125,-0.125,-0.09375,-0.03125,0.0,0.0,0.0
834,1695905075992,-0.98535156,0.046875,0.20117188,-0.0625,-0.46875,-0.09375,0.0,0.0,0.0
835,1695905076023,-0.9824219,0.0390625,0.19238281,-0.0625,-0.15625,0.03125,-72.0,-138.25,-234.625
836,1695905076085,-0.9863281,0.040039062,0.19628906,-0.4375,-0.09375,0.28125,0.0,0.0,0.0
837,1695905076115,-0.98828125,0.048828125,0.19921875,0.1875,0.09375,0.40625,0.0,0.0,0.0
838,1695905076143,-0.9824219,0.043945312,0.19042969,-0.71875,0.03125,0.09375,0.0,0.0,0.0
839,1695905076204,-0.98046875,0.04296875,0.19824219,0.0625,-0.15625,0.09375,0.0,0.0,0.0
840,1695905076232,-0.9785156,0.036132812,0.19824219,-0.375,-0.21875,-0.09375,0.0,0.0,0.0
841,1695905076264,-0.9873047,0.041015625,0.19042969,0.0625,0.15625,0.09375,0.0,0.0,0.0
842,1695905076327,-0.984375,0.03515625,0.19921875,0.1875,-0.15625,0.21875,0.0,0.0,0.0
843,1695905076383,-0.98828125,0.043945312,0.20117188,-0.1875,0.21875,0.09375,0.0,0.0,0.0
844,1695905076390,-0.9892578,0.041015625,0.19238281,0.25,-0.03125,0.15625,0.0,0.0,0.0
845,1695905076441,-0.98535156,0.040039062,0.19628906,0.25,0.03125,0.21875,0.0,0.0,0.0
846,1695905076473,-0.9921875,0.047851562,0.19140625,-0.0625,-0.09375,-0.03125,0.0,0.0,0.0
847,1695905076504,-0.9863281,0.041992188,0.203125,0.0625,-0.34375,-0.03125,0.0,0.0,0.0
848,1695905076564,-0.9892578,0.041992188,0.20605469,-0.1875,0.375,0.15625,-71.5625,-138.4375,-235.125
849,1695905076592,-0.984375,0.040039062,0.19824219,-0.0625,-0.15625,0.21875,0.0,0.0,0.0
850,1695905076623,-0.9873047,0.041992188,0.19824219,0.0625,0.5625,0.21875,0.0,0.0,0.0
851,1695905076686,-0.9794922,0.04296875,0.21582031,-0.0625,-0.28125,0.03125,0.0,0.0,0.0
852,1695905076712,-0.9765625,0.052734375,0.20214844,-0.65625,0.03125,-0.09375,0.0,0.0,0.0
853,1695905076741,-0.9921875,0.0390625,0.18945312,0.5625,0.09375,0.15625,0.0,0.0,0.0
854,1695905076803,-0.98535156,0.055664062,0.19921875,-0.25,-0.15625,-0.09375,0.0,0.0,0.0
855,1695905076834,-0.984375,0.047851562,0.18847656,-0.0625,-0.15625,-0.15625,0.0,0.0,0.0
856,1695905076866,-0.9794922,0.041992188,0.18945312,-0.375,-0.21875,-0.28125,0.0,0.0,0.0
857,1695905076928,-0.9824219,0.044921875,0.19433594,0.0,0.375,0.09375,0.0,0.0,0.0
858,1695905076953,-0.98046875,0.040039062,0.18164062,-0.4375,-0.21875,-0.15625,0.0,0.0,0.0
859,1695905076982,-0.9892578,0.0390625,0.18457031,0.0,0.21875,0.09375,0.0,0.0,0.0
860,1695905077045,-0.98828125,0.0390625,0.20117188,0.0,-0.03125,-0.28125,-70.625,-139.3125,-235.25
861,1695905077075,-0.98339844,0.036132812,0.18457031,-0.0625,0.15625,-0.21875,0.0,0.0,0.0
862,1695905077102,-0.9794922,0.041015625,0.21582031,0.0,-0.09375,-0.03125,0.0,0.0,0.0
863,1695905077163,-0.98535156,0.037109375,0.18945312,0.1875,0.15625,0.03125,0.0,0.0,0.0
864,1695905077193,-0.9785156,0.046875,0.20996094,-0.375,-0.09375,0.09375,0.0,0.0,0.0
865,1695905077225,-0.9902344,0.033203125,0.203125,-0.1875,0.375,0.09375,0.0,0.0,0.0
866,1695905077286,-0.9892578,0.041015625,0.19628906,0.0,0.09375,-0.03125,0.0,0.0,0.0
867,1695905077314,-0.9863281,0.045898438,0.18847656,0.3125,0.15625,0.09375,0.0,0.0,0.0
868,1695905077347,-0.98535156,0.04296875,0.18945312,-0.3125,-0.34375,-0.40625,0.0,0.0,0.0
869,1695905077406,-0.984375,0.040039062,0.19238281,0.25,0.03125,0.03125,0.0,0.0,0.0
870,1695905077434,-0.9873047,0.036132812,0.20214844,0.125,-0.09375,-0.28125,0.0,0.0,0.0
871,1695905077464,-0.98535156,0.04296875,0.19921875,0.0625,0.3125,0.15625,0.0,0.0,0.0
872,1695905077521,-0.9824219,0.043945312,0.18847656,0.1875,0.25,-0.03125,0.0,0.0,0.0
873,1695905077550,-0.9824219,0.045898438,0.17773438,-0.3125,0.09375,-0.09375,-70.8125,-139.1875,-235.125
874,1695905077584,-0.9863281,0.037109375,0.19433594,-0.25,0.375,0.21875,0.0,0.0,0.0
875,1695905077647,-0.9873047,0.049804688,0.18066406,-0.78125,-0.28125,-0.28125,0.0,0.0,0.0
876,1695905077675,-0.984375,0.036132812,0.18945312,-0.0625,0.3125,0.09375,0.0,0.0,0.0
877,1695905077703,-0.984375,0.048828125,0.18554688,-0.25,-0.15625,-0.03125,0.0,0.0,0.0
878,1695905077764,-0.9951172,0.041992188,0.19726562,0.0,0.3125,-0.03125,0.0,0.0,0.0
879,1695905077793,-0.9824219,0.037109375,0.20703125,-0.1875,-0.03125,-0.09375,0.0,0.0,0.0
880,1695905077824,-0.9902344,0.04296875,0.20117188,0.25,0.21875,-0.03125,0.0,0.0,0.0
881,1695905077886,-0.9814453,0.043945312,0.19042969,-0.0625,-0.09375,-0.28125,0.0,0.0,0.0
882,1695905077915,-0.9873047,0.036132812,0.19433594,0.4375,0.03125,-0.03125,0.0,0.0,0.0
883,1695905077944,-0.9863281,0.0390625,0.19335938,-0.3125,-0.03125,-0.15625,0.0,0.0,0.0
884,1695905078002,-0.9921875,0.041015625,0.19042969,0.3125,0.03125,-0.15625,0.0,0.0,0.0
885,1695905078033,-0.98535156,0.04296875,0.19824219,-0.1875,-0.03125,-0.03125,-71.875,-139.1875,-236.125
886,1695905078063,-0.9873047,0.044921875,0.19824219,0.0625,0.09375,-0.09375,0.0,0.0,0.0
887,1695905078123,-0.99121094,0.043945312,0.20019531,-0.3125,0.15625,0.03125,0.0,0.0,0.0
888,1695905078152,-0.9892578,0.0390625,0.19433594,0.0625,0.03125,-0.09375,0.0,0.0,0.0
889,1695905078187,-0.9921875,0.040039062,0.19824219,0.3125,0.09375,-0.03125,0.0,0.0,0.0
890,1695905078241,-0.9921875,0.043945312,0.20800781,0.375,-0.28125,-0.15625,0.0,0.0,0.0
891,1695905078270,-0.9941406,0.05078125,0.19824219,0.125,0.3125,0.03125,0.0,0.0,0.0
892,1695905078303,-0.9794922,0.038085938,0.203125,-0.1875,-0.03125,0.03125,0.0,0.0,0.0
893,1695905078362,-0.9892578,0.046875,0.19628906,0.0625,0.5625,0.40625,0.0,0.0,0.0
894,1695905078395,-0.98046875,0.034179688,0.203125,-0.25,-0.21875,0.03125,0.0,0.0,0.0
895,1695905078422,-0.98046875,0.038085938,0.20214844,0.1875,0.4375,0.09375,0.0,0.0,0.0
896,1695905078482,-0.9902344,0.040039062,0.20019531,0.375,-0.03125,0.03125,0.0,0.0,0.0
897,1695905078513,-0.984375,0.0390625,0.19726562,-0.0625,0.15625,0.09375,0.0,0.0,0.0
898,1695905078544,-0.9814453,0.0390625,0.19140625,0.25,0.21875,-0.03125,-71.5625,-138.6875,-235.875
899,1695905078604,-0.99121094,0.036132812,0.19238281,0.0,0.3125,0.15625,0.0,0.0,0.0
900,1695905078666,-0.9902344,0.040039062,0.18554688,0.125,0.375,0.21875,0.0,0.0,0.0
901,1695905078674,-0.9785156,0.040039062,0.19726562,-0.125,0.21875,0.15625,0.0,0.0,0.0
902,1695905078721,-0.98046875,0.040039062,0.203125,0.5625,0.5,0.28125,0.0,0.0,0.0
903,1695905078753,-0.9814453,0.04296875,0.18554688,-0.25,-0.15625,0.21875,0.0,0.0,0.0
904,1695905078787,-0.98535156,0.0390625,0.18652344,0.125,0.21875,0.21875,0.0,0.0,0.0
905,1695905078841,-0.98828125,0.045898438,0.19824219,0.0,0.09375,0.09375,0.0,0.0,0.0
906,1695905078873,-0.9902344,0.041015625,0.1953125,0.3125,0.4375,0.21875,0.0,0.0,0.0
907,1695905078908,-0.9824219,0.04296875,0.20507812,-0.0625,-0.09375,0.09375,0.0,0.0,0.0
908,1695905078964,-0.9873047,0.036132812,0.19628906,0.125,0.4375,-0.09375,0.0,0.0,0.0
909,1695905078992,-0.984375,0.043945312,0.19628906,0.125,0.15625,0.09375,0.0,0.0,0.0
910,1695905079021,-0.98828125,0.045898438,0.19628906,0.1875,0.375,0.09375,-70.8125,-139.4375,-235.375
911,1695905079082,-0.99316406,0.040039062,0.1953125,-0.0625,0.03125,0.09375,0.0,0.0,0.0
912,1695905079127,-0.99316406,0.036132812,0.19628906,0.0,0.09375,-0.03125,0.0,0.0,0.0
913,1695905079145,-0.98828125,0.04296875,0.18554688,0.0625,0.09375,0.09375,0.0,0.0,0.0
914,1695905079206,-0.984375,0.049804688,0.18261719,-0.0625,0.03125,0.03125,0.0,0.0,0.0
915,1695905079236,-0.98339844,0.046875,0.19042969,-0.375,0.03125,-0.03125,0.0,0.0,0.0
916,1695905079265,-0.984375,0.044921875,0.19042969,-0.125,0.09375,0.15625,0.0,0.0,0.0
917,1695905079323,-0.9941406,0.033203125,0.20410156,0.125,0.09375,0.21875,0.0,0.0,0.0
918,1695905079352,-0.9873047,0.0390625,0.20019531,-0.125,-0.03125,0.21875,0.0,0.0,0.0
919,1695905079391,-0.9794922,0.048828125,0.20214844,-0.125,0.21875,0.15625,0.0,0.0,0.0
920,1695905079443,-0.9892578,0.038085938,0.20410156,0.0,0.15625,0.15625,0.0,0.0,0.0
921,1695905079473,-0.98535156,0.041015625,0.19140625,0.0,0.21875,0.34375,0.0,0.0,0.0
922,1695905079505,-0.9824219,0.044921875,0.19140625,-0.125,-0.21875,-0.09375,0.0,0.0,0.0
923,1695905079565,-0.9785156,0.049804688,0.19824219,0.1875,0.5625,0.09375,-72.3125,-140.0625,-235.25
924,1695905079594,-0.98535156,0.048828125,0.18945312,-0.0625,0.09375,0.21875,0.0,0.0,0.0
925,1695905079630,-0.9892578,0.041992188,0.18066406,0.0,0.3125,0.03125,0.0,0.0,0.0
926,1695905079682,-0.984375,0.043945312,0.18652344,0.0625,0.09375,0.03125,0.0,0.0,0.0
927,1695905079715,-0.99316406,0.043945312,0.19042969,0.1875,0.21875,-0.03125,0.0,0.0,0.0
928,1695905079744,-0.98535156,0.04296875,0.19824219,-0.25,-0.15625,0.09375,0.0,0.0,0.0
929,1695905079801,-0.98339844,0.045898438,0.19628906,-0.0625,0.3125,0.28125,0.0,0.0,0.0
930,1695905079832,-0.9873047,0.05078125,0.19824219,-0.1875,0.03125,0.15625,0.0,0.0,0.0
931,1695905079862,-0.98339844,0.041992188,0.19726562,-0.25,0.3125,0.34375,0.0,0.0,0.0
932,1695905079924,-0.99121094,0.0390625,0.20019531,-0.59375,0.21875,0.09375,0.0,0.0,0.0
933,1695905079953,-0.99121094,0.038085938,0.19921875,0.25,0.25,0.21875,0.0,0.0,0.0
934,1695905079984,-0.98828125,0.043945312,0.19042969,-0.1875,0.09375,0.03125,0.0,0.0,0.0
935,1695905080045,-0.9873047,0.03515625,0.18652344,0.0,0.375,-0.03125,-70.0625,-138.6875,-236.4375
936,1695905080074,-0.99121094,0.049804688,0.1875,0.375,0.15625,0.09375,0.0,0.0,0.0
937,1695905080107,-0.9824219,0.048828125,0.20800781,-0.125,-0.15625,0.09375,0.0,0.0,0.0
938,1695905080163,-0.98828125,0.048828125,0.203125,0.3125,0.3125,0.28125,0.0,0.0,0.0
939,1695905080192,-0.9892578,0.04296875,0.19335938,0.5,0.375,0.03125,0.0,0.0,0.0
940,1695905080224,-0.9863281,0.05078125,0.1875,0.0625,0.15625,0.21875,0.0,0.0,0.0
941,1695905080285,-0.984375,0.038085938,0.20410156,0.25,0.25,0.21875,0.0,0.0,0.0
942,1695905080314,-0.9873047,0.03515625,0.19921875,0.125,0.3125,-0.09375,0.0,0.0,0.0
943,1695905080345,-0.9892578,0.046875,0.18359375,0.25,0.09375,0.21875,0.0,0.0,0.0
944,1695905080403,-0.98339844,0.05078125,0.16699219,-0.25,0.03125,0.15625,0.0,0.0,0.0
945,1695905080433,-0.9921875,0.040039062,0.19238281,-0.0625,0.21875,0.03125,0.0,0.0,0.0
946,1695905080469,-0.9824219,0.04296875,0.19726562,0.0625,0.25,0.34375,0.0,0.0,0.0
947,1695905080615,-0.9765625,0.045898438,0.20214844,0.0625,0.3125,0.09375,-71.5625,-140.5,-234.0625
948,1695905080624,-0.9863281,0.048828125,0.19238281,0.0625,0.3125,0.03125,0.0,0.0,0.0
949,1695905080633,-0.9921875,0.04296875,0.1875,0.5625,0.03125,0.15625,0.0,0.0,0.0
950,1695905080647,-0.9863281,0.052734375,0.17871094,0.0,0.3125,-0.03125,0.0,0.0,0.0
951,1695905080672,-0.9873047,0.044921875,0.19726562,0.25,0.25,0.15625,0.0,0.0,0.0
952,1695905080704,-0.98535156,0.045898438,0.1875,0.0625,0.3125,0.03125,0.0,0.0,0.0
953,1695905080765,-0.9951172,0.045898438,0.18847656,0.125,0.4375,0.28125,0.0,0.0,0.0
954,1695905080793,-0.9785156,0.043945312,0.19238281,-0.375,-0.03125,0.03125,0.0,0.0,0.0
955,1695905080823,-0.9902344,0.040039062,0.1953125,0.1875,0.375,0.03125,0.0,0.0,0.0
956,1695905080886,-0.9892578,0.046875,0.1953125,-0.3125,0.09375,0.09375,0.0,0.0,0.0
957,1695905080946,-0.99316406,0.045898438,0.1875,-0.125,0.15625,0.09375,0.0,0.0,0.0
958,1695905080949,-0.97753906,0.041992188,0.19628906,-0.5,0.09375,0.09375,0.0,0.0,0.0
959,1695905081003,-0.9863281,0.041992188,0.18945312,0.0,0.375,0.15625,0.0,0.0,0.0
960,1695905081034,-0.9794922,0.05078125,0.20703125,0.125,0.15625,0.03125,-70.625,-139.3125,-235.25
961,1695905081061,-0.97558594,0.041992188,0.19140625,-0.125,-0.03125,-0.03125,0.0,0.0,0.0
962,1695905081122,-0.98828125,0.046875,0.18945312,0.125,-0.03125,-0.15625,0.0,0.0,0.0
963,1695905081152,-0.98339844,0.044921875,0.19726562,0.1875,0.25,0.09375,0.0,0.0,0.0
964,1695905081184,-0.98535156,0.046875,0.19628906,0.0625,-0.09375,0.15625,0.0,0.0,0.0
965,1695905081245,-0.984375,0.045898438,0.19140625,0.0625,0.15625,0.15625,0.0,0.0,0.0
966,1695905081275,-0.9824219,0.043945312,0.18652344,-0.1875,-0.21875,-0.03125,0.0,0.0,0.0
967,1695905081303,-0.9824219,0.05078125,0.19824219,0.0625,0.09375,0.09375,0.0,0.0,0.0
968,1695905081363,-0.98828125,0.033203125,0.19042969,0.1875,0.21875,0.21875,0.0,0.0,0.0
969,1695905081392,-0.98339844,0.044921875,0.1953125,-0.125,0.15625,0.09375,0.0,0.0,0.0
970,1695905081420,-0.984375,0.051757812,0.17675781,-0.0625,0.15625,0.21875,0.0,0.0,0.0
971,1695905081483,-0.9941406,0.049804688,0.18847656,0.25,0.21875,0.34375,0.0,0.0,0.0
972,1695905081515,-0.98535156,0.049804688,0.17871094,-0.65625,0.21875,0.03125,0.0,0.0,0.0
973,1695905081545,-0.99609375,0.044921875,0.18945312,-0.125,0.25,0.21875,-71.125,-139.1875,-235.125
974,1695905081607,-0.98828125,0.041015625,0.19628906,-0.125,0.03125,0.21875,0.0,0.0,0.0
975,1695905081634,-0.98828125,0.043945312,0.18164062,0.0625,0.25,-0.09375,0.0,0.0,0.0
976,1695905081667,-0.9873047,0.056640625,0.19042969,-0.125,-0.09375,0.03125,0.0,0.0,0.0
977,1695905081724,-0.99316406,0.037109375,0.18847656,-0.125,-0.15625,0.09375,0.0,0.0,0.0
978,1695905081751,-0.9921875,0.041992188,0.19042969,0.125,0.21875,0.28125,0.0,0.0,0.0
979,1695905081783,-0.9873047,0.051757812,0.18457031,0.1875,0.21875,0.09375,0.0,0.0,0.0
980,1695905081814,-0.97558594,0.041992188,0.18457031,-0.125,-0.09375,-0.21875,0.0,0.0,0.0
981,1695905081875,-0.9873047,0.0390625,0.17773438,0.375,0.21875,0.09375,0.0,0.0,0.0
982,1695905081903,-0.98046875,0.04296875,0.1953125,0.96875,0.4375,0.09375,0.0,0.0,0.0
983,1695905081931,-0.9873047,0.05078125,0.18652344,0.75,0.09375,-0.03125,0.0,0.0,0.0
984,1695905081993,-0.9863281,0.043945312,0.1953125,1.15625,0.3125,0.21875,0.0,0.0,0.0
985,1695905082024,-0.98339844,0.041992188,0.1953125,0.90625,0.15625,0.28125,-70.8125,-138.4375,-235.125
986,1695905082052,-0.9892578,0.041015625,0.19238281,0.375,0.6875,0.03125,0.0,0.0,0.0
987,1695905082111,-0.99316406,0.048828125,0.18457031,0.90625,0.03125,0.21875,0.0,0.0,0.0
988,1695905082143,-0.9951172,0.049804688,0.18652344,0.90625,-0.09375,0.21875,0.0,0.0,0.0
989,1695905082174,-0.9921875,0.041992188,0.1953125,1.78125,0.25,0.03125,0.0,0.0,0.0
990,1695905082236,-0.9814453,0.05078125,0.19824219,2.03125,0.3125,0.15625,0.0,0.0,0.0
991,1695905082264,-0.98046875,0.05078125,0.1796875,2.125,0.9375,0.15625,0.0,0.0,0.0
992,1695905082295,-0.9951172,0.045898438,0.18652344,2.375,0.75,0.40625,0.0,0.0,0.0
993,1695905082351,-0.9921875,0.0546875,0.19042969,1.40625,1.0625,0.5625,0.0,0.0,0.0
994,1695905082385,-0.98828125,0.053710938,0.18066406,0.75,0.75,0.28125,0.0,0.0,0.0
995,1695905082413,-0.9892578,0.049804688,0.18554688,0.4375,0.25,0.15625,0.0,0.0,0.0
996,1695905082473,-0.9951172,0.0546875,0.18945312,-0.125,0.3125,-0.03125,0.0,0.0,0.0
997,1695905082503,-0.98828125,0.0546875,0.18847656,-0.1875,-0.34375,-0.03125,0.0,0.0,0.0
998,1695905082537,-0.9765625,0.059570312,0.19433594,-1.09375,-0.21875,0.34375,-70.8125,-139.1875,-235.125
999,1695905082595,-0.9824219,0.056640625,0.19921875,-1.40625,0.21875,0.34375,0.0,0.0,0.0
1000,1695905082624,-0.9873047,0.053710938,0.18359375,-1.40625,-0.34375,0.15625,0.0,0.0,0.0
1001,1695905082652,-0.9863281,0.052734375,0.18457031,-1.09375,-0.40625,-0.15625,0.0,0.0,0.0
1002,1695905082713,-0.984375,0.040039062,0.18066406,-0.71875,-0.03125,-0.15625,0.0,0.0,0.0
1003,1695905082745,-0.98828125,0.041992188,0.19238281,-0.3125,-0.21875,-0.03125,0.0,0.0,0.0
1004,1695905082773,-0.9873047,0.046875,0.18457031,0.0,0.21875,0.03125,0.0,0.0,0.0
1005,1695905082835,-0.9902344,0.046875,0.19042969,-0.25,-0.40625,0.03125,0.0,0.0,0.0
1006,1695905082865,-0.9824219,0.051757812,0.19140625,0.0625,-0.15625,-0.21875,0.0,0.0,0.0
1007,1695905082893,-0.98828125,0.052734375,0.19726562,0.5625,-0.15625,-0.15625,0.0,0.0,0.0
1008,1695905082955,-0.98535156,0.047851562,0.17480469,0.8125,0.09375,0.21875,0.0,0.0,0.0
1009,1695905082991,-0.9951172,0.053710938,0.19042969,0.1875,-0.15625,-0.09375,0.0,0.0,0.0
1010,1695905083012,-0.9863281,0.049804688,0.1875,0.25,0.3125,-0.15625,-70.9375,-138.5625,-236.0
1011,1695905083073,-0.9902344,0.041992188,0.19140625,0.3125,-0.09375,0.03125,0.0,0.0,0.0
1012,1695905083104,-0.9863281,0.046875,0.18652344,-0.53125,-0.21875,-0.03125,0.0,0.0,0.0
1013,1695905083132,-0.9814453,0.04296875,0.1796875,-0.1875,0.375,-0.03125,0.0,0.0,0.0
1014,1695905083225,-0.9814453,0.0390625,0.18847656,-0.125,0.09375,0.09375,0.0,0.0,0.0
1015,1695905083231,-0.97558594,0.052734375,0.1796875,-0.65625,-0.03125,-0.03125,0.0,0.0,0.0
1016,1695905083252,-0.984375,0.033203125,0.17871094,0.375,-0.03125,0.09375,0.0,0.0,0.0
1017,1695905083312,-0.9902344,0.046875,0.18457031,-0.125,-0.21875,-0.34375,0.0,0.0,0.0
1018,1695905083341,-0.98828125,0.046875,0.17480469,0.3125,0.15625,0.15625,0.0,0.0,0.0
1019,1695905083371,-0.9902344,0.044921875,0.18945312,-0.1875,0.03125,0.09375,0.0,0.0,0.0
