,timestamp,accel_x,accel_y,accel_z,gyro_x,gyro_y,gyro_z,mag_x,mag_y,mag_z,ind
0,1695899446467,-0.63476562,-1.13964844,1.28515625,-0.09375,-0.53125,-0.09375,0.0,0.0,0.0,0
1,1695899446497,-0.64453125,-1.13378906,1.28808594,0.03125,0.28125,-1.0625,-25.1875,-106.0,-34.4375,1
2,1695899446527,-0.64257812,-1.14453125,1.27734375,-0.28125,-0.09375,-0.15625,0.0,0.0,0.0,2
3,1695899446588,-0.63183594,-1.13183594,1.27441406,0.03125,-0.09375,0.4375,0.0,0.0,0.0,3
4,1695899446617,-0.64648438,-1.1435547,1.2705078,-0.46875,0.03125,-0.40625,0.0,0.0,0.0,4
5,1695899446648,-0.63671875,-1.1347656000000002,1.28125,-0.46875,-0.15625,-0.15625,0.0,0.0,0.0,5
6,1695899446708,-0.63574219,-1.1347656000000002,1.2675781000000002,-0.34375,0.5,-0.03125,0.0,0.0,0.0,6
7,1695899446737,-0.63574219,-1.140625,1.28222656,-0.15625,0.03125,-0.03125,0.0,0.0,0.0,7
8,1695899446767,-0.64257812,-1.1279297,1.2841797,-0.59375,0.09375,-0.53125,0.0,0.0,0.0,8
9,1695899446827,-0.6328125,-1.140625,1.2714843999999998,0.1875,-0.71875,-0.09375,0.0,0.0,0.0,9
10,1695899446858,-0.63867188,-1.13671875,1.2636718999999998,0.125,0.21875,-0.28125,0.0,0.0,0.0,10
11,1695899446887,-0.63964844,-1.1455078,1.27246094,-0.59375,-0.09375,-0.46875,0.0,0.0,0.0,11
12,1695899446948,-0.63476562,-1.125,1.28027344,0.0625,-0.03125,-0.71875,0.0,0.0,0.0,12
13,1695899446977,-0.63476562,-1.1455078,1.2675781000000002,-0.03125,-0.15625,-0.09375,-24.75,-107.0625,-33.9375,13
14,1695899447038,-0.6328125,-1.13964844,1.2734375,-0.03125,0.21875,-0.28125,0.0,0.0,0.0,14
15,1695899447097,-0.63574219,-1.13964844,1.2763672,-0.21875,-0.03125,-0.03125,0.0,0.0,0.0,15
16,1695899447098,-0.64648438,-1.1279297,1.27441406,-0.21875,-0.03125,-0.28125,0.0,0.0,0.0,16
17,1695899447127,-0.63574219,-1.1425781000000002,1.2626953,0.5,0.28125,-0.03125,0.0,0.0,0.0,17
18,1695899447187,-0.63671875,-1.1357422,1.2685547,0.375,0.28125,-0.15625,0.0,0.0,0.0,18
19,1695899447218,-0.63574219,-1.1308593999999998,1.2675781000000002,-0.21875,0.15625,-0.09375,0.0,0.0,0.0,19
20,1695899447248,-0.63574219,-1.1298828,1.2753906000000002,0.8125,-0.59375,0.09375,0.0,0.0,0.0,20
21,1695899447308,-0.63964844,-1.14160156,1.28222656,-0.09375,0.03125,0.21875,0.0,0.0,0.0,21
22,1695899447337,-0.64257812,-1.1425781000000002,1.2675781000000002,-0.21875,0.15625,-0.21875,0.0,0.0,0.0,22
23,1695899447368,-0.62792969,-1.13183594,1.27734375,-0.03125,0.09375,-0.40625,0.0,0.0,0.0,23
24,1695899447427,-0.62890625,-1.1376953,1.28027344,-0.46875,-0.09375,-0.46875,0.0,0.0,0.0,24
25,1695899447457,-0.62890625,-1.1376953,1.2832031000000002,-0.28125,0.625,-0.71875,0.0,0.0,0.0,25
26,1695899447489,-0.64257812,-1.1269531000000002,1.25683594,-0.28125,-0.09375,-1.125,-23.5625,-106.1875,-32.0,26
27,1695899447548,-0.63183594,-1.13378906,1.2763672,-0.59375,0.03125,-0.53125,0.0,0.0,0.0,27
28,1695899447577,-0.62890625,-1.1279297,1.2734375,-0.21875,-0.03125,0.09375,0.0,0.0,0.0,28
29,1695899447608,-0.62890625,-1.1386718999999998,1.2734375,-0.46875,0.5625,-0.59375,0.0,0.0,0.0,29
30,1695899447668,-0.63085938,-1.1464843999999998,1.2783203,-0.53125,-0.46875,-0.71875,0.0,0.0,0.0,30
31,1695899447697,-0.63183594,-1.13964844,1.2607422,-0.96875,0.46875,-0.46875,0.0,0.0,0.0,31
32,1695899447727,-0.64257812,-1.1386718999999998,1.2841797,-0.28125,0.5625,0.09375,0.0,0.0,0.0,32
33,1695899447789,-0.63671875,-1.13671875,1.2705078,-0.90625,-0.34375,0.375,0.0,0.0,0.0,33
34,1695899447817,-0.63085938,-1.1435547,1.2734375,0.25,-0.28125,0.09375,0.0,0.0,0.0,34
35,1695899447846,-0.63476562,-1.1621093999999998,1.27441406,-0.15625,0.03125,-0.53125,0.0,0.0,0.0,35
36,1695899447907,-0.64160156,-1.1308593999999998,1.25683594,0.25,0.03125,-0.53125,0.0,0.0,0.0,36
37,1695899447938,-0.62792969,-1.1455078,1.24902344,0.4375,-0.09375,-0.21875,0.0,0.0,0.0,37
38,1695899447968,-0.62402344,-1.1347656000000002,1.26464844,0.0625,0.03125,-0.09375,-25.8125,-106.9375,-32.75,38
39,1695899448030,-0.63574219,-1.1425781000000002,1.2783203,0.625,-0.03125,0.3125,0.0,0.0,0.0,39
40,1695899448059,-0.63769531,-1.12402344,1.2607422,-0.46875,0.21875,-0.28125,0.0,0.0,0.0,40
41,1695899448089,-0.64160156,-1.1347656000000002,1.28222656,1.71875,-0.78125,0.03125,0.0,0.0,0.0,41
42,1695899448149,-0.62597656,-1.16308594,1.2841797,0.6875,-1.1875,0.4375,0.0,0.0,0.0,42
43,1695899448178,-0.63476562,-1.14746094,1.2753906000000002,-0.03125,0.9375,0.375,0.0,0.0,0.0,43
44,1695899448209,-0.63378906,-1.12890625,1.2919922,-0.03125,0.03125,0.03125,0.0,0.0,0.0,44
45,1695899448269,-0.63085938,-1.1503906000000002,1.2685547,0.0625,0.28125,0.09375,0.0,0.0,0.0,45
46,1695899448299,-0.64160156,-1.13378906,1.2763672,0.75,0.6875,0.0,0.0,0.0,0.0,46
47,1695899448330,-0.64355469,-1.1347656000000002,1.27441406,-0.3125,0.28125,-0.0625,0.0,0.0,0.0,47
48,1695899448389,-0.63964844,-1.12109375,1.2783203,0.0,-0.65625,-0.1875,0.0,0.0,0.0,48
49,1695899448420,-0.62792969,-1.1328125,1.26660156,-0.65625,-0.09375,0.0625,0.0,0.0,0.0,49
50,1695899448448,-0.64160156,-1.140625,1.28027344,0.0,-0.21875,-0.125,0.0,0.0,0.0,50
51,1695899448508,-0.62890625,-1.1455078,1.2685547,-0.40625,-0.53125,-0.5,-25.1875,-106.75,-32.9375,51
52,1695899448539,-0.6328125,-1.1435547,1.2714843999999998,0.0,0.09375,-0.3125,0.0,0.0,0.0,52
53,1695899448568,-0.63671875,-1.1425781000000002,1.26660156,-0.0625,-0.03125,-0.1875,0.0,0.0,0.0,53
54,1695899448629,-0.62597656,-1.125,1.28027344,0.25,0.34375,-0.625,0.0,0.0,0.0,54
55,1695899448658,-0.63671875,-1.12109375,1.27441406,-0.65625,0.28125,-0.3125,0.0,0.0,0.0,55
56,1695899448689,-0.63964844,-1.13183594,1.265625,0.625,-0.34375,-0.3125,0.0,0.0,0.0,56
57,1695899448779,-0.63378906,-1.140625,1.2871093999999998,-0.53125,0.21875,-0.3125,0.0,0.0,0.0,57
58,1695899448783,-0.63574219,-1.1308593999999998,1.2636718999999998,-0.46875,-0.34375,-0.3125,0.0,0.0,0.0,58
59,1695899448808,-0.62597656,-1.13183594,1.26660156,-0.59375,-0.21875,-0.1875,0.0,0.0,0.0,59
60,1695899448870,-0.63574219,-1.13183594,1.2578125,-0.0625,-0.09375,-0.625,0.0,0.0,0.0,60
61,1695899448898,-0.63476562,-1.125,1.2734375,0.375,-0.59375,-1.21875,0.0,0.0,0.0,61
62,1695899448928,-0.63769531,-1.140625,1.27734375,0.0,-0.71875,-1.15625,0.0,0.0,0.0,62
63,1695899448988,-0.63476562,-1.1464843999999998,1.2675781000000002,-0.65625,-1.6875,-0.625,-24.3125,-105.4375,-33.1875,63
64,1695899449018,-0.63671875,-1.1308593999999998,1.2734375,0.1875,-2.59375,-0.5,0.0,0.0,0.0,64
65,1695899449048,-0.62597656,-1.140625,1.2792968999999998,0.5,-2.46875,-0.1875,0.0,0.0,0.0,65
66,1695899449107,-0.619140625,-1.14453125,1.2675781000000002,-0.71875,-1.875,-0.90625,0.0,0.0,0.0,66
67,1695899449137,-0.619140625,-1.14453125,1.27441406,-0.3125,-0.46875,-1.03125,0.0,0.0,0.0,67
68,1695899449168,-0.6171875,-1.1347656000000002,1.26464844,-0.34375,-0.28125,-0.3125,0.0,0.0,0.0,68
69,1695899449227,-0.62597656,-1.1425781000000002,1.2705078,-0.25,-0.03125,0.0625,0.0,0.0,0.0,69
70,1695899449259,-0.63671875,-1.13671875,1.2519531000000002,0.3125,-0.40625,0.1875,0.0,0.0,0.0,70
71,1695899449288,-0.625,-1.1425781000000002,1.2861328,1.03125,-0.40625,0.65625,0.0,0.0,0.0,71
72,1695899449378,-0.61816406,-1.14160156,1.28222656,0.75,0.09375,0.84375,0.0,0.0,0.0,72
73,1695899449380,-0.63183594,-1.15234375,1.2919922,0.3125,0.6875,0.96875,0.0,0.0,0.0,73
74,1695899449409,-0.62792969,-1.1269531000000002,1.2597656000000002,0.375,0.46875,0.71875,0.0,0.0,0.0,74
75,1695899449467,-0.62402344,-1.12890625,1.27441406,0.1875,1.25,0.78125,0.0,0.0,0.0,75
76,1695899449498,-0.6328125,-1.1220703,1.28027344,-0.71875,0.9375,0.71875,-24.3125,-104.6875,-33.1875,76
77,1695899449528,-0.62792969,-1.14746094,1.28222656,-0.71875,0.9375,0.59375,0.0,0.0,0.0,77
78,1695899449588,-0.64355469,-1.1513672,1.2558593999999998,-1.53125,0.75,0.96875,0.0,0.0,0.0,78
79,1695899449617,-0.62402344,-1.14453125,1.265625,1.53125,-0.71875,1.15625,0.0,0.0,0.0,79
80,1695899449648,-0.6328125,-1.1376953,1.2675781000000002,2.875,-0.40625,1.53125,0.0,0.0,0.0,80
81,1695899449739,-0.61035156,-1.1328125,1.2607422,2.21875,-0.03125,1.34375,0.0,0.0,0.0,81
82,1695899449740,-0.63183594,-1.1123047,1.28027344,3.125,0.46875,2.3125,0.0,0.0,0.0,82
83,1695899449767,-0.63671875,-1.1279297,1.2998047,0.96875,1.375,0.78125,0.0,0.0,0.0,83
84,1695899449827,-0.65527344,-1.13671875,1.2861328,-1.9375,0.75,-1.09375,0.0,0.0,0.0,84
85,1695899449857,-0.64550781,-1.1357422,1.2607422,0.25,-1.3125,1.40625,0.0,0.0,0.0,85
86,1695899449888,-0.6328125,-1.12109375,1.2607422,2.75,-1.8125,2.0625,0.0,0.0,0.0,86
87,1695899449947,-0.6171875,-1.14746094,1.2939453,0.9375,-0.875,1.15625,0.0,0.0,0.0,87
88,1695899450007,-0.63964844,-1.1503906000000002,1.29003906,1.34375,-0.46875,-0.4375,-24.4375,-103.4375,-32.3125,88
89,1695899450009,-0.625,-1.1347656000000002,1.2832031000000002,2.09375,0.15625,-0.75,0.0,0.0,0.0,89
90,1695899450067,-0.64550781,-1.1152343999999998,1.26660156,-0.125,1.0,0.0,0.0,0.0,0.0,90
91,1695899450097,-0.64257812,-1.1152343999999998,1.28027344,0.375,0.46875,0.1875,0.0,0.0,0.0,91
92,1695899450127,-0.64355469,-1.1386718999999998,1.29589844,1.71875,-1.1875,0.84375,0.0,0.0,0.0,92
93,1695899450188,-0.63183594,-1.11621094,1.2734375,2.15625,-0.84375,0.1875,0.0,0.0,0.0,93
94,1695899450217,-0.63574219,-1.12597656,1.2939453,0.75,-0.34375,-0.0625,0.0,0.0,0.0,94
95,1695899450247,-0.62109375,-1.13183594,1.2792968999999998,0.5,-0.59375,-0.1875,0.0,0.0,0.0,95
96,1695899450307,-0.62792969,-1.12890625,1.2949218999999998,0.5625,0.21875,0.375,0.0,0.0,0.0,96
97,1695899450337,-0.6328125,-1.12109375,1.28515625,-0.1875,0.40625,0.0,0.0,0.0,0.0,97
98,1695899450367,-0.640625,-1.125,1.28125,-0.59375,0.6875,-0.0625,0.0,0.0,0.0,98
99,1695899450427,-0.63867188,-1.1171875,1.2685547,-0.0625,0.34375,-0.0625,0.0,0.0,0.0,99
100,1695899450457,-0.62890625,-1.1171875,1.2714843999999998,-0.59375,0.03125,-0.0625,0.0,0.0,0.0,100
101,1695899450487,-0.63574219,-1.1220703,1.2939453,-0.34375,-0.15625,-0.125,-25.5,-104.1875,-33.375,101
102,1695899450547,-0.63574219,-1.1220703,1.28222656,-0.34375,-0.40625,-0.1875,0.0,0.0,0.0,102
103,1695899450579,-0.63476562,-1.10546875,1.28222656,0.0,0.40625,-0.5625,0.0,0.0,0.0,103
104,1695899450608,-0.62695312,-1.1171875,1.28808594,-1.53125,1.0625,-1.84375,0.0,0.0,0.0,104
105,1695899450670,-0.62597656,-1.1191406000000002,1.29785156,-1.875,0.34375,-1.78125,0.0,0.0,0.0,105
106,1695899450699,-0.63867188,-1.11816406,1.28027344,-2.0,0.15625,-1.71875,0.0,0.0,0.0,106
107,1695899450729,-0.63964844,-1.10253906,1.27734375,-3.15625,-0.21875,-2.625,0.0,0.0,0.0,107
108,1695899450789,-0.63378906,-1.1201172,1.27734375,-3.21875,-0.15625,-3.0,0.0,0.0,0.0,108
109,1695899450818,-0.640625,-1.15625,1.3222656000000002,-3.09375,-0.875,-1.84375,0.0,0.0,0.0,109
110,1695899450848,-0.64257812,-1.1777343999999998,1.2792968999999998,-2.5,-2.21875,-2.375,0.0,0.0,0.0,110
111,1695899450909,-0.60253906,-1.1640625,1.27734375,-0.125,-1.5,-1.15625,0.0,0.0,0.0,111
112,1695899450940,-0.62109375,-1.14453125,1.26953125,0.3125,-0.84375,0.84375,0.0,0.0,0.0,112
113,1695899450968,-0.61425781,-1.1484375,1.2763672,1.03125,-0.53125,0.40625,-23.6875,-104.5,-32.625,113
114,1695899451030,-0.61621094,-1.13671875,1.2919922,0.5,1.625,0.375,0.0,0.0,0.0,114
115,1695899451058,-0.62988281,-1.13671875,1.2832031000000002,1.34375,2.15625,1.09375,0.0,0.0,0.0,115
116,1695899451087,-0.63476562,-1.1191406000000002,1.2753906000000002,-0.34375,0.8125,0.125,0.0,0.0,0.0,116
117,1695899451149,-0.63964844,-1.1503906000000002,1.27441406,2.5,-1.3125,2.0625,0.0,0.0,0.0,117
118,1695899451179,-0.623046875,-1.1386718999999998,1.25683594,2.625,-2.96875,2.625,0.0,0.0,0.0,118
119,1695899451208,-0.62792969,-1.140625,1.2753906000000002,3.78125,-1.3125,2.0625,0.0,0.0,0.0,119
120,1695899451270,-0.61816406,-1.1230468999999998,1.2753906000000002,2.3125,-0.34375,1.34375,0.0,0.0,0.0,120
121,1695899451299,-0.623046875,-1.12402344,1.28808594,2.03125,0.6875,1.09375,0.0,0.0,0.0,121
122,1695899451329,-0.623046875,-1.10839844,1.2832031000000002,1.28125,1.75,0.40625,0.0,0.0,0.0,122
123,1695899451388,-0.63574219,-1.11035156,1.2783203,0.0625,0.8125,0.71875,0.0,0.0,0.0,123
124,1695899451418,-0.62890625,-1.1191406000000002,1.2910156000000002,-0.46875,-0.34375,0.53125,0.0,0.0,0.0,124
125,1695899451448,-0.63574219,-1.125,1.28808594,-0.65625,-0.875,0.40625,0.0,0.0,0.0,125
126,1695899451509,-0.63476562,-1.13183594,1.2861328,-0.90625,-0.71875,0.0625,-23.6875,-104.1875,-33.375,126
127,1695899451539,-0.62597656,-1.1230468999999998,1.28027344,-1.46875,-0.09375,-0.5625,0.0,0.0,0.0,127
128,1695899451568,-0.62402344,-1.1298828,1.2792968999999998,-0.46875,-0.28125,-0.375,0.0,0.0,0.0,128
129,1695899451660,-0.63476562,-1.1279297,1.2841797,-0.34375,0.09375,-0.625,0.0,0.0,0.0,129
130,1695899451663,-0.62597656,-1.12597656,1.27734375,-0.40625,0.15625,-0.96875,0.0,0.0,0.0,130
131,1695899451687,-0.63476562,-1.1347656000000002,1.265625,-0.3125,-0.875,-1.59375,0.0,0.0,0.0,131
132,1695899451750,-0.62695312,-1.1201172,1.29589844,1.09375,-1.375,-2.5,0.0,0.0,0.0,132
133,1695899451779,-0.61328125,-1.1279297,1.2636718999999998,0.5,-1.0,-0.5,0.0,0.0,0.0,133
134,1695899451809,-0.615234375,-1.1230468999999998,1.3046875,0.3125,0.9375,-0.0625,0.0,0.0,0.0,134
135,1695899451868,-0.62402344,-1.1376953,1.2871093999999998,-0.34375,0.40625,-1.28125,0.0,0.0,0.0,135
136,1695899451898,-0.62109375,-1.1279297,1.2734375,-0.3125,0.46875,-0.6875,0.0,0.0,0.0,136
137,1695899451929,-0.619140625,-1.1201172,1.2890625,-0.40625,0.8125,-0.5625,0.0,0.0,0.0,137
138,1695899451988,-0.63476562,-1.12890625,1.2919922,-0.34375,-0.65625,-0.125,-23.375,-106.0,-32.9375,138
139,1695899452019,-0.62988281,-1.1386718999999998,1.28808594,0.3125,-1.625,-0.125,0.0,0.0,0.0,139
140,1695899452050,-0.60644531,-1.13183594,1.26660156,0.4375,-1.0625,-0.25,0.0,0.0,0.0,140
141,1695899452107,-0.61425781,-1.125,1.2685547,0.6875,-0.28125,0.59375,0.0,0.0,0.0,141
142,1695899452138,-0.62011719,-1.1308593999999998,1.2832031000000002,0.0,0.15625,0.375,0.0,0.0,0.0,142
143,1695899452168,-0.619140625,-1.12402344,1.2939453,-0.40625,1.125,-0.3125,0.0,0.0,0.0,143
144,1695899452228,-0.62207031,-1.13378906,1.2919922,-0.3125,0.9375,-0.25,0.0,0.0,0.0,144
145,1695899452261,-0.6328125,-1.1123047,1.28515625,-2.0,0.5625,-0.5625,0.0,0.0,0.0,145
146,1695899452289,-0.6328125,-1.1152343999999998,1.29003906,-1.46875,-0.03125,-0.8125,0.0,0.0,0.0,146
147,1695899452348,-0.6328125,-1.1386718999999998,1.2939453,-2.375,-0.03125,-0.875,0.0,0.0,0.0,147
148,1695899452379,-0.623046875,-1.1464843999999998,1.2753906000000002,-2.25,-0.28125,-0.625,0.0,0.0,0.0,148
149,1695899452408,-0.615234375,-1.14453125,1.2783203,-1.59375,0.15625,-1.09375,0.0,0.0,0.0,149
150,1695899452468,-0.62109375,-1.1376953,1.2705078,-1.75,0.28125,-1.46875,0.0,0.0,0.0,150
151,1695899452500,-0.619140625,-1.1455078,1.2763672,-1.15625,0.5,-1.15625,-23.6875,-104.1875,-32.9375,151
152,1695899452528,-0.623046875,-1.1386718999999998,1.28222656,-1.34375,0.46875,-0.625,0.0,0.0,0.0,152
153,1695899452588,-0.62597656,-1.1376953,1.27734375,-0.0625,0.03125,0.25,0.0,0.0,0.0,153
154,1695899452619,-0.62402344,-1.1435547,1.29589844,-0.84375,0.03125,0.65625,0.0,0.0,0.0,154
155,1695899452648,-0.619140625,-1.1357422,1.27441406,-0.125,-0.71875,0.53125,0.0,0.0,0.0,155
156,1695899452708,-0.61328125,-1.140625,1.2685547,0.25,0.03125,0.125,0.0,0.0,0.0,156
157,1695899452738,-0.623046875,-1.1298828,1.2949218999999998,0.0,0.40625,0.40625,0.0,0.0,0.0,157
158,1695899452769,-0.619140625,-1.125,1.2734375,-0.3125,-0.34375,0.375,0.0,0.0,0.0,158
159,1695899452831,-0.61621094,-1.1455078,1.26464844,-0.0625,-0.34375,1.09375,0.0,0.0,0.0,159
160,1695899452859,-0.62402344,-1.1533203,1.2714843999999998,0.75,-0.875,2.125,0.0,0.0,0.0,160
161,1695899452888,-0.619140625,-1.14160156,1.2607422,0.75,-0.34375,2.125,0.0,0.0,0.0,161
162,1695899452980,-0.61621094,-1.13671875,1.27441406,2.625,0.21875,2.4375,0.0,0.0,0.0,162
163,1695899452984,-0.62109375,-1.1435547,1.2939453,1.40625,0.40625,1.875,-23.6875,-105.5625,-31.875,163
164,1695899453009,-0.62207031,-1.12402344,1.2675781000000002,1.65625,0.625,1.03125,0.0,0.0,0.0,164
165,1695899453068,-0.62792969,-1.1220703,1.296875,1.46875,0.9375,0.84375,0.0,0.0,0.0,165
166,1695899453098,-0.63378906,-1.1298828,1.28808594,0.875,-0.46875,1.03125,0.0,0.0,0.0,166
167,1695899453130,-0.62988281,-1.13378906,1.28222656,1.15625,-0.9375,0.65625,0.0,0.0,0.0,167
168,1695899453188,-0.63574219,-1.12597656,1.2861328,0.6875,-0.65625,0.84375,0.0,0.0,0.0,168
169,1695899453218,-0.625,-1.12402344,1.2753906000000002,1.03125,-0.78125,0.65625,0.0,0.0,0.0,169
170,1695899453248,-0.63378906,-1.14160156,1.2910156000000002,0.875,-0.78125,0.71875,0.0,0.0,0.0,170
171,1695899453310,-0.625,-1.12597656,1.27734375,1.21875,-0.53125,0.59375,0.0,0.0,0.0,171
172,1695899453338,-0.62695312,-1.13378906,1.29589844,0.8125,1.0,0.65625,0.0,0.0,0.0,172
173,1695899453368,-0.63476562,-1.12402344,1.29296875,0.1875,0.5625,0.84375,0.0,0.0,0.0,173
174,1695899453430,-0.63964844,-1.1269531000000002,1.27734375,1.34375,0.09375,0.78125,0.0,0.0,0.0,174
175,1695899453458,-0.62792969,-1.1279297,1.29003906,0.3125,1.1875,0.65625,0.0,0.0,0.0,175
176,1695899453488,-0.63378906,-1.1298828,1.28515625,0.5,0.21875,1.21875,-24.75,-105.25,-32.3125,176
177,1695899453548,-0.625,-1.13183594,1.2949218999999998,1.21875,0.15625,1.34375,0.0,0.0,0.0,177
178,1695899453579,-0.63085938,-1.1230468999999998,1.30371094,0.125,0.6875,1.46875,0.0,0.0,0.0,178
179,1695899453607,-0.63378906,-1.1201172,1.28222656,0.9375,-0.15625,1.40625,0.0,0.0,0.0,179
180,1695899453669,-0.62792969,-1.11816406,1.2890625,0.9375,-0.34375,0.84375,0.0,0.0,0.0,180
181,1695899453698,-0.62792969,-1.1191406000000002,1.28222656,1.03125,0.46875,0.53125,0.0,0.0,0.0,181
182,1695899453727,-0.63769531,-1.1113281000000002,1.296875,-0.59375,0.40625,0.71875,0.0,0.0,0.0,182
183,1695899453788,-0.63183594,-1.1142578,1.28027344,0.375,0.03125,0.46875,0.0,0.0,0.0,183
184,1695899453819,-0.63769531,-1.1220703,1.2841797,-0.96875,0.15625,0.3125,0.0,0.0,0.0,184
185,1695899453847,-0.63378906,-1.1191406000000002,1.2890625,0.4375,-0.40625,-0.125,0.0,0.0,0.0,185
186,1695899453938,-0.64257812,-1.1269531000000002,1.2792968999999998,-0.78125,-0.34375,0.1875,0.0,0.0,0.0,186
187,1695899453941,-0.62695312,-1.1044922,1.265625,-0.84375,0.34375,-0.4375,0.0,0.0,0.0,187
188,1695899453968,-0.62695312,-1.13964844,1.28222656,-0.1875,0.09375,0.1875,-23.875,-106.9375,-30.9375,188
189,1695899454029,-0.62402344,-1.1347656000000002,1.28027344,-0.40625,0.03125,0.25,0.0,0.0,0.0,189
190,1695899454059,-0.62597656,-1.1220703,1.2861328,-0.0625,0.21875,0.0625,0.0,0.0,0.0,190
191,1695899454091,-0.63476562,-1.12597656,1.28222656,-0.125,-0.03125,0.71875,0.0,0.0,0.0,191
192,1695899454150,-0.64160156,-1.109375,1.27734375,-0.125,-0.03125,-0.125,0.0,0.0,0.0,192
193,1695899454180,-0.64355469,-1.12109375,1.2871093999999998,0.0625,0.8125,-0.6875,0.0,0.0,0.0,193
194,1695899454208,-0.63476562,-1.109375,1.2949218999999998,-0.3125,-0.28125,-0.96875,0.0,0.0,0.0,194
195,1695899454269,-0.63183594,-1.1279297,1.2861328,-0.125,-0.21875,-0.4375,0.0,0.0,0.0,195
196,1695899454299,-0.62597656,-1.11328125,1.2783203,-1.34375,-0.28125,-0.375,0.0,0.0,0.0,196
197,1695899454329,-0.62890625,-1.12402344,1.28515625,-1.15625,-0.34375,-0.5625,0.0,0.0,0.0,197
198,1695899454389,-0.62988281,-1.12597656,1.28027344,-1.53125,-0.03125,-1.03125,0.0,0.0,0.0,198
199,1695899454421,-0.63183594,-1.1376953,1.2832031000000002,-1.09375,0.03125,-0.625,0.0,0.0,0.0,199
200,1695899454448,-0.62695312,-1.13378906,1.2783203,-0.84375,0.5625,-0.875,0.0,0.0,0.0,200
201,1695899454509,-0.63378906,-1.13378906,1.2832031000000002,-1.03125,0.875,-0.75,-23.6875,-105.25,-33.375,201
202,1695899454542,-0.62890625,-1.1308593999999998,1.28808594,-1.28125,0.875,-1.21875,0.0,0.0,0.0,202
203,1695899454568,-0.6328125,-1.1269531000000002,1.27441406,-1.09375,0.15625,-1.15625,0.0,0.0,0.0,203
204,1695899454629,-0.62890625,-1.12597656,1.265625,-1.09375,0.34375,-1.59375,0.0,0.0,0.0,204
205,1695899454659,-0.63769531,-1.1435547,1.2832031000000002,-2.0625,0.40625,-1.65625,0.0,0.0,0.0,205
206,1695899454721,-0.62890625,-1.13964844,1.2919922,-1.875,0.5625,-1.40625,0.0,0.0,0.0,206
207,1695899454749,-0.62597656,-1.140625,1.28515625,-0.78125,-0.53125,-1.03125,0.0,0.0,0.0,207
208,1695899454779,-0.62890625,-1.140625,1.2871093999999998,-1.59375,0.46875,-1.09375,0.0,0.0,0.0,208
209,1695899454809,-0.63183594,-1.14453125,1.2832031000000002,-0.71875,-0.03125,-1.28125,0.0,0.0,0.0,209
210,1695899454867,-0.6171875,-1.1376953,1.2763672,-0.96875,0.46875,-1.21875,0.0,0.0,0.0,210
211,1695899454900,-0.62988281,-1.1347656000000002,1.28222656,-1.09375,0.6875,-0.6875,0.0,0.0,0.0,211
212,1695899454929,-0.62792969,-1.13671875,1.2714843999999998,-0.46875,0.15625,-0.25,0.0,0.0,0.0,212
213,1695899454988,-0.63183594,-1.13964844,1.27441406,-0.53125,-0.03125,-0.125,-24.125,-105.5625,-33.6875,213
214,1695899455019,-0.63964844,-1.1464843999999998,1.28027344,-0.125,-0.34375,-0.125,0.0,0.0,0.0,214
215,1695899455049,-0.63085938,-1.14160156,1.2890625,-0.53125,0.28125,0.1875,0.0,0.0,0.0,215
216,1695899455108,-0.62792969,-1.1347656000000002,1.2734375,0.375,0.21875,0.0,0.0,0.0,0.0,216
217,1695899455140,-0.61816406,-1.13671875,1.2734375,0.625,0.09375,-0.1875,0.0,0.0,0.0,217
218,1695899455168,-0.62792969,-1.1533203,1.27246094,-1.03125,-0.03125,0.125,0.0,0.0,0.0,218
219,1695899455229,-0.623046875,-1.1376953,1.265625,0.8125,-0.59375,-0.3125,0.0,0.0,0.0,219
220,1695899455260,-0.63964844,-1.1376953,1.2675781000000002,0.75,-0.21875,0.0,0.0,0.0,0.0,220
221,1695899455288,-0.62695312,-1.1376953,1.2832031000000002,-0.125,-0.03125,0.59375,0.0,0.0,0.0,221
222,1695899455347,-0.62109375,-1.1298828,1.2685547,0.9375,0.21875,0.1875,0.0,0.0,0.0,222
223,1695899455379,-0.63183594,-1.1347656000000002,1.27246094,0.3125,0.625,0.125,0.0,0.0,0.0,223
224,1695899455408,-0.62597656,-1.13183594,1.2792968999999998,0.75,-0.65625,0.46875,0.0,0.0,0.0,224
225,1695899455468,-0.6328125,-1.13671875,1.2675781000000002,0.4375,0.03125,0.59375,0.0,0.0,0.0,225
226,1695899455498,-0.6328125,-1.13964844,1.2734375,0.1875,0.28125,0.65625,-23.6875,-106.3125,-31.875,226
227,1695899455528,-0.63378906,-1.140625,1.28515625,0.5,-0.40625,0.59375,0.0,0.0,0.0,227
228,1695899455589,-0.62402344,-1.1347656000000002,1.26464844,0.375,-0.84375,0.375,0.0,0.0,0.0,228
229,1695899455619,-0.62988281,-1.13671875,1.2626953,0.6875,-0.40625,0.90625,0.0,0.0,0.0,229
230,1695899455649,-0.62792969,-1.1425781000000002,1.2832031000000002,0.96875,-0.46875,1.34375,0.0,0.0,0.0,230
231,1695899455708,-0.62207031,-1.1347656000000002,1.2714843999999998,0.3125,0.875,1.46875,0.0,0.0,0.0,231
232,1695899455739,-0.62695312,-1.1298828,1.2792968999999998,0.6875,0.8125,1.09375,0.0,0.0,0.0,232
233,1695899455769,-0.63183594,-1.125,1.2792968999999998,0.25,0.46875,0.96875,0.0,0.0,0.0,233
234,1695899455828,-0.640625,-1.1455078,1.2861328,-0.0625,0.09375,1.53125,0.0,0.0,0.0,234
235,1695899455859,-0.62890625,-1.1230468999999998,1.2783203,0.96875,-0.53125,1.28125,0.0,0.0,0.0,235
236,1695899455889,-0.63476562,-1.13964844,1.27246094,0.8125,-0.53125,1.28125,0.0,0.0,0.0,236
237,1695899455949,-0.63183594,-1.1298828,1.2714843999999998,0.75,-0.59375,0.375,0.0,0.0,0.0,237
238,1695899455978,-0.62695312,-1.1298828,1.28222656,0.6875,0.34375,0.0,-23.875,-105.4375,-33.5,238
239,1695899456008,-0.63964844,-1.11621094,1.2949218999999998,0.1875,0.5,0.3125,0.0,0.0,0.0,239
240,1695899456070,-0.63476562,-1.1279297,1.26953125,-0.25,-0.21875,0.0,0.0,0.0,0.0,240
241,1695899456098,-0.62402344,-1.11621094,1.27246094,0.375,-0.53125,-0.125,0.0,0.0,0.0,241
242,1695899456128,-0.640625,-1.1347656000000002,1.2841797,-1.21875,-0.53125,-0.25,0.0,0.0,0.0,242
243,1695899456218,-0.619140625,-1.13378906,1.2792968999999998,-0.25,-0.84375,-0.8125,0.0,0.0,0.0,243
244,1695899456222,-0.63671875,-1.1347656000000002,1.27441406,-0.78125,-0.03125,-0.25,0.0,0.0,0.0,244
245,1695899456247,-0.62988281,-1.13964844,1.2783203,-0.3125,0.09375,-0.90625,0.0,0.0,0.0,245
246,1695899456309,-0.62695312,-1.13671875,1.27734375,-3.59375,2.90625,-0.75,0.0,0.0,0.0,246
247,1695899456339,-0.640625,-1.1347656000000002,1.2763672,-2.4375,1.90625,-0.90625,0.0,0.0,0.0,247
248,1695899456367,-0.63085938,-1.1298828,1.28222656,0.5625,0.09375,-1.15625,0.0,0.0,0.0,248
249,1695899456429,-0.62792969,-1.13183594,1.2626953,-0.71875,0.15625,-0.0625,0.0,0.0,0.0,249
250,1695899456459,-0.62988281,-1.1328125,1.27246094,-0.3125,0.09375,-0.75,0.0,0.0,0.0,250
251,1695899456488,-0.625,-1.1347656000000002,1.2529297,0.8125,-0.71875,0.1875,-24.625,-104.6875,-34.25,251
252,1695899456549,-0.6328125,-1.1425781000000002,1.27734375,-0.53125,-0.21875,-0.375,0.0,0.0,0.0,252
253,1695899456579,-0.62695312,-1.1347656000000002,1.2763672,0.3125,0.21875,-0.5,0.0,0.0,0.0,253
254,1695899456608,-0.63476562,-1.13964844,1.2714843999999998,-1.03125,0.34375,0.375,0.0,0.0,0.0,254
255,1695899456668,-0.62890625,-1.13183594,1.27734375,-0.125,0.625,0.0,0.0,0.0,0.0,255
256,1695899456699,-0.63964844,-1.1298828,1.2705078,-0.125,-0.09375,0.1875,0.0,0.0,0.0,256
257,1695899456728,-0.63769531,-1.14453125,1.2783203,0.1875,-0.46875,0.40625,0.0,0.0,0.0,257
258,1695899456789,-0.63183594,-1.1308593999999998,1.2578125,-0.96875,-0.03125,0.1875,0.0,0.0,0.0,258
259,1695899456819,-0.6328125,-1.1357422,1.2949218999999998,0.75,-0.34375,0.3125,0.0,0.0,0.0,259
260,1695899456846,-0.62890625,-1.1425781000000002,1.26660156,-0.3125,-0.34375,0.46875,0.0,0.0,0.0,260
261,1695899456910,-0.625,-1.1308593999999998,1.2763672,-0.125,-0.03125,0.0,0.0,0.0,0.0,261
262,1695899456938,-0.62695312,-1.1357422,1.2597656000000002,0.5,0.03125,0.59375,0.0,0.0,0.0,262
263,1695899456967,-0.63378906,-1.13183594,1.27441406,-0.3125,-0.15625,0.0625,-25.0625,-105.125,-32.4375,263
264,1695899457030,-0.62402344,-1.14160156,1.2714843999999998,-0.0625,-0.03125,0.3125,0.0,0.0,0.0,264
265,1695899457060,-0.62695312,-1.1435547,1.2910156000000002,-0.25,0.40625,0.71875,0.0,0.0,0.0,265
266,1695899457087,-0.63769531,-1.125,1.29003906,-0.40625,-0.15625,0.90625,0.0,0.0,0.0,266
267,1695899457149,-0.62792969,-1.14746094,1.2753906000000002,-0.125,-0.28125,0.90625,0.0,0.0,0.0,267
268,1695899457179,-0.63085938,-1.140625,1.2783203,-0.0625,0.75,0.78125,0.0,0.0,0.0,268
269,1695899457208,-0.63574219,-1.13964844,1.2626953,-0.25,0.40625,1.03125,0.0,0.0,0.0,269
270,1695899457269,-0.64355469,-1.1376953,1.2832031000000002,0.375,0.21875,0.71875,0.0,0.0,0.0,270
271,1695899457299,-0.63769531,-1.1298828,1.2734375,0.25,-0.15625,0.71875,0.0,0.0,0.0,271
272,1695899457328,-0.63867188,-1.1279297,1.28222656,-0.125,0.03125,0.78125,0.0,0.0,0.0,272
273,1695899457388,-0.63574219,-1.13964844,1.2734375,-0.25,-0.53125,0.375,0.0,0.0,0.0,273
274,1695899457418,-0.62597656,-1.1298828,1.26171875,0.25,-0.09375,0.3125,0.0,0.0,0.0,274
275,1695899457449,-0.63964844,-1.1328125,1.26660156,-0.84375,0.21875,0.25,0.0,0.0,0.0,275
276,1695899457509,-0.640625,-1.140625,1.28125,0.25,-0.40625,0.46875,-24.125,-104.9375,-32.9375,276
277,1695899457539,-0.63476562,-1.13183594,1.2763672,-0.0625,0.28125,0.53125,0.0,0.0,0.0,277
278,1695899457568,-0.640625,-1.14746094,1.27246094,0.625,0.21875,1.03125,0.0,0.0,0.0,278
279,1695899457627,-0.62402344,-1.1347656000000002,1.2871093999999998,-0.59375,0.15625,0.40625,0.0,0.0,0.0,279
280,1695899457689,-0.6328125,-1.140625,1.28808594,0.1875,0.5625,0.78125,0.0,0.0,0.0,280
281,1695899457692,-0.63476562,-1.1347656000000002,1.2783203,-0.1875,0.40625,0.78125,0.0,0.0,0.0,281
282,1695899457749,-0.63769531,-1.12597656,1.2705078,-1.46875,1.0625,0.53125,0.0,0.0,0.0,282
283,1695899457779,-0.63867188,-1.13183594,1.27246094,-0.46875,0.21875,0.125,0.0,0.0,0.0,283
284,1695899457809,-0.63574219,-1.1279297,1.2734375,-1.09375,0.5625,0.125,0.0,0.0,0.0,284
285,1695899457868,-0.65039062,-1.12890625,1.26171875,-1.40625,0.09375,0.0,0.0,0.0,0.0,285
286,1695899457898,-0.65332031,-1.1386718999999998,1.265625,-0.59375,-0.9375,-0.375,0.0,0.0,0.0,286
287,1695899457929,-0.63964844,-1.1376953,1.27246094,0.5,-1.1875,-0.8125,0.0,0.0,0.0,287
288,1695899457989,-0.64453125,-1.13671875,1.2578125,-0.25,-0.15625,-0.6875,-25.9375,-104.9375,-31.5625,288
289,1695899458020,-0.63867188,-1.1455078,1.28222656,0.25,-0.40625,-0.875,0.0,0.0,0.0,289
290,1695899458048,-0.62402344,-1.1328125,1.265625,-0.0625,0.6875,-0.4375,0.0,0.0,0.0,290
291,1695899458108,-0.63574219,-1.1357422,1.2705078,-0.3125,-0.09375,0.40625,0.0,0.0,0.0,291
292,1695899458139,-0.65039062,-1.12597656,1.27441406,-0.59375,-0.34375,-1.03125,0.0,0.0,0.0,292
293,1695899458168,-0.63085938,-1.1171875,1.2558593999999998,1.03125,-0.9375,-1.03125,0.0,0.0,0.0,293
294,1695899458228,-0.64355469,-1.14746094,1.2734375,-0.59375,0.15625,-0.3125,0.0,0.0,0.0,294
295,1695899458258,-0.63671875,-1.12597656,1.27734375,-0.34375,-0.09375,-1.15625,0.0,0.0,0.0,295
296,1695899458288,-0.62109375,-1.1298828,1.2871093999999998,-0.46875,-0.28125,-1.03125,0.0,0.0,0.0,296
297,1695899458348,-0.63378906,-1.13964844,1.25097656,-1.8125,0.21875,-1.46875,0.0,0.0,0.0,297
298,1695899458378,-0.6328125,-1.140625,1.26660156,-0.125,-0.15625,-1.71875,0.0,0.0,0.0,298
299,1695899458409,-0.6328125,-1.14941406,1.26464844,-0.1875,-0.15625,-1.15625,0.0,0.0,0.0,299
300,1695899458499,-0.640625,-1.1347656000000002,1.26171875,-0.53125,-0.34375,-1.53125,0.0,0.0,0.0,300
301,1695899458502,-0.62109375,-1.1503906000000002,1.27246094,0.6875,-0.78125,-2.375,-24.4375,-104.9375,-35.4375,301
302,1695899458529,-0.64160156,-1.13964844,1.26464844,0.1875,-0.59375,-2.4375,0.0,0.0,0.0,302
303,1695899458588,-0.63085938,-1.13964844,1.2753906000000002,0.0625,0.34375,-2.5625,0.0,0.0,0.0,303
304,1695899458618,-0.62207031,-1.1435547,1.29296875,-0.1875,-0.15625,-1.71875,0.0,0.0,0.0,304
305,1695899458649,-0.61230469,-1.14453125,1.26171875,0.4375,-0.46875,-1.21875,0.0,0.0,0.0,305
306,1695899458708,-0.62597656,-1.14746094,1.2832031000000002,0.0625,-0.03125,-0.3125,0.0,0.0,0.0,306
307,1695899458738,-0.6171875,-1.1357422,1.2675781000000002,0.0,0.34375,-0.375,0.0,0.0,0.0,307
308,1695899458829,-0.62011719,-1.1435547,1.2792968999999998,0.125,0.09375,0.375,0.0,0.0,0.0,308
309,1695899458833,-0.62695312,-1.1386718999999998,1.2763672,0.125,0.6875,0.59375,0.0,0.0,0.0,309
310,1695899458858,-0.63378906,-1.1425781000000002,1.2705078,0.25,0.28125,1.28125,0.0,0.0,0.0,310
311,1695899458889,-0.62988281,-1.13183594,1.2734375,0.375,0.40625,0.96875,0.0,0.0,0.0,311
312,1695899458948,-0.62597656,-1.1425781000000002,1.26660156,-0.0625,0.34375,1.53125,0.0,0.0,0.0,312
313,1695899458979,-0.62597656,-1.1376953,1.27246094,-0.53125,0.15625,1.65625,-24.3125,-105.875,-34.25,313
314,1695899459008,-0.62011719,-1.13378906,1.2636718999999998,0.1875,0.15625,1.40625,0.0,0.0,0.0,314
315,1695899459068,-0.62792969,-1.1455078,1.26464844,0.625,-0.28125,1.6875,0.0,0.0,0.0,315
316,1695899459099,-0.63085938,-1.1376953,1.2685547,-0.65625,0.46875,1.65625,0.0,0.0,0.0,316
317,1695899459127,-0.63085938,-1.13378906,1.28515625,0.5625,0.34375,2.0,0.0,0.0,0.0,317
318,1695899459190,-0.625,-1.14941406,1.265625,-0.1875,1.0,2.25,0.0,0.0,0.0,318
319,1695899459218,-0.64550781,-1.1201172,1.27441406,0.3125,0.5,2.0625,0.0,0.0,0.0,319
320,1695899459249,-0.62890625,-1.1425781000000002,1.2841797,0.1875,-0.09375,2.1875,0.0,0.0,0.0,320
321,1695899459308,-0.63867188,-1.140625,1.2675781000000002,-0.71875,0.9375,2.0625,0.0,0.0,0.0,321
322,1695899459337,-0.64257812,-1.1308593999999998,1.27246094,-0.46875,1.0,1.875,0.0,0.0,0.0,322
323,1695899459366,-0.64160156,-1.1464843999999998,1.25683594,0.3125,-0.53125,1.8125,0.0,0.0,0.0,323
324,1695899459428,-0.63671875,-1.12109375,1.2636718999999998,-1.21875,0.875,1.40625,0.0,0.0,0.0,324
325,1695899459457,-0.64453125,-1.140625,1.2734375,0.0,0.625,1.15625,0.0,0.0,0.0,325
326,1695899459518,-0.64257812,-1.1484375,1.2734375,0.0625,-0.03125,1.34375,-23.6875,-104.9375,-33.375,326
327,1695899459548,-0.63671875,-1.13183594,1.2626953,-1.59375,1.4375,0.125,0.0,0.0,0.0,327
328,1695899459578,-0.64257812,-1.1357422,1.2607422,-0.84375,0.40625,0.3125,0.0,0.0,0.0,328
329,1695899459608,-0.65136719,-1.13671875,1.2578125,-1.28125,-0.28125,0.125,0.0,0.0,0.0,329
330,1695899459668,-0.64453125,-1.14160156,1.2705078,-0.25,-0.09375,-0.0625,0.0,0.0,0.0,330
331,1695899459698,-0.6484375,-1.13671875,1.26171875,-0.59375,-0.21875,0.1875,0.0,0.0,0.0,331
332,1695899459727,-0.64550781,-1.1464843999999998,1.2685547,0.1875,-0.21875,-0.25,0.0,0.0,0.0,332
333,1695899459788,-0.64257812,-1.14941406,1.2783203,-0.25,0.21875,-0.75,0.0,0.0,0.0,333
334,1695899459818,-0.64941406,-1.1386718999999998,1.265625,0.0625,0.46875,-1.65625,0.0,0.0,0.0,334
335,1695899459848,-0.6328125,-1.14160156,1.2636718999999998,0.625,-0.875,-1.46875,0.0,0.0,0.0,335
336,1695899459910,-0.63964844,-1.1425781000000002,1.265625,0.0625,-0.03125,-0.1875,0.0,0.0,0.0,336
337,1695899459938,-0.62890625,-1.1386718999999998,1.2792968999999998,0.25,-0.15625,-0.90625,0.0,0.0,0.0,337
338,1695899460028,-0.64355469,-1.1269531000000002,1.2636718999999998,-0.84375,0.15625,-0.96875,-26.375,-105.4375,-34.25,338
339,1695899460032,-0.63476562,-1.1347656000000002,1.26953125,-0.0625,0.09375,-1.90625,0.0,0.0,0.0,339
340,1695899460058,-0.64257812,-1.13671875,1.2714843999999998,-1.15625,-0.03125,-0.8125,0.0,0.0,0.0,340
341,1695899460116,-0.63769531,-1.14160156,1.2626953,0.5,-0.59375,-1.71875,0.0,0.0,0.0,341
342,1695899460147,-0.63476562,-1.1386718999999998,1.27441406,-1.03125,-0.34375,-2.09375,0.0,0.0,0.0,342
343,1695899460177,-0.62988281,-1.1484375,1.2705078,-0.46875,-0.53125,-2.15625,0.0,0.0,0.0,343
344,1695899460236,-0.65234375,-1.14453125,1.2558593999999998,-0.71875,-1.375,-2.15625,0.0,0.0,0.0,344
345,1695899460267,-0.61621094,-1.1152343999999998,1.2832031000000002,0.1875,0.28125,-2.8125,0.0,0.0,0.0,345
346,1695899460297,-0.62109375,-1.1816406000000002,1.28222656,0.75,0.09375,-0.4375,0.0,0.0,0.0,346
347,1695899460357,-0.611328125,-1.140625,1.2578125,-0.46875,0.09375,-0.375,0.0,0.0,0.0,347
348,1695899460390,-0.62109375,-1.15625,1.2685547,-1.21875,0.03125,0.0,0.0,0.0,0.0,348
349,1695899460419,-0.63183594,-1.1464843999999998,1.2636718999999998,0.0,-0.28125,-0.5,0.0,0.0,0.0,349
350,1695899460477,-0.64160156,-1.13964844,1.265625,0.3125,0.9375,0.84375,0.0,0.0,0.0,350
351,1695899460507,-0.65039062,-1.13183594,1.2392578,-0.40625,0.46875,-0.25,-25.1875,-105.5625,-34.6875,351
352,1695899460537,-0.63671875,-1.14160156,1.2705078,0.125,-0.09375,-0.5625,0.0,0.0,0.0,352
353,1695899460598,-0.62207031,-1.1484375,1.2558593999999998,1.28125,-0.65625,0.25,0.0,0.0,0.0,353
354,1695899460657,-0.61621094,-1.1513672,1.2910156000000002,0.75,-0.09375,0.65625,0.0,0.0,0.0,354
355,1695899460662,-0.62597656,-1.14941406,1.2792968999999998,-0.25,-0.875,-0.0625,0.0,0.0,0.0,355
356,1695899460718,-0.625,-1.1455078,1.2705078,-0.125,-0.21875,0.0,0.0,0.0,0.0,356
357,1695899460777,-0.62890625,-1.1435547,1.2734375,-0.65625,0.6875,0.53125,0.0,0.0,0.0,357
358,1695899460780,-0.63671875,-1.14941406,1.2753906000000002,0.4375,-0.21875,0.71875,0.0,0.0,0.0,358
359,1695899460838,-0.63671875,-1.1357422,1.2626953,0.25,-0.15625,0.25,0.0,0.0,0.0,359
360,1695899460867,-0.61425781,-1.1357422,1.265625,0.625,0.46875,1.15625,0.0,0.0,0.0,360
361,1695899460898,-0.62695312,-1.17285156,1.2626953,1.84375,0.625,3.53125,0.0,0.0,0.0,361
362,1695899460957,-0.625,-1.12402344,1.28515625,1.15625,1.4375,1.9375,0.0,0.0,0.0,362
363,1695899460987,-0.6328125,-1.14453125,1.29296875,-1.09375,0.5625,0.90625,-24.625,-104.6875,-34.25,363
364,1695899461017,-0.62792969,-1.125,1.2558593999999998,-1.21875,-0.46875,0.90625,0.0,0.0,0.0,364
365,1695899461077,-0.65625,-1.13671875,1.24316406,0.375,1.96875,1.65625,0.0,0.0,0.0,365
366,1695899461107,-0.66210938,-1.12402344,1.24609375,-1.40625,1.0,0.1875,0.0,0.0,0.0,366
367,1695899461138,-0.66015625,-1.1308593999999998,1.2441406000000002,-0.34375,-0.34375,-0.875,0.0,0.0,0.0,367
368,1695899461197,-0.66113281,-1.14941406,1.2636718999999998,-0.59375,-1.0625,-1.71875,0.0,0.0,0.0,368
369,1695899461227,-0.62792969,-1.12402344,1.27734375,0.0625,-2.125,-2.03125,0.0,0.0,0.0,369
370,1695899461257,-0.6328125,-1.14746094,1.27246094,0.3125,-1.3125,-0.4375,0.0,0.0,0.0,370
371,1695899461317,-0.62011719,-1.1503906000000002,1.2714843999999998,-0.65625,-0.875,-1.21875,0.0,0.0,0.0,371
372,1695899461348,-0.62402344,-1.16015625,1.26464844,-0.53125,-0.28125,-0.90625,0.0,0.0,0.0,372
373,1695899461378,-0.61328125,-1.15527344,1.2685547,0.1875,0.40625,-1.09375,0.0,0.0,0.0,373
374,1695899461438,-0.62890625,-1.13964844,1.25878906,-0.53125,1.4375,0.0,0.0,0.0,0.0,374
375,1695899461468,-0.6484375,-1.13378906,1.26171875,-0.65625,2.15625,-0.5,0.0,0.0,0.0,375
376,1695899461498,-0.64941406,-1.1308593999999998,1.2636718999999998,-0.90625,1.25,-0.5,-22.9375,-104.9375,-33.375,376
377,1695899461559,-0.64355469,-1.1347656000000002,1.25683594,-1.21875,0.5,-0.0625,0.0,0.0,0.0,377
378,1695899461588,-0.65039062,-1.1386718999999998,1.2705078,-0.84375,-1.0,-0.1875,0.0,0.0,0.0,378
379,1695899461618,-0.63378906,-1.1435547,1.26660156,-0.1875,-2.125,-0.4375,0.0,0.0,0.0,379
380,1695899461678,-0.63964844,-1.1386718999999998,1.265625,-0.90625,0.03125,-1.21875,0.0,0.0,0.0,380
381,1695899461709,-0.62695312,-1.1582031000000002,1.2734375,0.3125,-0.9375,-1.03125,0.0,0.0,0.0,381
382,1695899461738,-0.63476562,-1.1503906000000002,1.2675781000000002,-1.6875,-0.28125,-1.46875,0.0,0.0,0.0,382
383,1695899461798,-0.63378906,-1.16503906,1.2675781000000002,-0.3125,0.8125,-1.15625,0.0,0.0,0.0,383
384,1695899461828,-0.62695312,-1.13378906,1.2636718999999998,-0.40625,-0.03125,-0.3125,0.0,0.0,0.0,384
385,1695899461857,-0.63183594,-1.1484375,1.2607422,0.0625,-0.09375,-0.4375,0.0,0.0,0.0,385
386,1695899461919,-0.625,-1.1533203,1.27441406,-0.1875,0.46875,-0.5,0.0,0.0,0.0,386
387,1695899461948,-0.63574219,-1.1230468999999998,1.2519531000000002,-0.96875,0.28125,-0.3125,0.0,0.0,0.0,387
388,1695899461978,-0.62695312,-1.13964844,1.2597656000000002,0.125,0.28125,-0.5625,-25.0625,-105.4375,-34.25,388
389,1695899462038,-0.64355469,-1.14941406,1.2685547,-1.09375,-0.46875,-0.5,0.0,0.0,0.0,389
390,1695899462069,-0.62402344,-1.1455078,1.26464844,0.96875,-1.6875,-0.75,0.0,0.0,0.0,390
391,1695899462097,-0.63183594,-1.1582031000000002,1.2626953,-0.65625,0.15625,-0.3125,0.0,0.0,0.0,391
392,1695899462157,-0.625,-1.1464843999999998,1.2861328,0.125,-0.28125,-0.625,0.0,0.0,0.0,392
393,1695899462189,-0.63476562,-1.16308594,1.28515625,-0.40625,-0.15625,0.0625,0.0,0.0,0.0,393
394,1695899462218,-0.62011719,-1.14160156,1.25,0.5625,0.40625,-0.0625,0.0,0.0,0.0,394
395,1695899462310,-0.62988281,-1.1503906000000002,1.2626953,-0.0625,0.09375,0.71875,0.0,0.0,0.0,395
396,1695899462314,-0.619140625,-1.14453125,1.2675781000000002,-0.125,-0.40625,0.25,0.0,0.0,0.0,396
397,1695899462339,-0.62988281,-1.14746094,1.2675781000000002,0.4375,0.03125,0.40625,0.0,0.0,0.0,397
398,1695899462398,-0.62988281,-1.14746094,1.27441406,0.375,-0.03125,0.46875,0.0,0.0,0.0,398
399,1695899462428,-0.63183594,-1.15625,1.2734375,0.0625,0.15625,1.15625,0.0,0.0,0.0,399
400,1695899462458,-0.62792969,-1.140625,1.27441406,-0.3125,-0.15625,0.1875,0.0,0.0,0.0,400
401,1695899462553,-0.63476562,-1.14160156,1.26171875,1.09375,-0.03125,0.96875,-24.75,-105.5625,-33.9375,401
402,1695899462556,-0.63378906,-1.1513672,1.26464844,0.0625,-0.09375,0.65625,0.0,0.0,0.0,402
403,1695899462579,-0.6328125,-1.1425781000000002,1.25390625,-0.53125,0.5,0.65625,0.0,0.0,0.0,403
404,1695899462638,-0.62792969,-1.1533203,1.2685547,-0.25,0.40625,1.03125,0.0,0.0,0.0,404
405,1695899462668,-0.640625,-1.1513672,1.265625,0.0,-0.28125,1.09375,0.0,0.0,0.0,405
406,1695899462699,-0.6328125,-1.14941406,1.2753906000000002,1.21875,-0.65625,1.59375,0.0,0.0,0.0,406
407,1695899462789,-0.63378906,-1.1435547,1.26464844,0.0625,0.28125,0.53125,0.0,0.0,0.0,407
408,1695899462796,-0.63378906,-1.15625,1.2597656000000002,0.5625,-0.28125,0.84375,0.0,0.0,0.0,408
409,1695899462818,-0.62011719,-1.1308593999999998,1.2578125,0.6875,-0.15625,0.90625,0.0,0.0,0.0,409
410,1695899462877,-0.63964844,-1.14453125,1.2685547,-0.53125,0.46875,1.34375,0.0,0.0,0.0,410
411,1695899462908,-0.63183594,-1.1308593999999998,1.27734375,0.3125,0.09375,0.71875,0.0,0.0,0.0,411
412,1695899462939,-0.63183594,-1.1435547,1.2675781000000002,0.25,-1.3125,1.65625,0.0,0.0,0.0,412
413,1695899462998,-0.63769531,-1.1386718999999998,1.2626953,-0.90625,0.8125,0.71875,-25.0625,-105.875,-33.5,413
414,1695899463058,-0.64355469,-1.1533203,1.27246094,-0.90625,0.21875,0.3125,0.0,0.0,0.0,414
415,1695899463060,-0.64355469,-1.1542968999999998,1.2685547,0.3125,-0.71875,0.59375,0.0,0.0,0.0,415
416,1695899463118,-0.63769531,-1.14160156,1.2626953,-0.25,0.6875,-0.125,0.0,0.0,0.0,416
417,1695899463148,-0.62890625,-1.14746094,1.28027344,-0.25,-0.09375,-0.0625,0.0,0.0,0.0,417
418,1695899463177,-0.62597656,-1.1298828,1.2675781000000002,-0.125,-0.59375,0.40625,0.0,0.0,0.0,418
419,1695899463238,-0.63085938,-1.1376953,1.26464844,0.3125,-0.03125,0.25,0.0,0.0,0.0,419
420,1695899463268,-0.63378906,-1.1279297,1.2753906000000002,-0.84375,0.15625,0.65625,0.0,0.0,0.0,420
421,1695899463298,-0.64550781,-1.1425781000000002,1.2636718999999998,-0.65625,-0.71875,1.15625,0.0,0.0,0.0,421
422,1695899463358,-0.65136719,-1.1386718999999998,1.2558593999999998,-0.96875,0.09375,-0.5,0.0,0.0,0.0,422
423,1695899463388,-0.63867188,-1.14453125,1.2685547,-1.03125,0.28125,-1.09375,0.0,0.0,0.0,423
424,1695899463418,-0.65039062,-1.15722656,1.2734375,-1.59375,-0.09375,-1.21875,0.0,0.0,0.0,424
425,1695899463479,-0.625,-1.1464843999999998,1.2578125,-1.03125,-0.28125,-1.71875,0.0,0.0,0.0,425
426,1695899463508,-0.63476562,-1.1689453,1.2548828,-0.34375,-0.46875,-0.875,-25.375,-105.875,-34.875,426
427,1695899463537,-0.62597656,-1.15234375,1.26171875,-0.78125,-0.53125,-1.03125,0.0,0.0,0.0,427
428,1695899463628,-0.62695312,-1.14160156,1.26660156,0.125,0.5,0.25,0.0,0.0,0.0,428
429,1695899463631,-0.61816406,-1.1435547,1.2519531000000002,-0.71875,1.125,-0.1875,0.0,0.0,0.0,429
430,1695899463659,-0.63964844,-1.15722656,1.27246094,0.625,-0.34375,-0.125,0.0,0.0,0.0,430
431,1695899463719,-0.63671875,-1.1484375,1.2441406000000002,-0.40625,-0.21875,-0.5,0.0,0.0,0.0,431
432,1695899463748,-0.64648438,-1.14941406,1.265625,0.0,-0.28125,0.0625,0.0,0.0,0.0,432
433,1695899463778,-0.63476562,-1.14941406,1.25390625,-0.125,-0.46875,0.0,0.0,0.0,0.0,433
434,1695899463838,-0.63867188,-1.1542968999999998,1.26464844,0.1875,-0.09375,-0.25,0.0,0.0,0.0,434
435,1695899463868,-0.619140625,-1.1376953,1.2636718999999998,0.875,-0.03125,0.65625,0.0,0.0,0.0,435
436,1695899463899,-0.62207031,-1.140625,1.2636718999999998,0.25,0.21875,0.3125,0.0,0.0,0.0,436
437,1695899463957,-0.62109375,-1.1748047,1.25878906,0.375,-0.28125,0.40625,0.0,0.0,0.0,437
438,1695899463989,-0.63085938,-1.1513672,1.28125,0.4375,-0.09375,0.90625,-22.9375,-104.5,-32.9375,438
439,1695899464018,-0.6328125,-1.1425781000000002,1.2714843999999998,-0.125,-0.21875,0.71875,0.0,0.0,0.0,439
440,1695899464078,-0.62988281,-1.1347656000000002,1.27246094,0.625,-0.21875,0.71875,0.0,0.0,0.0,440
441,1695899464108,-0.64550781,-1.15625,1.2626953,0.25,-0.28125,0.59375,0.0,0.0,0.0,441
442,1695899464137,-0.640625,-1.1435547,1.2763672,0.5,0.03125,0.0625,0.0,0.0,0.0,442
443,1695899464199,-0.63964844,-1.14746094,1.26171875,-0.125,-0.53125,0.1875,0.0,0.0,0.0,443
444,1695899464227,-0.62695312,-1.140625,1.2636718999999998,0.875,-0.84375,0.375,0.0,0.0,0.0,444
445,1695899464257,-0.62695312,-1.14941406,1.265625,0.3125,0.03125,0.3125,0.0,0.0,0.0,445
446,1695899464318,-0.65136719,-1.14453125,1.27734375,0.375,0.09375,-0.3125,0.0,0.0,0.0,446
447,1695899464349,-0.6328125,-1.1542968999999998,1.2734375,-0.125,-0.65625,-0.4375,0.0,0.0,0.0,447
448,1695899464377,-0.62988281,-1.14746094,1.2607422,0.1875,0.21875,0.59375,0.0,0.0,0.0,448
449,1695899464438,-0.640625,-1.1435547,1.2607422,-0.0625,0.625,0.375,0.0,0.0,0.0,449
450,1695899464468,-0.62988281,-1.14160156,1.28808594,0.125,-0.09375,-0.0625,0.0,0.0,0.0,450
451,1695899464499,-0.63574219,-1.1464843999999998,1.26464844,-0.40625,-0.21875,0.375,-24.3125,-105.125,-33.5,451
452,1695899464588,-0.63476562,-1.1435547,1.2675781000000002,-0.46875,0.5,0.375,0.0,0.0,0.0,452
453,1695899464592,-0.63671875,-1.1357422,1.2607422,-0.65625,0.03125,0.3125,0.0,0.0,0.0,453
454,1695899464617,-0.63476562,-1.15722656,1.2626953,0.5625,-0.875,0.46875,0.0,0.0,0.0,454
455,1695899464679,-0.63964844,-1.1484375,1.2636718999999998,-0.53125,0.28125,-0.375,0.0,0.0,0.0,455
456,1695899464708,-0.64453125,-1.1591797,1.25390625,0.3125,-0.28125,-0.375,0.0,0.0,0.0,456
457,1695899464737,-0.64355469,-1.1386718999999998,1.2636718999999998,0.875,-0.71875,-0.5625,0.0,0.0,0.0,457
458,1695899464798,-0.61816406,-1.1455078,1.27246094,0.6875,-0.34375,0.53125,0.0,0.0,0.0,458
459,1695899464828,-0.63671875,-1.13378906,1.26953125,0.375,-0.21875,0.25,0.0,0.0,0.0,459
460,1695899464858,-0.63769531,-1.1455078,1.2734375,0.5625,-2.0625,-1.34375,0.0,0.0,0.0,460
461,1695899464918,-0.609375,-1.15234375,1.2714843999999998,0.375,-1.3125,-1.46875,0.0,0.0,0.0,461
462,1695899464948,-0.63476562,-1.1533203,1.24609375,0.5625,0.625,1.6875,0.0,0.0,0.0,462
463,1695899464978,-0.63867188,-1.1464843999999998,1.27734375,-0.96875,2.34375,0.375,-23.5625,-105.125,-33.5,463
464,1695899465038,-0.6328125,-1.14453125,1.2675781000000002,-1.28125,0.5625,0.125,0.0,0.0,0.0,464
465,1695899465069,-0.63574219,-1.1347656000000002,1.2607422,-0.46875,0.34375,0.1875,0.0,0.0,0.0,465
466,1695899465097,-0.64257812,-1.1386718999999998,1.2607422,-0.90625,0.28125,0.40625,0.0,0.0,0.0,466
467,1695899465158,-0.62792969,-1.1308593999999998,1.26464844,-1.09375,-1.25,-0.5625,0.0,0.0,0.0,467
468,1695899465187,-0.63671875,-1.1435547,1.2578125,-0.84375,-0.59375,-0.8125,0.0,0.0,0.0,468
469,1695899465218,-0.6328125,-1.14160156,1.2578125,-0.46875,-0.71875,-0.8125,0.0,0.0,0.0,469
470,1695899465279,-0.64355469,-1.16308594,1.2832031000000002,0.96875,-1.6875,-1.15625,0.0,0.0,0.0,470
471,1695899465368,-0.62402344,-1.1533203,1.2558593999999998,-0.90625,-0.71875,-1.40625,0.0,0.0,0.0,471
472,1695899465371,-0.62890625,-1.1513672,1.2685547,0.1875,1.125,-0.75,0.0,0.0,0.0,472
473,1695899465398,-0.62011719,-1.14453125,1.2841797,-0.65625,0.46875,-0.96875,0.0,0.0,0.0,473
474,1695899465428,-0.619140625,-1.13964844,1.25683594,-0.46875,1.125,-1.03125,0.0,0.0,0.0,474
475,1695899465458,-0.62792969,-1.125,1.2763672,0.25,0.9375,-0.4375,0.0,0.0,0.0,475
476,1695899465518,-0.62890625,-1.1455078,1.2597656000000002,-1.75,-0.34375,0.375,-26.375,-106.1875,-34.25,476
477,1695899465549,-0.62792969,-1.14941406,1.2578125,-0.34375,-0.65625,0.40625,0.0,0.0,0.0,477
478,1695899465578,-0.62890625,-1.1455078,1.26464844,-0.53125,-0.28125,-0.125,0.0,0.0,0.0,478
479,1695899465637,-0.63574219,-1.1455078,1.26660156,-0.84375,0.09375,-0.6875,0.0,0.0,0.0,479
480,1695899465668,-0.62890625,-1.15234375,1.2763672,-0.0625,-0.46875,-0.5625,0.0,0.0,0.0,480
481,1695899465697,-0.62695312,-1.1542968999999998,1.265625,0.9375,-0.9375,-0.125,0.0,0.0,0.0,481
482,1695899465757,-0.6328125,-1.16308594,1.2792968999999998,0.125,-0.15625,0.3125,0.0,0.0,0.0,482
483,1695899465789,-0.615234375,-1.1455078,1.2519531000000002,-1.65625,-0.40625,-0.25,0.0,0.0,0.0,483
484,1695899465818,-0.62402344,-1.1386718999999998,1.2607422,0.75,1.4375,0.0,0.0,0.0,0.0,484
485,1695899465878,-0.63085938,-1.1621093999999998,1.2558593999999998,-1.09375,1.125,0.0625,0.0,0.0,0.0,485
486,1695899465911,-0.63183594,-1.1298828,1.25097656,-1.21875,0.09375,0.0625,0.0,0.0,0.0,486
487,1695899465938,-0.60644531,-1.1542968999999998,1.27246094,1.40625,-0.34375,1.15625,0.0,0.0,0.0,487
488,1695899465998,-0.61816406,-1.15722656,1.2685547,-0.90625,-0.40625,1.75,-24.625,-105.125,-33.5,488
489,1695899466029,-0.62890625,-1.17089844,1.2685547,0.1875,-0.40625,1.53125,0.0,0.0,0.0,489
490,1695899466058,-0.62988281,-1.15234375,1.24902344,0.1875,0.03125,0.40625,0.0,0.0,0.0,490
491,1695899466118,-0.64160156,-1.1503906000000002,1.2675781000000002,-0.1875,0.8125,1.21875,0.0,0.0,0.0,491
492,1695899466148,-0.63964844,-1.1464843999999998,1.2685547,0.0625,0.75,0.59375,0.0,0.0,0.0,492
493,1695899466178,-0.64355469,-1.1347656000000002,1.27441406,0.75,0.03125,-0.5,0.0,0.0,0.0,493
494,1695899466240,-0.63574219,-1.1298828,1.2597656000000002,0.1875,-0.34375,-0.625,0.0,0.0,0.0,494
495,1695899466268,-0.62988281,-1.1484375,1.26660156,1.40625,-1.8125,-0.5,0.0,0.0,0.0,495
496,1695899466298,-0.62792969,-1.1503906000000002,1.25878906,-0.25,-1.5,-0.96875,0.0,0.0,0.0,496
497,1695899466358,-0.61621094,-1.1425781000000002,1.2636718999999998,0.96875,-0.71875,-0.96875,0.0,0.0,0.0,497
498,1695899466388,-0.62011719,-1.1455078,1.2783203,0.5,-0.875,0.25,0.0,0.0,0.0,498
499,1695899466418,-0.61816406,-1.1582031000000002,1.28222656,0.8125,-0.09375,0.46875,0.0,0.0,0.0,499
500,1695899466478,-0.62792969,-1.16015625,1.2841797,0.4375,-0.65625,0.96875,0.0,0.0,0.0,500
501,1695899466508,-0.62890625,-1.15234375,1.2675781000000002,0.25,1.1875,0.125,-23.6875,-105.25,-33.6875,501
502,1695899466538,-0.63867188,-1.1542968999999998,1.2675781000000002,0.4375,0.21875,0.53125,0.0,0.0,0.0,502
503,1695899466597,-0.64746094,-1.140625,1.25878906,-0.1875,1.125,0.65625,0.0,0.0,0.0,503
504,1695899466627,-0.625,-1.1386718999999998,1.2597656000000002,0.75,-0.65625,1.34375,0.0,0.0,0.0,504
505,1695899466657,-0.63867188,-1.13378906,1.2636718999999998,-0.0625,-0.15625,0.84375,0.0,0.0,0.0,505
506,1695899466720,-0.62597656,-1.14160156,1.25878906,0.75,-1.0625,0.25,0.0,0.0,0.0,506
507,1695899466747,-0.62207031,-1.15234375,1.25683594,0.125,-0.28125,-0.1875,0.0,0.0,0.0,507
508,1695899466778,-0.62402344,-1.140625,1.2636718999999998,0.25,-0.40625,0.0625,0.0,0.0,0.0,508
509,1695899466869,-0.63671875,-1.1484375,1.28027344,-0.125,-0.40625,0.40625,0.0,0.0,0.0,509
510,1695899466872,-0.62695312,-1.1611328,1.2763672,0.0625,-0.71875,0.375,0.0,0.0,0.0,510
511,1695899466898,-0.63085938,-1.14941406,1.2685547,-0.78125,1.0,0.46875,0.0,0.0,0.0,511
512,1695899466958,-0.62597656,-1.1376953,1.265625,0.6875,-0.59375,0.125,0.0,0.0,0.0,512
513,1695899466988,-0.625,-1.14746094,1.2636718999999998,-0.65625,0.40625,0.1875,-24.125,-107.5,-33.375,513
514,1695899467017,-0.62402344,-1.13964844,1.2578125,-0.46875,0.75,0.0,0.0,0.0,0.0,514
515,1695899467079,-0.6328125,-1.1435547,1.2705078,-0.40625,-0.28125,-0.1875,0.0,0.0,0.0,515
516,1695899467108,-0.62011719,-1.1386718999999998,1.26171875,-0.59375,-0.46875,0.1875,0.0,0.0,0.0,516
517,1695899467138,-0.63183594,-1.14941406,1.24609375,-0.53125,0.09375,0.25,0.0,0.0,0.0,517
518,1695899467198,-0.63378906,-1.1464843999999998,1.2714843999999998,-0.0625,-0.21875,0.0625,0.0,0.0,0.0,518
519,1695899467227,-0.64355469,-1.1542968999999998,1.2685547,0.1875,-0.28125,0.1875,0.0,0.0,0.0,519
520,1695899467257,-0.63085938,-1.14453125,1.2558593999999998,-0.125,0.15625,0.0625,0.0,0.0,0.0,520
521,1695899467318,-0.6328125,-1.14941406,1.28222656,0.9375,-0.65625,0.0,0.0,0.0,0.0,521
522,1695899467348,-0.63183594,-1.14941406,1.25097656,-0.46875,-0.15625,0.1875,0.0,0.0,0.0,522
523,1695899467377,-0.623046875,-1.13964844,1.2626953,0.1875,-0.09375,-0.1875,0.0,0.0,0.0,523
524,1695899467439,-0.62695312,-1.1425781000000002,1.2714843999999998,-0.0625,0.03125,-0.125,0.0,0.0,0.0,524
525,1695899467468,-0.619140625,-1.1455078,1.2607422,-0.40625,-0.53125,0.25,0.0,0.0,0.0,525
526,1695899467497,-0.62988281,-1.15234375,1.27734375,1.03125,-0.21875,0.0625,-24.4375,-105.5625,-34.4375,526
527,1695899467557,-0.64550781,-1.1425781000000002,1.28027344,-0.53125,-0.53125,-0.5,0.0,0.0,0.0,527
528,1695899467618,-0.63964844,-1.14746094,1.2685547,-0.25,0.21875,0.0625,0.0,0.0,0.0,528
529,1695899467621,-0.640625,-1.1435547,1.28222656,-0.25,0.03125,-0.5625,0.0,0.0,0.0,529
530,1695899467678,-0.625,-1.1542968999999998,1.25390625,0.1875,-0.40625,0.40625,0.0,0.0,0.0,530
531,1695899467707,-0.625,-1.1464843999999998,1.27441406,-0.1875,-0.09375,-0.0625,0.0,0.0,0.0,531
532,1695899467738,-0.63476562,-1.140625,1.26171875,-0.53125,0.625,-0.0625,0.0,0.0,0.0,532
533,1695899467798,-0.62695312,-1.1484375,1.26660156,-0.59375,-0.40625,-0.1875,0.0,0.0,0.0,533
534,1695899467829,-0.619140625,-1.14746094,1.2558593999999998,-0.59375,0.21875,0.125,0.0,0.0,0.0,534
535,1695899467858,-0.63476562,-1.15625,1.26171875,0.0,-0.53125,0.25,0.0,0.0,0.0,535
536,1695899467918,-0.62695312,-1.14160156,1.2578125,-0.34375,0.34375,-0.0625,0.0,0.0,0.0,536
537,1695899467950,-0.63378906,-1.1513672,1.2607422,-0.40625,0.09375,-0.125,0.0,0.0,0.0,537
538,1695899467978,-0.62792969,-1.14941406,1.2734375,0.25,-0.34375,-0.3125,-22.5,-106.9375,-35.3125,538
539,1695899468039,-0.623046875,-1.15234375,1.26171875,-0.0625,-0.09375,-0.125,0.0,0.0,0.0,539
540,1695899468068,-0.62988281,-1.14746094,1.2792968999999998,0.3125,0.46875,0.0,0.0,0.0,0.0,540
541,1695899468098,-0.62207031,-1.15234375,1.2734375,0.25,-0.78125,0.25,0.0,0.0,0.0,541
542,1695899468158,-0.62109375,-1.1464843999999998,1.27441406,0.125,0.34375,-0.3125,0.0,0.0,0.0,542
543,1695899468188,-0.62597656,-1.14746094,1.2597656000000002,-0.1875,0.15625,0.0625,0.0,0.0,0.0,543
544,1695899468217,-0.62890625,-1.14453125,1.2714843999999998,0.3125,-0.03125,0.375,0.0,0.0,0.0,544
545,1695899468278,-0.63476562,-1.14941406,1.2734375,-0.25,0.09375,-0.125,0.0,0.0,0.0,545
546,1695899468338,-0.62988281,-1.14941406,1.26464844,-0.0625,-0.34375,0.125,0.0,0.0,0.0,546
547,1695899468341,-0.623046875,-1.1425781000000002,1.2753906000000002,-0.25,0.21875,0.59375,0.0,0.0,0.0,547
548,1695899468398,-0.62011719,-1.1425781000000002,1.2675781000000002,-0.46875,0.40625,0.375,0.0,0.0,0.0,548
549,1695899468429,-0.62792969,-1.1357422,1.26660156,-0.0625,0.09375,0.3125,0.0,0.0,0.0,549
550,1695899468458,-0.6328125,-1.1533203,1.2734375,0.375,-0.21875,0.65625,0.0,0.0,0.0,550
551,1695899468518,-0.62597656,-1.15722656,1.2480468999999998,0.0625,-0.28125,1.28125,-23.875,-106.4375,-33.1875,551
552,1695899468548,-0.63574219,-1.14746094,1.265625,0.9375,-0.59375,2.0625,0.0,0.0,0.0,552
553,1695899468577,-0.63867188,-1.1582031000000002,1.26464844,0.75,-1.6875,1.59375,0.0,0.0,0.0,553
554,1695899468638,-0.63378906,-1.1503906000000002,1.2558593999999998,0.625,0.21875,1.15625,0.0,0.0,0.0,554
555,1695899468668,-0.64160156,-1.0888672,1.27734375,0.0,1.0,-1.28125,0.0,0.0,0.0,555
556,1695899468697,-0.62207031,-1.1201172,1.28125,-2.9375,0.875,-2.3125,0.0,0.0,0.0,556
557,1695899468758,-0.62597656,-1.17285156,1.2705078,-2.25,1.75,-0.25,0.0,0.0,0.0,557
558,1695899468788,-0.62890625,-1.1660156000000002,1.2402343999999998,-1.9375,1.25,0.25,0.0,0.0,0.0,558
559,1695899468818,-0.63867188,-1.1425781000000002,1.2578125,-0.25,0.5625,0.46875,0.0,0.0,0.0,559
560,1695899468878,-0.63671875,-1.171875,1.2763672,0.5,-0.03125,-0.8125,0.0,0.0,0.0,560
561,1695899468908,-0.64160156,-1.15722656,1.265625,0.875,-0.09375,0.3125,0.0,0.0,0.0,561
562,1695899468938,-0.64941406,-1.1484375,1.2636718999999998,1.84375,-0.09375,0.65625,0.0,0.0,0.0,562
563,1695899468997,-0.640625,-1.13378906,1.26171875,-0.1875,-0.40625,0.46875,-25.0625,-103.3125,-33.8125,563
564,1695899469028,-0.6328125,-1.13964844,1.2607422,0.5,-0.84375,-0.375,0.0,0.0,0.0,564
565,1695899469059,-0.625,-1.1582031000000002,1.265625,-0.125,-0.84375,-0.625,0.0,0.0,0.0,565
566,1695899469147,-0.62792969,-1.140625,1.2763672,-0.34375,-0.59375,-0.375,0.0,0.0,0.0,566
567,1695899469150,-0.63378906,-1.140625,1.2626953,-0.125,0.28125,-0.125,0.0,0.0,0.0,567
568,1695899469178,-0.623046875,-1.1484375,1.2607422,0.25,-0.84375,-0.4375,0.0,0.0,0.0,568
569,1695899469237,-0.62988281,-1.1542968999999998,1.2607422,-0.3125,0.9375,-0.375,0.0,0.0,0.0,569
570,1695899469268,-0.62890625,-1.1542968999999998,1.2841797,-0.71875,0.75,-0.8125,0.0,0.0,0.0,570
571,1695899469299,-0.62988281,-1.1347656000000002,1.27246094,0.1875,0.5,-0.125,0.0,0.0,0.0,571
572,1695899469358,-0.63183594,-1.14160156,1.2734375,-0.0625,0.21875,0.3125,0.0,0.0,0.0,572
573,1695899469388,-0.63574219,-1.14160156,1.265625,-0.90625,-0.03125,0.40625,0.0,0.0,0.0,573
574,1695899469418,-0.62011719,-1.1464843999999998,1.265625,-0.0625,-0.46875,0.65625,0.0,0.0,0.0,574
575,1695899469478,-0.62207031,-1.1328125,1.2607422,-0.71875,0.625,-0.1875,0.0,0.0,0.0,575
576,1695899469508,-0.63378906,-1.1435547,1.27441406,-0.1875,0.15625,0.1875,-24.125,-107.5,-34.4375,576
577,1695899469539,-0.62792969,-1.1542968999999998,1.27734375,-0.96875,1.3125,-1.15625,0.0,0.0,0.0,577
578,1695899469598,-0.623046875,-1.14160156,1.26660156,-1.09375,-0.03125,-0.25,0.0,0.0,0.0,578
579,1695899469628,-0.62792969,-1.17089844,1.2441406000000002,0.75,-0.9375,1.46875,0.0,0.0,0.0,579
580,1695899469659,-0.63476562,-1.16308594,1.26660156,1.21875,-0.09375,1.8125,0.0,0.0,0.0,580
581,1695899469716,-0.63574219,-1.1591797,1.27246094,1.46875,-0.09375,1.40625,0.0,0.0,0.0,581
582,1695899469747,-0.640625,-1.13671875,1.2783203,1.15625,1.75,-0.25,0.0,0.0,0.0,582
583,1695899469779,-0.63476562,-1.1201172,1.26953125,0.0,1.1875,0.46875,0.0,0.0,0.0,583
584,1695899469839,-0.63671875,-1.1279297,1.2841797,-1.03125,0.5,0.46875,0.0,0.0,0.0,584
585,1695899469897,-0.62890625,-1.140625,1.26953125,-1.28125,-0.71875,1.03125,0.0,0.0,0.0,585
586,1695899469900,-0.63671875,-1.13964844,1.2578125,-0.53125,-0.71875,0.65625,0.0,0.0,0.0,586
587,1695899469959,-0.640625,-1.1376953,1.2441406000000002,-0.59375,-0.9375,-0.4375,0.0,0.0,0.0,587
588,1695899469988,-0.62890625,-1.16503906,1.25878906,0.3125,-0.03125,-0.375,-24.4375,-104.5,-34.6875,588
589,1695899470018,-0.63964844,-1.1591797,1.265625,0.375,0.625,-0.75,0.0,0.0,0.0,589
590,1695899470080,-0.63671875,-1.14453125,1.26171875,0.875,0.46875,-0.5625,0.0,0.0,0.0,590
591,1695899470108,-0.63476562,-1.1347656000000002,1.2734375,-0.46875,-0.40625,-1.09375,0.0,0.0,0.0,591
592,1695899470137,-0.62597656,-1.1425781000000002,1.25683594,-0.65625,-0.84375,-0.1875,0.0,0.0,0.0,592
593,1695899470199,-0.63964844,-1.1425781000000002,1.27441406,-0.3125,-0.71875,0.0,0.0,0.0,0.0,593
594,1695899470228,-0.6328125,-1.1455078,1.2714843999999998,-0.84375,-0.09375,-0.8125,0.0,0.0,0.0,594
595,1695899470258,-0.62597656,-1.14941406,1.28125,-0.78125,-0.40625,-1.40625,0.0,0.0,0.0,595
596,1695899470319,-0.623046875,-1.16796875,1.2841797,-0.34375,0.34375,-0.375,0.0,0.0,0.0,596
597,1695899470349,-0.62207031,-1.14746094,1.2626953,-0.78125,0.09375,0.125,0.0,0.0,0.0,597
598,1695899470377,-0.623046875,-1.1425781000000002,1.265625,0.0625,0.625,0.25,0.0,0.0,0.0,598
599,1695899470438,-0.63085938,-1.1542968999999998,1.2626953,-0.25,0.625,0.46875,0.0,0.0,0.0,599
600,1695899470468,-0.62988281,-1.1435547,1.2519531000000002,0.125,0.5,0.0,0.0,0.0,0.0,600
601,1695899470499,-0.62890625,-1.1513672,1.2636718999999998,0.1875,0.15625,0.59375,-24.4375,-105.5625,-34.4375,601
602,1695899470560,-0.63378906,-1.15234375,1.2675781000000002,0.3125,-0.71875,0.40625,0.0,0.0,0.0,602
603,1695899470590,-0.640625,-1.140625,1.2548828,0.3125,-0.15625,0.3125,0.0,0.0,0.0,603
604,1695899470620,-0.63378906,-1.15234375,1.2734375,0.0625,-0.03125,0.0,0.0,0.0,0.0,604
605,1695899470679,-0.62207031,-1.14160156,1.2636718999999998,-0.0625,0.09375,-0.25,0.0,0.0,0.0,605
606,1695899470709,-0.62695312,-1.1533203,1.2597656000000002,0.125,0.15625,0.3125,0.0,0.0,0.0,606
607,1695899470739,-0.62597656,-1.14453125,1.2675781000000002,-0.125,0.34375,0.78125,0.0,0.0,0.0,607
608,1695899470800,-0.63574219,-1.1484375,1.25683594,-1.03125,0.46875,-0.25,0.0,0.0,0.0,608
609,1695899470829,-0.61816406,-1.14453125,1.265625,0.625,0.09375,-0.0625,0.0,0.0,0.0,609
610,1695899470857,-0.62792969,-1.14160156,1.25683594,-0.53125,0.15625,0.0,0.0,0.0,0.0,610
611,1695899470919,-0.625,-1.1425781000000002,1.2607422,0.1875,0.46875,0.3125,0.0,0.0,0.0,611
612,1695899470952,-0.62988281,-1.15234375,1.27734375,-0.46875,0.09375,0.1875,0.0,0.0,0.0,612
613,1695899470978,-0.62695312,-1.1464843999999998,1.265625,0.0,-0.15625,0.40625,-23.6875,-104.9375,-34.6875,613
614,1695899471039,-0.63378906,-1.1513672,1.2626953,0.1875,-0.03125,0.1875,0.0,0.0,0.0,614
615,1695899471070,-0.63183594,-1.1425781000000002,1.2626953,0.375,-0.15625,0.0,0.0,0.0,0.0,615
616,1695899471098,-0.62988281,-1.14160156,1.2763672,0.125,0.28125,-0.0625,0.0,0.0,0.0,616
617,1695899471159,-0.62695312,-1.14160156,1.25097656,-0.46875,0.40625,-0.5,0.0,0.0,0.0,617
618,1695899471188,-0.64453125,-1.14453125,1.2636718999999998,0.0,-0.03125,-0.1875,0.0,0.0,0.0,618
619,1695899471218,-0.63085938,-1.13671875,1.2548828,-0.34375,-0.15625,-0.625,0.0,0.0,0.0,619
620,1695899471308,-0.63964844,-1.1503906000000002,1.26660156,0.5,-0.28125,-0.5,0.0,0.0,0.0,620
621,1695899471311,-0.62890625,-1.14160156,1.2636718999999998,-0.40625,-0.09375,-0.375,0.0,0.0,0.0,621
622,1695899471339,-0.623046875,-1.13671875,1.2548828,0.875,-0.71875,1.6875,0.0,0.0,0.0,622
623,1695899471429,-0.615234375,-1.1298828,1.2792968999999998,1.59375,0.28125,1.34375,0.0,0.0,0.0,623
624,1695899471432,-0.619140625,-1.1591797,1.296875,-0.84375,1.6875,1.21875,0.0,0.0,0.0,624
625,1695899471459,-0.6171875,-1.15625,1.27734375,-1.21875,0.09375,0.25,0.0,0.0,0.0,625
626,1695899471519,-0.64746094,-1.15722656,1.25,-1.875,1.125,-0.375,-24.3125,-106.1875,-33.1875,626
627,1695899471550,-0.64453125,-1.1269531000000002,1.2470703,-0.78125,0.28125,0.0625,0.0,0.0,0.0,627
628,1695899471580,-0.64746094,-1.15234375,1.2783203,0.5,-0.84375,0.375,0.0,0.0,0.0,628
629,1695899471639,-0.6328125,-1.1464843999999998,1.2597656000000002,0.6875,-1.125,-0.96875,0.0,0.0,0.0,629
630,1695899471668,-0.63476562,-1.1513672,1.26171875,0.125,-0.40625,-1.34375,0.0,0.0,0.0,630
631,1695899471698,-0.615234375,-1.13964844,1.265625,0.5,0.15625,-0.5625,0.0,0.0,0.0,631
632,1695899471757,-0.63183594,-1.140625,1.2626953,-0.0625,-0.21875,-0.25,0.0,0.0,0.0,632
633,1695899471789,-0.62109375,-1.1582031000000002,1.2705078,0.5,-0.46875,-0.96875,0.0,0.0,0.0,633
634,1695899471819,-0.61816406,-1.14453125,1.27734375,0.625,-0.59375,0.375,0.0,0.0,0.0,634
635,1695899471879,-0.63964844,-1.14453125,1.28027344,-0.84375,0.8125,0.40625,0.0,0.0,0.0,635
636,1695899471909,-0.62988281,-1.1484375,1.2734375,-0.1875,-0.40625,-0.0625,0.0,0.0,0.0,636
637,1695899471939,-0.62695312,-1.1455078,1.25,0.375,0.34375,0.53125,0.0,0.0,0.0,637
638,1695899472001,-0.62792969,-1.1386718999999998,1.2714843999999998,-0.3125,1.0,-0.5,-24.625,-104.6875,-33.5,638
639,1695899472028,-0.63964844,-1.14453125,1.2597656000000002,0.5625,-0.59375,-0.125,0.0,0.0,0.0,639
640,1695899472058,-0.63183594,-1.1425781000000002,1.2578125,-0.65625,-0.03125,-0.90625,0.0,0.0,0.0,640
641,1695899472118,-0.63085938,-1.13671875,1.2607422,0.1875,-0.34375,-0.875,0.0,0.0,0.0,641
642,1695899472179,-0.64550781,-1.15527344,1.27441406,-0.46875,-0.03125,-0.6875,0.0,0.0,0.0,642
643,1695899472182,-0.61035156,-1.140625,1.2763672,0.625,-0.34375,-0.90625,0.0,0.0,0.0,643
644,1695899472239,-0.63476562,-1.15722656,1.27734375,0.125,0.03125,-0.0625,0.0,0.0,0.0,644
645,1695899472269,-0.63085938,-1.1386718999999998,1.2675781000000002,-0.1875,-0.21875,-0.8125,0.0,0.0,0.0,645
646,1695899472299,-0.62109375,-1.14453125,1.26464844,0.8125,-0.71875,0.375,0.0,0.0,0.0,646
647,1695899472359,-0.640625,-1.1425781000000002,1.2558593999999998,-0.84375,1.125,0.0,0.0,0.0,0.0,647
648,1695899472389,-0.6328125,-1.1455078,1.2783203,0.96875,0.15625,0.0625,0.0,0.0,0.0,648
649,1695899472419,-0.62597656,-1.1513672,1.25683594,-1.09375,0.21875,-0.1875,0.0,0.0,0.0,649
650,1695899472479,-0.62890625,-1.12890625,1.28027344,-0.0625,0.21875,-0.0625,0.0,0.0,0.0,650
651,1695899472508,-0.6171875,-1.14746094,1.2705078,0.0625,-0.34375,0.53125,-23.5625,-105.125,-33.8125,651
652,1695899472538,-0.62695312,-1.1513672,1.26660156,-0.125,0.21875,0.78125,0.0,0.0,0.0,652
653,1695899472599,-0.63183594,-1.1503906000000002,1.28222656,0.25,0.15625,0.90625,0.0,0.0,0.0,653
654,1695899472629,-0.63378906,-1.14746094,1.27734375,-0.0625,0.5,0.59375,0.0,0.0,0.0,654
655,1695899472659,-0.63085938,-1.14453125,1.2705078,-0.0625,0.15625,0.53125,0.0,0.0,0.0,655
656,1695899472717,-0.64160156,-1.14453125,1.2558593999999998,-0.46875,0.6875,0.40625,0.0,0.0,0.0,656
657,1695899472747,-0.63378906,-1.1386718999999998,1.26171875,-0.25,0.09375,0.25,0.0,0.0,0.0,657
658,1695899472777,-0.62402344,-1.1503906000000002,1.26660156,-0.40625,-0.03125,0.65625,0.0,0.0,0.0,658
659,1695899472838,-0.62988281,-1.14941406,1.26660156,-0.46875,0.34375,0.96875,0.0,0.0,0.0,659
660,1695899472867,-0.62695312,-1.1357422,1.2832031000000002,-1.09375,0.21875,0.46875,0.0,0.0,0.0,660
661,1695899472899,-0.62792969,-1.1513672,1.27246094,-0.71875,0.28125,1.46875,0.0,0.0,0.0,661
662,1695899472958,-0.63183594,-1.14746094,1.26660156,0.25,0.28125,1.40625,0.0,0.0,0.0,662
663,1695899472989,-0.64257812,-1.15234375,1.2783203,-1.09375,0.46875,0.1875,-25.1875,-105.5625,-33.6875,663
664,1695899473049,-0.63183594,-1.1347656000000002,1.25683594,0.25,0.03125,0.125,0.0,0.0,0.0,664
665,1695899473079,-0.63671875,-1.1455078,1.2607422,-0.53125,0.75,0.375,0.0,0.0,0.0,665
666,1695899473108,-0.6328125,-1.1425781000000002,1.2607422,0.375,-0.28125,0.3125,0.0,0.0,0.0,666
667,1695899473139,-0.63476562,-1.14941406,1.2705078,-0.59375,-0.15625,0.0625,0.0,0.0,0.0,667
668,1695899473199,-0.63378906,-1.1513672,1.25683594,-0.59375,0.21875,-0.625,0.0,0.0,0.0,668
669,1695899473229,-0.63476562,-1.13671875,1.25,-0.25,0.09375,-0.625,0.0,0.0,0.0,669
670,1695899473258,-0.63476562,-1.1455078,1.2734375,0.3125,-0.71875,-0.3125,0.0,0.0,0.0,670
671,1695899473318,-0.62988281,-1.1513672,1.2607422,0.5625,-0.34375,-0.25,0.0,0.0,0.0,671
672,1695899473347,-0.63867188,-1.15722656,1.2783203,-0.96875,0.46875,-0.6875,0.0,0.0,0.0,672
673,1695899473378,-0.62597656,-1.1464843999999998,1.26464844,0.0,0.21875,-0.8125,0.0,0.0,0.0,673
674,1695899473439,-0.64453125,-1.1435547,1.2626953,-0.0625,0.9375,-0.5625,0.0,0.0,0.0,674
675,1695899473468,-0.63671875,-1.1435547,1.2734375,-0.1875,1.625,-1.34375,-25.375,-104.375,-33.5,675
676,1695899473497,-0.6328125,-1.1513672,1.2753906000000002,-0.84375,1.5625,-1.59375,0.0,0.0,0.0,676
677,1695899473559,-0.63378906,-1.14746094,1.2578125,-0.90625,0.75,-1.71875,0.0,0.0,0.0,677
678,1695899473591,-0.63574219,-1.1425781000000002,1.26464844,-0.34375,-0.28125,-0.8125,0.0,0.0,0.0,678
679,1695899473617,-0.63964844,-1.1435547,1.24609375,0.0625,-0.65625,-1.21875,0.0,0.0,0.0,679
680,1695899473709,-0.62597656,-1.1464843999999998,1.2636718999999998,0.1875,-0.78125,-0.6875,0.0,0.0,0.0,680
681,1695899473711,-0.62597656,-1.1484375,1.25683594,-0.0625,0.15625,-1.59375,0.0,0.0,0.0,681
682,1695899473738,-0.63671875,-1.1513672,1.25683594,-1.15625,0.21875,-1.28125,0.0,0.0,0.0,682
683,1695899473800,-0.63183594,-1.1533203,1.28027344,-0.125,-0.03125,-0.6875,0.0,0.0,0.0,683
684,1695899473829,-0.63183594,-1.1464843999999998,1.26660156,-0.3125,-0.9375,-0.5625,0.0,0.0,0.0,684
685,1695899473859,-0.62792969,-1.14941406,1.2714843999999998,0.0625,-0.03125,-0.375,0.0,0.0,0.0,685
686,1695899473919,-0.62890625,-1.1464843999999998,1.26660156,-0.46875,-0.21875,-0.5,0.0,0.0,0.0,686
687,1695899473949,-0.62695312,-1.16015625,1.2548828,-0.53125,0.40625,-0.1875,0.0,0.0,0.0,687
688,1695899473978,-0.64160156,-1.14941406,1.27441406,0.0,-0.53125,-0.6875,-25.1875,-107.0625,-32.625,688
689,1695899474039,-0.623046875,-1.15625,1.2578125,0.0,-0.53125,-0.90625,0.0,0.0,0.0,689
690,1695899474069,-0.64550781,-1.1503906000000002,1.2636718999999998,0.125,-0.9375,0.125,0.0,0.0,0.0,690
691,1695899474098,-0.60644531,-1.16503906,1.2578125,0.9375,-0.84375,-0.90625,0.0,0.0,0.0,691
692,1695899474158,-0.62792969,-1.1503906000000002,1.2578125,2.3125,0.46875,1.8125,0.0,0.0,0.0,692
693,1695899474188,-0.61328125,-1.12597656,1.2763672,1.09375,1.375,-0.5625,0.0,0.0,0.0,693
694,1695899474219,-0.61328125,-1.14160156,1.2783203,-0.0625,1.84375,0.65625,0.0,0.0,0.0,694
695,1695899474277,-0.62890625,-1.12597656,1.25,0.25,1.6875,1.21875,0.0,0.0,0.0,695
696,1695899474308,-0.63085938,-1.14160156,1.2714843999999998,-0.125,0.6875,1.6875,0.0,0.0,0.0,696
697,1695899474339,-0.62402344,-1.12890625,1.26171875,-1.40625,-0.15625,1.6875,0.0,0.0,0.0,697
698,1695899474398,-0.62792969,-1.16308594,1.2685547,-0.53125,0.09375,2.8125,0.0,0.0,0.0,698
699,1695899474459,-0.63671875,-1.1542968999999998,1.2685547,-1.34375,0.46875,2.3125,0.0,0.0,0.0,699
700,1695899474462,-0.63476562,-1.14453125,1.2578125,-0.65625,0.5625,2.8125,-23.125,-104.375,-34.25,700
701,1695899474517,-0.64160156,-1.1542968999999998,1.2548828,0.625,0.40625,1.46875,0.0,0.0,0.0,701
702,1695899474549,-0.63769531,-1.1455078,1.2675781000000002,-1.46875,1.78125,0.3125,0.0,0.0,0.0,702
703,1695899474578,-0.63671875,-1.14453125,1.2763672,0.4375,0.5,0.40625,0.0,0.0,0.0,703
704,1695899474639,-0.64550781,-1.1503906000000002,1.2519531000000002,-1.59375,0.75,0.40625,0.0,0.0,0.0,704
705,1695899474670,-0.63378906,-1.13183594,1.2675781000000002,-0.65625,-0.09375,-0.4375,0.0,0.0,0.0,705
706,1695899474698,-0.64453125,-1.15625,1.2675781000000002,-0.71875,-0.21875,0.1875,0.0,0.0,0.0,706
707,1695899474758,-0.63476562,-1.1591797,1.25683594,-0.65625,-1.25,-0.375,0.0,0.0,0.0,707
708,1695899474789,-0.63085938,-1.14941406,1.26953125,0.125,-0.53125,-0.3125,0.0,0.0,0.0,708
709,1695899474819,-0.63867188,-1.1669922,1.2705078,-0.3125,-0.53125,-0.5625,0.0,0.0,0.0,709
710,1695899474878,-0.63867188,-1.1533203,1.2470703,0.75,0.09375,-0.90625,0.0,0.0,0.0,710
711,1695899474908,-0.64160156,-1.1464843999999998,1.2714843999999998,0.75,0.03125,-0.625,0.0,0.0,0.0,711
712,1695899474938,-0.64160156,-1.13378906,1.27246094,-0.40625,0.5,-1.09375,0.0,0.0,0.0,712
713,1695899474998,-0.619140625,-1.1464843999999998,1.2636718999999998,0.5,-0.03125,-0.8125,-25.0625,-106.4375,-33.8125,713
714,1695899475028,-0.63476562,-1.14941406,1.26660156,-1.09375,0.09375,-0.375,0.0,0.0,0.0,714
715,1695899475059,-0.62890625,-1.14160156,1.2548828,-0.34375,-0.40625,-0.6875,0.0,0.0,0.0,715
716,1695899475119,-0.64257812,-1.1484375,1.28222656,0.5,-0.78125,-0.0625,0.0,0.0,0.0,716
717,1695899475148,-0.63476562,-1.1660156000000002,1.2558593999999998,-0.46875,0.46875,-0.625,0.0,0.0,0.0,717
718,1695899475180,-0.62890625,-1.140625,1.2626953,1.03125,0.21875,-0.8125,0.0,0.0,0.0,718
719,1695899475237,-0.640625,-1.14941406,1.2714843999999998,1.40625,-0.21875,-1.15625,0.0,0.0,0.0,719
720,1695899475267,-0.62988281,-1.13964844,1.2734375,-0.59375,0.28125,-2.625,0.0,0.0,0.0,720
721,1695899475298,-0.62597656,-1.16308594,1.27734375,0.375,-0.59375,-1.03125,0.0,0.0,0.0,721
722,1695899475358,-0.61328125,-1.1533203,1.2685547,0.4375,-1.3125,0.46875,0.0,0.0,0.0,722
723,1695899475387,-0.63183594,-1.140625,1.25390625,-0.40625,0.46875,0.0,0.0,0.0,0.0,723
724,1695899475419,-0.625,-1.14160156,1.2763672,0.25,-0.9375,-0.3125,0.0,0.0,0.0,724
725,1695899475479,-0.62109375,-1.1591797,1.27246094,-0.1875,-0.65625,0.71875,-24.4375,-105.5625,-34.6875,725
726,1695899475508,-0.62890625,-1.1660156000000002,1.2832031000000002,0.375,0.46875,1.53125,0.0,0.0,0.0,726
727,1695899475539,-0.63867188,-1.14941406,1.265625,-0.40625,0.03125,1.21875,0.0,0.0,0.0,727
728,1695899475600,-0.63476562,-1.14941406,1.2626953,0.25,0.46875,1.21875,0.0,0.0,0.0,728
729,1695899475628,-0.63476562,-1.14746094,1.26660156,-0.1875,1.25,0.40625,0.0,0.0,0.0,729
730,1695899475658,-0.6328125,-1.1376953,1.2675781000000002,1.15625,0.21875,0.84375,0.0,0.0,0.0,730
731,1695899475719,-0.63769531,-1.1386718999999998,1.26171875,-0.125,-0.15625,0.375,0.0,0.0,0.0,731
732,1695899475747,-0.625,-1.13964844,1.265625,0.0625,-0.40625,1.03125,0.0,0.0,0.0,732
733,1695899475777,-0.62402344,-1.1591797,1.2705078,-1.03125,-0.28125,0.65625,0.0,0.0,0.0,733
734,1695899475840,-0.61816406,-1.1425781000000002,1.27246094,0.1875,-0.46875,0.53125,0.0,0.0,0.0,734
735,1695899475869,-0.63476562,-1.14746094,1.2714843999999998,-0.0625,-0.21875,0.40625,0.0,0.0,0.0,735
736,1695899475897,-0.62597656,-1.1425781000000002,1.28515625,-0.34375,-0.09375,0.125,0.0,0.0,0.0,736
737,1695899476019,-0.63183594,-1.1435547,1.26660156,0.5,0.15625,-0.25,0.0,0.0,0.0,737
738,1695899476022,-0.62792969,-1.1464843999999998,1.27246094,-0.40625,-0.03125,0.1875,-25.0625,-106.1875,-34.5625,738
739,1695899476023,-0.62890625,-1.13671875,1.26464844,-0.3125,0.03125,0.125,0.0,0.0,0.0,739
740,1695899476080,-0.63183594,-1.1425781000000002,1.2548828,-0.40625,-0.03125,0.1875,0.0,0.0,0.0,740
741,1695899476109,-0.6328125,-1.14453125,1.2597656000000002,-0.125,-0.40625,-0.0625,0.0,0.0,0.0,741
742,1695899476139,-0.63183594,-1.1533203,1.2675781000000002,0.1875,0.03125,-0.0625,0.0,0.0,0.0,742
743,1695899476198,-0.63085938,-1.1513672,1.26171875,-0.59375,0.625,0.125,0.0,0.0,0.0,743
744,1695899476228,-0.63769531,-1.1376953,1.2714843999999998,0.0625,-0.15625,-0.3125,0.0,0.0,0.0,744
745,1695899476258,-0.63378906,-1.15625,1.2578125,0.0,-0.46875,0.3125,0.0,0.0,0.0,745
746,1695899476318,-0.63671875,-1.1435547,1.2714843999999998,-0.0625,0.46875,-0.125,0.0,0.0,0.0,746
747,1695899476349,-0.62890625,-1.14453125,1.2705078,-0.46875,-0.21875,-0.125,0.0,0.0,0.0,747
748,1695899476377,-0.62988281,-1.14941406,1.2558593999999998,-0.40625,0.09375,-0.25,0.0,0.0,0.0,748
749,1695899476439,-0.62890625,-1.14746094,1.2705078,-0.0625,0.15625,0.40625,0.0,0.0,0.0,749
750,1695899476469,-0.63769531,-1.15527344,1.2783203,-0.40625,0.21875,0.3125,-24.4375,-105.5625,-32.625,750
751,1695899476498,-0.63769531,-1.1464843999999998,1.2714843999999998,-0.125,0.09375,0.0,0.0,0.0,0.0,751
752,1695899476559,-0.63964844,-1.1513672,1.24609375,-0.46875,0.28125,-0.375,0.0,0.0,0.0,752
753,1695899476589,-0.63476562,-1.1484375,1.24902344,-0.40625,0.09375,0.53125,0.0,0.0,0.0,753
754,1695899476618,-0.62988281,-1.140625,1.2578125,0.125,0.34375,0.1875,0.0,0.0,0.0,754
755,1695899476679,-0.62695312,-1.14746094,1.2675781000000002,0.6875,-0.46875,0.125,0.0,0.0,0.0,755
756,1695899476739,-0.63574219,-1.1435547,1.2558593999999998,-1.28125,0.40625,-0.75,0.0,0.0,0.0,756
757,1695899476742,-0.63476562,-1.14453125,1.25683594,0.8125,-0.40625,-0.1875,0.0,0.0,0.0,757
758,1695899476798,-0.63574219,-1.15722656,1.2626953,-0.90625,-0.03125,-0.1875,0.0,0.0,0.0,758
759,1695899476828,-0.62792969,-1.14941406,1.26464844,0.5,-0.53125,0.125,0.0,0.0,0.0,759
