,timestamp,accel_x,accel_y,accel_z,gyro_x,gyro_y,gyro_z,ind
0,1695837774021,0.5488281,-0.101867676,0.82562256,-1.390625,3.96875,0.953125,0
1,1695837774061,0.5817871,-0.12017822,0.8241577,-0.59375,3.984375,0.78125,1
2,1695837774101,0.592041,-0.1182251,0.8204956,-1.390625,0.640625,-0.46875,2
3,1695837774141,0.60424805,-0.10845947,0.8187866,-2.6875,-1.546875,-1.5,3
4,1695837774181,0.5830078,-0.09942627,0.8119507,-3.640625,-2.328125,-1.984375,4
5,1695837774221,0.560791,-0.10089111,0.7941284,-3.21875,-1.796875,-2.375,5
6,1695837774261,0.5600586,-0.08306885,0.7965698,-2.15625,-1.84375,-2.78125,6
7,1695837774301,0.564209,-0.09161377,0.8041382,-0.53125,-0.90625,-2.46875,7
8,1695837774341,0.5734863,-0.105773926,0.80926514,-0.890625,-0.53125,-2.28125,8
9,1695837774381,0.57470703,-0.10089111,0.80999756,-2.359375,-2.625,-2.1875,9
10,1695837774421,0.5822754,-0.09112549,0.8143921,-2.671875,-2.15625,-2.109375,10
11,1695837774461,0.55615234,-0.09283447,0.8331909,-2.40625,-1.3125,-1.75,11
12,1695837774501,0.5563965,-0.101623535,0.80804443,-4.1875,-1.25,-1.9375,12
13,1695837774541,0.5605469,-0.08428955,0.82147217,-0.09375,-1.84375,-1.953125,13
14,1695837774581,0.5734863,-0.093566895,0.8295288,-1.96875,-0.625,-2.15625,14
15,1695837774621,0.5559082,-0.10601807,0.82977295,-0.265625,-0.140625,-1.3125,15
16,1695837774661,0.5534668,-0.12017822,0.8287964,-0.4375,-0.96875,-1.0,16
17,1695837774701,0.5541992,-0.11846924,0.82611084,-2.25,-1.921875,-1.625,17
18,1695837774741,0.54467773,-0.097717285,0.82440186,-2.375,-2.71875,-1.6875,18
19,1695837774781,0.54711914,-0.10308838,0.8253784,-2.265625,-2.5625,-1.46875,19
20,1695837774821,0.54125977,-0.097961426,0.8258667,-2.8125,-2.46875,-1.28125,20
21,1695837774861,0.54003906,-0.08868408,0.8468628,-2.265625,-1.515625,-1.40625,21
22,1695837774901,0.54125977,-0.10235596,0.84490967,-1.953125,-2.484375,-1.625,22
23,1695837774941,0.53100586,-0.08868408,0.84002686,-2.4375,-3.140625,-1.9375,23
24,1695837774981,0.5263672,-0.09259033,0.8451538,-2.734375,-2.359375,-1.890625,24
25,1695837775021,0.5192871,-0.086242676,0.8456421,-3.140625,-2.3125,-1.65625,25
26,1695837775061,0.517334,-0.09185791,0.8595581,-2.6875,-1.84375,-1.703125,26
27,1695837775101,0.5227051,-0.09942627,0.85858154,-2.078125,-0.515625,-1.703125,27
28,1695837775141,0.52246094,-0.08135986,0.86102295,-1.375,-0.5625,-1.03125,28
29,1695837775181,0.5270996,-0.10650635,0.8366089,-1.09375,-0.078125,0.546875,29
30,1695837775221,0.5349121,-0.08648682,0.86102295,0.015625,1.484375,1.078125,30
31,1695837775261,0.51416016,-0.101379395,0.852478,0.59375,1.4375,1.625,31
32,1695837775301,0.51342773,-0.1026001,0.8551636,-1.515625,-1.0625,0.453125,32
33,1695837775341,0.50634766,-0.09552002,0.8432007,-2.203125,-1.734375,0.328125,33
34,1695837775381,0.52905273,-0.082092285,0.85076904,-2.6875,-2.328125,0.015625,34
35,1695837775421,0.53149414,-0.07305908,0.84246826,-2.15625,-2.4375,-0.4375,35
36,1695837775461,0.50634766,-0.04840088,0.852478,-1.703125,-2.125,-0.921875,36
37,1695837775501,0.49243164,-0.06524658,0.8522339,-0.859375,-2.015625,-1.015625,37
38,1695837775541,0.5109863,-0.07354736,0.85369873,-0.78125,-1.703125,-1.1875,38
39,1695837775581,0.51171875,-0.0791626,0.8710327,-1.484375,-1.171875,-0.8125,39
40,1695837775621,0.5036621,-0.07891846,0.8673706,-1.953125,-1.1875,-0.5,40
41,1695837775661,0.50439453,-0.08111572,0.855896,-2.171875,-1.375,-0.734375,41
42,1695837775701,0.4934082,-0.078186035,0.8595581,-1.53125,-0.703125,-0.6875,42
43,1695837775741,0.50683594,-0.08306885,0.8617554,-2.78125,-0.71875,-0.828125,43
44,1695837775781,0.5048828,-0.07476807,0.87054443,0.34375,-0.859375,-0.875,44
45,1695837775821,0.49975586,-0.06866455,0.86273193,-1.625,-2.859375,-1.15625,45
46,1695837775861,0.48999023,-0.07965088,0.869812,0.109375,-0.609375,-0.84375,46
47,1695837775901,0.484375,-0.082336426,0.86883545,-0.09375,-0.6875,-1.03125,47
48,1695837775941,0.49072266,-0.07623291,0.87005615,-1.125,-0.890625,-1.171875,48
49,1695837775981,0.49047852,-0.06402588,0.87054443,-0.03125,0.890625,-0.59375,49
50,1695837776021,0.49291992,-0.06964111,0.86712646,1.078125,2.375,-0.03125,50
51,1695837776061,0.49780273,-0.074523926,0.86590576,-0.046875,0.546875,-0.578125,51
52,1695837776101,0.49047852,-0.07281494,0.8678589,0.296875,1.53125,-0.578125,52
53,1695837776141,0.48950195,-0.07745361,0.86273193,1.296875,1.0625,-0.375,53
54,1695837776181,0.4975586,-0.08721924,0.8722534,1.015625,0.96875,-0.28125,54
55,1695837776221,0.49926758,-0.08746338,0.8722534,0.40625,1.46875,-0.234375,55
56,1695837776261,0.49731445,-0.089660645,0.85687256,-0.75,0.640625,-0.25,56
57,1695837776301,0.4934082,-0.082092285,0.86883545,1.15625,1.015625,-0.28125,57
58,1695837776341,0.50927734,-0.089416504,0.8668823,-0.5,1.625,-0.46875,58
59,1695837776381,0.5041504,-0.07672119,0.87054443,1.4375,1.390625,-0.34375,59
60,1695837776421,0.5046387,-0.089660645,0.84002686,-0.734375,0.625,-0.46875,60
61,1695837776461,0.49536133,-0.08892822,0.8607788,1.5625,2.09375,-0.09375,61
62,1695837776501,0.49658203,-0.101623535,0.8637085,1.265625,1.65625,-0.109375,62
63,1695837776541,0.5151367,-0.09698486,0.8661499,0.03125,0.640625,-0.453125,63
64,1695837776581,0.5107422,-0.09307861,0.86517334,-0.0625,0.65625,-0.5625,64
65,1695837776621,0.50268555,-0.08502197,0.8607788,0.171875,1.5625,-0.234375,65
66,1695837776661,0.5036621,-0.09698486,0.84954834,-0.1875,1.09375,-0.515625,66
67,1695837776701,0.5070801,-0.093322754,0.85858154,0.296875,1.53125,-0.578125,67
68,1695837776741,0.49804688,-0.10015869,0.8563843,0.40625,2.390625,-0.140625,68
69,1695837776781,0.5095215,-0.10015869,0.8488159,0.546875,1.671875,0.0625,69
70,1695837776821,0.5136719,-0.09698486,0.8517456,0.5,1.421875,-0.03125,70
71,1695837776861,0.5209961,-0.08843994,0.8488159,-0.15625,1.484375,-0.1875,71
72,1695837776901,0.5180664,-0.09918213,0.8473511,0.078125,1.34375,-0.390625,72
73,1695837776941,0.5192871,-0.09234619,0.8529663,0.984375,1.75,-0.15625,73
74,1695837776981,0.52490234,-0.11260986,0.8446655,-0.796875,1.71875,-0.46875,74
75,1695837777021,0.5229492,-0.09552002,0.86053467,1.71875,1.171875,-0.515625,75
76,1695837777061,0.5222168,-0.10626221,0.8319702,-1.171875,1.453125,-0.375,76
77,1695837777101,0.5163574,-0.10357666,0.8500366,1.140625,2.625,-0.03125,77
78,1695837777141,0.5280762,-0.121398926,0.84368896,1.75,2.953125,-0.046875,78
79,1695837777181,0.5366211,-0.112854004,0.85028076,0.5,1.1875,-0.21875,79
80,1695837777221,0.53027344,-0.10015869,0.8468628,0.125,1.015625,-0.296875,80
81,1695837777261,0.53271484,-0.10430908,0.84051514,0.421875,1.71875,-0.171875,81
82,1695837777301,0.5336914,-0.10992432,0.83709717,0.328125,1.625,-0.28125,82
83,1695837777341,0.53466797,-0.11114502,0.83636475,0.53125,1.390625,-0.21875,83
84,1695837777381,0.53466797,-0.116760254,0.836853,0.421875,1.828125,-0.109375,84
85,1695837777421,0.5402832,-0.117248535,0.83465576,0.734375,1.53125,-0.046875,85
86,1695837777461,0.5373535,-0.11968994,0.838562,0.640625,1.671875,0.078125,86
87,1695837777501,0.5449219,-0.11187744,0.8265991,-0.171875,1.21875,-0.140625,87
88,1695837777541,0.54345703,-0.1104126,0.836853,0.40625,1.5625,-0.171875,88
89,1695837777581,0.54785156,-0.120666504,0.8319702,0.625,1.5,0.03125,89
90,1695837777621,0.5449219,-0.12042236,0.83026123,0.515625,1.96875,-0.078125,90
91,1695837777661,0.54541016,-0.12896729,0.81707764,-0.609375,1.3125,-0.265625,91
92,1695837777701,0.5493164,-0.11260986,0.8456421,1.0,1.171875,-0.34375,92
93,1695837777741,0.5551758,-0.12677002,0.8131714,-1.265625,0.984375,-0.078125,93
94,1695837777781,0.5439453,-0.10235596,0.8270874,0.421875,2.65625,0.25,94
95,1695837777821,0.5517578,-0.11968994,0.8305054,1.71875,3.890625,0.453125,95
96,1695837777861,0.55615234,-0.14019775,0.8287964,0.984375,1.890625,-0.125,96
97,1695837777901,0.5708008,-0.12652588,0.8265991,-0.296875,0.390625,-0.5625,97
98,1695837777941,0.564209,-0.11602783,0.81585693,-0.96875,0.09375,-0.1875,98
99,1695837777981,0.5559082,-0.12164307,0.8163452,-0.796875,0.8125,-0.25,99
100,1695837778021,0.5517578,-0.12017822,0.8161011,-0.640625,0.375,-0.078125,100
101,1695837778061,0.55688477,-0.11895752,0.8217163,-0.265625,1.0625,-0.09375,101
102,1695837778101,0.55615234,-0.12677002,0.81365967,-0.296875,0.84375,-0.171875,102
103,1695837778141,0.55737305,-0.12896729,0.8251343,0.171875,0.65625,-0.046875,103
104,1695837778181,0.5620117,-0.12506104,0.81585693,-0.953125,0.46875,-0.3125,104
105,1695837778221,0.55737305,-0.11968994,0.8200073,-0.6875,0.53125,-0.203125,105
106,1695837778261,0.56030273,-0.12017822,0.81951904,-0.140625,0.703125,-0.390625,106
107,1695837778301,0.5605469,-0.13067627,0.81829834,-0.625,0.125,-0.390625,107
108,1695837778341,0.55981445,-0.12237549,0.81781006,-1.015625,-0.28125,-0.515625,108
109,1695837778381,0.56640625,-0.13067627,0.82147217,-1.25,-0.703125,-0.75,109
110,1695837778421,0.5600586,-0.1194458,0.83758545,-1.734375,-1.296875,-0.890625,110
111,1695837778461,0.5571289,-0.1350708,0.805603,-2.40625,-2.0,-0.46875,111
112,1695837778501,0.5551758,-0.109680176,0.81951904,-1.71875,-0.96875,-0.484375,112
113,1695837778541,0.5510254,-0.124816895,0.82196045,0.171875,0.828125,-0.421875,113
114,1695837778581,0.5554199,-0.13702393,0.8278198,-0.3125,-0.28125,-0.5,114
115,1695837778621,0.55859375,-0.11553955,0.8278198,-1.9375,-1.8125,-0.984375,115
116,1695837778661,0.55688477,-0.11627197,0.8151245,-2.671875,-2.09375,-0.75,116
117,1695837778701,0.5480957,-0.11456299,0.8180542,-1.921875,-1.09375,-0.5,117
118,1695837778741,0.53515625,-0.113098145,0.82611084,-1.625,-1.453125,-0.546875,118
119,1695837778781,0.5415039,-0.11798096,0.8329468,-1.5,-1.078125,-0.8125,119
120,1695837778821,0.53808594,-0.11846924,0.8336792,-1.1875,-0.796875,-0.625,120
121,1695837778861,0.545166,-0.112854004,0.8331909,-1.28125,-1.25,-0.640625,121
122,1695837778901,0.5383301,-0.10699463,0.83221436,-1.6875,-1.171875,-0.609375,122
123,1695837778941,0.53759766,-0.10675049,0.83636475,-1.578125,-1.078125,-0.6875,123
124,1695837778981,0.5366211,-0.105285645,0.8348999,-1.40625,-0.734375,-0.671875,124
125,1695837779021,0.5305176,-0.108947754,0.8407593,-1.15625,-1.015625,-0.765625,125
126,1695837779061,0.53686523,-0.10626221,0.84417725,-1.59375,-0.890625,-0.71875,126
127,1695837779101,0.53393555,-0.11627197,0.84002686,-1.109375,-0.53125,-0.828125,127
128,1695837779141,0.53808594,-0.09844971,0.8485718,-1.90625,-1.125,-1.015625,128
129,1695837779181,0.5270996,-0.11260986,0.83099365,-1.34375,-0.6875,-0.515625,129
130,1695837779221,0.5283203,-0.09844971,0.8427124,-1.375,-0.4375,-0.625,130
131,1695837779261,0.52490234,-0.11627197,0.8407593,0.53125,0.921875,-0.625,131
132,1695837779301,0.5305176,-0.12164307,0.84368896,-0.625,-0.5,-0.734375,132
133,1695837779341,0.52905273,-0.10675049,0.84954834,-1.765625,-1.0625,-0.65625,133
134,1695837779381,0.52734375,-0.09844971,0.83709717,-1.953125,-1.0625,-0.625,134
135,1695837779421,0.515625,-0.10626221,0.8407593,-0.859375,-0.109375,-0.546875,135
136,1695837779461,0.5234375,-0.10308838,0.8427124,-1.4375,-0.96875,-0.65625,136
137,1695837779501,0.52075195,-0.10455322,0.8497925,-1.28125,0.03125,-0.6875,137
138,1695837779541,0.5202637,-0.11114502,0.84954834,-0.359375,0.0625,-0.53125,138
139,1695837779581,0.52685547,-0.10675049,0.84368896,-0.828125,-0.328125,-0.34375,139
140,1695837779621,0.5292969,-0.1116333,0.84295654,-0.84375,0.03125,-0.34375,140
141,1695837779661,0.5253906,-0.09991455,0.8422241,-0.84375,0.09375,-0.40625,141
142,1695837779701,0.52490234,-0.09991455,0.8463745,-0.234375,0.609375,-0.421875,142
143,1695837779741,0.5175781,-0.10235596,0.8522339,-0.09375,0.546875,-0.5,143
144,1695837779781,0.52319336,-0.10308838,0.8461304,-0.640625,0.359375,-0.484375,144
145,1695837779821,0.51538086,-0.10235596,0.85150146,0.03125,0.59375,-0.375,145
146,1695837779861,0.529541,-0.10479736,0.83880615,-1.78125,0.109375,-0.5625,146
147,1695837779901,0.5253906,-0.10235596,0.84246826,0.3125,0.640625,-0.28125,147
148,1695837779941,0.5385742,-0.10089111,0.84124756,-0.6875,0.875,-0.375,148
149,1695837779981,0.5163574,-0.113342285,0.8456421,1.21875,2.296875,-0.234375,149
150,1695837780021,0.52856445,-0.11578369,0.8461304,0.953125,1.21875,-0.234375,150
151,1695837780061,0.53759766,-0.10772705,0.8439331,-0.65625,0.59375,-0.59375,151
152,1695837780101,0.529541,-0.10211182,0.838562,-0.765625,0.421875,-0.46875,152
153,1695837780141,0.52246094,-0.10601807,0.8427124,0.09375,1.21875,-0.125,153
154,1695837780181,0.53149414,-0.108947754,0.84661865,-0.34375,0.3125,-0.453125,154
155,1695837780221,0.52612305,-0.112854004,0.8463745,-0.59375,0.921875,-0.4375,155
156,1695837780261,0.5292969,-0.10870361,0.8397827,-0.015625,1.21875,-0.265625,156
157,1695837780301,0.5354004,-0.11407471,0.84173584,-0.171875,0.203125,-0.15625,157
158,1695837780341,0.53466797,-0.10845947,0.84173584,-0.609375,0.3125,-0.265625,158
159,1695837780381,0.5300293,-0.10601807,0.83514404,-0.859375,0.53125,-0.140625,159
160,1695837780421,0.53222656,-0.10601807,0.8353882,-0.390625,0.71875,-0.390625,160
161,1695837780461,0.53027344,-0.11187744,0.840271,-0.453125,0.609375,-0.390625,161
162,1695837780501,0.5275879,-0.11065674,0.8348999,-0.609375,0.375,-0.390625,162
163,1695837780541,0.53515625,-0.108947754,0.8336792,-0.65625,0.546875,-0.53125,163
164,1695837780581,0.5324707,-0.10992432,0.83807373,0.0,0.921875,-0.421875,164
165,1695837780621,0.5307617,-0.11505127,0.8361206,-1.375,0.765625,-0.390625,165
166,1695837780661,0.5300293,-0.10601807,0.8473511,0.515625,0.65625,-0.359375,166
167,1695837780701,0.54174805,-0.109680176,0.8329468,-1.40625,0.859375,-0.265625,167
168,1695837780741,0.5263672,-0.1026001,0.8366089,0.46875,2.390625,-0.171875,168
169,1695837780781,0.5324707,-0.12750244,0.83880615,1.125,2.0,-0.21875,169
170,1695837780821,0.54589844,-0.1182251,0.8361206,-0.3125,0.609375,-0.421875,170
171,1695837780861,0.54052734,-0.10333252,0.8295288,-0.71875,0.28125,-0.453125,171
172,1695837780901,0.53466797,-0.10626221,0.8312378,-0.484375,1.046875,-0.28125,172
173,1695837780941,0.5415039,-0.11383057,0.83270264,-0.234375,1.078125,-0.140625,173
174,1695837780981,0.54711914,-0.11602783,0.83099365,-0.578125,0.40625,-0.40625,174
175,1695837781021,0.5437012,-0.11480713,0.836853,-0.140625,1.515625,-0.390625,175
176,1695837781061,0.5505371,-0.12188721,0.83270264,-0.3125,0.578125,-0.09375,176
177,1695837781101,0.55200195,-0.11651611,0.8305054,-0.578125,0.5625,-0.28125,177
178,1695837781141,0.53759766,-0.10357666,0.82977295,-0.796875,0.53125,-0.296875,178
179,1695837781181,0.54003906,-0.10455322,0.8307495,-0.625,0.390625,-0.28125,179
180,1695837781221,0.53759766,-0.108947754,0.8317261,-0.453125,0.75,-0.5,180
181,1695837781261,0.5437012,-0.113586426,0.83709717,-0.75,0.53125,-0.375,181
182,1695837781301,0.55126953,-0.113586426,0.8395386,-0.65625,0.28125,-0.390625,182
183,1695837781341,0.54418945,-0.11480713,0.826355,-0.921875,0.375,-0.21875,183
184,1695837781381,0.545166,-0.11114502,0.83392334,-0.265625,0.828125,-0.3125,184
185,1695837781421,0.5529785,-0.11920166,0.8226929,-1.203125,0.40625,-0.46875,185
186,1695837781461,0.5488281,-0.11065674,0.8439331,0.0,0.375,-0.421875,186
187,1695837781501,0.5493164,-0.11578369,0.8143921,-1.6875,0.046875,-0.328125,187
188,1695837781541,0.54418945,-0.09844971,0.82366943,-0.03125,1.59375,-0.21875,188
189,1695837781581,0.54248047,-0.120666504,0.8287964,1.203125,2.28125,-0.234375,189
190,1695837781621,0.5625,-0.12237549,0.83758545,0.078125,0.765625,-0.46875,190
191,1695837781661,0.55126953,-0.10699463,0.8331909,-1.140625,-0.296875,-0.5625,191
192,1695837781701,0.5461426,-0.10723877,0.821228,-1.5625,-0.828125,-0.1875,192
193,1695837781741,0.5395508,-0.11480713,0.8258667,-0.921875,-0.15625,-0.453125,193
194,1695837781781,0.545166,-0.11187744,0.826355,-1.296875,-1.125,-0.703125,194
195,1695837781821,0.5444336,-0.11236572,0.83514404,-1.109375,-0.796875,-0.515625,195
196,1695837781861,0.5437012,-0.11407471,0.83270264,-0.703125,-1.0625,-0.453125,196
197,1695837781901,0.5498047,-0.112854004,0.8331909,-1.125,-1.34375,-0.53125,197
198,1695837781941,0.5407715,-0.10797119,0.8353882,-1.375,-1.265625,-0.609375,198
199,1695837781981,0.5395508,-0.10089111,0.8265991,-1.609375,-1.109375,-0.609375,199
200,1695837782021,0.5358887,-0.10772705,0.83392334,-1.34375,-1.03125,-0.546875,200
201,1695837782061,0.54174805,-0.109191895,0.83514404,-1.625,-1.125,-0.59375,201
202,1695837782101,0.53686523,-0.10821533,0.8439331,-1.640625,-1.328125,-0.828125,202
203,1695837782141,0.5336914,-0.10845947,0.83392334,-1.546875,-1.078125,-0.90625,203
204,1695837782181,0.5307617,-0.10479736,0.8468628,-0.8125,-0.8125,-0.734375,204
205,1695837782221,0.52490234,-0.109436035,0.83270264,-2.421875,-1.515625,-0.71875,205
206,1695837782261,0.52612305,-0.093322754,0.85150146,-1.234375,-1.625,-0.578125,206
207,1695837782301,0.5283203,-0.105773926,0.8275757,-2.359375,-1.078125,-0.546875,207
208,1695837782341,0.51831055,-0.09429932,0.840271,-1.0,0.015625,-0.671875,208
209,1695837782381,0.5263672,-0.11456299,0.84417725,0.0625,0.4375,-0.625,209
210,1695837782421,0.5270996,-0.10870361,0.84588623,-1.03125,-1.0625,-0.71875,210
211,1695837782461,0.52563477,-0.09503174,0.8505249,-2.046875,-1.609375,-0.84375,211
212,1695837782501,0.52246094,-0.097717285,0.84124756,-1.71875,-0.953125,-0.5625,212
213,1695837782541,0.5185547,-0.10797119,0.8434448,-1.140625,-0.171875,-0.515625,213
214,1695837782581,0.5187988,-0.10211182,0.8522339,-1.375,-1.296875,-0.6875,214
215,1695837782621,0.5144043,-0.09918213,0.8612671,-1.375,-0.484375,-0.765625,215
216,1695837782661,0.5124512,-0.101379395,0.8480835,-1.125,-0.96875,-0.4375,216
217,1695837782701,0.51538086,-0.09625244,0.8612671,-1.421875,-1.296875,-0.359375,217
218,1695837782741,0.51464844,-0.097961426,0.8534546,-1.40625,-1.234375,-0.484375,218
219,1695837782781,0.50878906,-0.090148926,0.84783936,-1.796875,-1.171875,-0.703125,219
220,1695837782821,0.50756836,-0.09454346,0.8654175,-1.1875,-0.8125,-0.828125,220
221,1695837782861,0.51123047,-0.094055176,0.86517334,-1.65625,-1.21875,-0.828125,221
222,1695837782901,0.5046387,-0.09454346,0.85931396,-2.109375,-1.609375,-0.765625,222
223,1695837782941,0.5019531,-0.085754395,0.8641968,-1.671875,-1.34375,-0.671875,223
224,1695837782981,0.4951172,-0.09112549,0.86102295,-2.046875,-1.125,-0.421875,224
225,1695837783021,0.5078125,-0.08843994,0.8590698,-2.703125,-1.484375,-0.84375,225
226,1695837783061,0.50219727,-0.093566895,0.8566284,-0.734375,-0.546875,-0.46875,226
227,1695837783101,0.5,-0.08673096,0.8602905,-2.28125,-0.796875,-0.5,227
228,1695837783141,0.49316406,-0.09210205,0.868103,-0.78125,0.328125,-0.53125,228
229,1695837783181,0.5,-0.097473145,0.8695679,-0.890625,-0.890625,-0.703125,229
230,1695837783221,0.501709,-0.08087158,0.87323,-1.625,-1.03125,-0.796875,230
231,1695837783261,0.50146484,-0.07965088,0.8619995,-1.734375,-1.125,-0.703125,231
232,1695837783301,0.48608398,-0.085754395,0.86712646,-1.015625,-0.109375,-0.390625,232
233,1695837783341,0.49658203,-0.09234619,0.8727417,-2.09375,-1.203125,-0.671875,233
234,1695837783381,0.48291016,-0.07672119,0.8695679,-1.96875,-0.765625,-0.703125,234
235,1695837783421,0.4892578,-0.08331299,0.87005615,-0.734375,-0.53125,-0.546875,235
236,1695837783461,0.49145508,-0.09063721,0.8710327,-1.375,-0.734375,-0.40625,236
237,1695837783501,0.48364258,-0.074523926,0.87786865,-1.078125,-0.6875,-0.421875,237
238,1695837783541,0.48388672,-0.07281494,0.8668823,-1.4375,-0.828125,-0.484375,238
239,1695837783581,0.48339844,-0.0713501,0.86712646,-1.15625,-0.34375,-0.578125,239
240,1695837783621,0.4868164,-0.07623291,0.87298584,-1.078125,-0.15625,-0.625,240
241,1695837783661,0.48095703,-0.07159424,0.871521,-1.171875,0.015625,-0.671875,241
242,1695837783701,0.47875977,-0.07720947,0.8759155,-0.546875,0.703125,-0.578125,242
243,1695837783741,0.4855957,-0.07330322,0.87054443,-1.09375,0.171875,-0.5625,243
244,1695837783781,0.484375,-0.0647583,0.8908081,1.40625,1.25,-0.46875,244
245,1695837783821,0.48901367,-0.078430176,0.85980225,-0.765625,0.828125,-0.296875,245
246,1695837783861,0.47070312,-0.08062744,0.87127686,0.640625,2.078125,-0.203125,246
247,1695837783901,0.48950195,-0.094055176,0.87371826,1.03125,1.125,-0.34375,247
248,1695837783941,0.4975586,-0.08648682,0.87786865,-0.1875,0.40625,-0.6875,248
249,1695837783981,0.48876953,-0.07501221,0.8695679,-0.28125,0.703125,-0.46875,249
250,1695837784021,0.48706055,-0.07598877,0.8629761,-0.078125,1.0,-0.296875,250
251,1695837784061,0.48779297,-0.09112549,0.86639404,0.34375,1.046875,-0.625,251
252,1695837784101,0.49047852,-0.07867432,0.8751831,-0.234375,0.6875,-0.421875,252
253,1695837784141,0.48339844,-0.08404541,0.87249756,0.46875,1.953125,-0.28125,253
254,1695837784181,0.49487305,-0.09844971,0.8666382,1.0625,1.515625,-0.03125,254
255,1695837784221,0.49731445,-0.08306885,0.8746948,0.421875,0.890625,-0.171875,255
256,1695837784261,0.49731445,-0.08843994,0.8617554,-0.0625,1.078125,-0.15625,256
257,1695837784301,0.49951172,-0.070129395,0.85687256,-0.03125,1.171875,-0.296875,257
258,1695837784341,0.4880371,-0.08868408,0.86273193,0.3125,1.53125,-0.328125,258
259,1695837784381,0.5046387,-0.093566895,0.8624878,-0.046875,0.859375,-0.484375,259
260,1695837784421,0.5004883,-0.08770752,0.86932373,0.921875,1.75,-0.3125,260
261,1695837784461,0.5048828,-0.09576416,0.85198975,-0.03125,1.71875,-0.25,261
262,1695837784501,0.4975586,-0.08648682,0.87542725,1.09375,1.84375,-0.21875,262
263,1695837784541,0.5065918,-0.1026001,0.84368896,0.125,1.671875,0.015625,263
264,1695837784581,0.50756836,-0.0881958,0.855896,0.359375,1.765625,-0.03125,264
265,1695837784621,0.501709,-0.1038208,0.86273193,1.734375,2.78125,-0.03125,265
266,1695837784661,0.51904297,-0.10308838,0.85687256,0.90625,1.390625,-0.3125,266
267,1695837784701,0.5217285,-0.09552002,0.8539429,-0.125,1.0,-0.375,267
268,1695837784741,0.5144043,-0.08917236,0.8505249,-0.09375,0.828125,-0.203125,268
269,1695837784781,0.5102539,-0.101135254,0.8493042,0.359375,1.671875,-0.1875,269
270,1695837784821,0.5217285,-0.10333252,0.84906006,-0.046875,1.015625,-0.25,270
271,1695837784861,0.5124512,-0.10235596,0.8534546,-0.453125,1.34375,-0.203125,271
272,1695837784901,0.5175781,-0.10797119,0.84588623,0.359375,1.796875,0.109375,272
273,1695837784941,0.5205078,-0.10479736,0.8422241,0.296875,1.375,-0.046875,273
274,1695837784981,0.5229492,-0.10284424,0.8512573,0.078125,1.546875,-0.125,274
275,1695837785021,0.5258789,-0.1026001,0.8434448,-0.28125,1.421875,-0.21875,275
276,1695837785061,0.52612305,-0.09674072,0.8427124,0.015625,1.421875,-0.140625,276
277,1695837785101,0.5280762,-0.10089111,0.84246826,-0.125,1.546875,-0.15625,277
278,1695837785141,0.5246582,-0.11065674,0.8493042,-0.34375,1.25,-0.234375,278
279,1695837785181,0.5187988,-0.10455322,0.83807373,-0.734375,1.0625,-0.234375,279
280,1695837785221,0.5332031,-0.09893799,0.8414917,0.171875,1.53125,-0.125,280
281,1695837785261,0.5344238,-0.108947754,0.84002686,-0.6875,1.625,-0.125,281
282,1695837785301,0.5378418,-0.105529785,0.8497925,0.578125,1.59375,-0.1875,282
283,1695837785341,0.54125977,-0.11383057,0.8305054,-1.203125,1.3125,0.125,283
284,1695837785381,0.52905273,-0.09527588,0.83587646,0.203125,2.109375,0.03125,284
285,1695837785421,0.53564453,-0.11431885,0.8395386,1.25,2.984375,0.078125,285
286,1695837785461,0.55078125,-0.116760254,0.84002686,0.21875,1.59375,-0.125,286
287,1695837785501,0.54418945,-0.10723877,0.8390503,-0.515625,0.625,-0.390625,287
288,1695837785541,0.53881836,-0.10064697,0.8226929,-0.546875,0.640625,-0.09375,288
289,1695837785581,0.5395508,-0.109436035,0.8251343,-0.359375,1.390625,-0.046875,289
290,1695837785621,0.54296875,-0.10870361,0.8295288,-0.015625,0.921875,-0.265625,290
291,1695837785661,0.545166,-0.11236572,0.83758545,-0.390625,1.265625,-0.28125,291
292,1695837785701,0.54711914,-0.117004395,0.8341675,0.15625,1.28125,-0.046875,292
293,1695837785741,0.546875,-0.11431885,0.82025146,-0.40625,0.84375,-0.140625,293
294,1695837785781,0.55029297,-0.11505127,0.8348999,-0.453125,1.109375,-0.109375,294
295,1695837785821,0.546875,-0.11212158,0.83392334,-0.671875,0.109375,-0.390625,295
296,1695837785861,0.5437012,-0.105041504,0.826355,-0.6875,-0.21875,-0.5,296
297,1695837785901,0.54248047,-0.11798096,0.8287964,-0.890625,-0.203125,-0.640625,297
298,1695837785941,0.5449219,-0.11553955,0.83099365,-0.8125,-0.84375,-0.609375,298
299,1695837785981,0.5415039,-0.11114502,0.82977295,-0.9375,-1.09375,-0.625,299
300,1695837786021,0.54589844,-0.10699463,0.824646,-1.28125,-0.71875,-0.5625,300
301,1695837786061,0.5419922,-0.117492676,0.8283081,-0.828125,-0.4375,-0.46875,301
302,1695837786101,0.5461426,-0.11212158,0.8341675,-1.484375,-0.953125,-0.65625,302
303,1695837786141,0.5463867,-0.10626221,0.8473511,-0.265625,-1.09375,-0.53125,303
304,1695837786181,0.5427246,-0.10992432,0.822937,-2.46875,-1.421875,-0.578125,304
305,1695837786221,0.5283203,-0.10040283,0.8378296,-0.390625,0.265625,-0.453125,305
306,1695837786261,0.5373535,-0.11553955,0.8356323,0.203125,0.609375,-0.578125,306
307,1695837786301,0.5419922,-0.11578369,0.83709717,-0.859375,-0.78125,-0.8125,307
308,1695837786341,0.5390625,-0.108947754,0.84002686,-1.796875,-1.421875,-0.671875,308
309,1695837786381,0.5275879,-0.105529785,0.83392334,-2.0,-1.25,-0.4375,309
310,1695837786421,0.5307617,-0.10821533,0.83880615,-1.390625,-0.46875,-0.578125,310
311,1695837786461,0.52734375,-0.10748291,0.84002686,-1.5,-1.390625,-0.703125,311
312,1695837786501,0.52905273,-0.10430908,0.8488159,-1.296875,-0.453125,-0.609375,312
313,1695837786541,0.5239258,-0.10748291,0.8378296,-1.140625,-1.015625,-0.34375,313
314,1695837786581,0.529541,-0.10748291,0.8439331,-1.515625,-1.5625,-0.625,314
315,1695837786621,0.52441406,-0.1038208,0.8468628,-1.25,-1.0625,-0.515625,315
316,1695837786661,0.5241699,-0.10064697,0.84417725,-1.921875,-1.265625,-0.71875,316
317,1695837786701,0.51708984,-0.09991455,0.8473511,-1.40625,-0.984375,-0.625,317
318,1695837786741,0.51538086,-0.101379395,0.8475952,-1.53125,-0.921875,-0.71875,318
319,1695837786781,0.51782227,-0.10089111,0.84954834,-1.59375,-1.078125,-0.640625,319
320,1695837786821,0.51660156,-0.097717285,0.84954834,-1.578125,-1.0,-0.734375,320
321,1695837786861,0.51538086,-0.09454346,0.8529663,-0.84375,-0.59375,-0.5,321
322,1695837786901,0.5131836,-0.10601807,0.84954834,-2.109375,-0.953125,-0.578125,322
323,1695837786941,0.51416016,-0.08404541,0.8703003,-1.203125,-1.359375,-0.78125,323
324,1695837786981,0.513916,-0.09698486,0.8397827,-2.375,-1.203125,-0.484375,324
325,1695837787021,0.49951172,-0.08404541,0.85491943,-1.578125,-0.5625,-0.5625,325
326,1695837787061,0.51000977,-0.105285645,0.8546753,-0.8125,0.09375,-0.46875,326
327,1695837787101,0.515625,-0.09307861,0.86639404,-1.109375,-1.046875,-0.796875,327
328,1695837787141,0.51416016,-0.08648682,0.8632202,-2.28125,-1.296875,-0.6875,328
329,1695837787181,0.50561523,-0.08673096,0.85369873,-2.171875,-1.203125,-0.40625,329
330,1695837787221,0.5048828,-0.08282471,0.86712646,-1.125,-0.171875,-0.5,330
331,1695837787261,0.5036621,-0.085510254,0.86468506,-1.859375,-1.25,-0.734375,331
332,1695837787301,0.49682617,-0.08453369,0.86053467,-1.65625,0.109375,-0.546875,332
333,1695837787341,0.501709,-0.090148926,0.8600464,-1.203125,-0.21875,-0.3125,333
334,1695837787381,0.50390625,-0.09527588,0.8661499,-1.609375,-0.84375,-0.421875,334
335,1695837787421,0.5019531,-0.089660645,0.87542725,-1.703125,-1.09375,-0.609375,335
336,1695837787461,0.49609375,-0.07330322,0.86224365,-2.59375,-1.125,-0.625,336
337,1695837787501,0.49682617,-0.07672119,0.8656616,-1.78125,-0.53125,-0.578125,337
338,1695837787541,0.49047852,-0.07672119,0.86468506,-1.71875,-0.703125,-0.65625,338
339,1695837787581,0.4855957,-0.082092285,0.8666382,-1.9375,-0.78125,-0.8125,339
340,1695837787621,0.48608398,-0.07720947,0.86639404,-1.734375,-0.125,-0.671875,340
341,1695837787661,0.49072266,-0.07672119,0.8720093,-0.671875,1.296875,-0.171875,341
342,1695837787701,0.49267578,-0.08282471,0.8595581,-1.625,1.15625,-0.125,342
343,1695837787741,0.5031738,-0.05670166,0.88397217,-0.125,1.453125,-0.71875,343
344,1695837787781,0.51171875,-0.074035645,0.8510132,-1.484375,0.984375,-0.921875,344
345,1695837787821,0.4921875,-0.065979004,0.8722534,-0.34375,1.953125,-0.53125,345
346,1695837787861,0.4963379,-0.0803833,0.86834717,0.9375,1.6875,-0.515625,346
347,1695837787901,0.50878906,-0.0869751,0.87323,-0.234375,0.5,-0.734375,347
348,1695837787941,0.49609375,-0.06744385,0.86883545,-0.796875,0.625,-0.75,348
349,1695837787981,0.4970703,-0.0647583,0.85736084,0.015625,0.953125,-0.09375,349
350,1695837788021,0.50878906,-0.08258057,0.8617554,0.59375,1.625,-0.125,350
351,1695837788061,0.5114746,-0.07672119,0.86590576,-0.140625,0.375,-0.34375,351
352,1695837788101,0.5024414,-0.08135986,0.86639404,0.171875,2.171875,-0.171875,352
353,1695837788141,0.5036621,-0.09112549,0.8666382,1.265625,1.640625,-0.03125,353
354,1695837788181,0.5065918,-0.08526611,0.8602905,0.4375,1.234375,-0.234375,354
355,1695837788221,0.50805664,-0.07989502,0.8600464,0.359375,1.1875,-0.296875,355
356,1695837788261,0.5102539,-0.082336426,0.854187,-0.0625,1.109375,-0.25,356
357,1695837788301,0.5097656,-0.07647705,0.8629761,0.390625,1.359375,-0.171875,357
358,1695837788341,0.50756836,-0.08526611,0.8583374,0.203125,1.296875,-0.421875,358
359,1695837788381,0.5083008,-0.078430176,0.85028076,0.046875,1.21875,-0.328125,359
360,1695837788421,0.51660156,-0.07745361,0.8632202,0.59375,1.8125,-0.234375,360
361,1695837788461,0.51708984,-0.089660645,0.8517456,0.28125,2.21875,0.0625,361
362,1695837788501,0.52001953,-0.09136963,0.84539795,-0.515625,1.796875,0.0,362
363,1695837788541,0.5175781,-0.08795166,0.84783936,1.296875,2.1875,-0.046875,363
364,1695837788581,0.53125,-0.089416504,0.84198,-0.515625,1.3125,-0.25,364
365,1695837788621,0.5124512,-0.09552002,0.8414917,1.015625,2.859375,-0.171875,365
366,1695837788661,0.5258789,-0.10284424,0.8456421,1.546875,2.421875,-0.1875,366
367,1695837788701,0.53881836,-0.09063721,0.8468628,0.453125,1.546875,-0.140625,367
368,1695837788741,0.52734375,-0.09454346,0.84124756,0.53125,1.890625,0.078125,368
369,1695837788781,0.5266113,-0.09185791,0.8395386,0.90625,2.59375,0.40625,369
370,1695837788821,0.5361328,-0.09918213,0.83587646,0.609375,2.578125,0.25,370
371,1695837788861,0.5317383,-0.093811035,0.83636475,0.265625,1.546875,-0.109375,371
372,1695837788901,0.54418945,-0.09210205,0.8383179,-0.015625,2.125,-0.21875,372
373,1695837788941,0.54003906,-0.10430908,0.8390503,1.265625,1.953125,0.140625,373
374,1695837788981,0.54589844,-0.101135254,0.8383179,0.46875,1.625,0.03125,374
375,1695837789021,0.546875,-0.10211182,0.8290405,-0.171875,1.734375,-0.140625,375
376,1695837789061,0.5480957,-0.093811035,0.82733154,-0.078125,1.71875,-0.171875,376
377,1695837789101,0.5456543,-0.09820557,0.8312378,0.171875,2.015625,-0.015625,377
378,1695837789141,0.5500488,-0.109680176,0.82806396,0.421875,2.171875,-0.171875,378
379,1695837789181,0.5554199,-0.1038208,0.8239136,-0.015625,1.96875,-0.1875,379
380,1695837789221,0.5515137,-0.10479736,0.8239136,0.078125,1.640625,-0.078125,380
381,1695837789261,0.5510254,-0.09869385,0.83148193,0.6875,2.078125,-0.046875,381
382,1695837789301,0.5566406,-0.10845947,0.8258667,0.53125,2.1875,-0.09375,382
383,1695837789341,0.5546875,-0.09967041,0.84417725,0.046875,1.734375,-0.109375,383
384,1695837789381,0.5600586,-0.11212158,0.81707764,-0.390625,1.203125,0.0,384
385,1695837789421,0.5673828,-0.097229004,0.80584717,-1.3125,0.796875,-0.203125,385
386,1695837789461,0.55615234,-0.10015869,0.82366943,0.8125,2.828125,0.03125,386
387,1695837789501,0.56884766,-0.11553955,0.82318115,1.46875,2.875,0.015625,387
388,1695837789541,0.5708008,-0.11236572,0.824646,0.078125,0.9375,-0.421875,388
389,1695837789581,0.5698242,-0.11114502,0.8131714,-1.046875,-0.1875,-0.359375,389
390,1695837789621,0.5649414,-0.10748291,0.81658936,-1.84375,-0.375,-0.3125,390
391,1695837789661,0.56396484,-0.10723877,0.82489014,-1.046875,-0.4375,-0.53125,391
392,1695837789701,0.5649414,-0.105285645,0.82562256,-1.578125,-1.078125,-0.734375,392
393,1695837789741,0.560791,-0.109436035,0.8148804,-1.375,-0.65625,-0.53125,393
394,1695837789781,0.56347656,-0.11505127,0.8175659,-1.125,-1.109375,-0.40625,394
395,1695837789821,0.56640625,-0.11138916,0.8307495,-1.453125,-1.265625,-0.40625,395
396,1695837789861,0.5578613,-0.10479736,0.8197632,-1.875,-1.265625,-0.5,396
397,1695837789901,0.5583496,-0.10089111,0.82366943,-2.28125,-1.546875,-0.6875,397
398,1695837789941,0.55371094,-0.09869385,0.82147217,-1.59375,-1.359375,-0.59375,398
399,1695837789981,0.54711914,-0.101135254,0.8283081,-1.75,-1.34375,-0.65625,399
400,1695837790021,0.5480957,-0.101135254,0.82733154,-1.90625,-1.6875,-0.671875,400
401,1695837790061,0.5529785,-0.0960083,0.8275757,-1.828125,-1.734375,-0.84375,401
402,1695837790101,0.54785156,-0.089416504,0.82366943,-1.75,-1.53125,-0.78125,402
403,1695837790141,0.54589844,-0.09820557,0.8366089,-1.171875,-1.203125,-0.765625,403
404,1695837790181,0.54248047,-0.10601807,0.8295288,-1.96875,-1.203125,-0.734375,404
405,1695837790221,0.54418945,-0.08917236,0.84710693,-1.03125,-1.421875,-0.59375,405
406,1695837790261,0.54541016,-0.09918213,0.8222046,-2.1875,-1.328125,-0.546875,406
407,1695837790301,0.5383301,-0.08526611,0.83636475,-1.140625,-0.609375,-0.703125,407
408,1695837790341,0.5358887,-0.09893799,0.840271,-0.171875,0.15625,-0.5,408
409,1695837790381,0.54467773,-0.097961426,0.8434448,-1.328125,-1.125,-0.734375,409
410,1695837790421,0.5390625,-0.085510254,0.8414917,-2.03125,-1.5,-0.75,410
411,1695837790461,0.532959,-0.085754395,0.8353882,-1.8125,-0.96875,-0.5,411
412,1695837790501,0.5354004,-0.089660645,0.84198,-1.03125,-0.484375,-0.5625,412
413,1695837790541,0.53100586,-0.089904785,0.8446655,-1.453125,-1.234375,-0.828125,413
414,1695837790581,0.5266113,-0.089416504,0.8485718,-1.71875,-0.546875,-0.5,414
415,1695837790621,0.5300293,-0.08673096,0.85028076,-0.921875,-0.546875,-0.59375,415
416,1695837790661,0.5300293,-0.09649658,0.8410034,-1.65625,-1.15625,-0.375,416
417,1695837790701,0.53027344,-0.078430176,0.84954834,-1.703125,-1.28125,-0.453125,417
418,1695837790741,0.5187988,-0.07989502,0.84661865,-2.03125,-1.25,-0.625,418
419,1695837790781,0.52685547,-0.077697754,0.8522339,-1.578125,-0.953125,-0.625,419
420,1695837790821,0.5187988,-0.08135986,0.84783936,-1.53125,-0.828125,-0.703125,420
421,1695837790861,0.51586914,-0.07891846,0.854187,-1.546875,-1.078125,-0.828125,421
422,1695837790901,0.5241699,-0.0803833,0.8517456,-2.0,-0.9375,-0.71875,422
423,1695837790941,0.5126953,-0.08868408,0.8534546,-0.9375,-0.34375,-0.5,423
424,1695837790981,0.5163574,-0.07940674,0.8461304,-1.96875,-0.671875,-0.6875,424
425,1695837791021,0.513916,-0.069885254,0.8644409,-0.40625,-0.546875,-0.40625,425
426,1695837791061,0.51660156,-0.085510254,0.8383179,-1.71875,-0.296875,-0.359375,426
427,1695837791101,0.50439453,-0.07159424,0.8551636,-0.546875,0.5625,-0.34375,427
428,1695837791141,0.51123047,-0.07940674,0.8485718,0.65625,1.34375,-0.4375,428
429,1695837791181,0.517334,-0.07965088,0.85491943,0.21875,0.84375,-0.5,429
430,1695837791221,0.5197754,-0.074279785,0.854187,-0.453125,0.90625,-0.53125,430
431,1695837791261,0.51416016,-0.074523926,0.8493042,-0.046875,0.90625,-0.234375,431
432,1695837791301,0.515625,-0.0803833,0.8563843,0.75,1.78125,-0.25,432
433,1695837791341,0.5275879,-0.07745361,0.85028076,0.03125,1.03125,-0.390625,433
434,1695837791381,0.51538086,-0.07574463,0.85076904,0.03125,1.921875,-0.40625,434
435,1695837791421,0.51782227,-0.09136963,0.85272217,0.875,1.75,-0.171875,435
436,1695837791461,0.529541,-0.093322754,0.8439331,0.28125,1.125,-0.15625,436
437,1695837791501,0.5251465,-0.085754395,0.8493042,0.359375,1.234375,-0.15625,437
438,1695837791541,0.5288086,-0.082092285,0.83929443,-0.078125,1.46875,-0.21875,438
439,1695837791581,0.52441406,-0.07965088,0.84417725,0.34375,1.78125,-0.078125,439
440,1695837791621,0.53344727,-0.090148926,0.84295654,0.328125,1.90625,-0.375,440
441,1695837791661,0.53515625,-0.093566895,0.84954834,-0.03125,1.296875,-0.5,441
442,1695837791701,0.532959,-0.0881958,0.83807373,-0.21875,1.40625,-0.40625,442
443,1695837791741,0.5332031,-0.097717285,0.83929443,0.484375,2.125,-0.296875,443
444,1695837791781,0.5349121,-0.09039307,0.84417725,-0.40625,1.484375,-0.09375,444
445,1695837791821,0.5390625,-0.089660645,0.8512573,0.640625,1.40625,-0.125,445
446,1695837791861,0.5361328,-0.09552002,0.82318115,-0.71875,1.328125,-0.046875,446
447,1695837791901,0.5402832,-0.085998535,0.8278198,0.328125,2.140625,-0.109375,447
448,1695837791941,0.5407715,-0.1026001,0.83758545,1.40625,3.171875,-0.015625,448
449,1695837791981,0.55200195,-0.10601807,0.8383179,0.59375,1.875,-0.15625,449
450,1695837792021,0.5566406,-0.09039307,0.83465576,-0.53125,1.53125,-0.25,450
451,1695837792061,0.5480957,-0.08843994,0.8241577,-0.765625,1.765625,-0.046875,451
452,1695837792101,0.54956055,-0.09698486,0.82196045,-0.046875,2.25,0.0625,452
453,1695837792141,0.55322266,-0.097717285,0.83099365,-0.4375,1.53125,-0.1875,453
454,1695837792181,0.5510254,-0.097229004,0.8241577,-1.125,1.78125,-0.109375,454
455,1695837792221,0.5488281,-0.09552002,0.82366943,-0.046875,2.640625,0.0625,455
456,1695837792261,0.55688477,-0.09625244,0.826355,-0.375,2.21875,0.0625,456
457,1695837792301,0.5695801,-0.09625244,0.8226929,-0.5625,2.140625,-0.015625,457
458,1695837792341,0.5722656,-0.09210205,0.82196045,-1.15625,2.0625,-0.359375,458
459,1695837792381,0.564209,-0.09918213,0.82025146,-0.578125,2.0,-0.3125,459
460,1695837792421,0.5578613,-0.08721924,0.81585693,-0.84375,1.78125,-0.1875,460
461,1695837792461,0.56689453,-0.089416504,0.80926514,-1.0,1.8125,-0.484375,461
462,1695837792501,0.57666016,-0.09039307,0.81121826,-0.671875,1.6875,-0.28125,462
463,1695837792541,0.5683594,-0.08843994,0.81707764,-0.90625,1.65625,-0.21875,463
464,1695837792581,0.57470703,-0.08477783,0.80682373,-1.125,1.671875,-0.046875,464
465,1695837792621,0.5756836,-0.08526611,0.81243896,-0.390625,2.046875,-0.328125,465
466,1695837792661,0.576416,-0.09503174,0.80096436,-0.9375,1.578125,-0.34375,466
467,1695837792701,0.5847168,-0.085754395,0.82855225,0.03125,1.234375,-0.484375,467
468,1695837792741,0.5822754,-0.09527588,0.80584717,-1.828125,0.65625,-0.421875,468
469,1695837792781,0.5749512,-0.078430176,0.8031616,-1.796875,0.875,-0.625,469
470,1695837792821,0.5690918,-0.09210205,0.8180542,-0.15625,2.09375,-0.375,470
471,1695837792861,0.5751953,-0.09820557,0.81414795,-0.734375,0.703125,-0.703125,471
472,1695837792901,0.5817871,-0.085754395,0.8121948,-2.40625,-1.015625,-1.015625,472
473,1695837792941,0.5852051,-0.082336426,0.80584717,-3.015625,-0.53125,-0.828125,473
474,1695837792981,0.5805664,-0.07354736,0.81365967,-2.4375,0.25,-0.734375,474
475,1695837793021,0.57666016,-0.08917236,0.8060913,-2.25,-0.703125,-0.921875,475
476,1695837793061,0.5793457,-0.07696533,0.8148804,-2.640625,-0.484375,-1.0625,476
477,1695837793101,0.5761719,-0.086242676,0.8139038,-1.875,0.140625,-0.9375,477
478,1695837793141,0.5678711,-0.09063721,0.8131714,-2.0,-0.609375,-0.8125,478
479,1695837793181,0.578125,-0.08306885,0.8085327,-2.1875,-0.671875,-0.953125,479
480,1695837793221,0.5800781,-0.074035645,0.8126831,-2.296875,-0.5625,-0.953125,480
481,1695837793261,0.57299805,-0.06842041,0.81292725,-2.15625,-0.75,-1.140625,481
482,1695837793301,0.58374023,-0.06719971,0.8151245,-1.578125,-0.625,-0.890625,482
483,1695837793341,0.57543945,-0.07305908,0.80877686,-1.6875,-0.828125,-0.84375,483
484,1695837793381,0.5739746,-0.07501221,0.8114624,-1.65625,-1.09375,-0.8125,484
485,1695837793421,0.56933594,-0.07110596,0.81585693,-1.421875,-1.25,-0.796875,485
486,1695837793461,0.5710449,-0.07330322,0.8082886,-1.359375,-1.171875,-0.71875,486
487,1695837793501,0.56347656,-0.06329346,0.8226929,-0.609375,-0.796875,-0.546875,487
488,1695837793541,0.56884766,-0.07476807,0.8197632,-1.140625,-1.46875,-0.625,488
489,1695837793581,0.56689453,-0.062316895,0.8422241,-0.625,-1.96875,-0.921875,489
490,1695837793621,0.5566406,-0.08282471,0.8082886,-1.34375,-1.671875,-0.53125,490
491,1695837793661,0.5625,-0.062316895,0.82806396,-1.140625,-1.25,-0.671875,491
492,1695837793701,0.55322266,-0.0803833,0.8287964,0.40625,-0.109375,-0.5,492
493,1695837793741,0.5576172,-0.07525635,0.8331909,-0.171875,-1.15625,-0.546875,493
494,1695837793781,0.5541992,-0.06842041,0.83270264,-1.4375,-1.828125,-0.71875,494
495,1695837793821,0.5505371,-0.059387207,0.8329468,-1.296875,-1.40625,-0.46875,495
496,1695837793861,0.5407715,-0.0635376,0.8378296,-0.875,-0.4375,-0.453125,496
497,1695837793901,0.54663086,-0.06866455,0.824646,-0.703125,-0.796875,-0.46875,497
498,1695837793941,0.545166,-0.06304932,0.8331909,-0.796875,0.09375,-0.6875,498
499,1695837793981,0.54296875,-0.07476807,0.8344116,0.578125,1.078125,-0.28125,499
500,1695837794021,0.54907227,-0.07598877,0.82806396,0.640625,1.171875,-0.15625,500
501,1695837794061,0.55249023,-0.077697754,0.83514404,0.34375,1.0,-0.28125,501
502,1695837794101,0.5539551,-0.070617676,0.826355,0.125,1.03125,-0.375,502
503,1695837794141,0.55322266,-0.06768799,0.82611084,-0.03125,1.046875,-0.390625,503
504,1695837794181,0.5529785,-0.0713501,0.82977295,0.09375,1.359375,-0.5,504
505,1695837794221,0.55859375,-0.07476807,0.8287964,0.140625,1.5,-0.421875,505
506,1695837794261,0.5554199,-0.07476807,0.8258667,0.265625,1.46875,-0.421875,506
507,1695837794301,0.55615234,-0.078186035,0.82196045,0.34375,1.265625,-0.296875,507
508,1695837794341,0.5563965,-0.085754395,0.8204956,-0.078125,1.28125,-0.125,508
509,1695837794381,0.56225586,-0.08380127,0.8204956,0.6875,1.75,-0.234375,509
510,1695837794421,0.56225586,-0.0791626,0.8197632,-0.484375,1.21875,-0.28125,510
511,1695837794461,0.56347656,-0.07232666,0.8324585,1.015625,1.109375,-0.328125,511
512,1695837794501,0.56762695,-0.089416504,0.80999756,-0.640625,0.96875,-0.28125,512
513,1695837794541,0.5551758,-0.07159424,0.8200073,0.28125,1.9375,-0.203125,513
514,1695837794581,0.56225586,-0.08892822,0.8148804,1.859375,3.046875,-0.125,514
515,1695837794621,0.5744629,-0.089660645,0.82244873,0.703125,1.96875,-0.140625,515
516,1695837794661,0.56811523,-0.078186035,0.8175659,-0.171875,0.96875,-0.140625,516
517,1695837794701,0.56689453,-0.07598877,0.8070679,-0.34375,1.15625,-0.03125,517
518,1695837794741,0.56274414,-0.085998535,0.81536865,0.875,2.4375,0.09375,518
519,1695837794781,0.5793457,-0.089904785,0.8161011,0.234375,1.296875,-0.359375,519
520,1695837794821,0.5756836,-0.08770752,0.8126831,-0.265625,1.375,-0.28125,520
521,1695837794861,0.5683594,-0.089904785,0.8148804,0.453125,1.921875,-0.234375,521
522,1695837794901,0.57592773,-0.089904785,0.8031616,0.1875,1.3125,-0.078125,522
523,1695837794941,0.58447266,-0.09136963,0.8095093,-0.09375,1.3125,-0.234375,523
524,1695837794981,0.58032227,-0.085510254,0.8024292,-0.59375,1.421875,-0.140625,524
525,1695837795021,0.58251953,-0.089904785,0.80804443,0.078125,1.53125,-0.171875,525
526,1695837795061,0.5859375,-0.093566895,0.809021,0.234375,1.328125,-0.21875,526
527,1695837795101,0.5834961,-0.094055176,0.80755615,-0.265625,1.234375,-0.34375,527
528,1695837795141,0.58569336,-0.093322754,0.8070679,-0.1875,0.984375,-0.171875,528
529,1695837795181,0.5854492,-0.08428955,0.80096436,-0.265625,1.046875,-0.25,529
530,1695837795221,0.5871582,-0.08892822,0.79608154,-0.3125,1.0,-0.046875,530
531,1695837795261,0.5878906,-0.097473145,0.8048706,0.03125,0.9375,-0.171875,531
532,1695837795301,0.58496094,-0.08795166,0.8085327,-0.0625,1.140625,-0.21875,532
533,1695837795341,0.5812988,-0.097961426,0.8148804,-0.234375,1.28125,-0.296875,533
534,1695837795381,0.5917969,-0.081604004,0.81781006,-0.875,0.640625,-0.46875,534
535,1695837795421,0.5908203,-0.09869385,0.79071045,-0.453125,-0.15625,-0.375,535
536,1695837795461,0.58325195,-0.08526611,0.7904663,-1.78125,-1.09375,-0.421875,536
537,1695837795501,0.58251953,-0.0881958,0.80023193,-0.015625,0.46875,-0.484375,537
538,1695837795541,0.5883789,-0.09893799,0.8114624,0.609375,0.015625,-0.640625,538
539,1695837795581,0.5876465,-0.09259033,0.8053589,-0.984375,-1.84375,-0.65625,539
540,1695837795621,0.58618164,-0.08892822,0.80389404,-1.375,-2.453125,-0.8125,540
541,1695837795661,0.57714844,-0.08770752,0.7992554,-1.109375,-2.0,-0.75,541
542,1695837795701,0.5715332,-0.09063721,0.80926514,-1.0,-1.90625,-0.734375,542
543,1695837795741,0.5749512,-0.090148926,0.80999756,-1.71875,-2.3125,-0.6875,543
544,1695837795781,0.5686035,-0.094055176,0.81781006,-1.109375,-1.25,-0.703125,544
545,1695837795821,0.5698242,-0.09967041,0.81365967,-0.859375,-1.65625,-0.5,545
546,1695837795861,0.5727539,-0.09161377,0.8151245,-1.640625,-2.15625,-0.640625,546
547,1695837795901,0.56591797,-0.09088135,0.82196045,-1.75,-1.6875,-0.734375,547
548,1695837795941,0.5605469,-0.09039307,0.81585693,-1.9375,-1.6875,-0.65625,548
549,1695837795981,0.5625,-0.08526611,0.8197632,-1.328125,-1.4375,-0.703125,549
550,1695837796021,0.55322266,-0.086242676,0.82244873,-1.796875,-1.375,-0.65625,550
551,1695837796061,0.55981445,-0.082336426,0.82489014,-1.734375,-1.171875,-0.734375,551
552,1695837796101,0.5534668,-0.08282471,0.82025146,-1.734375,-1.03125,-0.703125,552
553,1695837796141,0.55981445,-0.077697754,0.8239136,-1.53125,-1.296875,-0.6875,553
554,1695837796181,0.5546875,-0.082092285,0.82489014,-1.9375,-1.4375,-0.71875,554
555,1695837796221,0.55078125,-0.09063721,0.82611084,-1.53125,-1.0,-0.46875,555
556,1695837796261,0.5554199,-0.08453369,0.82440186,-2.546875,-1.40625,-0.78125,556
557,1695837796301,0.5415039,-0.07232666,0.836853,-0.390625,-0.96875,-0.71875,557
558,1695837796341,0.5541992,-0.08062744,0.8222046,-2.484375,-1.421875,-0.78125,558
559,1695837796381,0.53686523,-0.07867432,0.836853,-0.890625,0.109375,-0.59375,559
560,1695837796421,0.5439453,-0.08648682,0.84051514,-0.453125,-0.1875,-0.546875,560
561,1695837796461,0.5529785,-0.08135986,0.8373413,-1.546875,-1.3125,-0.484375,561
562,1695837796501,0.5476074,-0.06915283,0.83709717,-2.34375,-1.71875,-0.828125,562
563,1695837796541,0.5390625,-0.06768799,0.83026123,-1.875,-1.4375,-0.5625,563
564,1695837796581,0.5410156,-0.08062744,0.8463745,-0.984375,-0.4375,-0.578125,564
565,1695837796621,0.5449219,-0.07550049,0.84124756,-1.765625,-1.265625,-0.8125,565
566,1695837796661,0.53222656,-0.07159424,0.8410034,-1.265625,-0.203125,-0.75,566
567,1695837796701,0.5344238,-0.07720947,0.83587646,-0.796875,-0.359375,-0.390625,567
568,1695837796741,0.5378418,-0.073791504,0.836853,-1.203125,-0.734375,-0.4375,568
569,1695837796781,0.53149414,-0.06744385,0.84490967,-0.734375,-0.046875,-0.578125,569
570,1695837796821,0.53466797,-0.06573486,0.8361206,-0.78125,0.34375,-0.390625,570
571,1695837796861,0.53759766,-0.06427002,0.84002686,-0.125,0.90625,-0.4375,571
572,1695837796901,0.5341797,-0.07354736,0.8378296,0.265625,1.234375,-0.515625,572
573,1695837796941,0.54345703,-0.07891846,0.8378296,0.09375,1.421875,-0.3125,573
574,1695837796981,0.5395508,-0.073791504,0.838562,0.5625,1.296875,-0.46875,574
575,1695837797021,0.5395508,-0.074279785,0.83514404,0.078125,1.546875,-0.46875,575
576,1695837797061,0.5422363,-0.0803833,0.83343506,0.03125,1.03125,-0.34375,576
577,1695837797101,0.5437012,-0.07305908,0.84417725,-0.3125,0.875,-0.453125,577
578,1695837797141,0.5427246,-0.06378174,0.8407593,1.296875,1.59375,-0.203125,578
579,1695837797181,0.5456543,-0.07696533,0.8278198,-0.40625,1.328125,-0.21875,579
580,1695837797221,0.54467773,-0.07208252,0.83221436,0.796875,2.359375,-0.1875,580
581,1695837797261,0.5461426,-0.09429932,0.8353882,1.46875,2.234375,-0.328125,581
582,1695837797301,0.55908203,-0.086242676,0.8390503,0.390625,1.15625,-0.34375,582
583,1695837797341,0.54711914,-0.07672119,0.83270264,-0.140625,1.234375,-0.328125,583
584,1695837797381,0.55249023,-0.08087158,0.82147217,-0.1875,1.046875,-0.09375,584
585,1695837797421,0.5527344,-0.09136963,0.82806396,0.90625,1.703125,-0.359375,585
586,1695837797461,0.5551758,-0.0803833,0.82366943,-0.34375,0.515625,-0.453125,586
587,1695837797501,0.55444336,-0.08258057,0.82733154,-0.171875,1.546875,-0.34375,587
588,1695837797541,0.5578613,-0.09136963,0.82806396,0.78125,1.734375,-0.03125,588
589,1695837797581,0.56225586,-0.09234619,0.8253784,0.078125,0.96875,-0.171875,589
590,1695837797621,0.5593262,-0.08721924,0.8278198,-0.03125,0.84375,-0.25,590
591,1695837797661,0.5595703,-0.09112549,0.8217163,-0.640625,1.171875,-0.296875,591
592,1695837797701,0.55859375,-0.085998535,0.8204956,0.140625,1.234375,-0.3125,592
593,1695837797741,0.56103516,-0.093811035,0.821228,0.3125,1.515625,-0.328125,593
594,1695837797781,0.5644531,-0.09576416,0.8217163,0.03125,1.53125,-0.265625,594
595,1695837797821,0.5637207,-0.089416504,0.8173218,-0.09375,1.296875,-0.3125,595
596,1695837797861,0.56811523,-0.08843994,0.8180542,0.1875,1.265625,-0.109375,596
597,1695837797901,0.5698242,-0.09039307,0.8151245,-0.703125,0.96875,-0.140625,597
598,1695837797941,0.5678711,-0.09649658,0.81658936,-0.203125,1.546875,0.0625,598
599,1695837797981,0.5727539,-0.09527588,0.8173218,-0.8125,1.46875,-0.15625,599
600,1695837798021,0.5649414,-0.08477783,0.826355,0.484375,1.234375,-0.25,600
601,1695837798061,0.57543945,-0.09283447,0.7977905,-1.375,0.9375,-0.125,601
602,1695837798101,0.56933594,-0.07672119,0.80926514,0.109375,2.203125,-0.1875,602
603,1695837798141,0.5727539,-0.097717285,0.81414795,1.234375,3.296875,0.046875,603
604,1695837798181,0.58081055,-0.1038208,0.81292725,0.390625,1.78125,0.03125,604
605,1695837798221,0.58154297,-0.09039307,0.809021,-0.578125,1.140625,-0.265625,605
606,1695837798261,0.579834,-0.08892822,0.7953491,-0.875,1.109375,-0.03125,606
607,1695837798301,0.5769043,-0.09039307,0.8041382,-0.28125,1.875,-0.15625,607
608,1695837798341,0.5786133,-0.09307861,0.80462646,-0.390625,1.078125,-0.21875,608
609,1695837798381,0.5830078,-0.090148926,0.8048706,-0.609375,1.09375,-0.265625,609
610,1695837798421,0.5852051,-0.09527588,0.8048706,-0.21875,1.5,-0.015625,610
611,1695837798461,0.58032227,-0.1038208,0.8007202,-0.296875,1.015625,-0.03125,611
612,1695837798501,0.59106445,-0.09429932,0.809021,-0.53125,0.984375,-0.28125,612
613,1695837798541,0.5917969,-0.09136963,0.7982788,-1.03125,1.21875,-0.265625,613
614,1695837798581,0.5854492,-0.09674072,0.7987671,-0.21875,0.921875,-0.296875,614
615,1695837798621,0.59033203,-0.093566895,0.8004761,0.15625,0.953125,-0.28125,615
616,1695837798661,0.5864258,-0.10089111,0.80267334,-0.40625,0.59375,-0.25,616
617,1695837798701,0.5895996,-0.10064697,0.8012085,-0.4375,0.421875,-0.390625,617
618,1695837798741,0.59277344,-0.093811035,0.80584717,-1.03125,-0.296875,-0.46875,618
619,1695837798781,0.59765625,-0.093811035,0.8029175,-1.0,-0.6875,-0.359375,619
620,1695837798821,0.5854492,-0.09185791,0.80023193,-1.5625,-1.171875,-0.671875,620
621,1695837798861,0.5888672,-0.089904785,0.8043823,-1.171875,-1.171875,-0.640625,621
622,1695837798901,0.5839844,-0.09039307,0.7958374,-1.765625,-1.75,-0.78125,622
623,1695837798941,0.5756836,-0.081848145,0.8234253,-0.40625,-1.90625,-1.109375,623
624,1695837798981,0.5773926,-0.09039307,0.7875366,-2.4375,-1.9375,-0.65625,624
625,1695837799021,0.5671387,-0.07745361,0.809021,-0.78125,-0.53125,-0.546875,625
626,1695837799061,0.57421875,-0.10015869,0.80682373,0.125,0.46875,-0.484375,626
627,1695837799101,0.5842285,-0.09869385,0.8148804,-0.984375,-1.1875,-0.78125,627
628,1695837799141,0.5810547,-0.085754395,0.81658936,-1.890625,-2.09375,-0.765625,628
629,1695837799181,0.5673828,-0.07989502,0.8060913,-2.234375,-1.859375,-0.640625,629
630,1695837799221,0.57055664,-0.0869751,0.8097534,-1.25,-0.96875,-0.546875,630
631,1695837799261,0.56640625,-0.08892822,0.8126831,-1.5,-1.546875,-0.78125,631
632,1695837799301,0.56274414,-0.089904785,0.81829834,-1.5625,-1.34375,-0.828125,632
633,1695837799341,0.5656738,-0.08892822,0.822937,-1.21875,-0.875,-0.609375,633
634,1695837799381,0.56689453,-0.08404541,0.81658936,-1.28125,-1.640625,-0.5,634
635,1695837799421,0.5671387,-0.08331299,0.82562256,-1.625,-1.78125,-0.625,635
636,1695837799461,0.5566406,-0.08428955,0.8168335,-1.765625,-1.453125,-0.6875,636
637,1695837799501,0.5551758,-0.07745361,0.82244873,-1.828125,-1.40625,-0.84375,637
638,1695837799541,0.5534668,-0.08135986,0.8270874,-1.421875,-1.1875,-0.84375,638
639,1695837799581,0.55029297,-0.0869751,0.8317261,-1.5625,-1.015625,-0.875,639
640,1695837799621,0.55444336,-0.07720947,0.826355,-1.875,-1.421875,-0.75,640
641,1695837799661,0.55371094,-0.07672119,0.8258667,-1.890625,-1.28125,-0.765625,641
642,1695837799701,0.5476074,-0.078430176,0.8366089,-1.296875,-1.15625,-0.625,642
643,1695837799741,0.5473633,-0.07525635,0.8305054,-1.65625,-0.984375,-0.5625,643
644,1695837799781,0.5517578,-0.06036377,0.8473511,-2.515625,-1.640625,-0.71875,644
645,1695837799821,0.54589844,-0.07525635,0.824646,-1.5625,-1.109375,-0.59375,645
646,1695837799861,0.5415039,-0.059143066,0.8287964,-2.3125,-1.421875,-0.84375,646
647,1695837799901,0.5283203,-0.07745361,0.84051514,-0.5625,0.546875,-0.78125,647
648,1695837799941,0.545166,-0.08404541,0.8383179,-0.734375,-0.53125,-0.546875,648
649,1695837799981,0.5332031,-0.06842041,0.84198,-1.796875,-1.234375,-0.671875,649
650,1695837800021,0.53637695,-0.06085205,0.8390503,-1.65625,-0.890625,-0.609375,650
651,1695837800061,0.53125,-0.06329346,0.84124756,-1.328125,-0.578125,-0.578125,651
652,1695837800101,0.5361328,-0.07598877,0.83587646,-1.171875,-0.5,-0.671875,652
653,1695837800141,0.5344238,-0.06304932,0.84124756,-0.8125,0.09375,-0.59375,653
654,1695837800181,0.53344727,-0.066467285,0.8446655,0.0625,1.03125,-0.46875,654
655,1695837800221,0.5383301,-0.07501221,0.838562,0.1875,0.578125,-0.25,655
656,1695837800261,0.5402832,-0.07891846,0.84002686,-0.109375,0.71875,-0.3125,656
657,1695837800301,0.5358887,-0.06719971,0.84198,0.109375,1.03125,-0.28125,657
658,1695837800341,0.54125977,-0.070129395,0.8356323,-0.09375,0.765625,-0.515625,658
659,1695837800381,0.5395508,-0.0725708,0.83929443,0.15625,0.890625,-0.421875,659
660,1695837800421,0.5378418,-0.070617676,0.84002686,0.078125,1.09375,-0.375,660
661,1695837800461,0.5349121,-0.06866455,0.8395386,0.328125,1.25,-0.375,661
662,1695837800501,0.5432129,-0.07330322,0.82977295,-0.046875,1.453125,-0.359375,662
663,1695837800541,0.5432129,-0.077941895,0.8410034,0.859375,1.484375,-0.265625,663
664,1695837800581,0.54711914,-0.08795166,0.82855225,-0.421875,1.1875,-0.375,664
665,1695837800621,0.54296875,-0.06964111,0.8480835,0.78125,1.21875,-0.296875,665
666,1695837800661,0.548584,-0.085754395,0.8204956,0.3125,1.78125,-0.25,666
667,1695837800701,0.54296875,-0.06964111,0.8300171,-0.125,1.53125,-0.34375,667
668,1695837800741,0.54711914,-0.08111572,0.8344116,1.4375,2.84375,-0.328125,668
669,1695837800781,0.55688477,-0.0881958,0.8307495,0.828125,1.578125,-0.3125,669
670,1695837800821,0.5576172,-0.08258057,0.8336792,-0.359375,1.03125,-0.3125,670
671,1695837800861,0.54663086,-0.074035645,0.82196045,-0.203125,1.1875,-0.125,671
672,1695837800901,0.54956055,-0.07574463,0.8295288,0.421875,1.640625,-0.234375,672
673,1695837800941,0.55981445,-0.090148926,0.82440186,0.046875,1.3125,-0.34375,673
674,1695837800981,0.5546875,-0.08770752,0.82196045,-0.375,0.921875,-0.390625,674
675,1695837801021,0.5583496,-0.08721924,0.83343506,0.3125,1.8125,-0.234375,675
676,1695837801061,0.5625,-0.09844971,0.8239136,0.453125,1.203125,-0.015625,676
677,1695837801101,0.5649414,-0.08868408,0.8290405,0.03125,0.9375,-0.0625,677
678,1695837801141,0.564209,-0.08380127,0.81951904,-0.40625,1.15625,-0.25,678
679,1695837801181,0.56152344,-0.07940674,0.81951904,-0.265625,1.328125,-0.34375,679
680,1695837801221,0.5593262,-0.08648682,0.82244873,0.265625,1.28125,-0.28125,680
681,1695837801261,0.55981445,-0.08428955,0.82366943,-0.03125,1.34375,-0.296875,681
682,1695837801301,0.5629883,-0.08868408,0.82196045,-0.046875,1.046875,-0.40625,682
683,1695837801341,0.5656738,-0.08770752,0.8180542,-0.171875,1.125,-0.203125,683
684,1695837801381,0.5710449,-0.09527588,0.8168335,0.0625,1.328125,-0.078125,684
685,1695837801421,0.57006836,-0.085998535,0.8180542,-0.40625,1.546875,-0.15625,685
686,1695837801461,0.5686035,-0.09625244,0.8119507,-0.140625,1.46875,-0.21875,686
687,1695837801501,0.5761719,-0.0869751,0.80877686,-1.09375,1.40625,-0.328125,687
688,1695837801541,0.5732422,-0.09234619,0.8180542,0.59375,1.0625,-0.203125,688
689,1695837801581,0.5732422,-0.09283447,0.8007202,-1.21875,0.8125,-0.140625,689
690,1695837801621,0.5625,-0.08111572,0.809021,0.34375,2.296875,-0.015625,690
691,1695837801661,0.5751953,-0.093322754,0.81292725,1.359375,3.0,-0.078125,691
692,1695837801701,0.5883789,-0.101379395,0.81365967,0.28125,1.34375,-0.25,692
693,1695837801741,0.5866699,-0.08892822,0.8126831,-0.640625,0.65625,-0.3125,693
694,1695837801781,0.5839844,-0.08477783,0.79364014,-0.78125,0.578125,-0.046875,694
695,1695837801821,0.57714844,-0.09234619,0.80389404,-0.375,1.03125,-0.328125,695
696,1695837801861,0.58447266,-0.09527588,0.8031616,-0.625,0.046875,-0.53125,696
697,1695837801901,0.57958984,-0.09869385,0.80926514,-0.921875,-0.09375,-0.5,697
698,1695837801941,0.57788086,-0.09063721,0.8078003,-0.734375,0.0,-0.296875,698
699,1695837801981,0.5805664,-0.09674072,0.8016968,-1.109375,-0.859375,-0.5,699
700,1695837802021,0.5793457,-0.08770752,0.8134155,-1.328125,-1.53125,-0.53125,700
701,1695837802061,0.57543945,-0.08843994,0.80584717,-1.734375,-1.296875,-0.5,701
702,1695837802101,0.5749512,-0.08795166,0.8109741,-1.0,-1.140625,-0.71875,702
703,1695837802141,0.5695801,-0.09967041,0.81463623,-1.21875,-1.15625,-0.625,703
704,1695837802181,0.5695801,-0.08868408,0.8161011,-1.359375,-1.203125,-0.71875,704
705,1695837802221,0.5695801,-0.09259033,0.81073,-1.5,-1.3125,-0.578125,705
706,1695837802261,0.5690918,-0.085510254,0.81536865,-1.546875,-1.28125,-0.609375,706
707,1695837802301,0.5720215,-0.08843994,0.82147217,-1.453125,-1.0,-0.59375,707
708,1695837802341,0.5595703,-0.090148926,0.82366943,-1.296875,-1.296875,-0.71875,708
709,1695837802381,0.56933594,-0.085510254,0.81463623,-1.546875,-1.375,-0.5625,709
710,1695837802421,0.56347656,-0.077941895,0.8253784,-1.40625,-1.125,-0.578125,710
711,1695837802461,0.5620117,-0.08404541,0.8180542,-1.578125,-1.078125,-0.765625,711
712,1695837802501,0.56225586,-0.077941895,0.8163452,-2.859375,-1.609375,-0.984375,712
713,1695837802541,0.560791,-0.0803833,0.82073975,-0.5625,-0.96875,-0.5,713
714,1695837802581,0.5571289,-0.07647705,0.8209839,-2.28125,-1.390625,-0.53125,714
715,1695837802621,0.54711914,-0.08306885,0.82977295,-0.34375,0.484375,-0.484375,715
716,1695837802661,0.560791,-0.085754395,0.83636475,-0.234375,-0.21875,-0.625,716
717,1695837802701,0.5625,-0.08306885,0.8305054,-1.734375,-1.46875,-0.828125,717
718,1695837802741,0.5510254,-0.07232666,0.82855225,-1.8125,-1.25,-0.5625,718
719,1695837802781,0.55029297,-0.07623291,0.82489014,-1.640625,-1.109375,-0.53125,719
720,1695837802821,0.5437012,-0.08282471,0.82928467,-0.96875,-0.375,-0.734375,720
721,1695837802861,0.54589844,-0.07965088,0.82977295,-1.6875,-1.25,-0.703125,721
722,1695837802901,0.5432129,-0.07550049,0.8378296,-1.28125,-0.328125,-0.390625,722
723,1695837802941,0.5480957,-0.081604004,0.83465576,-0.859375,-0.671875,-0.375,723
724,1695837802981,0.5522461,-0.070373535,0.82440186,-1.734375,-1.125,-0.4375,724
725,1695837803021,0.54345703,-0.06304932,0.8361206,-0.71875,-0.484375,-0.59375,725
726,1695837803061,0.5473633,-0.07086182,0.8283081,-1.0,-0.046875,-0.625,726
727,1695837803101,0.5385742,-0.07696533,0.8319702,-0.390625,0.484375,-0.625,727
728,1695837803141,0.5437012,-0.07989502,0.838562,-0.109375,0.828125,-0.5,728
729,1695837803181,0.5449219,-0.07720947,0.8353882,0.0,1.140625,-0.390625,729
730,1695837803221,0.5439453,-0.08331299,0.836853,0.140625,1.171875,-0.390625,730
731,1695837803261,0.5439453,-0.08087158,0.8329468,0.078125,1.09375,-0.28125,731
732,1695837803301,0.5559082,-0.082336426,0.8407593,0.1875,1.03125,-0.3125,732
733,1695837803341,0.54833984,-0.07476807,0.8341675,-0.09375,1.03125,-0.40625,733
734,1695837803381,0.5439453,-0.0869751,0.83148193,0.3125,1.5,-0.34375,734
735,1695837803421,0.5510254,-0.07720947,0.8278198,-0.53125,0.9375,-0.34375,735
736,1695837803461,0.55371094,-0.074035645,0.83807373,0.96875,1.203125,-0.4375,736
737,1695837803501,0.5515137,-0.08477783,0.81243896,-0.453125,0.96875,-0.203125,737
738,1695837803541,0.5463867,-0.07867432,0.8270874,0.65625,2.21875,-0.15625,738
739,1695837803581,0.5515137,-0.09527588,0.83221436,1.890625,2.859375,-0.015625,739
740,1695837803621,0.5690918,-0.09088135,0.83148193,0.671875,1.453125,-0.1875,740
741,1695837803661,0.56762695,-0.07989502,0.8317261,-0.234375,0.859375,-0.421875,741
742,1695837803701,0.5578613,-0.078430176,0.8204956,-0.4375,1.265625,-0.015625,742
743,1695837803741,0.5576172,-0.08526611,0.8258667,0.625,2.15625,-0.015625,743
744,1695837803781,0.5673828,-0.0881958,0.82073975,0.09375,1.21875,-0.375,744
745,1695837803821,0.56811523,-0.09429932,0.81829834,-0.296875,1.375,-0.234375,745
746,1695837803861,0.5620117,-0.09576416,0.8168335,0.265625,1.734375,-0.09375,746
747,1695837803901,0.5649414,-0.09649658,0.8156128,0.25,1.171875,-0.140625,747
748,1695837803941,0.5734863,-0.09307861,0.8197632,-0.140625,1.15625,-0.203125,748
749,1695837803981,0.5617676,-0.085754395,0.81414795,-0.3125,1.109375,-0.171875,749
750,1695837804021,0.564209,-0.08526611,0.8163452,-0.140625,1.359375,-0.25,750
751,1695837804061,0.56591797,-0.089416504,0.809021,-0.0625,1.25,-0.234375,751
752,1695837804101,0.5720215,-0.09967041,0.8134155,-0.4375,1.171875,-0.171875,752
753,1695837804141,0.5727539,-0.09259033,0.8121948,-0.3125,1.34375,-0.3125,753
754,1695837804181,0.5734863,-0.09088135,0.81121826,0.0,1.234375,-0.171875,754
755,1695837804221,0.5751953,-0.094055176,0.81463623,0.0,1.421875,-0.171875,755
756,1695837804261,0.5786133,-0.09674072,0.8121948,-0.265625,1.171875,-0.140625,756
757,1695837804301,0.57910156,-0.089904785,0.81170654,-0.453125,1.25,-0.203125,757
758,1695837804341,0.5739746,-0.0881958,0.80804443,-0.46875,1.328125,-0.328125,758
759,1695837804381,0.58325195,-0.09844971,0.80267334,0.015625,1.515625,-0.296875,759
