,timestamp,accel_x,accel_y,accel_z,gyro_x,gyro_y,gyro_z,mag_x,mag_y,mag_z,ind
0,1695839118504,-0.08691406,0.9589844,0.06738281,-14.21875,8.25,-11.96875,0.0,0.0,0.0,151
1,1695839118544,-0.049804688,0.9550781,0.08984375,-24.1875,-0.34375,-19.84375,0.0,0.0,0.0,152
2,1695839118584,-0.060546875,0.96777344,0.095703125,-23.0,-2.65625,-23.9375,0.0,0.0,0.0,153
3,1695839118624,-0.05078125,0.94921875,0.12402344,-25.03125,8.8125,-21.8125,0.0,0.0,0.0,154
4,1695839118664,0.056640625,1.0683594,0.15234375,-23.625,21.4375,-10.59375,0.0,0.0,0.0,155
5,1695839118704,-0.041015625,0.98046875,0.08984375,-17.75,33.21875,-3.8125,0.0,0.0,0.0,156
6,1695839118744,0.034179688,1.0283203,0.08691406,2.6875,11.5,-4.96875,0.0,0.0,0.0,157
7,1695839118784,0.21875,1.5302734,0.123046875,24.28125,-4.375,11.21875,0.0,0.0,0.0,158
8,1695839118824,0.061523438,1.4326172,-0.21972656,32.40625,-2.625,52.84375,0.0,0.0,0.0,159
9,1695839118864,0.10546875,1.3046875,-0.14257812,95.875,22.0,76.40625,0.0,0.0,0.0,160
10,1695839118904,-0.20898438,1.2763672,-0.21191406,164.84375,-13.09375,98.0,-32.5625,46.25,-20.625,161
11,1695839118944,-1.0273438,1.5751953,0.20410156,130.90625,60.8125,78.65625,0.0,0.0,0.0,162
12,1695839118984,-0.15136719,1.0527344,-0.07714844,83.8125,87.59375,49.71875,0.0,0.0,0.0,163
13,1695839119024,-0.00390625,1.0449219,-0.109375,39.78125,168.90625,89.8125,0.0,0.0,0.0,164
14,1695839119064,0.076171875,0.9472656,-0.07519531,53.9375,89.3125,100.6875,0.0,0.0,0.0,165
15,1695839119104,0.049804688,0.7910156,-0.061523438,81.34375,-16.53125,95.25,0.0,0.0,0.0,166
16,1695839119144,0.15917969,0.64453125,-0.13964844,74.65625,-84.8125,69.4375,0.0,0.0,0.0,167
17,1695839119184,0.024414062,0.4951172,-0.060546875,53.71875,-117.78125,56.1875,0.0,0.0,0.0,168
18,1695839119224,0.056640625,0.44140625,-0.087890625,21.71875,-113.75,27.09375,0.0,0.0,0.0,169
19,1695839119264,0.15625,0.38867188,-0.24414062,-12.28125,-69.03125,10.125,0.0,0.0,0.0,170
20,1695839119304,0.24316406,0.5527344,-0.7089844,-22.875,-51.4375,3.65625,0.0,0.0,0.0,171
21,1695839119344,0.66308594,1.1474609,-0.88183594,-11.0625,1.0,12.1875,0.0,0.0,0.0,172
22,1695839119384,0.5986328,1.0859375,-0.6201172,9.75,-81.28125,8.28125,-9.625,52.8125,-42.0625,173
23,1695839119424,0.42382812,0.92871094,-0.9580078,36.3125,-95.625,3.15625,0.0,0.0,0.0,174
24,1695839119464,0.18652344,2.0078125,-0.53125,14.15625,28.6875,24.6875,0.0,0.0,0.0,175
25,1695839119504,-1.2324219,-0.3876953,-0.8720703,-51.34375,53.3125,-0.03125,0.0,0.0,0.0,176
26,1695839119544,0.3486328,0.08203125,0.63964844,-147.40625,219.875,-37.6875,0.0,0.0,0.0,177
27,1695839119584,-0.053710938,1.3369141,-0.3388672,-82.8125,227.5625,-31.21875,0.0,0.0,0.0,178
28,1695839119624,0.45507812,1.5166016,-0.07910156,-101.9375,113.96875,-75.34375,0.0,0.0,0.0,179
29,1695839119664,0.13769531,1.0146484,-0.033203125,-72.6875,84.5,-122.21875,0.0,0.0,0.0,180
30,1695839119704,-0.009765625,1.5361328,0.27246094,-93.25,24.5,-166.9375,0.0,0.0,0.0,181
31,1695839119744,0.296875,1.7011719,0.375,-41.09375,-189.0,-158.40625,0.0,0.0,0.0,182
32,1695839119784,0.061523438,1.5634766,0.2607422,-110.71875,-50.8125,-95.3125,0.0,0.0,0.0,183
33,1695839119824,-0.22753906,1.3730469,-0.6425781,-139.34375,78.9375,-66.78125,0.0,0.0,0.0,184
34,1695839119864,0.27929688,0.921875,-0.6298828,-64.21875,-6.03125,-77.0625,0.0,0.0,0.0,185
35,1695839119904,0.53125,0.5,-0.12011719,1.84375,37.84375,-48.375,-35.875,41.4375,-17.75,186
36,1695839119944,0.44335938,0.076171875,-0.18066406,32.59375,28.75,2.125,0.0,0.0,0.0,187
37,1695839119984,0.5625,-0.09667969,-0.14257812,48.28125,-71.625,42.65625,0.0,0.0,0.0,188
38,1695839120024,0.05859375,0.2421875,-0.021484375,118.65625,-11.59375,83.0,0.0,0.0,0.0,189
39,1695839120064,0.08886719,1.9326172,0.6376953,102.28125,36.28125,180.09375,0.0,0.0,0.0,190
40,1695839120104,-1.4511719,1.9140625,-0.265625,120.84375,20.875,153.65625,0.0,0.0,0.0,191
41,1695839120144,-1.0498047,2.0078125,1.1376953,72.875,226.9375,75.0625,0.0,0.0,0.0,192
42,1695839120184,0.041992188,1.9609375,-0.33984375,27.40625,169.9375,147.75,0.0,0.0,0.0,193
43,1695839120224,0.9658203,1.3066406,0.0029296875,39.5625,-87.375,69.125,0.0,0.0,0.0,194
44,1695839120264,0.13085938,0.6035156,0.041015625,56.28125,-146.21875,-7.21875,0.0,0.0,0.0,195
45,1695839120304,-0.44335938,0.1015625,0.055664062,6.28125,-161.71875,-58.6875,0.0,0.0,0.0,196
46,1695839120344,-0.3720703,-0.27148438,0.26660156,-65.84375,-13.0,-99.3125,0.0,0.0,0.0,197
47,1695839120384,-0.059570312,-0.26757812,0.072265625,-82.71875,56.15625,-94.5,-20.5625,51.9375,-35.625,198
48,1695839120424,0.46289062,0.064453125,-0.22265625,-32.65625,92.375,3.65625,0.0,0.0,0.0,199
49,1695839120464,-0.13183594,0.18066406,0.15527344,-101.875,269.25,42.71875,0.0,0.0,0.0,200
50,1695839120504,-1.1132812,0.97558594,1.9960938,-81.71875,119.9375,-3.9375,0.0,0.0,0.0,201
51,1695839120544,1.0019531,2.0078125,-0.7158203,-4.34375,-139.03125,-40.96875,0.0,0.0,0.0,202
52,1695839120584,-0.69433594,0.7060547,0.0107421875,23.8125,51.53125,-112.5625,0.0,0.0,0.0,203
53,1695839120624,-0.3359375,1.7714844,0.47460938,-34.5625,-170.09375,-158.46875,0.0,0.0,0.0,204
54,1695839120664,0.7294922,1.8886719,0.50683594,-199.71875,-142.25,-134.96875,0.0,0.0,0.0,205
55,1695839120704,-0.28320312,1.7441406,-0.7607422,-95.34375,126.90625,2.0,0.0,0.0,0.0,206
56,1695839120744,-0.22265625,1.1210938,-0.6044922,-54.3125,-31.0,-65.375,0.0,0.0,0.0,207
57,1695839120784,0.8388672,0.46777344,-0.19335938,43.03125,51.28125,-40.5625,0.0,0.0,0.0,208
58,1695839120824,0.82128906,-0.09667969,-0.08984375,71.78125,-30.3125,1.03125,0.0,0.0,0.0,209
59,1695839120864,0.4140625,0.09082031,-0.28710938,75.25,-35.6875,70.15625,0.0,0.0,0.0,210
60,1695839120904,-0.53515625,0.8066406,-0.20800781,194.21875,-51.4375,109.78125,-37.0625,44.875,-22.875,211
61,1695839120944,0.047851562,2.0078125,0.54296875,164.5,-95.3125,186.5,0.0,0.0,0.0,212
62,1695839120984,-1.2939453,1.5957031,-0.19628906,156.8125,122.625,131.21875,0.0,0.0,0.0,213
63,1695839121024,1.5732422,2.0078125,-0.16992188,-31.625,148.625,113.5625,0.0,0.0,0.0,214
64,1695839121064,0.765625,1.2646484,0.103515625,15.625,-2.375,120.03125,0.0,0.0,0.0,215
65,1695839121104,0.85546875,0.9345703,-0.13183594,49.75,-144.34375,37.09375,0.0,0.0,0.0,216
66,1695839121144,-0.7089844,0.10253906,0.17480469,27.40625,-184.0625,-44.53125,0.0,0.0,0.0,217
67,1695839121184,-0.640625,-0.41796875,0.25,-82.03125,-74.5625,-102.5625,0.0,0.0,0.0,218
68,1695839121224,-0.15820312,-0.40039062,0.125,-120.5,52.625,-138.09375,0.0,0.0,0.0,219
69,1695839121264,0.79785156,0.0048828125,-0.23242188,-10.0625,97.5,-10.15625,0.0,0.0,0.0,220
70,1695839121304,-0.07421875,0.7763672,-2.0029297,-77.09375,218.8125,88.46875,0.0,0.0,0.0,221
71,1695839121344,-0.46191406,2.0078125,0.19628906,-42.0,50.5,3.46875,0.0,0.0,0.0,222
72,1695839121384,-0.4765625,0.8730469,0.87402344,21.375,13.4375,-106.40625,-24.875,52.6875,-31.6875,223
73,1695839121424,-0.24511719,1.7001953,0.8486328,-24.78125,-115.90625,-184.09375,0.0,0.0,0.0,224
74,1695839121464,0.1875,2.0078125,0.52441406,-68.1875,-138.78125,-120.0625,0.0,0.0,0.0,225
75,1695839121504,0.25585938,1.5351562,-0.47460938,-130.6875,15.8125,-56.53125,0.0,0.0,0.0,226
76,1695839121544,-0.8046875,0.8769531,-0.3935547,-104.0625,35.90625,-5.5625,0.0,0.0,0.0,227
77,1695839121584,0.6660156,1.0791016,-0.5136719,5.6875,-7.0,-48.84375,0.0,0.0,0.0,228
78,1695839121624,0.72753906,0.3408203,-0.043945312,54.1875,48.40625,-17.59375,0.0,0.0,0.0,229
79,1695839121664,0.65234375,-0.064453125,-0.0107421875,40.40625,-78.84375,23.28125,0.0,0.0,0.0,230
80,1695839121704,0.14453125,0.045898438,-0.5263672,115.0625,-54.5,79.3125,0.0,0.0,0.0,231
81,1695839121744,-0.23925781,1.0595703,-0.49316406,207.09375,-78.0625,112.34375,0.0,0.0,0.0,232
82,1695839121784,-0.7080078,2.0078125,0.3359375,98.21875,30.71875,176.0,0.0,0.0,0.0,233
83,1695839121824,-1.2724609,2.0078125,-0.076171875,126.09375,153.59375,156.0,0.0,0.0,0.0,234
84,1695839121864,1.3613281,2.0078125,-0.52734375,-7.15625,127.09375,121.4375,0.0,0.0,0.0,235
85,1695839121904,1.0722656,1.2714844,0.016601562,34.96875,-53.625,91.71875,-15.3125,54.1875,-37.875,236
86,1695839121944,0.23730469,0.6357422,-0.11621094,38.375,-137.1875,-5.34375,0.0,0.0,0.0,237
87,1695839121984,-0.7324219,-0.09667969,0.09472656,17.21875,-229.59375,-77.78125,0.0,0.0,0.0,238
88,1695839122024,-0.44433594,-0.4609375,0.19628906,-123.125,-35.9375,-145.90625,0.0,0.0,0.0,239
89,1695839122064,0.20214844,-0.14453125,0.015625,-110.0,92.125,-114.78125,0.0,0.0,0.0,240
90,1695839122104,1.4863281,1.0615234,-0.97265625,26.1875,190.375,60.15625,0.0,0.0,0.0,241
91,1695839122144,-0.080078125,0.57910156,-2.0029297,-91.875,69.21875,45.9375,0.0,0.0,0.0,242
92,1695839122184,-1.125,2.0078125,0.17773438,44.0,54.59375,-63.625,0.0,0.0,0.0,243
93,1695839122224,-0.14746094,0.5498047,0.6953125,13.0,83.21875,-59.84375,0.0,0.0,0.0,244
94,1695839122264,-0.22070312,1.7607422,0.41308594,-65.75,-45.28125,-134.84375,0.0,0.0,0.0,245
95,1695839122304,0.032226562,1.9091797,0.36621094,-76.25,-104.78125,-108.0625,0.0,0.0,0.0,246
96,1695839122344,0.21484375,1.5214844,0.03515625,-148.375,-43.9375,-92.625,0.0,0.0,0.0,247
97,1695839122384,-0.19433594,1.5537109,-0.4658203,-140.25,73.125,-18.625,-34.5,46.375,-28.125,248
98,1695839122424,0.018554688,1.328125,-0.6904297,-49.875,7.46875,-61.71875,0.0,0.0,0.0,249
99,1695839122464,0.7480469,0.54589844,-0.31445312,49.5625,65.1875,-23.21875,0.0,0.0,0.0,250
100,1695839122504,0.7998047,0.16601562,-0.34960938,61.65625,47.25,20.25,0.0,0.0,0.0,251
101,1695839122544,0.10058594,0.072265625,-0.19824219,149.21875,-52.65625,76.6875,0.0,0.0,0.0,252
102,1695839122584,-0.024414062,1.0039062,0.103515625,250.71875,-94.84375,108.3125,0.0,0.0,0.0,253
103,1695839122624,0.04296875,2.0078125,0.4091797,204.84375,-186.09375,200.28125,0.0,0.0,0.0,254
104,1695839122664,-1.1855469,1.0205078,-0.20703125,52.0625,353.96875,184.90625,0.0,0.0,0.0,255
105,1695839122704,0.54589844,2.0078125,-0.2607422,29.84375,63.5625,87.6875,0.0,0.0,0.0,256
106,1695839122744,1.0595703,1.2324219,-0.36621094,-23.0,-2.375,94.9375,0.0,0.0,0.0,257
107,1695839122784,0.42773438,0.77734375,-0.10449219,-2.75,-143.28125,-19.4375,0.0,0.0,0.0,258
108,1695839122824,-0.37109375,0.11230469,0.040039062,3.125,-218.5,-106.78125,0.0,0.0,0.0,259
109,1695839122864,-0.4267578,-0.35058594,0.20898438,-100.71875,-8.09375,-160.375,0.0,0.0,0.0,260
110,1695839122904,0.022460938,0.4580078,-0.30273438,-63.53125,114.03125,-111.21875,-22.0625,52.25,-37.25,261
111,1695839122944,0.88964844,1.0556641,-0.09765625,18.84375,92.78125,44.15625,0.0,0.0,0.0,262
112,1695839122984,-0.3876953,0.3046875,-2.0029297,-54.5625,164.5625,102.28125,0.0,0.0,0.0,263
113,1695839123024,-0.40234375,2.0078125,0.17089844,50.78125,7.53125,12.3125,0.0,0.0,0.0,264
114,1695839123064,-0.15429688,0.59375,0.35351562,-21.90625,101.21875,-39.9375,0.0,0.0,0.0,265
115,1695839123104,-0.03515625,1.7011719,-0.3232422,2.875,-118.40625,-104.5625,0.0,0.0,0.0,266
116,1695839123144,-0.20019531,1.8144531,0.49023438,-8.1875,-128.53125,-97.90625,0.0,0.0,0.0,267
117,1695839123184,0.13476562,1.5214844,0.024414062,-128.71875,-57.46875,-100.4375,0.0,0.0,0.0,268
118,1695839123224,0.024414062,1.5263672,-0.16796875,-152.59375,18.625,-87.3125,0.0,0.0,0.0,269
119,1695839123264,0.16210938,1.4130859,-0.53222656,-114.03125,39.25,-71.0,0.0,0.0,0.0,270
120,1695839123304,0.71484375,0.7832031,-0.48828125,-22.78125,25.90625,-59.15625,0.0,0.0,0.0,271
121,1695839123344,0.67578125,0.24609375,-0.32421875,38.15625,-17.25,-8.125,0.0,0.0,0.0,272
122,1695839123384,0.43164062,0.076171875,-0.3125,74.40625,-15.375,48.75,-37.5,43.5625,-25.25,273
123,1695839123424,-0.038085938,0.45507812,0.10546875,169.4375,-68.34375,87.5,0.0,0.0,0.0,274
124,1695839123464,0.4189453,2.0078125,0.82910156,175.78125,-257.8125,213.40625,0.0,0.0,0.0,275
125,1695839123504,-1.3632812,1.1953125,-0.051757812,153.0625,134.90625,160.1875,0.0,0.0,0.0,276
126,1695839123544,-0.34375,2.0078125,0.2421875,-55.3125,133.125,140.0,0.0,0.0,0.0,277
127,1695839123584,0.45703125,1.4833984,-0.19824219,5.5625,94.875,122.84375,0.0,0.0,0.0,278
128,1695839123624,0.73535156,0.95703125,-0.10058594,-16.375,-125.21875,36.59375,0.0,0.0,0.0,279
129,1695839123664,-0.17773438,0.08300781,-0.029296875,16.65625,-182.46875,-68.875,0.0,0.0,0.0,280
130,1695839123704,-0.4716797,-0.3623047,0.032226562,-82.15625,-73.96875,-143.875,0.0,0.0,0.0,281
131,1695839123744,-0.19824219,0.064453125,0.23242188,-133.65625,76.5625,-200.28125,0.0,0.0,0.0,282
132,1695839123784,0.83984375,0.62109375,-0.31640625,51.8125,98.15625,-39.28125,0.0,0.0,0.0,283
133,1695839123824,0.05859375,0.22070312,0.18261719,-175.1875,103.15625,112.21875,0.0,0.0,0.0,284
134,1695839123864,-0.8730469,0.8935547,1.6044922,35.875,211.125,51.84375,0.0,0.0,0.0,285
135,1695839123904,-0.32910156,1.6943359,1.0654297,-38.6875,56.59375,-24.5625,-24.0,51.8125,-38.1875,286
136,1695839123944,-0.053710938,1.2802734,0.38378906,-39.4375,-66.03125,-138.03125,0.0,0.0,0.0,287
137,1695839123984,-0.13183594,1.7919922,0.057617188,-49.9375,-144.6875,-114.59375,0.0,0.0,0.0,288
138,1695839124024,-0.051757812,1.7822266,0.26367188,-116.9375,-90.9375,-109.09375,0.0,0.0,0.0,289
139,1695839124064,-0.13964844,1.3554688,-0.6376953,-128.3125,64.09375,-36.03125,0.0,0.0,0.0,290
140,1695839124104,-0.171875,1.1572266,-0.5390625,-88.5,23.21875,-54.71875,0.0,0.0,0.0,291
141,1695839124144,0.59472656,0.7470703,-0.30273438,4.03125,26.25,-60.3125,0.0,0.0,0.0,292
142,1695839124184,0.6464844,0.013671875,-0.072265625,60.78125,5.1875,-31.46875,0.0,0.0,0.0,293
143,1695839124224,0.5810547,-0.08984375,-0.17871094,63.09375,-22.25,37.6875,0.0,0.0,0.0,294
144,1695839124264,0.05859375,0.087890625,-0.08105469,161.625,-101.90625,78.78125,0.0,0.0,0.0,295
145,1695839124304,-0.1640625,2.0078125,-0.61816406,208.5,-66.34375,138.28125,0.0,0.0,0.0,296
146,1695839124344,-1.4833984,2.0078125,0.12402344,88.75,69.40625,185.65625,0.0,0.0,0.0,297
147,1695839124384,-1.0849609,2.0078125,0.23535156,-50.78125,139.34375,145.1875,-23.5625,51.5,-36.9375,298
148,1695839124424,0.6376953,1.4599609,-0.2685547,6.21875,124.84375,138.78125,0.0,0.0,0.0,299
149,1695839124464,1.0371094,1.2041016,0.0234375,-5.9375,-69.03125,31.90625,0.0,0.0,0.0,300
150,1695839124504,-0.2685547,0.46679688,0.061523438,45.84375,-173.09375,-31.5625,0.0,0.0,0.0,301
151,1695839124544,-0.64746094,-0.22851562,0.057617188,-22.34375,-156.0,-90.46875,0.0,0.0,0.0,302
152,1695839124584,-0.375,-0.421875,0.4658203,-109.5625,17.71875,-153.90625,0.0,0.0,0.0,303
153,1695839124624,0.6484375,0.0126953125,-0.12109375,-16.90625,51.15625,-43.71875,0.0,0.0,0.0,304
154,1695839124664,0.375,0.77246094,-0.4609375,-57.9375,301.34375,119.90625,0.0,0.0,0.0,305
155,1695839124704,-0.60546875,1.3134766,0.022460938,67.625,99.75,132.25,0.0,0.0,0.0,306
156,1695839124744,-0.6826172,1.5908203,0.7207031,6.34375,64.53125,-32.3125,0.0,0.0,0.0,307
157,1695839124784,-0.29003906,1.0839844,0.6279297,-23.75,-28.5625,-184.96875,0.0,0.0,0.0,308
158,1695839124824,0.453125,2.0078125,0.07324219,-56.03125,-111.875,-130.15625,0.0,0.0,0.0,309
159,1695839124864,0.29296875,1.5039062,0.25,-76.84375,-105.21875,-104.28125,0.0,0.0,0.0,310
160,1695839124904,-0.23730469,1.0712891,0.061523438,-121.40625,-18.0625,-61.71875,-33.625,46.8125,-28.5625,311
161,1695839124944,-0.6308594,1.1660156,-0.6972656,-114.6875,23.875,-49.40625,0.0,0.0,0.0,312
162,1695839124984,0.6064453,0.8027344,-0.42871094,0.59375,0.75,-62.75,0.0,0.0,0.0,313
163,1695839125024,0.60839844,0.22753906,-0.15722656,66.40625,40.40625,-19.5625,0.0,0.0,0.0,314
164,1695839125064,0.56640625,-0.03125,-0.20214844,47.96875,-41.6875,22.0,0.0,0.0,0.0,315
165,1695839125104,0.2841797,0.018554688,-0.21972656,137.625,-65.59375,77.0,0.0,0.0,0.0,316
166,1695839125144,0.0078125,1.7880859,-1.1513672,220.28125,-52.65625,126.6875,0.0,0.0,0.0,317
167,1695839125184,-1.0058594,2.0078125,0.28710938,133.59375,-17.6875,192.96875,0.0,0.0,0.0,318
168,1695839125224,-1.4853516,2.0078125,0.26953125,-5.875,159.0,152.9375,0.0,0.0,0.0,319
169,1695839125264,0.2939453,2.0009766,-0.57910156,-10.0,104.625,166.53125,0.0,0.0,0.0,320
170,1695839125304,0.8613281,1.0488281,-0.033203125,-29.65625,-23.0625,68.59375,0.0,0.0,0.0,321
171,1695839125344,0.19824219,0.69433594,-0.053710938,14.28125,-129.875,-24.1875,0.0,0.0,0.0,322
172,1695839125384,-0.6611328,-0.17871094,-0.017578125,-14.15625,-163.375,-78.15625,-16.5,52.0625,-37.4375,323
173,1695839125424,-0.46289062,-0.29296875,0.2783203,-106.09375,-1.09375,-157.75,0.0,0.0,0.0,324
174,1695839125464,0.3388672,-0.08691406,-0.10058594,-18.75,69.84375,-86.5,0.0,0.0,0.0,325
175,1695839125504,0.9560547,0.66503906,-0.23925781,-31.9375,186.0625,59.0,0.0,0.0,0.0,326
176,1695839125544,-0.140625,1.3408203,-2.0029297,-57.1875,34.0625,71.375,0.0,0.0,0.0,327
177,1695839125584,-0.3876953,2.0078125,0.40039062,-64.21875,-4.5,-4.15625,0.0,0.0,0.0,328
178,1695839125624,-0.17382812,0.25683594,0.72558594,24.40625,28.34375,-76.75,0.0,0.0,0.0,329
179,1695839125664,-0.16015625,1.8476562,0.055664062,-26.25,-197.375,-142.34375,0.0,0.0,0.0,330
180,1695839125704,0.14257812,1.6806641,0.4345703,-78.125,-119.0,-80.09375,0.0,0.0,0.0,331
181,1695839125744,-0.053710938,1.2148438,-0.12597656,-145.5625,29.9375,-66.71875,0.0,0.0,0.0,332
182,1695839125784,-0.4892578,1.3964844,-0.265625,-125.4375,81.25,-35.71875,0.0,0.0,0.0,333
183,1695839125824,0.53515625,1.2509766,-0.53515625,-51.8125,-11.09375,-82.96875,0.0,0.0,0.0,334
184,1695839125864,0.75097656,0.6376953,-0.2626953,19.96875,50.84375,-32.0,0.0,0.0,0.0,335
185,1695839125904,0.34375,-0.16992188,-0.11621094,52.125,-34.46875,2.65625,-39.4375,42.9375,-19.25,336
186,1695839125944,0.48828125,0.013671875,-0.32617188,91.375,-36.53125,63.03125,0.0,0.0,0.0,337
187,1695839125984,-0.17578125,0.74609375,0.06542969,176.9375,-59.1875,120.28125,0.0,0.0,0.0,338
188,1695839126024,0.20410156,2.0078125,0.36914062,193.28125,-152.4375,207.75,0.0,0.0,0.0,339
189,1695839126064,-1.1015625,1.5761719,-0.17578125,139.53125,200.21875,173.625,0.0,0.0,0.0,340
190,1695839126104,0.80078125,2.0078125,-0.43066406,8.71875,179.28125,135.84375,0.0,0.0,0.0,341
191,1695839126144,0.99121094,1.5136719,-0.328125,75.25,-25.5,128.46875,0.0,0.0,0.0,342
192,1695839126184,0.7294922,1.1425781,-0.12597656,77.09375,-197.125,37.28125,0.0,0.0,0.0,343
193,1695839126224,-0.29296875,0.10644531,0.203125,62.875,-287.875,-30.0,0.0,0.0,0.0,344
194,1695839126264,-0.2763672,-0.18164062,-0.015625,-55.3125,-170.6875,-107.125,0.0,0.0,0.0,345
195,1695839126304,-0.07519531,-0.107421875,0.20605469,-136.34375,80.53125,-112.875,0.0,0.0,0.0,346
196,1695839126344,0.080078125,0.3359375,-0.28027344,-113.21875,120.8125,-54.03125,0.0,0.0,0.0,347
197,1695839126384,0.4140625,0.63378906,-0.26953125,-16.96875,114.8125,53.625,-21.3125,54.5,-34.125,348
198,1695839126424,-0.08984375,-0.09765625,0.58691406,-97.34375,231.28125,67.46875,0.0,0.0,0.0,349
199,1695839126464,-1.1074219,1.9345703,1.109375,189.28125,-114.59375,45.21875,0.0,0.0,0.0,350
200,1695839126504,-0.03515625,1.1679688,-0.20898438,82.09375,112.875,132.59375,0.0,0.0,0.0,351
201,1695839126544,-0.5878906,-0.0703125,-0.053710938,11.21875,118.78125,-120.3125,0.0,0.0,0.0,352
202,1695839126584,-0.22753906,2.0078125,-0.41601562,-106.625,24.3125,-161.9375,0.0,0.0,0.0,353
203,1695839126624,0.8232422,1.9443359,0.28222656,-1.78125,-148.3125,-105.0,0.0,0.0,0.0,354
204,1695839126664,-0.19726562,1.8759766,-0.27246094,-110.40625,24.90625,-87.71875,0.0,0.0,0.0,355
205,1695839126704,0.021484375,1.8535156,-0.043945312,-180.90625,106.59375,-91.75,0.0,0.0,0.0,356
206,1695839126744,0.5390625,1.5634766,-0.7060547,-92.53125,13.5625,-119.34375,0.0,0.0,0.0,357
207,1695839126784,0.60839844,0.6669922,-0.28808594,-52.90625,13.375,-73.1875,0.0,0.0,0.0,358
208,1695839126824,0.45703125,0.16308594,-0.27539062,28.9375,28.46875,-11.4375,0.0,0.0,0.0,359
209,1695839126864,0.76464844,-0.35351562,-0.095703125,23.3125,-109.1875,23.0,0.0,0.0,0.0,360
210,1695839126904,0.060546875,0.1171875,-0.09082031,112.96875,5.875,94.875,-41.25,42.1875,-20.3125,361
211,1695839126944,0.5,2.0078125,-0.3935547,205.5,-30.1875,187.40625,0.0,0.0,0.0,362
212,1695839126984,-1.4746094,2.0078125,-0.038085938,141.1875,-57.125,186.9375,0.0,0.0,0.0,363
213,1695839127024,-0.96191406,2.0078125,0.3173828,160.46875,204.1875,159.34375,0.0,0.0,0.0,364
214,1695839127064,0.93847656,2.0078125,-0.19335938,24.34375,49.28125,190.84375,0.0,0.0,0.0,365
215,1695839127104,1.1455078,1.5283203,-0.24316406,68.46875,-124.0625,133.71875,0.0,0.0,0.0,366
216,1695839127144,0.17578125,0.47851562,0.20410156,85.5625,-245.59375,29.34375,0.0,0.0,0.0,367
217,1695839127184,-0.58203125,-0.18457031,0.26953125,47.90625,-250.65625,-62.40625,0.0,0.0,0.0,368
218,1695839127224,-0.5175781,-0.5878906,0.39941406,-140.03125,40.25,-113.1875,0.0,0.0,0.0,369
219,1695839127264,-0.34570312,-0.37304688,0.06933594,-117.125,135.03125,-97.5,0.0,0.0,0.0,370
220,1695839127304,0.39746094,-0.119140625,-0.625,-74.90625,72.59375,0.03125,0.0,0.0,0.0,371
221,1695839127344,-0.4501953,1.9199219,0.38183594,-143.9375,188.0,61.25,0.0,0.0,0.0,372
222,1695839127384,-0.89941406,2.0078125,0.14746094,-106.25,101.8125,-98.78125,-10.375,54.1875,-33.6875,373
223,1695839127424,-0.50097656,0.5800781,0.5732422,-24.96875,107.5625,-153.21875,0.0,0.0,0.0,374
224,1695839127464,-0.005859375,2.0078125,0.6503906,-27.09375,-179.1875,-191.90625,0.0,0.0,0.0,375
225,1695839127504,0.8144531,1.546875,0.12792969,-77.09375,-14.625,-87.4375,0.0,0.0,0.0,376
226,1695839127544,-0.076171875,1.4990234,-0.1484375,-111.875,20.8125,-45.625,0.0,0.0,0.0,377
227,1695839127584,-0.064453125,1.0585938,-0.35058594,-80.4375,-48.5625,-49.59375,0.0,0.0,0.0,378
228,1695839127624,0.5019531,0.828125,-0.39746094,-4.28125,24.5625,-37.75,0.0,0.0,0.0,379
229,1695839127664,0.4248047,0.3017578,-0.0048828125,20.03125,50.1875,6.625,0.0,0.0,0.0,380
230,1695839127704,0.6503906,-0.09765625,-0.09863281,17.34375,-68.21875,49.0,0.0,0.0,0.0,381
231,1695839127744,-0.09082031,0.7265625,-0.64941406,119.5625,54.09375,139.625,0.0,0.0,0.0,382
232,1695839127784,-0.34570312,2.0078125,0.099609375,174.1875,-21.59375,203.96875,0.0,0.0,0.0,383
233,1695839127824,-0.91015625,2.0078125,0.22363281,100.09375,160.53125,170.75,0.0,0.0,0.0,384
234,1695839127864,0.3544922,1.8994141,-0.22070312,95.625,140.15625,160.0625,0.0,0.0,0.0,385
235,1695839127904,1.0527344,1.7724609,0.051757812,145.5,-174.96875,104.21875,-14.875,57.3125,-29.0,386
236,1695839127944,0.22851562,0.15527344,-0.013671875,108.03125,-189.625,4.375,0.0,0.0,0.0,387
237,1695839127984,-0.37304688,-0.15625,0.12402344,-9.9375,-162.28125,-67.53125,0.0,0.0,0.0,388
238,1695839128024,-0.58203125,-0.8261719,0.54003906,-190.96875,106.21875,-124.59375,0.0,0.0,0.0,389
239,1695839128064,-0.2578125,0.037109375,0.16503906,-133.96875,159.375,-126.59375,0.0,0.0,0.0,390
240,1695839128104,0.65527344,0.46679688,-0.9785156,-24.84375,82.90625,-8.5625,0.0,0.0,0.0,391
241,1695839128144,-0.30664062,0.5810547,0.17675781,-90.75,260.15625,108.75,0.0,0.0,0.0,392
242,1695839128184,-0.86621094,2.0078125,1.0957031,-7.75,124.21875,-47.125,0.0,0.0,0.0,393
243,1695839128224,-0.40429688,1.3974609,0.8359375,-31.625,160.21875,-68.4375,0.0,0.0,0.0,394
244,1695839128264,-0.17480469,1.3330078,0.16992188,-12.9375,-66.9375,-152.3125,0.0,0.0,0.0,395
245,1695839128304,0.36621094,2.0078125,0.7246094,-35.28125,-105.15625,-136.875,0.0,0.0,0.0,396
246,1695839128344,-0.015625,2.0078125,-0.3828125,-171.03125,69.0,-91.625,0.0,0.0,0.0,397
247,1695839128384,-0.19921875,1.5380859,-0.5292969,-108.34375,13.5,-79.625,-34.0625,42.9375,-30.375,398
248,1695839128424,0.4716797,1.234375,-0.23535156,-27.40625,35.0,-95.40625,0.0,0.0,0.0,399
249,1695839128464,1.0068359,0.45703125,-0.31152344,43.75,58.65625,-44.625,0.0,0.0,0.0,400
250,1695839128504,0.9326172,-0.38378906,0.033203125,44.5,-106.5,21.09375,0.0,0.0,0.0,401
251,1695839128544,0.15917969,0.12695312,-0.6767578,128.40625,20.9375,98.3125,0.0,0.0,0.0,402
252,1695839128584,-0.3515625,1.7558594,-0.8183594,277.40625,-115.03125,151.40625,0.0,0.0,0.0,403
253,1695839128624,-1.2529297,2.0078125,0.23339844,139.9375,44.5625,189.4375,0.0,0.0,0.0,404
254,1695839128664,-1.0107422,2.0078125,1.4394531,148.0,247.21875,193.65625,0.0,0.0,0.0,405
255,1695839128704,0.6982422,1.9541016,-0.16796875,56.875,49.09375,222.9375,0.0,0.0,0.0,406
256,1695839128744,1.0078125,0.7910156,-0.0068359375,61.34375,-196.15625,61.125,0.0,0.0,0.0,407
257,1695839128784,-0.6503906,0.09667969,0.35839844,66.15625,-245.53125,-46.09375,0.0,0.0,0.0,408
258,1695839128824,-0.9902344,-0.796875,0.51464844,-88.0625,-94.34375,-115.0625,0.0,0.0,0.0,409
259,1695839128864,-0.4501953,-0.48632812,0.2109375,-153.125,92.4375,-190.03125,0.0,0.0,0.0,410
260,1695839128904,0.33691406,-0.2890625,-0.6826172,58.21875,52.75,-10.09375,-29.6875,50.4375,-44.9375,411
261,1695839128944,0.3955078,0.8613281,0.27148438,-138.5,311.46875,149.21875,0.0,0.0,0.0,412
262,1695839128984,-0.77441406,-0.390625,-1.4091797,-62.75,42.875,32.4375,0.0,0.0,0.0,413
263,1695839129024,-1.5019531,2.0078125,0.78808594,-181.34375,-90.1875,-245.75,0.0,0.0,0.0,414
264,1695839129064,0.75097656,1.1298828,0.2607422,63.15625,100.1875,-126.0625,0.0,0.0,0.0,415
265,1695839129104,-0.7158203,1.4316406,0.65625,-59.6875,-217.28125,-126.78125,0.0,0.0,0.0,416
266,1695839129144,0.0068359375,2.0078125,-0.10253906,-240.96875,-89.65625,-115.375,0.0,0.0,0.0,417
267,1695839129184,-0.20214844,1.3183594,-0.93359375,-94.96875,-6.6875,-20.59375,0.0,0.0,0.0,418
268,1695839129224,0.115234375,1.1416016,-0.53027344,-26.0625,-26.96875,-65.875,0.0,0.0,0.0,419
269,1695839129264,0.5595703,0.23535156,-0.18164062,69.5625,30.46875,-27.90625,0.0,0.0,0.0,420
270,1695839129304,1.6044922,0.03515625,-0.17285156,65.78125,-85.875,44.65625,0.0,0.0,0.0,421
271,1695839129344,-0.028320312,0.32617188,0.091796875,174.3125,-83.3125,117.09375,0.0,0.0,0.0,422
272,1695839129384,0.24023438,2.0078125,-0.41210938,288.8125,-165.03125,162.34375,-38.375,45.8125,-36.6875,423
273,1695839129424,-1.5439453,2.0078125,0.018554688,139.9375,-22.8125,165.375,0.0,0.0,0.0,424
274,1695839129464,-0.484375,2.0078125,0.59277344,-27.59375,252.46875,190.03125,0.0,0.0,0.0,425
275,1695839129504,0.69140625,1.5009766,-0.16699219,55.40625,-36.4375,196.15625,0.0,0.0,0.0,426
276,1695839129544,0.4921875,0.19921875,-0.09472656,11.21875,-176.6875,55.46875,0.0,0.0,0.0,427
277,1695839129584,-0.7558594,-0.12597656,0.17382812,-14.59375,-187.65625,-39.625,0.0,0.0,0.0,428
278,1695839129624,-0.6513672,-0.73828125,0.39453125,-170.09375,-33.8125,-141.5,0.0,0.0,0.0,429
279,1695839129664,-0.25878906,-0.28027344,0.07128906,-104.0,103.28125,-180.8125,0.0,0.0,0.0,430
280,1695839129704,0.4189453,0.28710938,-0.66308594,60.46875,80.15625,21.59375,0.0,0.0,0.0,431
281,1695839129744,0.017578125,0.8544922,0.7626953,-279.96875,207.71875,138.65625,0.0,0.0,0.0,432
282,1695839129784,-1.1435547,2.0078125,0.038085938,9.53125,116.65625,-49.03125,0.0,0.0,0.0,433
283,1695839129824,-0.3359375,0.88671875,1.0488281,-18.5,62.8125,-160.53125,0.0,0.0,0.0,434
284,1695839129864,0.013671875,1.6328125,0.37304688,-25.875,-244.0,-175.8125,0.0,0.0,0.0,435
285,1695839129904,0.59277344,2.0078125,0.18164062,-158.03125,-115.90625,-116.90625,-34.1875,47.4375,-36.0625,436
286,1695839129944,-0.23046875,1.6328125,-0.8955078,-151.3125,61.78125,-24.1875,0.0,0.0,0.0,437
287,1695839129984,-0.018554688,0.9482422,-0.47265625,-52.84375,-18.40625,-79.125,0.0,0.0,0.0,438
288,1695839130024,0.5048828,0.5332031,-0.4453125,25.21875,25.96875,-43.59375,0.0,0.0,0.0,439
289,1695839130064,0.9980469,-0.20703125,-0.045898438,77.03125,-58.8125,-11.4375,0.0,0.0,0.0,440
290,1695839130104,0.46875,0.22949219,-0.47265625,85.15625,54.46875,94.34375,0.0,0.0,0.0,441
291,1695839130144,-0.47558594,0.9355469,-0.29882812,247.4375,-92.46875,136.15625,0.0,0.0,0.0,442
292,1695839130184,0.24511719,2.0078125,0.43066406,230.34375,-173.75,198.59375,0.0,0.0,0.0,443
293,1695839130224,-1.1904297,2.0078125,0.39453125,183.59375,237.1875,161.21875,0.0,0.0,0.0,444
294,1695839130264,0.8515625,2.0078125,-0.46875,26.125,110.1875,223.5625,0.0,0.0,0.0,445
295,1695839130304,1.3681641,0.5683594,-0.265625,34.84375,-143.46875,111.96875,0.0,0.0,0.0,446
296,1695839130344,-0.3359375,0.1484375,0.22265625,30.875,-209.6875,-38.21875,0.0,0.0,0.0,447
297,1695839130384,-1.0556641,-0.37890625,0.29492188,-27.15625,-127.5,-102.375,-13.375,53.0,-47.0,448
298,1695839130424,-0.5527344,-0.9316406,0.703125,-215.9375,71.96875,-193.25,0.0,0.0,0.0,449
299,1695839130464,-0.025390625,-0.018554688,-0.2529297,-31.875,80.65625,-98.53125,0.0,0.0,0.0,450
300,1695839130504,1.3330078,1.6015625,-1.7373047,145.09375,124.46875,95.125,0.0,0.0,0.0,451
301,1695839130544,-0.92578125,0.045898438,-1.4726562,-123.40625,314.65625,43.625,0.0,0.0,0.0,452
302,1695839130584,-1.9833984,2.0078125,-0.3984375,-135.1875,18.6875,-218.34375,0.0,0.0,0.0,453
303,1695839130624,0.68652344,1.1699219,0.71484375,12.5625,-99.09375,-167.25,0.0,0.0,0.0,454
304,1695839130664,0.06347656,1.8251953,0.1640625,-79.21875,-118.28125,-120.8125,0.0,0.0,0.0,455
305,1695839130704,0.07421875,2.0078125,-0.025390625,-148.375,-126.21875,-86.03125,0.0,0.0,0.0,456
306,1695839130744,-0.6123047,1.1416016,-0.7890625,-106.75,-2.125,-14.0,0.0,0.0,0.0,457
307,1695839130784,0.29296875,1.0390625,-0.36523438,-13.125,-18.53125,-65.09375,0.0,0.0,0.0,458
308,1695839130824,0.41210938,0.18066406,-0.23144531,31.0,48.96875,-28.09375,0.0,0.0,0.0,459
309,1695839130864,1.4091797,0.15332031,-0.25,32.03125,-39.28125,20.1875,0.0,0.0,0.0,460
310,1695839130904,0.1171875,0.048828125,-0.48535156,105.46875,-37.9375,92.5,-40.375,41.3125,-26.75,461
311,1695839130944,-0.3203125,0.9638672,-0.16601562,254.9375,-115.15625,113.9375,0.0,0.0,0.0,462
312,1695839130984,0.11621094,2.0078125,0.3466797,138.4375,-147.8125,183.375,0.0,0.0,0.0,463
313,1695839131024,-1.6806641,2.0078125,0.2265625,112.1875,256.84375,180.59375,0.0,0.0,0.0,464
314,1695839131064,-0.12207031,2.0078125,-0.4736328,74.71875,61.65625,205.90625,0.0,0.0,0.0,465
315,1695839131104,1.2939453,0.68066406,-0.034179688,-41.8125,-72.5,95.9375,0.0,0.0,0.0,466
316,1695839131144,0.030273438,0.4501953,0.09375,6.40625,-145.90625,-27.0,0.0,0.0,0.0,467
317,1695839131184,-0.86328125,-0.31835938,0.13769531,-17.34375,-138.09375,-99.21875,0.0,0.0,0.0,468
318,1695839131224,-0.72558594,-0.40429688,0.41308594,-179.5,38.46875,-204.125,0.0,0.0,0.0,469
319,1695839131264,0.515625,0.11230469,-0.15136719,-5.625,41.34375,-92.625,0.0,0.0,0.0,470
320,1695839131304,0.8066406,1.8466797,-0.18359375,36.6875,233.0625,195.53125,0.0,0.0,0.0,471
321,1695839131344,-0.66503906,-0.6845703,-2.0029297,-52.625,90.34375,25.375,0.0,0.0,0.0,472
322,1695839131384,-1.7841797,2.0078125,0.25976562,-211.0,-34.96875,-234.46875,-21.125,50.5625,-37.125,473
323,1695839131424,0.5761719,0.81640625,0.29492188,37.21875,62.75,-110.875,0.0,0.0,0.0,474
324,1695839131464,-0.578125,1.4199219,0.7265625,-29.3125,-157.6875,-122.15625,0.0,0.0,0.0,475
325,1695839131504,-0.015625,2.0078125,1.0458984,-229.25,-175.21875,-123.96875,0.0,0.0,0.0,476
326,1695839131544,0.13769531,1.5507812,-1.3525391,-106.4375,176.71875,0.46875,0.0,0.0,0.0,477
327,1695839131584,-0.13183594,1.1601562,-0.3515625,-44.0625,19.1875,-60.8125,0.0,0.0,0.0,478
328,1695839131624,0.6035156,0.3828125,-0.26464844,48.75,32.53125,-40.5,0.0,0.0,0.0,479
329,1695839131664,1.2285156,-0.029296875,-0.028320312,73.59375,-14.625,1.375,0.0,0.0,0.0,480
330,1695839131704,0.16210938,0.057617188,-0.4892578,94.65625,13.1875,89.03125,0.0,0.0,0.0,481
331,1695839131744,-0.40820312,0.96777344,-0.41210938,238.21875,-88.375,131.9375,0.0,0.0,0.0,482
332,1695839131784,-0.32910156,2.0078125,0.6894531,140.6875,-102.28125,195.96875,0.0,0.0,0.0,483
333,1695839131824,-1.3486328,2.0078125,0.28320312,155.21875,234.9375,178.3125,0.0,0.0,0.0,484
334,1695839131864,0.73046875,2.0078125,-0.359375,-24.59375,173.65625,222.03125,0.0,0.0,0.0,485
335,1695839131904,1.546875,0.7753906,-0.07714844,44.6875,-138.96875,87.875,-10.8125,49.6875,-42.1875,486
336,1695839131944,-0.25878906,0.27441406,0.15429688,45.15625,-187.0625,-35.65625,0.0,0.0,0.0,487
337,1695839131984,-0.8564453,-0.26660156,0.24121094,-8.90625,-169.65625,-99.8125,0.0,0.0,0.0,488
338,1695839132024,-0.5751953,-0.68847656,0.55859375,-194.875,45.5,-189.90625,0.0,0.0,0.0,489
339,1695839132064,-0.052734375,-0.26953125,-0.21484375,-26.5625,74.0625,-109.6875,0.0,0.0,0.0,490
340,1695839132104,1.1455078,2.0078125,-1.2744141,141.1875,277.0625,176.4375,0.0,0.0,0.0,491
341,1695839132144,-0.77246094,0.7470703,-1.1826172,-128.59375,201.5625,123.28125,0.0,0.0,0.0,492
342,1695839132184,-0.9326172,2.0078125,0.55566406,-126.78125,101.75,-100.78125,0.0,0.0,0.0,493
343,1695839132224,-0.024414062,1.1386719,0.6982422,6.40625,-62.3125,-190.28125,0.0,0.0,0.0,494
344,1695839132264,-0.0068359375,1.7060547,0.21191406,-96.0625,-170.03125,-131.1875,0.0,0.0,0.0,495
345,1695839132304,0.10253906,1.7373047,-0.091796875,-141.96875,-47.84375,-75.15625,0.0,0.0,0.0,496
346,1695839132344,-0.2265625,1.1025391,-0.55371094,-91.875,39.03125,-15.40625,0.0,0.0,0.0,497
347,1695839132384,0.46972656,0.93359375,-0.33203125,1.21875,-3.34375,-47.09375,-35.5625,39.1875,-23.625,498
348,1695839132424,0.53515625,0.040039062,-0.15625,64.5,9.0,-23.34375,0.0,0.0,0.0,499
349,1695839132464,0.8095703,0.1796875,-0.17285156,66.21875,26.0625,36.53125,0.0,0.0,0.0,500
350,1695839132504,0.00390625,0.053710938,-0.10058594,149.78125,-47.78125,100.5625,0.0,0.0,0.0,501
351,1695839132544,0.01953125,2.0078125,-1.1083984,248.84375,-105.75,150.90625,0.0,0.0,0.0,502
352,1695839132584,-1.6611328,2.0078125,-0.12109375,71.21875,50.625,180.8125,0.0,0.0,0.0,503
353,1695839132624,-1.4238281,2.0078125,1.0527344,-63.34375,326.125,145.96875,0.0,0.0,0.0,504
354,1695839132664,0.68847656,1.5126953,-0.3173828,2.8125,98.15625,172.28125,0.0,0.0,0.0,505
355,1695839132704,0.8955078,0.82714844,-0.0009765625,22.21875,-147.5,26.03125,0.0,0.0,0.0,506
356,1695839132744,-0.26953125,0.25683594,0.068359375,17.21875,-168.375,-75.09375,0.0,0.0,0.0,507
357,1695839132784,-0.7216797,-0.52246094,0.2607422,-63.40625,-73.96875,-140.78125,0.0,0.0,0.0,508
358,1695839132824,-0.36621094,-0.33496094,0.13867188,-114.5625,42.5625,-173.125,0.0,0.0,0.0,509
359,1695839132864,0.8808594,0.16015625,-0.80566406,57.5,67.46875,4.25,0.0,0.0,0.0,510
360,1695839132904,-0.009765625,0.072265625,1.0527344,-234.125,175.375,121.25,-24.75,43.0625,-36.0625,511
361,1695839132944,-1.3173828,2.0078125,0.20410156,14.78125,31.25,-19.4375,0.0,0.0,0.0,512
362,1695839132984,-0.24023438,1.0693359,1.1738281,-39.0625,-71.625,-177.4375,0.0,0.0,0.0,513
363,1695839133024,0.40234375,1.8486328,0.06640625,-72.28125,-144.75,-144.375,0.0,0.0,0.0,514
364,1695839133064,0.12207031,1.9833984,0.08105469,-103.21875,-37.59375,-89.75,0.0,0.0,0.0,515
365,1695839133104,0.26171875,1.2919922,-0.3515625,-122.0625,24.84375,-39.03125,0.0,0.0,0.0,516
366,1695839133144,-0.27734375,0.8730469,-0.55859375,-55.78125,-0.84375,-50.375,0.0,0.0,0.0,517
367,1695839133184,0.39453125,0.5644531,-0.36035156,16.1875,15.28125,-49.71875,0.0,0.0,0.0,518
368,1695839133224,0.5996094,-0.08984375,0.045898438,76.40625,-19.21875,-26.75,0.0,0.0,0.0,519
369,1695839133264,0.6220703,0.2841797,-0.42773438,62.4375,69.0,55.9375,0.0,0.0,0.0,520
370,1695839133304,-0.07128906,0.055664062,-0.14453125,163.15625,-50.46875,82.5625,0.0,0.0,0.0,521
371,1695839133344,-0.15429688,2.0078125,-0.79296875,234.25,-5.0,148.40625,0.0,0.0,0.0,522
372,1695839133384,-1.6699219,2.0078125,-0.01171875,77.5625,51.90625,187.90625,-31.8125,41.875,-37.6875,523
373,1695839133424,-0.119140625,2.0078125,0.4765625,34.40625,89.5,171.71875,0.0,0.0,0.0,524
374,1695839133464,0.4560547,0.5498047,-0.171875,47.46875,115.4375,117.21875,0.0,0.0,0.0,525
375,1695839133504,1.3261719,1.0957031,0.02734375,-6.84375,-86.96875,9.375,0.0,0.0,0.0,526
376,1695839133544,-0.23242188,0.6464844,-0.072265625,31.84375,-118.6875,-67.40625,0.0,0.0,0.0,527
377,1695839133584,-0.4638672,-0.27148438,0.10546875,-42.0625,-139.625,-129.21875,0.0,0.0,0.0,528
378,1695839133624,-0.2841797,-0.15234375,0.4892578,-119.625,44.15625,-182.40625,0.0,0.0,0.0,529
379,1695839133664,0.6484375,0.15332031,-0.3232422,-23.625,69.0,-27.5625,0.0,0.0,0.0,530
380,1695839133704,-0.22265625,0.29296875,-0.22558594,-102.84375,187.9375,82.625,0.0,0.0,0.0,531
381,1695839133744,-0.89941406,-0.20410156,1.4082031,-63.71875,167.125,16.875,0.0,0.0,0.0,532
382,1695839133784,-0.2939453,2.0078125,0.546875,-81.53125,-70.53125,-69.34375,0.0,0.0,0.0,533
383,1695839133824,0.040039062,0.875,0.2841797,52.0625,46.84375,-157.96875,0.0,0.0,0.0,534
384,1695839133864,-0.3076172,1.2773438,0.46777344,-57.6875,-150.25,-117.15625,0.0,0.0,0.0,535
385,1695839133904,0.3408203,1.9511719,0.234375,-153.8125,-164.84375,-105.625,-33.625,41.4375,-38.0,536
386,1695839133944,0.040039062,1.3427734,-0.8876953,-94.78125,123.125,-11.0625,0.0,0.0,0.0,537
387,1695839133984,-0.28222656,1.0810547,-0.4453125,-63.1875,-3.15625,-58.625,0.0,0.0,0.0,538
388,1695839134024,0.49902344,0.48632812,-0.2734375,37.28125,-10.375,-53.4375,0.0,0.0,0.0,539
389,1695839134064,0.8847656,-0.033203125,-0.0068359375,67.5,-18.40625,-1.96875,0.0,0.0,0.0,540
390,1695839134104,0.2548828,0.28808594,-0.25195312,107.125,39.125,83.59375,0.0,0.0,0.0,541
391,1695839134144,-0.059570312,2.0078125,-1.0039062,250.5,-156.1875,145.5,0.0,0.0,0.0,542
392,1695839134184,-1.0898438,2.0078125,0.10449219,150.9375,-24.75,174.125,0.0,0.0,0.0,543
393,1695839134224,-1.1591797,2.0078125,0.4609375,96.875,200.8125,132.96875,0.0,0.0,0.0,544
394,1695839134264,0.40820312,2.0078125,-0.3017578,36.3125,144.71875,154.34375,0.0,0.0,0.0,545
395,1695839134304,0.69140625,0.8847656,-0.06640625,12.8125,-86.84375,82.0625,0.0,0.0,0.0,546
396,1695839134344,-0.0703125,0.14453125,0.017578125,38.8125,-157.6875,-29.375,0.0,0.0,0.0,547
397,1695839134384,-0.6308594,-0.48535156,0.103515625,-59.34375,-101.78125,-108.46875,-22.8125,49.0625,-48.8125,548
398,1695839134424,-0.43066406,-0.13183594,0.27246094,-125.0,16.5625,-199.78125,0.0,0.0,0.0,549
399,1695839134464,0.78515625,0.40429688,-0.47070312,66.28125,100.78125,-50.8125,0.0,0.0,0.0,550
400,1695839134504,-0.29785156,0.234375,0.5488281,-162.78125,187.34375,94.875,0.0,0.0,0.0,551
401,1695839134544,-0.9658203,-0.2734375,1.0048828,-59.21875,168.03125,36.125,0.0,0.0,0.0,552
402,1695839134584,-0.56640625,2.0078125,0.18554688,-102.34375,16.25,-88.65625,0.0,0.0,0.0,553
403,1695839134624,0.3857422,0.9814453,0.57421875,38.75,-51.875,-127.65625,0.0,0.0,0.0,554
404,1695839134664,-0.4091797,1.4111328,0.30859375,-73.125,-140.65625,-103.0625,0.0,0.0,0.0,555
405,1695839134704,0.24804688,1.9121094,-0.059570312,-191.96875,-32.875,-91.625,0.0,0.0,0.0,556
406,1695839134744,-0.009765625,1.2978516,-0.7734375,-92.84375,63.1875,-27.1875,0.0,0.0,0.0,557
407,1695839134784,-0.072265625,1.0996094,-0.39160156,-48.28125,-6.625,-68.5,0.0,0.0,0.0,558
408,1695839134824,0.55566406,0.5234375,-0.25585938,42.96875,8.875,-43.65625,0.0,0.0,0.0,559
409,1695839134864,0.84472656,-0.13671875,-0.041992188,83.90625,-22.9375,2.3125,0.0,0.0,0.0,560
410,1695839134904,0.20019531,0.14355469,-0.75683594,91.625,59.21875,83.59375,-43.8125,40.0625,-32.75,561
411,1695839134944,-0.4296875,0.85253906,0.09082031,242.1875,-78.53125,108.0,0.0,0.0,0.0,562
412,1695839134984,0.11425781,2.0078125,0.30078125,208.0625,-120.34375,180.53125,0.0,0.0,0.0,563
413,1695839135024,-1.4345703,1.6171875,0.22753906,36.0625,321.96875,143.40625,0.0,0.0,0.0,564
414,1695839135064,0.5566406,2.0078125,-0.048828125,27.71875,74.34375,134.875,0.0,0.0,0.0,565
415,1695839135104,1.3994141,1.0488281,-0.24804688,7.5625,-60.65625,107.21875,0.0,0.0,0.0,566
416,1695839135144,0.09375,0.6376953,0.11621094,11.65625,-150.1875,-27.4375,0.0,0.0,0.0,567
417,1695839135184,-0.6816406,0.033203125,0.06640625,-16.46875,-176.6875,-95.96875,0.0,0.0,0.0,568
418,1695839135224,-0.46484375,-0.34277344,0.38085938,-127.6875,27.46875,-176.78125,0.0,0.0,0.0,569
419,1695839135264,0.33984375,0.140625,-0.47851562,7.75,94.1875,-59.15625,0.0,0.0,0.0,570
420,1695839135304,0.08496094,0.13085938,-0.09667969,-54.9375,227.375,86.59375,0.0,0.0,0.0,571
421,1695839135344,-0.65234375,-0.21484375,0.92578125,-176.8125,170.4375,23.71875,0.0,0.0,0.0,572
422,1695839135384,-0.7441406,2.0078125,0.25683594,-63.59375,-62.53125,-101.09375,-29.6875,49.375,-39.8125,573
423,1695839135424,0.36035156,0.8828125,0.6386719,37.03125,-70.125,-148.59375,0.0,0.0,0.0,574
424,1695839135464,-0.48242188,1.4365234,0.28710938,-57.0,-119.3125,-97.125,0.0,0.0,0.0,575
425,1695839135504,0.27734375,1.84375,-0.018554688,-176.625,-67.96875,-85.28125,0.0,0.0,0.0,576
426,1695839135544,0.0146484375,1.3193359,-0.81152344,-82.875,79.375,-21.1875,0.0,0.0,0.0,577
427,1695839135584,-0.038085938,1.1279297,-0.34179688,-32.34375,-10.78125,-66.25,0.0,0.0,0.0,578
428,1695839135624,0.5361328,0.35742188,-0.24902344,58.46875,26.125,-31.5625,0.0,0.0,0.0,579
429,1695839135664,1.1025391,-0.12109375,0.059570312,65.90625,-75.125,21.78125,0.0,0.0,0.0,580
430,1695839135704,0.06933594,0.19335938,-0.2685547,123.28125,32.4375,92.75,0.0,0.0,0.0,581
431,1695839135744,-0.087890625,1.9511719,-0.9941406,257.375,-134.375,157.21875,0.0,0.0,0.0,582
432,1695839135784,-0.88671875,2.0078125,0.13867188,138.71875,37.3125,184.4375,0.0,0.0,0.0,583
433,1695839135824,-1.4472656,2.0078125,0.77734375,50.34375,270.71875,139.125,0.0,0.0,0.0,584
434,1695839135864,0.42382812,2.0078125,-0.23925781,-3.53125,71.90625,175.03125,0.0,0.0,0.0,585
435,1695839135904,1.0449219,0.86035156,-0.11230469,26.25,-131.40625,63.875,-20.125,50.3125,-42.0625,586
436,1695839135944,-0.38867188,0.23144531,0.09863281,35.15625,-186.3125,-39.28125,0.0,0.0,0.0,587
437,1695839135984,-0.79003906,-0.37304688,0.16015625,-47.3125,-140.90625,-105.96875,0.0,0.0,0.0,588
438,1695839136024,-0.30371094,-0.4375,0.41503906,-170.53125,78.09375,-164.4375,0.0,0.0,0.0,589
439,1695839136064,0.45214844,0.15234375,-0.46972656,10.125,118.3125,-52.5,0.0,0.0,0.0,590
440,1695839136104,0.051757812,0.16992188,0.20507812,-90.75,255.1875,70.65625,0.0,0.0,0.0,591
441,1695839136144,-0.7158203,-0.15722656,0.71484375,-165.84375,149.5,8.71875,0.0,0.0,0.0,592
442,1695839136184,-0.5214844,2.0078125,0.32617188,-89.34375,-88.4375,-122.9375,0.0,0.0,0.0,593
443,1695839136224,0.296875,0.8125,0.4794922,60.96875,-19.625,-118.375,0.0,0.0,0.0,594
444,1695839136264,-0.6279297,1.3164062,0.13183594,-79.90625,-118.09375,-97.75,0.0,0.0,0.0,595
445,1695839136304,0.2109375,1.8349609,-0.18457031,-199.46875,-36.0625,-87.375,0.0,0.0,0.0,596
446,1695839136344,0.04296875,1.1992188,-0.5371094,-61.59375,94.1875,-21.625,0.0,0.0,0.0,597
447,1695839136384,0.18652344,0.9658203,-0.23046875,-23.1875,-3.65625,-64.40625,-39.625,39.5,-24.1875,598
448,1695839136424,0.6611328,0.2998047,-0.20605469,66.40625,27.53125,-37.9375,0.0,0.0,0.0,599
449,1695839136464,1.2158203,0.053710938,0.046875,58.59375,-50.59375,25.0,0.0,0.0,0.0,600
450,1695839136504,-0.059570312,0.11328125,-0.5605469,141.65625,-2.65625,87.3125,0.0,0.0,0.0,601
451,1695839136544,-0.38183594,1.9804688,-1.0361328,282.09375,-100.9375,133.59375,0.0,0.0,0.0,602
452,1695839136584,-1.4765625,2.0078125,-0.15136719,112.71875,5.5625,197.25,0.0,0.0,0.0,603
453,1695839136624,-1.4707031,1.6484375,0.60253906,-0.90625,369.15625,147.4375,0.0,0.0,0.0,604
454,1695839136664,0.66503906,1.734375,-0.072265625,-10.125,79.0,185.40625,0.0,0.0,0.0,605
455,1695839136704,1.1054688,0.8769531,-0.2578125,8.40625,-85.5625,57.09375,0.0,0.0,0.0,606
456,1695839136744,-0.40429688,0.32128906,0.11328125,15.125,-181.25,-50.5625,0.0,0.0,0.0,607
457,1695839136784,-0.7128906,-0.39941406,0.15527344,-67.875,-97.09375,-120.3125,0.0,0.0,0.0,608
458,1695839136824,-0.27148438,-0.45996094,0.055664062,-105.46875,40.65625,-175.75,0.0,0.0,0.0,609
459,1695839136864,0.7548828,0.06542969,-0.1875,52.71875,48.0625,-21.3125,0.0,0.0,0.0,610
460,1695839136904,-0.22851562,0.009765625,0.31347656,-127.9375,281.21875,107.71875,-28.375,50.5625,-39.1875,611
461,1695839136944,-0.7529297,0.6796875,1.5966797,-103.21875,152.0625,30.375,0.0,0.0,0.0,612
462,1695839136984,0.203125,2.0078125,0.27734375,17.5,-159.40625,-131.96875,0.0,0.0,0.0,613
463,1695839137024,0.04296875,1.1142578,0.5888672,38.15625,-16.71875,-132.28125,0.0,0.0,0.0,614
464,1695839137064,-0.5751953,1.5810547,0.078125,-64.8125,-138.84375,-108.84375,0.0,0.0,0.0,615
465,1695839137104,0.76660156,1.8867188,-0.52441406,-191.28125,21.6875,-80.15625,0.0,0.0,0.0,616
466,1695839137144,-0.12792969,1.2373047,-0.3466797,-67.6875,33.9375,-14.125,0.0,0.0,0.0,617
467,1695839137184,0.15234375,0.84277344,-0.22949219,-44.0,-17.5,-69.71875,0.0,0.0,0.0,618
468,1695839137224,0.7207031,0.29589844,-0.296875,48.28125,13.625,-40.78125,0.0,0.0,0.0,619
469,1695839137264,0.86816406,-0.2265625,-0.0048828125,75.75,-48.4375,8.15625,0.0,0.0,0.0,620
470,1695839137304,0.07519531,-0.048828125,-0.60546875,92.90625,29.3125,80.90625,0.0,0.0,0.0,621
471,1695839137344,-0.28125,0.83984375,-0.22753906,228.15625,-65.65625,118.5,0.0,0.0,0.0,622
472,1695839137384,0.07421875,2.0078125,0.3408203,140.0625,-78.90625,185.65625,-34.625,46.8125,-33.0625,623
473,1695839137424,-1.2304688,1.7480469,-0.087890625,112.4375,259.90625,129.4375,0.0,0.0,0.0,624
474,1695839137464,1.4570312,2.0078125,-0.6660156,-21.78125,72.84375,119.53125,0.0,0.0,0.0,625
475,1695839137504,1.1054688,1.1230469,-0.14355469,28.0625,-26.96875,129.5625,0.0,0.0,0.0,626
476,1695839137544,0.23242188,0.6123047,-0.043945312,65.0625,-157.53125,-15.03125,0.0,0.0,0.0,627
477,1695839137584,-0.6347656,-0.0146484375,0.23925781,46.09375,-236.5,-84.0,0.0,0.0,0.0,628
478,1695839137624,-0.7597656,-0.5888672,0.29492188,-129.46875,13.625,-131.625,0.0,0.0,0.0,629
479,1695839137664,-0.19726562,-0.14453125,0.21679688,-150.75,168.40625,-153.59375,0.0,0.0,0.0,630
480,1695839137704,0.7734375,0.3125,-0.40527344,-45.40625,109.03125,-27.375,0.0,0.0,0.0,631
481,1695839137744,0.0390625,0.59765625,0.4951172,-145.9375,140.59375,95.4375,0.0,0.0,0.0,632
482,1695839137784,-1.0595703,2.0078125,0.032226562,-54.25,33.21875,-10.875,0.0,0.0,0.0,633
483,1695839137824,-0.04296875,1.2099609,0.8847656,-5.875,-67.25,-132.65625,0.0,0.0,0.0,634
484,1695839137864,-0.053710938,1.7841797,0.47558594,-16.25,-185.96875,-139.96875,0.0,0.0,0.0,635
485,1695839137904,0.07324219,1.8378906,0.2548828,-103.03125,-88.0,-103.28125,-36.0,45.3125,-30.5,636
486,1695839137944,-0.21679688,1.4541016,-0.50390625,-139.34375,81.5,-47.3125,0.0,0.0,0.0,637
487,1695839137984,-0.11328125,1.2001953,-0.48632812,-50.1875,-5.34375,-77.28125,0.0,0.0,0.0,638
488,1695839138024,0.6064453,0.6142578,-0.28320312,2.125,1.125,-62.40625,0.0,0.0,0.0,639
489,1695839138064,0.68652344,0.08886719,-0.10058594,58.90625,32.84375,-14.3125,0.0,0.0,0.0,640
490,1695839138104,0.78222656,0.14941406,-0.36914062,59.375,-22.6875,54.375,0.0,0.0,0.0,641
491,1695839138144,-0.265625,0.47851562,0.05078125,196.90625,-67.84375,107.8125,0.0,0.0,0.0,642
492,1695839138184,0.31835938,2.0078125,1.1113281,193.40625,-141.9375,223.0,0.0,0.0,0.0,643
493,1695839138224,-1.9833984,2.0078125,-0.23925781,111.5,86.6875,143.78125,0.0,0.0,0.0,644
494,1695839138264,-0.6220703,1.8339844,0.44921875,-76.96875,187.40625,140.78125,0.0,0.0,0.0,645
495,1695839138304,0.6542969,1.2753906,-0.07128906,38.09375,43.84375,156.21875,0.0,0.0,0.0,646
496,1695839138344,0.6689453,0.6015625,0.00390625,20.5625,-125.90625,12.0,0.0,0.0,0.0,647
497,1695839138384,-0.48828125,0.00390625,0.16210938,19.59375,-174.0,-66.65625,-15.3125,47.4375,-44.4375,648
498,1695839138424,-0.7109375,-0.7529297,0.3173828,-132.75,-20.84375,-140.9375,0.0,0.0,0.0,649
499,1695839138464,-0.21777344,0.049804688,-0.22558594,-98.34375,103.71875,-178.84375,0.0,0.0,0.0,650
500,1695839138504,1.0507812,0.53808594,-0.61035156,30.15625,99.0625,14.375,0.0,0.0,0.0,651
501,1695839138544,-0.2998047,0.13085938,0.19042969,-173.78125,168.71875,98.4375,0.0,0.0,0.0,652
502,1695839138584,-1.2089844,2.0078125,0.21875,-11.21875,55.9375,-38.71875,0.0,0.0,0.0,653
503,1695839138624,-0.024414062,1.4804688,0.9746094,5.4375,-48.9375,-143.9375,0.0,0.0,0.0,654
504,1695839138664,0.140625,1.4804688,0.064453125,-9.9375,-116.375,-123.9375,0.0,0.0,0.0,655
505,1695839138704,-0.38183594,1.9580078,0.4921875,-110.15625,-79.6875,-103.21875,0.0,0.0,0.0,656
506,1695839138744,0.18261719,1.4589844,-0.46191406,-142.53125,90.09375,-58.75,0.0,0.0,0.0,657
507,1695839138784,-0.15332031,1.1591797,-0.6064453,-63.84375,19.53125,-54.15625,0.0,0.0,0.0,658
508,1695839138824,0.45703125,0.6923828,-0.36914062,16.21875,16.875,-49.53125,0.0,0.0,0.0,659
509,1695839138864,0.6152344,0.064453125,0.0390625,76.90625,25.78125,-8.9375,0.0,0.0,0.0,660
510,1695839138904,0.77734375,0.18847656,-0.4091797,55.28125,72.15625,68.28125,-42.3125,38.3125,-30.375,661
511,1695839138944,-0.31640625,0.5058594,-0.08105469,174.4375,-45.09375,113.6875,0.0,0.0,0.0,662
512,1695839138984,0.55566406,2.0078125,0.9169922,227.21875,-230.5,223.0625,0.0,0.0,0.0,663
513,1695839139024,-1.8125,2.0078125,-0.07128906,127.125,164.1875,154.40625,0.0,0.0,0.0,664
514,1695839139064,-0.38476562,1.8291016,0.30566406,-62.875,158.21875,113.75,0.0,0.0,0.0,665
515,1695839139104,0.8144531,1.5214844,-0.19726562,2.0,37.0,157.9375,0.0,0.0,0.0,666
516,1695839139144,0.5292969,0.66308594,0.048828125,13.90625,-152.8125,27.25,0.0,0.0,0.0,667
517,1695839139184,-0.4736328,0.041992188,0.11230469,10.75,-196.625,-60.5625,0.0,0.0,0.0,668
518,1695839139224,-0.5966797,-0.51660156,0.3515625,-105.21875,-49.96875,-158.78125,0.0,0.0,0.0,669
519,1695839139264,0.11035156,-0.0009765625,-0.25878906,-54.75,87.28125,-138.625,0.0,0.0,0.0,670
520,1695839139304,0.8857422,0.17480469,-0.06347656,-83.0625,179.21875,24.34375,0.0,0.0,0.0,671
521,1695839139344,-0.03125,0.20800781,-1.2958984,-97.0,112.125,45.375,0.0,0.0,0.0,672
522,1695839139384,-1.5146484,2.0078125,0.03515625,-69.8125,-21.03125,-80.40625,-30.875,48.5,-36.0625,673
523,1695839139424,0.1484375,1.1767578,0.62402344,30.09375,44.6875,-128.3125,0.0,0.0,0.0,674
524,1695839139464,0.23828125,1.1650391,0.7441406,-52.5,-169.46875,-117.75,0.0,0.0,0.0,675
525,1695839139504,-0.14941406,2.0078125,0.640625,-140.9375,-177.90625,-93.28125,0.0,0.0,0.0,676
526,1695839139544,-0.099609375,1.6640625,-0.9785156,-94.4375,137.28125,-24.25,0.0,0.0,0.0,677
527,1695839139584,-0.3408203,1.1699219,-0.390625,-55.4375,7.59375,-60.5625,0.0,0.0,0.0,678
528,1695839139624,0.5214844,0.46191406,-0.2890625,36.125,27.59375,-45.75,0.0,0.0,0.0,679
529,1695839139664,1.1015625,0.0146484375,0.018554688,87.09375,-16.03125,-6.90625,0.0,0.0,0.0,680
530,1695839139704,0.45898438,0.140625,-0.6972656,68.0,83.5625,74.3125,0.0,0.0,0.0,681
531,1695839139744,-0.2998047,0.9765625,-0.1171875,214.96875,-88.5,121.5625,0.0,0.0,0.0,682
532,1695839139784,-0.24511719,2.0078125,0.35351562,160.46875,-130.28125,193.65625,0.0,0.0,0.0,683
533,1695839139824,-1.1943359,1.7373047,0.3076172,105.40625,244.78125,156.59375,0.0,0.0,0.0,684
534,1695839139864,1.1044922,2.0078125,-0.33984375,1.46875,73.125,138.40625,0.0,0.0,0.0,685
535,1695839139904,1.046875,0.9316406,-0.35351562,20.5625,-85.875,119.84375,-18.0,50.4375,-41.1875,686
536,1695839139944,0.009765625,0.26464844,0.11230469,13.5,-205.5625,-27.96875,0.0,0.0,0.0,687
537,1695839139984,-0.6748047,-0.27246094,0.21484375,-24.84375,-191.6875,-120.5625,0.0,0.0,0.0,688
538,1695839140024,-0.625,-0.24511719,0.27734375,-127.5,16.5625,-212.4375,0.0,0.0,0.0,689
539,1695839140064,0.4169922,0.20800781,-1.0351562,104.5,106.28125,-46.84375,0.0,0.0,0.0,690
540,1695839140104,0.109375,0.23046875,1.1142578,-235.84375,223.03125,86.46875,0.0,0.0,0.0,691
541,1695839140144,-0.31054688,0.051757812,1.9960938,-39.25,139.59375,43.4375,0.0,0.0,0.0,692
542,1695839140184,-0.25390625,2.0078125,0.22070312,-94.65625,-93.90625,-31.8125,0.0,0.0,0.0,693
543,1695839140224,-0.1953125,0.44628906,-0.07324219,23.0,49.75,-104.21875,0.0,0.0,0.0,694
544,1695839140264,-0.6308594,1.5087891,0.8642578,6.53125,-161.78125,-132.65625,0.0,0.0,0.0,695
545,1695839140304,-0.4873047,2.0078125,0.3857422,-160.71875,-133.46875,-134.78125,0.0,0.0,0.0,696
546,1695839140344,0.734375,1.4042969,-0.5751953,-128.3125,167.96875,-60.25,0.0,0.0,0.0,697
547,1695839140384,-0.12109375,0.984375,-0.26953125,-69.53125,50.125,-15.59375,-38.5625,41.75,-26.75,698
548,1695839140424,0.328125,0.80859375,-0.47070312,-21.5,-24.15625,-60.6875,0.0,0.0,0.0,699
549,1695839140464,0.6376953,0.13574219,-0.11425781,70.625,8.9375,-28.34375,0.0,0.0,0.0,700
550,1695839140504,0.84472656,0.12207031,-0.15039062,57.25,2.15625,41.375,0.0,0.0,0.0,701
551,1695839140544,0.0009765625,0.13769531,-0.20410156,173.75,-55.40625,81.59375,0.0,0.0,0.0,702
552,1695839140584,-0.16308594,2.0078125,-0.25390625,213.3125,-25.25,148.84375,0.0,0.0,0.0,703
553,1695839140624,-1.4169922,2.0078125,0.140625,103.6875,10.34375,197.5,0.0,0.0,0.0,704
554,1695839140664,-0.94628906,2.0078125,0.63183594,55.40625,282.59375,144.375,0.0,0.0,0.0,705
555,1695839140704,0.4453125,1.7880859,-0.4873047,-18.96875,134.78125,170.4375,0.0,0.0,0.0,706
556,1695839140744,1.1210938,1.1884766,-0.021484375,5.375,-93.84375,79.1875,0.0,0.0,0.0,707
557,1695839140784,-0.09863281,0.49609375,0.07324219,55.71875,-171.3125,-50.0625,0.0,0.0,0.0,708
558,1695839140824,-0.78125,-0.2685547,0.09765625,-0.3125,-181.25,-102.75,0.0,0.0,0.0,709
559,1695839140864,-0.7128906,-0.5917969,0.4580078,-138.6875,68.9375,-180.625,0.0,0.0,0.0,710
560,1695839140904,0.23730469,-0.08203125,-0.18457031,-42.71875,128.6875,-54.90625,-26.6875,49.375,-40.125,711
561,1695839140944,0.76171875,1.3232422,-0.09082031,-5.9375,330.40625,98.0625,0.0,0.0,0.0,712
562,1695839140984,-0.41503906,1.9609375,0.13769531,-51.9375,198.1875,95.1875,0.0,0.0,0.0,713
563,1695839141024,-0.7919922,1.8818359,0.38671875,-10.6875,26.0625,-15.34375,0.0,0.0,0.0,714
564,1695839141064,-0.08496094,0.6347656,0.52734375,-25.8125,-59.4375,-135.53125,0.0,0.0,0.0,715
565,1695839141104,-0.08203125,1.65625,0.23339844,-22.03125,-89.21875,-113.1875,0.0,0.0,0.0,716
566,1695839141144,-0.13183594,1.3476562,0.37402344,-116.09375,-62.0,-91.5625,0.0,0.0,0.0,717
567,1695839141184,0.01953125,1.1162109,-0.28125,-97.65625,98.40625,-34.5625,0.0,0.0,0.0,718
568,1695839141224,-0.34277344,1.0722656,-0.22363281,-94.90625,65.1875,-43.78125,0.0,0.0,0.0,719
569,1695839141264,0.56152344,0.91308594,-0.5283203,7.625,-7.96875,-66.3125,0.0,0.0,0.0,720
570,1695839141304,0.6904297,0.31445312,-0.0703125,43.40625,75.9375,-3.5625,0.0,0.0,0.0,721
571,1695839141344,0.4091797,0.12109375,-0.4716797,44.4375,33.46875,53.25,0.0,0.0,0.0,722
572,1695839141384,0.07324219,0.11035156,-0.13769531,143.5625,-4.0625,96.96875,-37.8125,46.6875,-33.6875,723
573,1695839141424,0.09667969,2.0078125,-0.74609375,207.34375,-29.96875,170.6875,0.0,0.0,0.0,724
574,1695839141464,-1.53125,2.0078125,-0.27539062,134.59375,24.6875,185.21875,0.0,0.0,0.0,725
575,1695839141504,-0.7421875,2.0078125,0.1875,110.09375,226.15625,90.0625,0.0,0.0,0.0,726
576,1695839141544,0.12597656,1.9814453,-0.41601562,51.8125,151.8125,140.71875,0.0,0.0,0.0,727
577,1695839141584,0.51953125,1.3720703,-0.28320312,74.21875,-29.53125,46.5625,0.0,0.0,0.0,728
578,1695839141624,0.38378906,0.8339844,-0.2421875,57.84375,-84.28125,-31.46875,0.0,0.0,0.0,729
579,1695839141664,-0.076171875,0.103515625,0.001953125,9.8125,-163.9375,-74.78125,0.0,0.0,0.0,730
580,1695839141704,0.04296875,-0.07324219,-0.020507812,-82.78125,-52.65625,-129.53125,0.0,0.0,0.0,731
581,1695839141744,0.17675781,0.5859375,-0.078125,-113.59375,130.75,-83.75,0.0,0.0,0.0,732
582,1695839141784,0.16992188,0.4033203,-0.19628906,-66.59375,167.75,18.46875,0.0,0.0,0.0,733
583,1695839141824,-0.18554688,0.04296875,0.43945312,-101.9375,186.65625,33.125,0.0,0.0,0.0,734
584,1695839141864,-0.36914062,-0.5996094,-0.97558594,-100.78125,36.15625,9.5,0.0,0.0,0.0,735
585,1695839141904,-0.17480469,2.0078125,1.1787109,-130.96875,77.53125,34.90625,-16.5,52.8125,-50.75,736
586,1695839141944,-0.203125,1.1123047,-0.3701172,31.84375,237.3125,43.0,0.0,0.0,0.0,737
587,1695839141984,-0.21582031,1.2128906,0.51660156,54.3125,-114.84375,-142.1875,0.0,0.0,0.0,738
588,1695839142024,-0.3095703,1.8710938,0.7597656,31.90625,-65.78125,-48.0625,0.0,0.0,0.0,739
589,1695839142064,0.3798828,2.0078125,0.10546875,-134.40625,182.09375,-44.21875,0.0,0.0,0.0,740
590,1695839142104,0.068359375,1.9375,0.42089844,-165.59375,133.0625,-82.25,0.0,0.0,0.0,741
591,1695839142144,-0.078125,2.0078125,-0.6044922,-123.40625,30.71875,-163.09375,0.0,0.0,0.0,742
592,1695839142184,0.9238281,1.2763672,-0.32714844,-26.1875,71.59375,-102.125,0.0,0.0,0.0,743
593,1695839142224,0.87597656,0.38476562,-0.3984375,2.0,16.5,-46.46875,0.0,0.0,0.0,744
594,1695839142264,0.9169922,-0.27929688,0.03515625,30.28125,37.25,26.84375,0.0,0.0,0.0,745
595,1695839142304,0.4345703,-0.31054688,0.15527344,45.59375,-21.90625,75.90625,0.0,0.0,0.0,746
596,1695839142344,0.14453125,0.5888672,-0.19042969,129.46875,-72.75,110.875,0.0,0.0,0.0,747
597,1695839142384,-0.6689453,1.9931641,0.3701172,112.5,-6.28125,187.53125,-23.6875,50.3125,-46.125,748
598,1695839142424,-1.1474609,1.4082031,-0.18652344,137.6875,58.59375,137.0625,0.0,0.0,0.0,749
599,1695839142464,-0.5097656,1.6132812,0.30371094,61.40625,224.0,112.84375,0.0,0.0,0.0,750
600,1695839142504,0.9453125,1.9970703,-0.640625,29.96875,64.40625,93.3125,0.0,0.0,0.0,751
601,1695839142544,0.6386719,1.5830078,-0.12597656,88.875,18.6875,90.75,0.0,0.0,0.0,752
602,1695839142584,0.083984375,1.0322266,-0.1171875,107.90625,-41.25,7.125,0.0,0.0,0.0,753
603,1695839142624,0.0625,0.44921875,0.11425781,74.875,-85.375,-47.625,0.0,0.0,0.0,754
604,1695839142664,-0.19335938,-0.037109375,0.055664062,-6.59375,-62.78125,-116.53125,0.0,0.0,0.0,755
605,1695839142704,-0.18652344,-0.13867188,0.20117188,-128.46875,35.53125,-147.0,0.0,0.0,0.0,756
606,1695839142744,0.005859375,0.20019531,0.103515625,-106.875,109.5625,-122.28125,0.0,0.0,0.0,757
607,1695839142784,0.63671875,0.47460938,0.083984375,-83.5,177.0625,-36.75,0.0,0.0,0.0,758
608,1695839142824,0.08105469,0.8808594,-1.4296875,-82.28125,148.6875,24.46875,0.0,0.0,0.0,759
609,1695839142864,-0.6074219,2.0078125,0.2685547,-166.75,-15.375,24.03125,0.0,0.0,0.0,760
610,1695839142904,-0.13085938,0.6464844,0.34960938,60.78125,73.5625,-25.53125,-13.9375,50.0,-46.875,761
611,1695839142944,-0.02734375,0.7011719,0.7949219,18.75,-31.59375,-56.28125,0.0,0.0,0.0,762
612,1695839142984,-0.28710938,1.5019531,-0.0107421875,-98.6875,-101.5625,-90.21875,0.0,0.0,0.0,763
613,1695839143024,-0.3203125,0.96972656,-0.13671875,-58.0,-5.125,-50.5625,0.0,0.0,0.0,764
614,1695839143064,-0.08105469,0.90722656,-0.026367188,-27.21875,46.53125,-25.40625,0.0,0.0,0.0,765
615,1695839143104,-0.107421875,0.7939453,-0.05078125,-66.59375,37.3125,-48.25,0.0,0.0,0.0,766
616,1695839143144,0.4560547,0.8652344,-0.18847656,-32.21875,11.4375,-69.25,0.0,0.0,0.0,767
617,1695839143184,0.44921875,0.66796875,-0.005859375,-3.0625,0.375,-42.125,0.0,0.0,0.0,768
618,1695839143224,0.046875,0.6435547,-0.2841797,18.625,-5.96875,13.28125,0.0,0.0,0.0,769
619,1695839143264,-0.29101562,0.7949219,-0.36621094,49.1875,0.1875,25.78125,0.0,0.0,0.0,770
620,1695839143304,0.12890625,0.87109375,0.19921875,168.8125,60.5625,35.1875,0.0,0.0,0.0,771
621,1695839143344,-0.21679688,2.0078125,0.22167969,93.9375,-40.03125,154.53125,0.0,0.0,0.0,772
622,1695839143384,-1.1015625,2.0078125,0.26171875,119.3125,-5.0625,138.34375,-21.0,46.8125,-51.9375,773
623,1695839143424,-0.7089844,1.4521484,0.23144531,79.21875,172.0625,93.53125,0.0,0.0,0.0,774
624,1695839143464,1.0693359,1.1445312,-0.12695312,-49.9375,57.9375,90.8125,0.0,0.0,0.0,775
625,1695839143504,0.14160156,1.0615234,-0.0546875,-19.53125,9.09375,104.15625,0.0,0.0,0.0,776
626,1695839143544,-0.17578125,0.8378906,0.21191406,20.875,-143.25,48.0625,0.0,0.0,0.0,777
627,1695839143584,-0.3251953,0.14746094,0.328125,73.25,-275.8125,-0.875,0.0,0.0,0.0,778
628,1695839143624,-0.35253906,-0.3564453,-0.08691406,-5.9375,-171.375,-56.40625,0.0,0.0,0.0,779
629,1695839143664,-0.49316406,-0.2529297,-0.14355469,-87.34375,7.8125,-110.125,0.0,0.0,0.0,780
630,1695839143704,-0.24804688,1.1015625,0.045898438,-82.8125,2.9375,-121.46875,0.0,0.0,0.0,781
631,1695839143744,1.0087891,2.0078125,-0.35253906,13.84375,-129.25,5.15625,0.0,0.0,0.0,782
632,1695839143784,-0.20507812,0.8251953,-0.06738281,-36.5625,158.875,31.28125,0.0,0.0,0.0,783
633,1695839143824,-0.75,2.0078125,-0.056640625,-66.90625,130.5,-9.84375,0.0,0.0,0.0,784
634,1695839143864,0.07519531,0.9013672,0.025390625,14.59375,-64.625,-38.71875,0.0,0.0,0.0,785
635,1695839143904,0.21191406,0.34277344,0.23144531,-8.59375,6.0,-19.0,-20.5625,47.3125,-54.375,786
636,1695839143944,-0.2861328,0.6074219,0.037109375,-18.6875,-92.46875,-19.75,0.0,0.0,0.0,787
637,1695839143984,-0.4326172,1.2011719,0.33496094,-31.75,-103.8125,-26.4375,0.0,0.0,0.0,788
638,1695839144024,-0.30273438,1.0673828,0.15136719,-26.125,-17.6875,-24.25,0.0,0.0,0.0,789
639,1695839144064,-0.029296875,1.0625,0.055664062,-20.625,22.34375,-9.25,0.0,0.0,0.0,790
640,1695839144104,-0.08496094,1.0214844,0.047851562,-8.125,17.15625,1.3125,0.0,0.0,0.0,791
641,1695839144144,-0.15429688,0.94628906,0.06347656,-14.65625,-1.15625,-0.625,0.0,0.0,0.0,792
642,1695839144184,-0.13476562,0.95996094,-0.009765625,-19.90625,-1.4375,-6.84375,0.0,0.0,0.0,793
643,1695839144224,-0.080078125,0.91796875,0.036132812,-12.8125,3.125,-12.65625,0.0,0.0,0.0,794
644,1695839144264,-0.15820312,0.9638672,0.12402344,-12.5625,-1.28125,-17.1875,0.0,0.0,0.0,795
645,1695839144304,-0.17675781,1.0117188,0.03515625,-22.9375,-0.53125,-19.25,0.0,0.0,0.0,796
646,1695839144344,-0.18164062,0.96191406,0.053710938,-27.28125,10.34375,-24.625,0.0,0.0,0.0,797
647,1695839144384,0.026367188,1.1826172,0.33007812,-4.75,-19.875,-25.84375,-30.0,45.0625,-47.4375,798
648,1695839144424,-0.01953125,1.0419922,0.21679688,-11.71875,-19.28125,3.53125,0.0,0.0,0.0,799
649,1695839144464,-0.3720703,0.83203125,0.043945312,-16.96875,9.09375,14.75,0.0,0.0,0.0,800
650,1695839144504,-0.4501953,0.8701172,0.0390625,-8.375,10.03125,-2.53125,0.0,0.0,0.0,801
651,1695839144544,-0.265625,1.0048828,0.15527344,-6.21875,25.34375,-9.40625,0.0,0.0,0.0,802
652,1695839144584,-0.14453125,0.9785156,0.22949219,-3.96875,12.90625,-7.15625,0.0,0.0,0.0,803
653,1695839144624,-0.13867188,1.0087891,0.14355469,-5.8125,-7.3125,-2.03125,0.0,0.0,0.0,804
654,1695839144664,-0.22851562,0.9736328,0.13476562,-5.0625,-0.03125,-2.40625,0.0,0.0,0.0,805
655,1695839144704,-0.28125,0.9863281,0.17871094,-0.625,9.0625,-1.71875,0.0,0.0,0.0,806
656,1695839144744,-0.18945312,0.9511719,0.19140625,2.375,5.5,-1.59375,0.0,0.0,0.0,807
657,1695839144784,-0.17675781,0.9511719,0.09082031,-0.96875,19.4375,0.78125,0.0,0.0,0.0,808
658,1695839144824,-0.22558594,0.9716797,0.09472656,3.21875,15.9375,4.0625,0.0,0.0,0.0,809
659,1695839144864,-0.18652344,0.97265625,0.11230469,-0.96875,0.9375,-0.625,-30.75,46.5625,-47.0,961
660,1695839144904,-0.16796875,0.98828125,0.095703125,-1.09375,1.1875,-0.5625,0.0,0.0,0.0,962
661,1695839144944,-0.18945312,0.9824219,0.10546875,-1.21875,0.9375,-0.5,0.0,0.0,0.0,963
